  0
SECTION
  2
HEADER
  9
$ANGBASE
  50
0.0
  9
$ANGDIR
  70
1
  9
$MEASUREMENT
  70
1
  0
ENDSEC
  0
SECTION
  2
TABLES
  0
TABLE
  2
LTYPE
  70
4
  0
LTYPE
  5
40F
  2
CONTINUOUS
  70
0
  3
Solid line
  72
65
  73
0
  40
0.0
  0
LTYPE
  5
410
  2
DASHDOT
 70
0
  3
Dash Dot ____ _ ____ _
 72
65
 73
4
 40
2.0
 49
1.25
 49
-0.25
 49
0.25
 49
-0.25
  0
LTYPE
  5
411
  2
DASHED
 70
0
  3
Dashed __ __ __ __ __
 72
65
 73
2
 40
0.75
 49
0.5
 49
-0.25
  0
LTYPE
  5
43B
  2
DOTTED
 70
0
  3
Dotted .  .  .  .
 72
65
 73
2
 40
0.2
 49
0.0
 49
-0.2
  0
ENDTAB
  0
TABLE
  2
STYLE
  70
4
  0
STYLE
  2
KICAD
  70
0
  40
0
  41
1
  42
1
  50
0
  71
0
  3
isocp.shx
  0
STYLE
  2
KICADB
  70
0
  40
0
  41
1
  42
1
  50
0
  71
0
  3
isocp.shx
  0
STYLE
  2
KICADI
  70
0
  40
0
  41
1
  42
1
  50
15
  71
0
  3
isocp.shx
  0
STYLE
  2
KICADBI
  70
0
  40
0
  41
1
  42
1
  50
15
  71
0
  3
isocp.shx
  0
ENDTAB
  0
TABLE
  2
LAYER
  70
1
  0
LAYER
  2
BLACK
  70
0
  62
7
  6
CONTINUOUS
  0
ENDTAB
  0
ENDSEC
  0
SECTION
  2
ENTITIES
0
LINE
8
BLACK
6
CONTINUOUS
10
124.9217079999999953
20
-86.7941840000000013
11
125.0414299999999912
21
-86.8711249999999922
0
LINE
8
BLACK
6
CONTINUOUS
10
125.0414299999999912
20
-86.8711249999999922
11
125.1346269999999947
21
-86.9786799999999971
0
LINE
8
BLACK
6
CONTINUOUS
10
125.1346269999999947
20
-86.9786799999999971
11
125.1937459999999902
21
-87.1081339999999926
0
LINE
8
BLACK
6
CONTINUOUS
10
125.1937459999999902
20
-87.1081339999999926
11
125.2139999999999986
21
-87.2489999999999952
0
LINE
8
BLACK
6
CONTINUOUS
10
125.2139999999999986
20
-87.2489999999999952
11
125.1937459999999902
21
-87.3898659999999978
0
LINE
8
BLACK
6
CONTINUOUS
10
125.1937459999999902
20
-87.3898659999999978
11
125.1346269999999947
21
-87.5193199999999933
0
LINE
8
BLACK
6
CONTINUOUS
10
125.1346269999999947
20
-87.5193199999999933
11
125.0414299999999912
21
-87.6268749999999983
0
LINE
8
BLACK
6
CONTINUOUS
10
125.0414299999999912
20
-87.6268749999999983
11
124.9217079999999953
21
-87.7038159999999891
0
LINE
8
BLACK
6
CONTINUOUS
10
124.9217079999999953
20
-87.7038159999999891
11
124.7851569999999981
21
-87.7439109999999971
0
LINE
8
BLACK
6
CONTINUOUS
10
124.7851569999999981
20
-87.7439109999999971
11
124.6428429999999992
21
-87.7439109999999971
0
LINE
8
BLACK
6
CONTINUOUS
10
124.6428429999999992
20
-87.7439109999999971
11
124.5062919999999878
21
-87.7038159999999891
0
LINE
8
BLACK
6
CONTINUOUS
10
124.5062919999999878
20
-87.7038159999999891
11
124.3865699999999919
21
-87.6268749999999983
0
LINE
8
BLACK
6
CONTINUOUS
10
124.3865699999999919
20
-87.6268749999999983
11
124.2933729999999883
21
-87.5193199999999933
0
LINE
8
BLACK
6
CONTINUOUS
10
124.2933729999999883
20
-87.5193199999999933
11
124.2342539999999929
21
-87.3898659999999978
0
LINE
8
BLACK
6
CONTINUOUS
10
124.2342539999999929
20
-87.3898659999999978
11
124.2139999999999986
21
-87.2489999999999952
0
LINE
8
BLACK
6
CONTINUOUS
10
124.2139999999999986
20
-87.2489999999999952
11
124.2342539999999929
21
-87.1081339999999926
0
LINE
8
BLACK
6
CONTINUOUS
10
124.2342539999999929
20
-87.1081339999999926
11
124.2933729999999883
21
-86.9786799999999971
0
LINE
8
BLACK
6
CONTINUOUS
10
124.2933729999999883
20
-86.9786799999999971
11
124.3865699999999919
21
-86.8711249999999922
0
LINE
8
BLACK
6
CONTINUOUS
10
124.3865699999999919
20
-86.8711249999999922
11
124.5062919999999878
21
-86.7941840000000013
0
LINE
8
BLACK
6
CONTINUOUS
10
124.5062919999999878
20
-86.7941840000000013
11
124.6428429999999992
21
-86.7540889999999933
0
LINE
8
BLACK
6
CONTINUOUS
10
124.6428429999999992
20
-86.7540889999999933
11
124.7851569999999981
21
-86.7540889999999933
0
LINE
8
BLACK
6
CONTINUOUS
10
124.7851569999999981
20
-86.7540889999999933
11
124.9217079999999953
21
-86.7941840000000013
0
LINE
8
BLACK
6
CONTINUOUS
10
125.2139999999999986
20
-86.4789999999999992
11
124.2139999999999986
21
-86.4789999999999992
0
LINE
8
BLACK
6
CONTINUOUS
10
124.2139999999999986
20
-86.4789999999999992
11
124.2139999999999986
21
-85.4789999999999992
0
LINE
8
BLACK
6
CONTINUOUS
10
124.2139999999999986
20
-85.4789999999999992
11
125.2139999999999986
21
-85.4789999999999992
0
LINE
8
BLACK
6
CONTINUOUS
10
125.2139999999999986
20
-85.4789999999999992
11
125.2139999999999986
21
-86.4789999999999992
0
LINE
8
BLACK
6
CONTINUOUS
10
131.7185089999999832
20
-67.0296709999999933
11
131.7545570000000055
21
-67.0446029999999951
0
LINE
8
BLACK
6
CONTINUOUS
10
131.7545570000000055
20
-67.0446029999999951
11
131.7697110000000009
21
-67.0570390000000032
0
LINE
8
BLACK
6
CONTINUOUS
10
131.7697110000000009
20
-67.0570390000000032
11
132.1659510000000068
21
-67.4532789999999949
0
LINE
8
BLACK
6
CONTINUOUS
10
132.1659510000000068
20
-67.4532789999999949
11
132.1783869999999865
21
-67.4684329999999903
0
LINE
8
BLACK
6
CONTINUOUS
10
132.1783869999999865
20
-67.4684329999999903
11
132.1933190000000025
21
-67.5044809999999984
0
LINE
8
BLACK
6
CONTINUOUS
10
132.1933190000000025
20
-67.5044809999999984
11
132.1952399999999841
21
-67.5239899999999977
0
LINE
8
BLACK
6
CONTINUOUS
10
132.1952399999999841
20
-67.5239899999999977
11
132.1952399999999841
21
-68.2322499999999934
0
LINE
8
BLACK
6
CONTINUOUS
10
132.1952399999999841
20
-68.2322499999999934
11
132.2452399999999955
21
-68.2322499999999934
0
LINE
8
BLACK
6
CONTINUOUS
10
132.2452399999999955
20
-68.2322499999999934
11
132.3026429999999891
21
-68.2436679999999996
0
LINE
8
BLACK
6
CONTINUOUS
10
132.3026429999999891
20
-68.2436679999999996
11
132.3513059999999939
21
-68.2761840000000007
0
LINE
8
BLACK
6
CONTINUOUS
10
132.3513059999999939
20
-68.2761840000000007
11
132.3838219999999808
21
-68.3248469999999912
0
LINE
8
BLACK
6
CONTINUOUS
10
132.3838219999999808
20
-68.3248469999999912
11
132.3952400000000011
21
-68.3822499999999991
0
LINE
8
BLACK
6
CONTINUOUS
10
132.3952400000000011
20
-68.3822499999999991
11
132.3952400000000011
21
-70.0322499999999906
0
LINE
8
BLACK
6
CONTINUOUS
10
132.3952400000000011
20
-70.0322499999999906
11
132.3838219999999808
21
-70.0896529999999984
0
LINE
8
BLACK
6
CONTINUOUS
10
132.3838219999999808
20
-70.0896529999999984
11
132.3513059999999939
21
-70.1383160000000032
0
LINE
8
BLACK
6
CONTINUOUS
10
132.3513059999999939
20
-70.1383160000000032
11
132.3026429999999891
21
-70.1708319999999901
0
LINE
8
BLACK
6
CONTINUOUS
10
132.3026429999999891
20
-70.1708319999999901
11
132.2452399999999955
21
-70.1822499999999962
0
LINE
8
BLACK
6
CONTINUOUS
10
132.2452399999999955
20
-70.1822499999999962
11
131.9452399999999841
21
-70.1822499999999962
0
LINE
8
BLACK
6
CONTINUOUS
10
131.9452399999999841
20
-70.1822499999999962
11
131.8878369999999904
21
-70.1708319999999901
0
LINE
8
BLACK
6
CONTINUOUS
10
131.8878369999999904
20
-70.1708319999999901
11
131.8391739999999857
21
-70.1383160000000032
0
LINE
8
BLACK
6
CONTINUOUS
10
131.8391739999999857
20
-70.1383160000000032
11
131.8066579999999988
21
-70.0896529999999984
0
LINE
8
BLACK
6
CONTINUOUS
10
131.8066579999999988
20
-70.0896529999999984
11
131.7952400000000068
21
-70.0322499999999906
0
LINE
8
BLACK
6
CONTINUOUS
10
131.7952400000000068
20
-70.0322499999999906
11
131.7952400000000068
21
-68.3822499999999991
0
LINE
8
BLACK
6
CONTINUOUS
10
131.7952400000000068
20
-68.3822499999999991
11
131.8066579999999988
21
-68.3248469999999912
0
LINE
8
BLACK
6
CONTINUOUS
10
131.8066579999999988
20
-68.3248469999999912
11
131.8391739999999857
21
-68.2761840000000007
0
LINE
8
BLACK
6
CONTINUOUS
10
131.8391739999999857
20
-68.2761840000000007
11
131.8878369999999904
21
-68.2436679999999996
0
LINE
8
BLACK
6
CONTINUOUS
10
131.8878369999999904
20
-68.2436679999999996
11
131.9452399999999841
21
-68.2322499999999934
0
LINE
8
BLACK
6
CONTINUOUS
10
131.9452399999999841
20
-68.2322499999999934
11
131.9952399999999955
21
-68.2322499999999934
0
LINE
8
BLACK
6
CONTINUOUS
10
131.9952399999999955
20
-68.2322499999999934
11
131.9952399999999955
21
-67.5654119999999949
0
LINE
8
BLACK
6
CONTINUOUS
10
131.9952399999999955
20
-67.5654119999999949
11
131.6575780000000009
21
-67.2277500000000003
0
LINE
8
BLACK
6
CONTINUOUS
10
131.6575780000000009
20
-67.2277500000000003
11
129.4544209999999964
21
-67.2277500000000003
0
LINE
8
BLACK
6
CONTINUOUS
10
129.4544209999999964
20
-67.2277500000000003
11
129.132000000000005
21
-67.5501709999999917
0
LINE
8
BLACK
6
CONTINUOUS
10
129.132000000000005
20
-67.5501709999999917
11
129.132000000000005
21
-69.0822500000000019
0
LINE
8
BLACK
6
CONTINUOUS
10
129.132000000000005
20
-69.0822500000000019
11
130.4570009999999911
21
-69.0822500000000019
0
LINE
8
BLACK
6
CONTINUOUS
10
130.4570009999999911
20
-69.0822500000000019
11
130.5526710000000037
21
-69.1012800000000027
0
LINE
8
BLACK
6
CONTINUOUS
10
130.5526710000000037
20
-69.1012800000000027
11
130.6337769999999807
21
-69.1554730000000006
0
LINE
8
BLACK
6
CONTINUOUS
10
130.6337769999999807
20
-69.1554730000000006
11
130.6879700000000071
21
-69.2365789999999919
0
LINE
8
BLACK
6
CONTINUOUS
10
130.6879700000000071
20
-69.2365789999999919
11
130.7069989999999962
21
-69.3322500000000019
0
LINE
8
BLACK
6
CONTINUOUS
10
130.7069989999999962
20
-69.3322500000000019
11
130.7069989999999962
21
-69.4220309999999898
0
LINE
8
BLACK
6
CONTINUOUS
10
130.7069989999999962
20
-69.4220309999999898
11
130.7114530000000059
21
-69.4238769999999903
0
LINE
8
BLACK
6
CONTINUOUS
10
130.7114530000000059
20
-69.4238769999999903
11
130.862797999999998
21
-69.5047720000000027
0
LINE
8
BLACK
6
CONTINUOUS
10
130.862797999999998
20
-69.5047720000000027
11
130.8830099999999845
21
-69.5182769999999977
0
LINE
8
BLACK
6
CONTINUOUS
10
130.8830099999999845
20
-69.5182769999999977
11
131.0156659999999818
21
-69.6271449999999987
0
LINE
8
BLACK
6
CONTINUOUS
10
131.0156659999999818
20
-69.6271449999999987
11
131.0328539999999862
21
-69.6443330000000032
0
LINE
8
BLACK
6
CONTINUOUS
10
131.0328539999999862
20
-69.6443330000000032
11
131.1417219999999872
21
-69.7769890000000004
0
LINE
8
BLACK
6
CONTINUOUS
10
131.1417219999999872
20
-69.7769890000000004
11
131.1552269999999965
21
-69.7972010000000012
0
LINE
8
BLACK
6
CONTINUOUS
10
131.1552269999999965
20
-69.7972010000000012
11
131.2361209999999971
21
-69.9485430000000008
0
LINE
8
BLACK
6
CONTINUOUS
10
131.2361209999999971
20
-69.9485430000000008
11
131.2454239999999857
21
-69.9710010000000011
0
LINE
8
BLACK
6
CONTINUOUS
10
131.2454239999999857
20
-69.9710010000000011
11
131.2952400000000068
21
-70.1352239999999938
0
LINE
8
BLACK
6
CONTINUOUS
10
131.2952400000000068
20
-70.1352239999999938
11
131.299982
21
-70.1590649999999982
0
LINE
8
BLACK
6
CONTINUOUS
10
131.299982
20
-70.1590649999999982
11
131.3174029999999846
21
-70.3359379999999987
0
LINE
8
BLACK
6
CONTINUOUS
10
131.3174029999999846
20
-70.3359379999999987
11
131.3179999999999836
21
-70.3480919999999941
0
LINE
8
BLACK
6
CONTINUOUS
10
131.3179999999999836
20
-70.3480919999999941
11
131.3179999999999836
21
-92.1068309999999997
0
LINE
8
BLACK
6
CONTINUOUS
10
131.3179999999999836
20
-92.1068309999999997
11
131.2983150000000023
21
-92.1738699999999938
0
LINE
8
BLACK
6
CONTINUOUS
10
131.2983150000000023
20
-92.1738699999999938
11
131.2455109999999934
21
-92.2196249999999935
0
LINE
8
BLACK
6
CONTINUOUS
10
131.2455109999999934
20
-92.2196249999999935
11
131.1939999999999884
21
-92.2308309999999949
0
LINE
8
BLACK
6
CONTINUOUS
10
131.1939999999999884
20
-92.2308309999999949
11
125.480251999999993
21
-92.2308309999999949
0
LINE
8
BLACK
6
CONTINUOUS
10
125.480251999999993
20
-92.2308309999999949
11
125.4717610000000008
21
-92.2305399999999906
0
LINE
8
BLACK
6
CONTINUOUS
10
125.4717610000000008
20
-92.2305399999999906
11
125.462892999999994
21
-92.2299309999999934
0
LINE
8
BLACK
6
CONTINUOUS
10
125.462892999999994
20
-92.2299309999999934
11
125.2896619999999928
21
-92.218040000000002
0
LINE
8
BLACK
6
CONTINUOUS
10
125.2896619999999928
20
-92.218040000000002
11
125.272837999999993
21
-92.2157189999999929
0
LINE
8
BLACK
6
CONTINUOUS
10
125.272837999999993
20
-92.2157189999999929
11
125.0983370000000008
21
-92.179325999999989
0
LINE
8
BLACK
6
CONTINUOUS
10
125.0983370000000008
20
-92.179325999999989
11
125.0819879999999955
21
-92.1747289999999992
0
LINE
8
BLACK
6
CONTINUOUS
10
125.0819879999999955
20
-92.1747289999999992
11
124.9140819999999934
21
-92.1148290000000003
0
LINE
8
BLACK
6
CONTINUOUS
10
124.9140819999999934
20
-92.1148290000000003
11
124.8985169999999982
21
-92.1080410000000001
0
LINE
8
BLACK
6
CONTINUOUS
10
124.8985169999999982
20
-92.1080410000000001
11
124.7403799999999876
21
-92.0257649999999927
0
LINE
8
BLACK
6
CONTINUOUS
10
124.7403799999999876
20
-92.0257649999999927
11
124.7258870000000002
21
-92.0169130000000024
0
LINE
8
BLACK
6
CONTINUOUS
10
124.7258870000000002
20
-92.0169130000000024
11
124.5804729999999978
21
-91.9137989999999974
0
LINE
8
BLACK
6
CONTINUOUS
10
124.5804729999999978
20
-91.9137989999999974
11
124.5673239999999993
21
-91.9030489999999958
0
LINE
8
BLACK
6
CONTINUOUS
10
124.5673239999999993
20
-91.9030489999999958
11
124.4506879999999995
21
-91.7935420000000022
0
LINE
8
BLACK
6
CONTINUOUS
10
124.4506879999999995
20
-91.7935420000000022
11
124.4387539999999888
21
-91.7806269999999955
0
LINE
8
BLACK
6
CONTINUOUS
10
124.4387539999999888
20
-91.7806269999999955
11
123.7625309999999956
21
-90.9357629999999943
0
LINE
8
BLACK
6
CONTINUOUS
10
123.7625309999999956
20
-90.9357629999999943
11
123.7598919999999936
21
-90.9323459999999955
0
LINE
8
BLACK
6
CONTINUOUS
10
123.7598919999999936
20
-90.9323459999999955
11
123.0866929999999968
21
-90.0284729999999911
0
LINE
8
BLACK
6
CONTINUOUS
10
123.0866929999999968
20
-90.0284729999999911
11
123.084202999999988
21
-90.0250059999999905
0
LINE
8
BLACK
6
CONTINUOUS
10
123.084202999999988
20
-90.0250059999999905
11
122.4428889999999939
21
-89.0982630000000029
0
LINE
8
BLACK
6
CONTINUOUS
10
122.4428889999999939
20
-89.0982630000000029
11
122.4405029999999925
21
-89.0946840000000009
0
LINE
8
BLACK
6
CONTINUOUS
10
122.4405029999999925
20
-89.0946840000000009
11
122.2661249999999882
21
-88.82294499999999
0
LINE
8
BLACK
6
CONTINUOUS
10
122.2661249999999882
20
-88.82294499999999
11
121.8318369999999931
21
-88.146175999999997
0
LINE
8
BLACK
6
CONTINUOUS
10
121.8318369999999931
20
-88.146175999999997
11
121.8295739999999938
21
-88.1425119999999964
0
LINE
8
BLACK
6
CONTINUOUS
10
121.8295739999999938
20
-88.1425119999999964
11
121.7953809999999919
21
-88.0849099999999936
0
LINE
8
BLACK
6
CONTINUOUS
10
121.7953809999999919
20
-88.0849099999999936
11
121.2991779999999977
21
-87.2489999999999952
0
LINE
8
BLACK
6
CONTINUOUS
10
121.2991779999999977
20
-87.2489999999999952
11
121.2542789999999968
21
-87.1733619999999974
0
LINE
8
BLACK
6
CONTINUOUS
10
121.2542789999999968
20
-87.1733619999999974
11
121.2521489999999886
21
-87.1696239999999989
0
LINE
8
BLACK
6
CONTINUOUS
10
121.2521489999999886
20
-87.1696239999999989
11
121.1882309999999876
21
-87.0528699999999986
0
LINE
8
BLACK
6
CONTINUOUS
10
121.1882309999999876
20
-87.0528699999999986
11
120.7109789999999947
21
-86.1811069999999972
0
LINE
8
BLACK
6
CONTINUOUS
10
120.7109789999999947
20
-86.1811069999999972
11
120.7089759999999927
21
-86.1772929999999917
0
LINE
8
BLACK
6
CONTINUOUS
10
120.7089759999999927
20
-86.1772929999999917
11
120.2025329999999883
21
-85.1705109999999905
0
LINE
8
BLACK
6
CONTINUOUS
10
120.2025329999999883
20
-85.1705109999999905
11
120.2006599999999992
21
-85.1666209999999921
0
LINE
8
BLACK
6
CONTINUOUS
10
120.2006599999999992
20
-85.1666209999999921
11
119.7295649999999938
21
-84.1428059999999931
0
LINE
8
BLACK
6
CONTINUOUS
10
119.7295649999999938
20
-84.1428059999999931
11
119.7278289999999998
21
-84.1388529999999975
0
LINE
8
BLACK
6
CONTINUOUS
10
119.7278289999999998
20
-84.1388529999999975
11
119.2926609999999954
21
-83.0992629999999934
0
LINE
8
BLACK
6
CONTINUOUS
10
119.2926609999999954
20
-83.0992629999999934
11
119.2910639999999916
21
-83.0952520000000021
0
LINE
8
BLACK
6
CONTINUOUS
10
119.2910639999999916
20
-83.0952520000000021
11
118.892358999999999
21
-82.0411699999999939
0
LINE
8
BLACK
6
CONTINUOUS
10
118.892358999999999
20
-82.0411699999999939
11
118.890901999999997
21
-82.0371059999999943
0
LINE
8
BLACK
6
CONTINUOUS
10
118.890901999999997
20
-82.0371059999999943
11
118.5291309999999925
21
-80.969775999999996
0
LINE
8
BLACK
6
CONTINUOUS
10
118.5291309999999925
20
-80.969775999999996
11
118.5278160000000014
21
-80.9656639999999896
0
LINE
8
BLACK
6
CONTINUOUS
10
118.5278160000000014
20
-80.9656639999999896
11
118.2034069999999986
21
-79.8863509999999906
0
LINE
8
BLACK
6
CONTINUOUS
10
118.2034069999999986
20
-79.8863509999999906
11
118.2022369999999967
21
-79.8821959999999933
0
LINE
8
BLACK
6
CONTINUOUS
10
118.2022369999999967
20
-79.8821959999999933
11
117.9156119999999959
21
-78.7923009999999948
0
LINE
8
BLACK
6
CONTINUOUS
10
117.9156119999999959
20
-78.7923009999999948
11
117.9145859999999999
21
-78.7881069999999966
0
LINE
8
BLACK
6
CONTINUOUS
10
117.9145859999999999
20
-78.7881069999999966
11
117.740013999999988
21
-78.0159379999999913
0
LINE
8
BLACK
6
CONTINUOUS
10
117.740013999999988
20
-78.0159379999999913
11
117.666056999999995
21
-77.6888110000000012
0
LINE
8
BLACK
6
CONTINUOUS
10
117.666056999999995
20
-77.6888110000000012
11
117.665182999999999
21
-77.6846000000000032
0
LINE
8
BLACK
6
CONTINUOUS
10
117.665182999999999
20
-77.6846000000000032
11
117.4550859999999943
21
-76.5773899999999941
0
LINE
8
BLACK
6
CONTINUOUS
10
117.4550859999999943
20
-76.5773899999999941
11
117.4543549999999925
21
-76.5731349999999935
0
LINE
8
BLACK
6
CONTINUOUS
10
117.4543549999999925
20
-76.5731349999999935
11
117.3228709999999921
21
-75.7188129999999973
0
LINE
8
BLACK
6
CONTINUOUS
10
117.3228709999999921
20
-75.7188129999999973
11
117.2829169999999976
21
-75.4592090000000013
0
LINE
8
BLACK
6
CONTINUOUS
10
117.2829169999999976
20
-75.4592090000000013
11
117.2823459999999898
21
-75.4550160000000005
0
LINE
8
BLACK
6
CONTINUOUS
10
117.2823459999999898
20
-75.4550160000000005
11
117.1497869999999892
21
-74.3357730000000032
0
LINE
8
BLACK
6
CONTINUOUS
10
117.1497869999999892
20
-74.3357730000000032
11
117.1493629999999939
21
-74.3315699999999993
0
LINE
8
BLACK
6
CONTINUOUS
10
117.1493629999999939
20
-74.3315699999999993
11
117.0558459999999883
21
-73.2083969999999908
0
LINE
8
BLACK
6
CONTINUOUS
10
117.0558459999999883
20
-73.2083969999999908
11
117.0555689999999913
21
-73.2041859999999929
0
LINE
8
BLACK
6
CONTINUOUS
10
117.0555689999999913
20
-73.2041859999999929
11
117.0012049999999988
21
-72.0783859999999947
0
LINE
8
BLACK
6
CONTINUOUS
10
117.0012049999999988
20
-72.0783859999999947
11
117.0010750000000002
21
-72.0741780000000034
0
LINE
8
BLACK
6
CONTINUOUS
10
117.0010750000000002
20
-72.0741780000000034
11
116.9859369999999927
21
-70.9472439999999978
0
LINE
8
BLACK
6
CONTINUOUS
10
116.9859369999999927
20
-70.9472439999999978
11
116.9859539999999924
21
-70.9429310000000015
0
LINE
8
BLACK
6
CONTINUOUS
10
116.9859539999999924
20
-70.9429310000000015
11
117.0100529999999992
21
-69.8161709999999971
0
LINE
8
BLACK
6
CONTINUOUS
10
117.0100529999999992
20
-69.8161709999999971
11
117.0102210000000014
21
-69.8118679999999898
0
LINE
8
BLACK
6
CONTINUOUS
10
117.0102210000000014
20
-69.8118679999999898
11
117.0110459999999932
21
-69.7972010000000012
0
LINE
8
BLACK
6
CONTINUOUS
10
117.0110459999999932
20
-69.7972010000000012
11
117.073529999999991
21
-68.686632000000003
0
LINE
8
BLACK
6
CONTINUOUS
10
117.073529999999991
20
-68.686632000000003
11
117.073837999999995
21
-68.6824450000000013
0
LINE
8
BLACK
6
CONTINUOUS
10
117.073837999999995
20
-68.6824450000000013
11
117.1762839999999954
21
-67.5600450000000023
0
LINE
8
BLACK
6
CONTINUOUS
10
117.1762839999999954
20
-67.5600450000000023
11
117.1767509999999959
21
-67.5557659999999913
0
LINE
8
BLACK
6
CONTINUOUS
10
117.1767509999999959
20
-67.5557659999999913
11
117.2262569999999897
21
-67.1644369999999924
0
LINE
8
BLACK
6
CONTINUOUS
10
117.2262569999999897
20
-67.1644369999999924
11
117.2541989999999998
21
-67.1003979999999984
0
LINE
8
BLACK
6
CONTINUOUS
10
117.2541989999999998
20
-67.1003979999999984
11
117.3123279999999937
21
-67.061632000000003
0
LINE
8
BLACK
6
CONTINUOUS
10
117.3123279999999937
20
-67.061632000000003
11
117.349275999999989
21
-67.0559999999999974
0
LINE
8
BLACK
6
CONTINUOUS
10
117.349275999999989
20
-67.0559999999999974
11
125.993906999999993
21
-67.0559999999999974
0
LINE
8
BLACK
6
CONTINUOUS
10
125.993906999999993
20
-67.0559999999999974
11
126.0060609999999883
21
-67.0565969999999965
0
LINE
8
BLACK
6
CONTINUOUS
10
126.0060609999999883
20
-67.0565969999999965
11
126.1829409999999996
21
-67.0740179999999953
0
LINE
8
BLACK
6
CONTINUOUS
10
126.1829409999999996
20
-67.0740179999999953
11
126.2067689999999942
21
-67.078756999999996
0
LINE
8
BLACK
6
CONTINUOUS
10
126.2067689999999942
20
-67.078756999999996
11
126.3710009999999926
21
-67.1285759999999954
0
LINE
8
BLACK
6
CONTINUOUS
10
126.3710009999999926
20
-67.1285759999999954
11
126.3934529999999938
21
-67.1378770000000031
0
LINE
8
BLACK
6
CONTINUOUS
10
126.3934529999999938
20
-67.1378770000000031
11
126.4431439999999895
21
-67.1644369999999924
0
LINE
8
BLACK
6
CONTINUOUS
10
126.4431439999999895
20
-67.1644369999999924
11
126.5447980000000001
21
-67.2187720000000013
0
LINE
8
BLACK
6
CONTINUOUS
10
126.5447980000000001
20
-67.2187720000000013
11
126.5650100000000009
21
-67.2322769999999963
0
LINE
8
BLACK
6
CONTINUOUS
10
126.5650100000000009
20
-67.2322769999999963
11
126.6976659999999981
21
-67.3411449999999974
0
LINE
8
BLACK
6
CONTINUOUS
10
126.6976659999999981
20
-67.3411449999999974
11
126.7148539999999883
21
-67.3583330000000018
0
LINE
8
BLACK
6
CONTINUOUS
10
126.7148539999999883
20
-67.3583330000000018
11
126.8237219999999894
21
-67.490988999999999
0
LINE
8
BLACK
6
CONTINUOUS
10
126.8237219999999894
20
-67.490988999999999
11
126.8372269999999986
21
-67.5112009999999998
0
LINE
8
BLACK
6
CONTINUOUS
10
126.8372269999999986
20
-67.5112009999999998
11
126.9181209999999993
21
-67.6625429999999994
0
LINE
8
BLACK
6
CONTINUOUS
10
126.9181209999999993
20
-67.6625429999999994
11
126.9274239999999878
21
-67.6850009999999997
0
LINE
8
BLACK
6
CONTINUOUS
10
126.9274239999999878
20
-67.6850009999999997
11
126.9772399999999948
21
-67.8492239999999924
0
LINE
8
BLACK
6
CONTINUOUS
10
126.9772399999999948
20
-67.8492239999999924
11
126.9819819999999879
21
-67.8730649999999969
0
LINE
8
BLACK
6
CONTINUOUS
10
126.9819819999999879
20
-67.8730649999999969
11
126.9994030000000009
21
-68.0499379999999974
0
LINE
8
BLACK
6
CONTINUOUS
10
126.9994030000000009
20
-68.0499379999999974
11
127.
21
-68.0620919999999927
0
LINE
8
BLACK
6
CONTINUOUS
10
127.
20
-68.0620919999999927
11
127.
21
-69.3419999999999987
0
LINE
8
BLACK
6
CONTINUOUS
10
127.
20
-69.3419999999999987
11
127.3569999999999993
21
-69.3419999999999987
0
LINE
8
BLACK
6
CONTINUOUS
10
127.3569999999999993
20
-69.3419999999999987
11
127.3569999999999993
21
-69.3322489999999902
0
LINE
8
BLACK
6
CONTINUOUS
10
127.3569999999999993
20
-69.3322489999999902
11
127.3760300000000001
21
-69.2365789999999919
0
LINE
8
BLACK
6
CONTINUOUS
10
127.3760300000000001
20
-69.2365789999999919
11
127.430222999999998
21
-69.1554730000000006
0
LINE
8
BLACK
6
CONTINUOUS
10
127.430222999999998
20
-69.1554730000000006
11
127.5113289999999893
21
-69.1012800000000027
0
LINE
8
BLACK
6
CONTINUOUS
10
127.5113289999999893
20
-69.1012800000000027
11
127.6069999999999993
21
-69.0822509999999994
0
LINE
8
BLACK
6
CONTINUOUS
10
127.6069999999999993
20
-69.0822509999999994
11
128.9319999999999879
21
-69.0822500000000019
0
LINE
8
BLACK
6
CONTINUOUS
10
128.9319999999999879
20
-69.0822500000000019
11
128.9319999999999879
21
-67.508749999999992
0
LINE
8
BLACK
6
CONTINUOUS
10
128.9319999999999879
20
-67.508749999999992
11
128.933920999999998
21
-67.4892409999999927
0
LINE
8
BLACK
6
CONTINUOUS
10
128.933920999999998
20
-67.4892409999999927
11
128.9488529999999855
21
-67.4531929999999988
0
LINE
8
BLACK
6
CONTINUOUS
10
128.9488529999999855
20
-67.4531929999999988
11
128.9612889999999936
21
-67.4380390000000034
0
LINE
8
BLACK
6
CONTINUOUS
10
128.9612889999999936
20
-67.4380390000000034
11
129.3422889999999938
21
-67.0570400000000006
0
LINE
8
BLACK
6
CONTINUOUS
10
129.3422889999999938
20
-67.0570400000000006
11
129.3574419999999918
21
-67.0446029999999951
0
LINE
8
BLACK
6
CONTINUOUS
10
129.3574419999999918
20
-67.0446029999999951
11
129.375522999999987
21
-67.0371140000000025
0
LINE
8
BLACK
6
CONTINUOUS
10
129.375522999999987
20
-67.0371140000000025
11
129.3934909999999832
21
-67.0296709999999933
0
LINE
8
BLACK
6
CONTINUOUS
10
129.3934909999999832
20
-67.0296709999999933
11
129.4129999999999825
21
-67.0277499999999975
0
LINE
8
BLACK
6
CONTINUOUS
10
129.4129999999999825
20
-67.0277499999999975
11
131.6989999999999839
21
-67.0277499999999975
0
LINE
8
BLACK
6
CONTINUOUS
10
131.6989999999999839
20
-67.0277499999999975
11
131.7185089999999832
21
-67.0296709999999933
0
LINE
8
BLACK
6
CONTINUOUS
10
123.7279750000000007
20
-87.4451289999999943
11
123.7851879999999909
21
-87.6337329999999923
0
LINE
8
BLACK
6
CONTINUOUS
10
123.7851879999999909
20
-87.6337329999999923
11
123.8780859999999961
21
-87.8075319999999948
0
LINE
8
BLACK
6
CONTINUOUS
10
123.8780859999999961
20
-87.8075319999999948
11
123.8780900000000003
21
-87.8075389999999913
0
LINE
8
BLACK
6
CONTINUOUS
10
123.8780900000000003
20
-87.8075389999999913
11
124.0031159999999915
21
-87.9598829999999907
0
LINE
8
BLACK
6
CONTINUOUS
10
124.0031159999999915
20
-87.9598829999999907
11
124.1554599999999908
21
-88.0849089999999961
0
LINE
8
BLACK
6
CONTINUOUS
10
124.1554599999999908
20
-88.0849089999999961
11
124.1554669999999874
21
-88.0849130000000002
0
LINE
8
BLACK
6
CONTINUOUS
10
124.1554669999999874
20
-88.0849130000000002
11
124.3292659999999898
21
-88.1778109999999913
0
LINE
8
BLACK
6
CONTINUOUS
10
124.3292659999999898
20
-88.1778109999999913
11
124.3292689999999965
21
-88.1778109999999913
0
LINE
8
BLACK
6
CONTINUOUS
10
124.3292689999999965
20
-88.1778109999999913
11
124.3292730000000006
21
-88.1778139999999979
0
LINE
8
BLACK
6
CONTINUOUS
10
124.3292730000000006
20
-88.1778139999999979
11
124.5178679999999929
21
-88.2350239999999957
0
LINE
8
BLACK
6
CONTINUOUS
10
124.5178679999999929
20
-88.2350239999999957
11
124.7139999999999986
21
-88.2543409999999966
0
LINE
8
BLACK
6
CONTINUOUS
10
124.7139999999999986
20
-88.2543409999999966
11
124.9101319999999902
21
-88.2350239999999957
0
LINE
8
BLACK
6
CONTINUOUS
10
124.9101319999999902
20
-88.2350239999999957
11
125.0987269999999967
21
-88.1778139999999979
0
LINE
8
BLACK
6
CONTINUOUS
10
125.0987269999999967
20
-88.1778139999999979
11
125.2725379999999973
21
-88.0849099999999936
0
LINE
8
BLACK
6
CONTINUOUS
10
125.2725379999999973
20
-88.0849099999999936
11
125.4248829999999941
21
-87.9598829999999907
0
LINE
8
BLACK
6
CONTINUOUS
10
125.4248829999999941
20
-87.9598829999999907
11
125.549909999999997
21
-87.8075379999999939
0
LINE
8
BLACK
6
CONTINUOUS
10
125.549909999999997
20
-87.8075379999999939
11
125.6428140000000013
21
-87.6337269999999933
0
LINE
8
BLACK
6
CONTINUOUS
10
125.6428140000000013
20
-87.6337269999999933
11
125.7000239999999991
21
-87.445132000000001
0
LINE
8
BLACK
6
CONTINUOUS
10
125.7000239999999991
20
-87.445132000000001
11
125.719341
21
-87.2489999999999952
0
LINE
8
BLACK
6
CONTINUOUS
10
125.719341
20
-87.2489999999999952
11
125.7000239999999991
21
-87.0528679999999895
0
LINE
8
BLACK
6
CONTINUOUS
10
125.7000239999999991
20
-87.0528679999999895
11
125.6428140000000013
21
-86.8642729999999972
0
LINE
8
BLACK
6
CONTINUOUS
10
125.6428140000000013
20
-86.8642729999999972
11
125.6416770000000014
21
-86.8621459999999956
0
LINE
8
BLACK
6
CONTINUOUS
10
125.6416770000000014
20
-86.8621459999999956
11
125.6414179999999874
21
-86.8609039999999908
0
LINE
8
BLACK
6
CONTINUOUS
10
125.6414179999999874
20
-86.8609039999999908
11
125.640482999999989
21
-86.8586449999999957
0
LINE
8
BLACK
6
CONTINUOUS
10
125.640482999999989
20
-86.8586449999999957
11
125.6409109999999885
21
-86.8584669999999903
0
LINE
8
BLACK
6
CONTINUOUS
10
125.6409109999999885
20
-86.8584669999999903
11
125.6274349999999913
21
-86.7937459999999987
0
LINE
8
BLACK
6
CONTINUOUS
10
125.6274349999999913
20
-86.7937459999999987
11
125.6517709999999965
21
-86.7293789999999944
0
LINE
8
BLACK
6
CONTINUOUS
10
125.6517709999999965
20
-86.7293789999999944
11
125.6577959999999905
21
-86.7213309999999922
0
LINE
8
BLACK
6
CONTINUOUS
10
125.6577959999999905
20
-86.7213309999999922
11
125.708090999999996
21
-86.5864830000000012
0
LINE
8
BLACK
6
CONTINUOUS
10
125.708090999999996
20
-86.5864830000000012
11
125.714500000000001
21
-86.5268729999999948
0
LINE
8
BLACK
6
CONTINUOUS
10
125.714500000000001
20
-86.5268729999999948
11
125.7144989999999893
21
-85.4311280000000011
0
LINE
8
BLACK
6
CONTINUOUS
10
125.7144989999999893
20
-85.4311280000000011
11
125.708090999999996
21
-85.3715169999999972
0
LINE
8
BLACK
6
CONTINUOUS
10
125.708090999999996
20
-85.3715169999999972
11
125.6577959999999905
21
-85.236668999999992
0
LINE
8
BLACK
6
CONTINUOUS
10
125.6577959999999905
20
-85.236668999999992
11
125.657794999999993
21
-85.2366679999999945
0
LINE
8
BLACK
6
CONTINUOUS
10
125.657794999999993
20
-85.2366679999999945
11
125.6577929999999981
21
-85.2366639999999904
0
LINE
8
BLACK
6
CONTINUOUS
10
125.6577929999999981
20
-85.2366639999999904
11
125.5715469999999954
21
-85.1214549999999974
0
LINE
8
BLACK
6
CONTINUOUS
10
125.5715469999999954
20
-85.1214549999999974
11
125.5715439999999887
21
-85.1214519999999908
0
LINE
8
BLACK
6
CONTINUOUS
10
125.5715439999999887
20
-85.1214519999999908
11
125.4563349999999957
21
-85.0352060000000023
0
LINE
8
BLACK
6
CONTINUOUS
10
125.4563349999999957
20
-85.0352060000000023
11
125.4563279999999992
21
-85.0352019999999982
0
LINE
8
BLACK
6
CONTINUOUS
10
125.4563279999999992
20
-85.0352019999999982
11
125.3214819999999889
21
-84.9849079999999901
0
LINE
8
BLACK
6
CONTINUOUS
10
125.3214819999999889
20
-84.9849079999999901
11
125.3214830000000006
21
-84.9849079999999901
0
LINE
8
BLACK
6
CONTINUOUS
10
125.3214830000000006
20
-84.9849079999999901
11
125.2618829999999974
21
-84.9785009999999943
0
LINE
8
BLACK
6
CONTINUOUS
10
125.2618829999999974
20
-84.9785009999999943
11
125.2618809999999883
21
-84.9784999999999968
0
LINE
8
BLACK
6
CONTINUOUS
10
125.2618809999999883
20
-84.9784999999999968
11
125.2618729999999942
21
-84.9784999999999968
0
LINE
8
BLACK
6
CONTINUOUS
10
125.2618729999999942
20
-84.9784999999999968
11
125.2618639999999886
21
-84.9784999999999968
0
LINE
8
BLACK
6
CONTINUOUS
10
125.2618639999999886
20
-84.9784999999999968
11
124.166128999999998
21
-84.9784999999999968
0
LINE
8
BLACK
6
CONTINUOUS
10
124.166128999999998
20
-84.9784999999999968
11
124.1661229999999989
21
-84.9785009999999943
0
LINE
8
BLACK
6
CONTINUOUS
10
124.1661229999999989
20
-84.9785009999999943
11
124.1065159999999992
21
-84.9849079999999901
0
LINE
8
BLACK
6
CONTINUOUS
10
124.1065159999999992
20
-84.9849079999999901
11
123.9716710000000006
21
-85.0352019999999982
0
LINE
8
BLACK
6
CONTINUOUS
10
123.9716710000000006
20
-85.0352019999999982
11
123.9716639999999899
21
-85.0352060000000023
0
LINE
8
BLACK
6
CONTINUOUS
10
123.9716639999999899
20
-85.0352060000000023
11
123.8564549999999969
21
-85.1214519999999908
0
LINE
8
BLACK
6
CONTINUOUS
10
123.8564549999999969
20
-85.1214519999999908
11
123.8564519999999902
21
-85.1214549999999974
0
LINE
8
BLACK
6
CONTINUOUS
10
123.8564519999999902
20
-85.1214549999999974
11
123.7702059999999875
21
-85.2366639999999904
0
LINE
8
BLACK
6
CONTINUOUS
10
123.7702059999999875
20
-85.2366639999999904
11
123.7702019999999976
21
-85.2366710000000012
0
LINE
8
BLACK
6
CONTINUOUS
10
123.7702019999999976
20
-85.2366710000000012
11
123.7199079999999896
21
-85.3715169999999972
0
LINE
8
BLACK
6
CONTINUOUS
10
123.7199079999999896
20
-85.3715169999999972
11
123.7135009999999937
21
-85.4311160000000029
0
LINE
8
BLACK
6
CONTINUOUS
10
123.7135009999999937
20
-85.4311160000000029
11
123.7135009999999937
21
-85.4311229999999995
0
LINE
8
BLACK
6
CONTINUOUS
10
123.7135009999999937
20
-85.4311229999999995
11
123.7134999999999962
21
-85.4311349999999976
0
LINE
8
BLACK
6
CONTINUOUS
10
123.7134999999999962
20
-85.4311349999999976
11
123.7134999999999962
21
-86.5268700000000024
0
LINE
8
BLACK
6
CONTINUOUS
10
123.7134999999999962
20
-86.5268700000000024
11
123.7135009999999937
21
-86.5268760000000015
0
LINE
8
BLACK
6
CONTINUOUS
10
123.7135009999999937
20
-86.5268760000000015
11
123.7199079999999896
21
-86.5864830000000012
0
LINE
8
BLACK
6
CONTINUOUS
10
123.7199079999999896
20
-86.5864830000000012
11
123.7702019999999976
21
-86.7213279999999997
0
LINE
8
BLACK
6
CONTINUOUS
10
123.7702019999999976
20
-86.7213279999999997
11
123.7702039999999926
21
-86.7213309999999922
0
LINE
8
BLACK
6
CONTINUOUS
10
123.7702039999999926
20
-86.7213309999999922
11
123.7762309999999957
21
-86.7293820000000011
0
LINE
8
BLACK
6
CONTINUOUS
10
123.7762309999999957
20
-86.7293820000000011
11
123.8006479999999954
21
-86.7948459999999926
0
LINE
8
BLACK
6
CONTINUOUS
10
123.8006479999999954
20
-86.7948459999999926
11
123.7871049999999968
21
-86.858469999999997
0
LINE
8
BLACK
6
CONTINUOUS
10
123.7871049999999968
20
-86.858469999999997
11
123.7875179999999915
21
-86.8586409999999915
0
LINE
8
BLACK
6
CONTINUOUS
10
123.7875179999999915
20
-86.8586409999999915
11
123.7865949999999913
21
-86.8608689999999939
0
LINE
8
BLACK
6
CONTINUOUS
10
123.7865949999999913
20
-86.8608689999999939
11
123.7863239999999934
21
-86.862142999999989
0
LINE
8
BLACK
6
CONTINUOUS
10
123.7863239999999934
20
-86.862142999999989
11
123.7851879999999909
21
-86.8642669999999981
0
LINE
8
BLACK
6
CONTINUOUS
10
123.7851879999999909
20
-86.8642669999999981
11
123.7279750000000007
21
-87.0528699999999986
0
LINE
8
BLACK
6
CONTINUOUS
10
123.7279750000000007
20
-87.0528699999999986
11
123.7086589999999973
21
-87.2489999999999952
0
LINE
8
BLACK
6
CONTINUOUS
10
123.7086589999999973
20
-87.2489999999999952
11
123.7279750000000007
21
-87.4451289999999943
0
LINE
8
BLACK
6
CONTINUOUS
10
174.5947079999999971
20
-86.7941840000000013
11
174.714429999999993
21
-86.8711249999999922
0
LINE
8
BLACK
6
CONTINUOUS
10
174.714429999999993
20
-86.8711249999999922
11
174.8076269999999965
21
-86.9786799999999971
0
LINE
8
BLACK
6
CONTINUOUS
10
174.8076269999999965
20
-86.9786799999999971
11
174.8667460000000062
21
-87.1081339999999926
0
LINE
8
BLACK
6
CONTINUOUS
10
174.8667460000000062
20
-87.1081339999999926
11
174.8870000000000005
21
-87.2489999999999952
0
LINE
8
BLACK
6
CONTINUOUS
10
174.8870000000000005
20
-87.2489999999999952
11
174.8667460000000062
21
-87.3898659999999978
0
LINE
8
BLACK
6
CONTINUOUS
10
174.8667460000000062
20
-87.3898659999999978
11
174.8076269999999965
21
-87.5193199999999933
0
LINE
8
BLACK
6
CONTINUOUS
10
174.8076269999999965
20
-87.5193199999999933
11
174.714429999999993
21
-87.6268749999999983
0
LINE
8
BLACK
6
CONTINUOUS
10
174.714429999999993
20
-87.6268749999999983
11
174.5947079999999971
21
-87.7038159999999891
0
LINE
8
BLACK
6
CONTINUOUS
10
174.5947079999999971
20
-87.7038159999999891
11
174.4581569999999999
21
-87.7439109999999971
0
LINE
8
BLACK
6
CONTINUOUS
10
174.4581569999999999
20
-87.7439109999999971
11
174.315843000000001
21
-87.7439109999999971
0
LINE
8
BLACK
6
CONTINUOUS
10
174.315843000000001
20
-87.7439109999999971
11
174.1792920000000038
21
-87.7038159999999891
0
LINE
8
BLACK
6
CONTINUOUS
10
174.1792920000000038
20
-87.7038159999999891
11
174.0595699999999795
21
-87.6268749999999983
0
LINE
8
BLACK
6
CONTINUOUS
10
174.0595699999999795
20
-87.6268749999999983
11
173.9663730000000044
21
-87.5193199999999933
0
LINE
8
BLACK
6
CONTINUOUS
10
173.9663730000000044
20
-87.5193199999999933
11
173.9072539999999947
21
-87.3898659999999978
0
LINE
8
BLACK
6
CONTINUOUS
10
173.9072539999999947
20
-87.3898659999999978
11
173.8870000000000005
21
-87.2489999999999952
0
LINE
8
BLACK
6
CONTINUOUS
10
173.8870000000000005
20
-87.2489999999999952
11
173.9072539999999947
21
-87.1081339999999926
0
LINE
8
BLACK
6
CONTINUOUS
10
173.9072539999999947
20
-87.1081339999999926
11
173.9663730000000044
21
-86.9786799999999971
0
LINE
8
BLACK
6
CONTINUOUS
10
173.9663730000000044
20
-86.9786799999999971
11
174.0595699999999795
21
-86.8711249999999922
0
LINE
8
BLACK
6
CONTINUOUS
10
174.0595699999999795
20
-86.8711249999999922
11
174.1792920000000038
21
-86.7941840000000013
0
LINE
8
BLACK
6
CONTINUOUS
10
174.1792920000000038
20
-86.7941840000000013
11
174.315843000000001
21
-86.7540889999999933
0
LINE
8
BLACK
6
CONTINUOUS
10
174.315843000000001
20
-86.7540889999999933
11
174.4581569999999999
21
-86.7540889999999933
0
LINE
8
BLACK
6
CONTINUOUS
10
174.4581569999999999
20
-86.7540889999999933
11
174.5947079999999971
21
-86.7941840000000013
0
LINE
8
BLACK
6
CONTINUOUS
10
174.8870000000000005
20
-86.4789999999999992
11
173.8870000000000005
21
-86.4789999999999992
0
LINE
8
BLACK
6
CONTINUOUS
10
173.8870000000000005
20
-86.4789999999999992
11
173.8870000000000005
21
-85.4789999999999992
0
LINE
8
BLACK
6
CONTINUOUS
10
173.8870000000000005
20
-85.4789999999999992
11
174.8870000000000005
21
-85.4789999999999992
0
LINE
8
BLACK
6
CONTINUOUS
10
174.8870000000000005
20
-85.4789999999999992
11
174.8870000000000005
21
-86.4789999999999992
0
LINE
8
BLACK
6
CONTINUOUS
10
169.3257490000000018
20
-66.9656710000000004
11
169.3617969999999957
21
-66.9806030000000021
0
LINE
8
BLACK
6
CONTINUOUS
10
169.3617969999999957
20
-66.9806030000000021
11
169.3769509999999912
21
-66.993038999999996
0
LINE
8
BLACK
6
CONTINUOUS
10
169.3769509999999912
20
-66.993038999999996
11
169.7579499999999939
21
-67.3740389999999962
0
LINE
8
BLACK
6
CONTINUOUS
10
169.7579499999999939
20
-67.3740389999999962
11
169.7703869999999995
21
-67.3891919999999942
0
LINE
8
BLACK
6
CONTINUOUS
10
169.7703869999999995
20
-67.3891919999999942
11
169.7703869999999995
21
-67.3891929999999917
0
LINE
8
BLACK
6
CONTINUOUS
10
169.7703869999999995
20
-67.3891929999999917
11
169.785318999999987
21
-67.4252409999999998
0
LINE
8
BLACK
6
CONTINUOUS
10
169.785318999999987
20
-67.4252409999999998
11
169.7872399999999971
21
-67.4447499999999991
0
LINE
8
BLACK
6
CONTINUOUS
10
169.7872399999999971
20
-67.4447499999999991
11
169.7872399999999971
21
-69.0249999999999915
0
LINE
8
BLACK
6
CONTINUOUS
10
169.7872399999999971
20
-69.0249999999999915
11
171.0970010000000059
21
-69.0249999999999915
0
LINE
8
BLACK
6
CONTINUOUS
10
171.0970010000000059
20
-69.0249999999999915
11
171.19267099999999
21
-69.0440299999999922
0
LINE
8
BLACK
6
CONTINUOUS
10
171.19267099999999
20
-69.0440299999999922
11
171.2737769999999955
21
-69.0982229999999902
0
LINE
8
BLACK
6
CONTINUOUS
10
171.2737769999999955
20
-69.0982229999999902
11
171.3279699999999934
21
-69.1793289999999956
0
LINE
8
BLACK
6
CONTINUOUS
10
171.3279699999999934
20
-69.1793289999999956
11
171.335064999999986
21
-69.2150000000000034
0
LINE
8
BLACK
6
CONTINUOUS
10
171.335064999999986
20
-69.2150000000000034
11
171.8309999999999889
21
-69.2150000000000034
0
LINE
8
BLACK
6
CONTINUOUS
10
171.8309999999999889
20
-69.2150000000000034
11
171.8309999999999889
21
-68.0620919999999927
0
LINE
8
BLACK
6
CONTINUOUS
10
171.8309999999999889
20
-68.0620919999999927
11
171.8315969999999879
21
-68.0499379999999974
0
LINE
8
BLACK
6
CONTINUOUS
10
171.8315969999999879
20
-68.0499379999999974
11
171.8490180000000009
21
-67.8730559999999912
0
LINE
8
BLACK
6
CONTINUOUS
10
171.8490180000000009
20
-67.8730559999999912
11
171.8537570000000017
21
-67.8492320000000007
0
LINE
8
BLACK
6
CONTINUOUS
10
171.8537570000000017
20
-67.8492320000000007
11
171.9035769999999843
21
-67.6849940000000032
0
LINE
8
BLACK
6
CONTINUOUS
10
171.9035769999999843
20
-67.6849940000000032
11
171.9128749999999854
21
-67.6625489999999985
0
LINE
8
BLACK
6
CONTINUOUS
10
171.9128749999999854
20
-67.6625489999999985
11
171.9937749999999994
21
-67.5111950000000007
0
LINE
8
BLACK
6
CONTINUOUS
10
171.9937749999999994
20
-67.5111950000000007
11
172.0072720000000004
21
-67.4909949999999981
0
LINE
8
BLACK
6
CONTINUOUS
10
172.0072720000000004
20
-67.4909949999999981
11
172.1161489999999787
21
-67.3583280000000002
0
LINE
8
BLACK
6
CONTINUOUS
10
172.1161489999999787
20
-67.3583280000000002
11
172.1333280000000059
21
-67.3411490000000015
0
LINE
8
BLACK
6
CONTINUOUS
10
172.1333280000000059
20
-67.3411490000000015
11
172.2659950000000038
21
-67.2322719999999947
0
LINE
8
BLACK
6
CONTINUOUS
10
172.2659950000000038
20
-67.2322719999999947
11
172.2861949999999922
21
-67.2187749999999937
0
LINE
8
BLACK
6
CONTINUOUS
10
172.2861949999999922
20
-67.2187749999999937
11
172.43754899999999
21
-67.137874999999994
0
LINE
8
BLACK
6
CONTINUOUS
10
172.43754899999999
20
-67.137874999999994
11
172.4599939999999947
21
-67.1285769999999928
0
LINE
8
BLACK
6
CONTINUOUS
10
172.4599939999999947
20
-67.1285769999999928
11
172.6242320000000063
21
-67.078756999999996
0
LINE
8
BLACK
6
CONTINUOUS
10
172.6242320000000063
20
-67.078756999999996
11
172.6480559999999969
21
-67.0740179999999953
0
LINE
8
BLACK
6
CONTINUOUS
10
172.6480559999999969
20
-67.0740179999999953
11
172.8249390000000005
21
-67.0565969999999965
0
LINE
8
BLACK
6
CONTINUOUS
10
172.8249390000000005
20
-67.0565969999999965
11
172.8370929999999817
21
-67.0559999999999974
0
LINE
8
BLACK
6
CONTINUOUS
10
172.8370929999999817
20
-67.0559999999999974
11
181.6087239999999952
21
-67.0559999999999974
0
LINE
8
BLACK
6
CONTINUOUS
10
181.6087239999999952
20
-67.0559999999999974
11
181.6757629999999892
21
-67.0756849999999929
0
LINE
8
BLACK
6
CONTINUOUS
10
181.6757629999999892
20
-67.0756849999999929
11
181.7215180000000032
21
-67.1284890000000019
0
LINE
8
BLACK
6
CONTINUOUS
10
181.7215180000000032
20
-67.1284890000000019
11
181.731743999999992
21
-67.1644369999999924
0
LINE
8
BLACK
6
CONTINUOUS
10
181.731743999999992
20
-67.1644369999999924
11
181.7812490000000025
21
-67.5557659999999913
0
LINE
8
BLACK
6
CONTINUOUS
10
181.7812490000000025
20
-67.5557659999999913
11
181.7817159999999888
21
-67.5600579999999979
0
LINE
8
BLACK
6
CONTINUOUS
10
181.7817159999999888
20
-67.5600579999999979
11
181.8841559999999902
21
-68.6823859999999939
0
LINE
8
BLACK
6
CONTINUOUS
10
181.8841559999999902
20
-68.6823859999999939
11
181.8844729999999856
21
-68.6866909999999962
0
LINE
8
BLACK
6
CONTINUOUS
10
181.8844729999999856
20
-68.6866909999999962
11
181.9477779999999996
21
-69.8118679999999898
0
LINE
8
BLACK
6
CONTINUOUS
10
181.9477779999999996
20
-69.8118679999999898
11
181.9479460000000017
21
-69.8161819999999977
0
LINE
8
BLACK
6
CONTINUOUS
10
181.9479460000000017
20
-69.8161819999999977
11
181.9720449999999801
21
-70.9429310000000015
0
LINE
8
BLACK
6
CONTINUOUS
10
181.9720449999999801
20
-70.9429310000000015
11
181.972061999999994
21
-70.9472489999999993
0
LINE
8
BLACK
6
CONTINUOUS
10
181.972061999999994
20
-70.9472489999999993
11
181.956924999999984
21
-72.0741239999999976
0
LINE
8
BLACK
6
CONTINUOUS
10
181.956924999999984
20
-72.0741239999999976
11
181.9567919999999788
21
-72.078439000000003
0
LINE
8
BLACK
6
CONTINUOUS
10
181.9567919999999788
20
-72.078439000000003
11
181.902433000000002
21
-73.2041380000000004
0
LINE
8
BLACK
6
CONTINUOUS
10
181.902433000000002
20
-73.2041380000000004
11
181.9021489999999801
21
-73.208445999999995
0
LINE
8
BLACK
6
CONTINUOUS
10
181.9021489999999801
20
-73.208445999999995
11
181.8086399999999969
21
-74.3315240000000017
0
LINE
8
BLACK
6
CONTINUOUS
10
181.8086399999999969
20
-74.3315240000000017
11
181.8082069999999817
21
-74.3358190000000008
0
LINE
8
BLACK
6
CONTINUOUS
10
181.8082069999999817
20
-74.3358190000000008
11
181.6756579999999985
21
-75.4549729999999954
0
LINE
8
BLACK
6
CONTINUOUS
10
181.6756579999999985
20
-75.4549729999999954
11
181.67507599999999
21
-75.4592509999999947
0
LINE
8
BLACK
6
CONTINUOUS
10
181.67507599999999
20
-75.4592509999999947
11
181.50364399999998
21
-76.5731349999999935
0
LINE
8
BLACK
6
CONTINUOUS
10
181.50364399999998
20
-76.5731349999999935
11
181.5029129999999782
21
-76.5773899999999941
0
LINE
8
BLACK
6
CONTINUOUS
10
181.5029129999999782
20
-76.5773899999999941
11
181.2928159999999878
21
-77.6846000000000032
0
LINE
8
BLACK
6
CONTINUOUS
10
181.2928159999999878
20
-77.6846000000000032
11
181.2919379999999876
21
-77.6888270000000034
0
LINE
8
BLACK
6
CONTINUOUS
10
181.2919379999999876
20
-77.6888270000000034
11
181.0434129999999868
21
-78.7881069999999966
0
LINE
8
BLACK
6
CONTINUOUS
10
181.0434129999999868
20
-78.7881069999999966
11
181.0423869999999908
21
-78.7923009999999948
0
LINE
8
BLACK
6
CONTINUOUS
10
181.0423869999999908
20
-78.7923009999999948
11
180.7557620000000043
21
-79.8821959999999933
0
LINE
8
BLACK
6
CONTINUOUS
10
180.7557620000000043
20
-79.8821959999999933
11
180.7545920000000024
21
-79.8863509999999906
0
LINE
8
BLACK
6
CONTINUOUS
10
180.7545920000000024
20
-79.8863509999999906
11
180.4301829999999995
21
-80.9656639999999896
0
LINE
8
BLACK
6
CONTINUOUS
10
180.4301829999999995
20
-80.9656639999999896
11
180.4288679999999943
21
-80.969775999999996
0
LINE
8
BLACK
6
CONTINUOUS
10
180.4288679999999943
20
-80.969775999999996
11
180.0670969999999897
21
-82.0371059999999943
0
LINE
8
BLACK
6
CONTINUOUS
10
180.0670969999999897
20
-82.0371059999999943
11
180.0656400000000019
21
-82.0411699999999939
0
LINE
8
BLACK
6
CONTINUOUS
10
180.0656400000000019
20
-82.0411699999999939
11
179.6669349999999952
21
-83.0952520000000021
0
LINE
8
BLACK
6
CONTINUOUS
10
179.6669349999999952
20
-83.0952520000000021
11
179.6653379999999913
21
-83.0992629999999934
0
LINE
8
BLACK
6
CONTINUOUS
10
179.6653379999999913
20
-83.0992629999999934
11
179.2301699999999869
21
-84.1388529999999975
0
LINE
8
BLACK
6
CONTINUOUS
10
179.2301699999999869
20
-84.1388529999999975
11
179.2284339999999929
21
-84.1428059999999931
0
LINE
8
BLACK
6
CONTINUOUS
10
179.2284339999999929
20
-84.1428059999999931
11
178.7573390000000018
21
-85.1666209999999921
0
LINE
8
BLACK
6
CONTINUOUS
10
178.7573390000000018
20
-85.1666209999999921
11
178.7554659999999842
21
-85.1705109999999905
0
LINE
8
BLACK
6
CONTINUOUS
10
178.7554659999999842
20
-85.1705109999999905
11
178.249022999999994
21
-86.1772929999999917
0
LINE
8
BLACK
6
CONTINUOUS
10
178.249022999999994
20
-86.1772929999999917
11
178.2470160000000021
21
-86.1811149999999913
0
LINE
8
BLACK
6
CONTINUOUS
10
178.2470160000000021
20
-86.1811149999999913
11
177.7058499999999981
21
-87.1696239999999989
0
LINE
8
BLACK
6
CONTINUOUS
10
177.7058499999999981
20
-87.1696239999999989
11
177.7037119999999959
21
-87.173374999999993
0
LINE
8
BLACK
6
CONTINUOUS
10
177.7037119999999959
20
-87.173374999999993
11
177.1284249999999929
21
-88.1425119999999964
0
LINE
8
BLACK
6
CONTINUOUS
10
177.1284249999999929
20
-88.1425119999999964
11
177.1261569999999779
21
-88.1461850000000027
0
LINE
8
BLACK
6
CONTINUOUS
10
177.1261569999999779
20
-88.1461850000000027
11
176.5174959999999942
21
-89.0946840000000009
0
LINE
8
BLACK
6
CONTINUOUS
10
176.5174959999999942
20
-89.0946840000000009
11
176.5151009999999872
21
-89.0982759999999985
0
LINE
8
BLACK
6
CONTINUOUS
10
176.5151009999999872
20
-89.0982759999999985
11
175.8738099999999918
21
-90.0249859999999984
0
LINE
8
BLACK
6
CONTINUOUS
10
175.8738099999999918
20
-90.0249859999999984
11
175.8712919999999826
21
-90.0284929999999974
0
LINE
8
BLACK
6
CONTINUOUS
10
175.8712919999999826
20
-90.0284929999999974
11
175.1981069999999931
21
-90.9323459999999955
0
LINE
8
BLACK
6
CONTINUOUS
10
175.1981069999999931
20
-90.9323459999999955
11
175.1954680000000053
21
-90.9357629999999943
0
LINE
8
BLACK
6
CONTINUOUS
10
175.1954680000000053
20
-90.9357629999999943
11
174.5192439999999863
21
-91.7806269999999955
0
LINE
8
BLACK
6
CONTINUOUS
10
174.5192439999999863
20
-91.7806269999999955
11
174.5073099999999897
21
-91.7935420000000022
0
LINE
8
BLACK
6
CONTINUOUS
10
174.5073099999999897
20
-91.7935420000000022
11
174.3906749999999874
21
-91.9030489999999958
0
LINE
8
BLACK
6
CONTINUOUS
10
174.3906749999999874
20
-91.9030489999999958
11
174.3775259999999889
21
-91.9137989999999974
0
LINE
8
BLACK
6
CONTINUOUS
10
174.3775259999999889
20
-91.9137989999999974
11
174.2321120000000008
21
-92.0169130000000024
0
LINE
8
BLACK
6
CONTINUOUS
10
174.2321120000000008
20
-92.0169130000000024
11
174.2176189999999849
21
-92.0257649999999927
0
LINE
8
BLACK
6
CONTINUOUS
10
174.2176189999999849
20
-92.0257649999999927
11
174.0594849999999951
21
-92.1080400000000026
0
LINE
8
BLACK
6
CONTINUOUS
10
174.0594849999999951
20
-92.1080400000000026
11
174.0439169999999933
21
-92.1148290000000003
0
LINE
8
BLACK
6
CONTINUOUS
10
174.0439169999999933
20
-92.1148290000000003
11
173.8760110000000054
21
-92.1747289999999992
0
LINE
8
BLACK
6
CONTINUOUS
10
173.8760110000000054
20
-92.1747289999999992
11
173.8596619999999859
21
-92.179325999999989
0
LINE
8
BLACK
6
CONTINUOUS
10
173.8596619999999859
20
-92.179325999999989
11
173.6851609999999937
21
-92.2157189999999929
0
LINE
8
BLACK
6
CONTINUOUS
10
173.6851609999999937
20
-92.2157189999999929
11
173.6683369999999798
21
-92.218040000000002
0
LINE
8
BLACK
6
CONTINUOUS
10
173.6683369999999798
20
-92.218040000000002
11
173.4943379999999991
21
-92.2299840000000017
0
LINE
8
BLACK
6
CONTINUOUS
10
173.4943379999999991
20
-92.2299840000000017
11
173.486237999999986
21
-92.2305399999999906
0
LINE
8
BLACK
6
CONTINUOUS
10
173.486237999999986
20
-92.2305399999999906
11
173.4777479999999912
21
-92.2308309999999949
0
LINE
8
BLACK
6
CONTINUOUS
10
173.4777479999999912
20
-92.2308309999999949
11
167.7639999999999816
21
-92.2308309999999949
0
LINE
8
BLACK
6
CONTINUOUS
10
167.7639999999999816
20
-92.2308309999999949
11
167.6969609999999875
21
-92.2111459999999994
0
LINE
8
BLACK
6
CONTINUOUS
10
167.6969609999999875
20
-92.2111459999999994
11
167.6512060000000019
21
-92.1583419999999904
0
LINE
8
BLACK
6
CONTINUOUS
10
167.6512060000000019
20
-92.1583419999999904
11
167.6399999999999864
21
-92.1068309999999997
0
LINE
8
BLACK
6
CONTINUOUS
10
167.6399999999999864
20
-92.1068309999999997
11
167.6399999999999864
21
-87.2489999999999952
0
LINE
8
BLACK
6
CONTINUOUS
10
167.6399999999999864
20
-87.2489999999999952
11
167.6399999999999864
21
-70.2210919999999987
0
LINE
8
BLACK
6
CONTINUOUS
10
167.6399999999999864
20
-70.2210919999999987
11
167.6405969999999854
21
-70.2089380000000034
0
LINE
8
BLACK
6
CONTINUOUS
10
167.6405969999999854
20
-70.2089380000000034
11
167.6580179999999984
21
-70.0320559999999972
0
LINE
8
BLACK
6
CONTINUOUS
10
167.6580179999999984
20
-70.0320559999999972
11
167.6627569999999992
21
-70.0082319999999925
0
LINE
8
BLACK
6
CONTINUOUS
10
167.6627569999999992
20
-70.0082319999999925
11
167.7125769999999818
21
-69.843993999999995
0
LINE
8
BLACK
6
CONTINUOUS
10
167.7125769999999818
20
-69.843993999999995
11
167.7218749999999829
21
-69.8215489999999903
0
LINE
8
BLACK
6
CONTINUOUS
10
167.7218749999999829
20
-69.8215489999999903
11
167.8027749999999969
21
-69.6701949999999925
0
LINE
8
BLACK
6
CONTINUOUS
10
167.8027749999999969
20
-69.6701949999999925
11
167.8162719999999979
21
-69.6499949999999899
0
LINE
8
BLACK
6
CONTINUOUS
10
167.8162719999999979
20
-69.6499949999999899
11
167.9251490000000047
21
-69.517327999999992
0
LINE
8
BLACK
6
CONTINUOUS
10
167.9251490000000047
20
-69.517327999999992
11
167.9423280000000034
21
-69.5001489999999933
0
LINE
8
BLACK
6
CONTINUOUS
10
167.9423280000000034
20
-69.5001489999999933
11
167.9969999999999857
21
-69.4552800000000019
0
LINE
8
BLACK
6
CONTINUOUS
10
167.9969999999999857
20
-69.4552800000000019
11
167.9969999999999857
21
-69.274998999999994
0
LINE
8
BLACK
6
CONTINUOUS
10
167.9969999999999857
20
-69.274998999999994
11
168.0160300000000007
21
-69.1793289999999956
0
LINE
8
BLACK
6
CONTINUOUS
10
168.0160300000000007
20
-69.1793289999999956
11
168.0702229999999986
21
-69.0982229999999902
0
LINE
8
BLACK
6
CONTINUOUS
10
168.0702229999999986
20
-69.0982229999999902
11
168.151329000000004
21
-69.0440299999999922
0
LINE
8
BLACK
6
CONTINUOUS
10
168.151329000000004
20
-69.0440299999999922
11
168.2469999999999857
21
-69.0250010000000032
0
LINE
8
BLACK
6
CONTINUOUS
10
168.2469999999999857
20
-69.0250010000000032
11
169.58723999999998
21
-69.0249999999999915
0
LINE
8
BLACK
6
CONTINUOUS
10
169.58723999999998
20
-69.0249999999999915
11
169.58723999999998
21
-67.4861709999999988
0
LINE
8
BLACK
6
CONTINUOUS
10
169.58723999999998
20
-67.4861709999999988
11
169.2648179999999911
21
-67.1637499999999932
0
LINE
8
BLACK
6
CONTINUOUS
10
169.2648179999999911
20
-67.1637499999999932
11
167.0616619999999841
21
-67.1637499999999932
0
LINE
8
BLACK
6
CONTINUOUS
10
167.0616619999999841
20
-67.1637499999999932
11
166.7239999999999895
21
-67.501412000000002
0
LINE
8
BLACK
6
CONTINUOUS
10
166.7239999999999895
20
-67.501412000000002
11
166.7239999999999895
21
-68.1052499999999981
0
LINE
8
BLACK
6
CONTINUOUS
10
166.7239999999999895
20
-68.1052499999999981
11
166.7892400000000066
21
-68.1052499999999981
0
LINE
8
BLACK
6
CONTINUOUS
10
166.7892400000000066
20
-68.1052499999999981
11
166.8466430000000003
21
-68.11666799999999
0
LINE
8
BLACK
6
CONTINUOUS
10
166.8466430000000003
20
-68.11666799999999
11
166.895306000000005
21
-68.1491839999999911
0
LINE
8
BLACK
6
CONTINUOUS
10
166.895306000000005
20
-68.1491839999999911
11
166.9278219999999919
21
-68.1978469999999959
0
LINE
8
BLACK
6
CONTINUOUS
10
166.9278219999999919
20
-68.1978469999999959
11
166.9392399999999839
21
-68.2552500000000038
0
LINE
8
BLACK
6
CONTINUOUS
10
166.9392399999999839
20
-68.2552500000000038
11
166.9392399999999839
21
-69.9052499999999952
0
LINE
8
BLACK
6
CONTINUOUS
10
166.9392399999999839
20
-69.9052499999999952
11
166.9278219999999919
21
-69.9626530000000031
0
LINE
8
BLACK
6
CONTINUOUS
10
166.9278219999999919
20
-69.9626530000000031
11
166.895306000000005
21
-70.0113159999999937
0
LINE
8
BLACK
6
CONTINUOUS
10
166.895306000000005
20
-70.0113159999999937
11
166.8466430000000003
21
-70.0438319999999948
0
LINE
8
BLACK
6
CONTINUOUS
10
166.8466430000000003
20
-70.0438319999999948
11
166.7892400000000066
21
-70.0552500000000009
0
LINE
8
BLACK
6
CONTINUOUS
10
166.7892400000000066
20
-70.0552500000000009
11
166.4892399999999952
21
-70.0552500000000009
0
LINE
8
BLACK
6
CONTINUOUS
10
166.4892399999999952
20
-70.0552500000000009
11
166.4318370000000016
21
-70.0438319999999948
0
LINE
8
BLACK
6
CONTINUOUS
10
166.4318370000000016
20
-70.0438319999999948
11
166.3831739999999968
21
-70.0113159999999937
0
LINE
8
BLACK
6
CONTINUOUS
10
166.3831739999999968
20
-70.0113159999999937
11
166.3506579999999815
21
-69.9626530000000031
0
LINE
8
BLACK
6
CONTINUOUS
10
166.3506579999999815
20
-69.9626530000000031
11
166.3392399999999895
21
-69.9052499999999952
0
LINE
8
BLACK
6
CONTINUOUS
10
166.3392399999999895
20
-69.9052499999999952
11
166.3392399999999895
21
-68.2552500000000038
0
LINE
8
BLACK
6
CONTINUOUS
10
166.3392399999999895
20
-68.2552500000000038
11
166.3506579999999815
21
-68.1978469999999959
0
LINE
8
BLACK
6
CONTINUOUS
10
166.3506579999999815
20
-68.1978469999999959
11
166.3831739999999968
21
-68.1491839999999911
0
LINE
8
BLACK
6
CONTINUOUS
10
166.3831739999999968
20
-68.1491839999999911
11
166.4318370000000016
21
-68.11666799999999
0
LINE
8
BLACK
6
CONTINUOUS
10
166.4318370000000016
20
-68.11666799999999
11
166.4892399999999952
21
-68.1052499999999981
0
LINE
8
BLACK
6
CONTINUOUS
10
166.4892399999999952
20
-68.1052499999999981
11
166.5240000000000009
21
-68.1052499999999981
0
LINE
8
BLACK
6
CONTINUOUS
10
166.5240000000000009
20
-68.1052499999999981
11
166.5240000000000009
21
-67.4599899999999906
0
LINE
8
BLACK
6
CONTINUOUS
10
166.5240000000000009
20
-67.4599899999999906
11
166.5259209999999825
21
-67.4404809999999912
0
LINE
8
BLACK
6
CONTINUOUS
10
166.5259209999999825
20
-67.4404809999999912
11
166.5408529999999985
21
-67.4044329999999974
0
LINE
8
BLACK
6
CONTINUOUS
10
166.5408529999999985
20
-67.4044329999999974
11
166.5532890000000066
21
-67.3892790000000019
0
LINE
8
BLACK
6
CONTINUOUS
10
166.5532890000000066
20
-67.3892790000000019
11
166.9495289999999841
21
-66.993038999999996
0
LINE
8
BLACK
6
CONTINUOUS
10
166.9495289999999841
20
-66.993038999999996
11
166.9646829999999795
21
-66.9806030000000021
0
LINE
8
BLACK
6
CONTINUOUS
10
166.9646829999999795
20
-66.9806030000000021
11
167.0007310000000018
21
-66.9656710000000004
0
LINE
8
BLACK
6
CONTINUOUS
10
167.0007310000000018
20
-66.9656710000000004
11
167.0202400000000011
21
-66.9637499999999903
0
LINE
8
BLACK
6
CONTINUOUS
10
167.0202400000000011
20
-66.9637499999999903
11
169.3062400000000025
21
-66.9637499999999903
0
LINE
8
BLACK
6
CONTINUOUS
10
169.3062400000000025
20
-66.9637499999999903
11
169.3257490000000018
21
-66.9656710000000004
0
LINE
8
BLACK
6
CONTINUOUS
10
173.4009749999999883
20
-87.4451289999999943
11
173.4581879999999785
21
-87.6337329999999923
0
LINE
8
BLACK
6
CONTINUOUS
10
173.4581879999999785
20
-87.6337329999999923
11
173.551085999999998
21
-87.8075319999999948
0
LINE
8
BLACK
6
CONTINUOUS
10
173.551085999999998
20
-87.8075319999999948
11
173.5510899999999879
21
-87.8075389999999913
0
LINE
8
BLACK
6
CONTINUOUS
10
173.5510899999999879
20
-87.8075389999999913
11
173.6761159999999791
21
-87.9598829999999907
0
LINE
8
BLACK
6
CONTINUOUS
10
173.6761159999999791
20
-87.9598829999999907
11
173.8284599999999784
21
-88.0849089999999961
0
LINE
8
BLACK
6
CONTINUOUS
10
173.8284599999999784
20
-88.0849089999999961
11
173.8284669999999892
21
-88.0849130000000002
0
LINE
8
BLACK
6
CONTINUOUS
10
173.8284669999999892
20
-88.0849130000000002
11
174.0022659999999917
21
-88.1778109999999913
0
LINE
8
BLACK
6
CONTINUOUS
10
174.0022659999999917
20
-88.1778109999999913
11
174.0022689999999841
21
-88.1778109999999913
0
LINE
8
BLACK
6
CONTINUOUS
10
174.0022689999999841
20
-88.1778109999999913
11
174.0022730000000024
21
-88.1778139999999979
0
LINE
8
BLACK
6
CONTINUOUS
10
174.0022730000000024
20
-88.1778139999999979
11
174.1908679999999947
21
-88.2350239999999957
0
LINE
8
BLACK
6
CONTINUOUS
10
174.1908679999999947
20
-88.2350239999999957
11
174.3870000000000005
21
-88.2543409999999966
0
LINE
8
BLACK
6
CONTINUOUS
10
174.3870000000000005
20
-88.2543409999999966
11
174.5831320000000062
21
-88.2350239999999957
0
LINE
8
BLACK
6
CONTINUOUS
10
174.5831320000000062
20
-88.2350239999999957
11
174.7717269999999985
21
-88.1778139999999979
0
LINE
8
BLACK
6
CONTINUOUS
10
174.7717269999999985
20
-88.1778139999999979
11
174.9455379999999991
21
-88.0849099999999936
0
LINE
8
BLACK
6
CONTINUOUS
10
174.9455379999999991
20
-88.0849099999999936
11
175.0978829999999959
21
-87.9598829999999907
0
LINE
8
BLACK
6
CONTINUOUS
10
175.0978829999999959
20
-87.9598829999999907
11
175.2229099999999846
21
-87.8075379999999939
0
LINE
8
BLACK
6
CONTINUOUS
10
175.2229099999999846
20
-87.8075379999999939
11
175.3158139999999889
21
-87.6337269999999933
0
LINE
8
BLACK
6
CONTINUOUS
10
175.3158139999999889
20
-87.6337269999999933
11
175.3730239999999867
21
-87.445132000000001
0
LINE
8
BLACK
6
CONTINUOUS
10
175.3730239999999867
20
-87.445132000000001
11
175.3923409999999876
21
-87.2489999999999952
0
LINE
8
BLACK
6
CONTINUOUS
10
175.3923409999999876
20
-87.2489999999999952
11
175.3730239999999867
21
-87.0528679999999895
0
LINE
8
BLACK
6
CONTINUOUS
10
175.3730239999999867
20
-87.0528679999999895
11
175.3158139999999889
21
-86.8642729999999972
0
LINE
8
BLACK
6
CONTINUOUS
10
175.3158139999999889
20
-86.8642729999999972
11
175.314676999999989
21
-86.8621459999999956
0
LINE
8
BLACK
6
CONTINUOUS
10
175.314676999999989
20
-86.8621459999999956
11
175.3144179999999892
21
-86.8609039999999908
0
LINE
8
BLACK
6
CONTINUOUS
10
175.3144179999999892
20
-86.8609039999999908
11
175.3134829999999909
21
-86.8586449999999957
0
LINE
8
BLACK
6
CONTINUOUS
10
175.3134829999999909
20
-86.8586449999999957
11
175.3139109999999903
21
-86.8584669999999903
0
LINE
8
BLACK
6
CONTINUOUS
10
175.3139109999999903
20
-86.8584669999999903
11
175.3004349999999931
21
-86.7937459999999987
0
LINE
8
BLACK
6
CONTINUOUS
10
175.3004349999999931
20
-86.7937459999999987
11
175.3247709999999984
21
-86.7293789999999944
0
LINE
8
BLACK
6
CONTINUOUS
10
175.3247709999999984
20
-86.7293789999999944
11
175.3307959999999923
21
-86.7213309999999922
0
LINE
8
BLACK
6
CONTINUOUS
10
175.3307959999999923
20
-86.7213309999999922
11
175.3810909999999978
21
-86.5864830000000012
0
LINE
8
BLACK
6
CONTINUOUS
10
175.3810909999999978
20
-86.5864830000000012
11
175.3874999999999886
21
-86.5268729999999948
0
LINE
8
BLACK
6
CONTINUOUS
10
175.3874999999999886
20
-86.5268729999999948
11
175.3874989999999912
21
-85.4311280000000011
0
LINE
8
BLACK
6
CONTINUOUS
10
175.3874989999999912
20
-85.4311280000000011
11
175.3810909999999978
21
-85.3715169999999972
0
LINE
8
BLACK
6
CONTINUOUS
10
175.3810909999999978
20
-85.3715169999999972
11
175.3307959999999923
21
-85.236668999999992
0
LINE
8
BLACK
6
CONTINUOUS
10
175.3307959999999923
20
-85.236668999999992
11
175.3307949999999948
21
-85.2366679999999945
0
LINE
8
BLACK
6
CONTINUOUS
10
175.3307949999999948
20
-85.2366679999999945
11
175.3307929999999999
21
-85.2366639999999904
0
LINE
8
BLACK
6
CONTINUOUS
10
175.3307929999999999
20
-85.2366639999999904
11
175.244546999999983
21
-85.1214549999999974
0
LINE
8
BLACK
6
CONTINUOUS
10
175.244546999999983
20
-85.1214549999999974
11
175.2445439999999905
21
-85.1214519999999908
0
LINE
8
BLACK
6
CONTINUOUS
10
175.2445439999999905
20
-85.1214519999999908
11
175.1293349999999975
21
-85.0352060000000023
0
LINE
8
BLACK
6
CONTINUOUS
10
175.1293349999999975
20
-85.0352060000000023
11
175.1293279999999868
21
-85.0352019999999982
0
LINE
8
BLACK
6
CONTINUOUS
10
175.1293279999999868
20
-85.0352019999999982
11
174.994482000000005
21
-84.9849079999999901
0
LINE
8
BLACK
6
CONTINUOUS
10
174.994482000000005
20
-84.9849079999999901
11
174.9944830000000024
21
-84.9849079999999901
0
LINE
8
BLACK
6
CONTINUOUS
10
174.9944830000000024
20
-84.9849079999999901
11
174.934882999999985
21
-84.9785009999999943
0
LINE
8
BLACK
6
CONTINUOUS
10
174.934882999999985
20
-84.9785009999999943
11
174.9348809999999901
21
-84.9784999999999968
0
LINE
8
BLACK
6
CONTINUOUS
10
174.9348809999999901
20
-84.9784999999999968
11
174.9348729999999819
21
-84.9784999999999968
0
LINE
8
BLACK
6
CONTINUOUS
10
174.9348729999999819
20
-84.9784999999999968
11
174.9348640000000046
21
-84.9784999999999968
0
LINE
8
BLACK
6
CONTINUOUS
10
174.9348640000000046
20
-84.9784999999999968
11
173.8391289999999856
21
-84.9784999999999968
0
LINE
8
BLACK
6
CONTINUOUS
10
173.8391289999999856
20
-84.9784999999999968
11
173.8391230000000007
21
-84.9785009999999943
0
LINE
8
BLACK
6
CONTINUOUS
10
173.8391230000000007
20
-84.9785009999999943
11
173.779516000000001
21
-84.9849079999999901
0
LINE
8
BLACK
6
CONTINUOUS
10
173.779516000000001
20
-84.9849079999999901
11
173.6446709999999882
21
-85.0352019999999982
0
LINE
8
BLACK
6
CONTINUOUS
10
173.6446709999999882
20
-85.0352019999999982
11
173.6446640000000059
21
-85.0352060000000023
0
LINE
8
BLACK
6
CONTINUOUS
10
173.6446640000000059
20
-85.0352060000000023
11
173.5294549999999845
21
-85.1214519999999908
0
LINE
8
BLACK
6
CONTINUOUS
10
173.5294549999999845
20
-85.1214519999999908
11
173.529451999999992
21
-85.1214549999999974
0
LINE
8
BLACK
6
CONTINUOUS
10
173.529451999999992
20
-85.1214549999999974
11
173.4432060000000035
21
-85.2366639999999904
0
LINE
8
BLACK
6
CONTINUOUS
10
173.4432060000000035
20
-85.2366639999999904
11
173.4432019999999852
21
-85.2366710000000012
0
LINE
8
BLACK
6
CONTINUOUS
10
173.4432019999999852
20
-85.2366710000000012
11
173.3929080000000056
21
-85.3715169999999972
0
LINE
8
BLACK
6
CONTINUOUS
10
173.3929080000000056
20
-85.3715169999999972
11
173.3865009999999813
21
-85.4311160000000029
0
LINE
8
BLACK
6
CONTINUOUS
10
173.3865009999999813
20
-85.4311160000000029
11
173.3865009999999813
21
-85.4311229999999995
0
LINE
8
BLACK
6
CONTINUOUS
10
173.3865009999999813
20
-85.4311229999999995
11
173.3864999999999839
21
-85.4311349999999976
0
LINE
8
BLACK
6
CONTINUOUS
10
173.3864999999999839
20
-85.4311349999999976
11
173.3864999999999839
21
-86.5268700000000024
0
LINE
8
BLACK
6
CONTINUOUS
10
173.3864999999999839
20
-86.5268700000000024
11
173.3865009999999813
21
-86.5268760000000015
0
LINE
8
BLACK
6
CONTINUOUS
10
173.3865009999999813
20
-86.5268760000000015
11
173.3929080000000056
21
-86.5864830000000012
0
LINE
8
BLACK
6
CONTINUOUS
10
173.3929080000000056
20
-86.5864830000000012
11
173.4432019999999852
21
-86.7213279999999997
0
LINE
8
BLACK
6
CONTINUOUS
10
173.4432019999999852
20
-86.7213279999999997
11
173.4432039999999802
21
-86.7213309999999922
0
LINE
8
BLACK
6
CONTINUOUS
10
173.4432039999999802
20
-86.7213309999999922
11
173.4492309999999975
21
-86.7293820000000011
0
LINE
8
BLACK
6
CONTINUOUS
10
173.4492309999999975
20
-86.7293820000000011
11
173.4736479999999972
21
-86.7948459999999926
0
LINE
8
BLACK
6
CONTINUOUS
10
173.4736479999999972
20
-86.7948459999999926
11
173.4601049999999987
21
-86.858469999999997
0
LINE
8
BLACK
6
CONTINUOUS
10
173.4601049999999987
20
-86.858469999999997
11
173.4605179999999791
21
-86.8586409999999915
0
LINE
8
BLACK
6
CONTINUOUS
10
173.4605179999999791
20
-86.8586409999999915
11
173.4595949999999789
21
-86.8608689999999939
0
LINE
8
BLACK
6
CONTINUOUS
10
173.4595949999999789
20
-86.8608689999999939
11
173.459323999999981
21
-86.862142999999989
0
LINE
8
BLACK
6
CONTINUOUS
10
173.459323999999981
20
-86.862142999999989
11
173.4581879999999785
21
-86.8642669999999981
0
LINE
8
BLACK
6
CONTINUOUS
10
173.4581879999999785
20
-86.8642669999999981
11
173.4009749999999883
21
-87.0528699999999986
0
LINE
8
BLACK
6
CONTINUOUS
10
173.4009749999999883
20
-87.0528699999999986
11
173.3816589999999849
21
-87.2489999999999952
0
LINE
8
BLACK
6
CONTINUOUS
10
173.3816589999999849
20
-87.2489999999999952
11
173.4009749999999883
21
-87.4451289999999943
0
LINE
8
BLACK
6
CONTINUOUS
10
166.7272399999999948
20
-91.4582499999999925
11
165.0272400000000061
21
-91.4582499999999925
0
LINE
8
BLACK
6
CONTINUOUS
10
165.0272400000000061
20
-91.4582499999999925
11
165.0272400000000061
21
-89.7582499999999897
0
LINE
8
BLACK
6
CONTINUOUS
10
165.0272400000000061
20
-89.7582499999999897
11
166.7272399999999948
21
-89.7582499999999897
0
LINE
8
BLACK
6
CONTINUOUS
10
166.7272399999999948
20
-89.7582499999999897
11
166.7272399999999948
21
-91.4582499999999925
0
LINE
8
BLACK
6
CONTINUOUS
10
161.0599039999999889
20
-89.7998520000000013
11
161.2222399999999993
21
-89.8721279999999894
0
LINE
8
BLACK
6
CONTINUOUS
10
161.2222399999999993
20
-89.8721279999999894
11
161.3660009999999829
21
-89.9765769999999918
0
LINE
8
BLACK
6
CONTINUOUS
10
161.3660009999999829
20
-89.9765769999999918
11
161.4849040000000002
21
-90.1086329999999975
0
LINE
8
BLACK
6
CONTINUOUS
10
161.4849040000000002
20
-90.1086329999999975
11
161.5737539999999797
21
-90.2625239999999991
0
LINE
8
BLACK
6
CONTINUOUS
10
161.5737539999999797
20
-90.2625239999999991
11
161.6286649999999838
21
-90.4315249999999935
0
LINE
8
BLACK
6
CONTINUOUS
10
161.6286649999999838
20
-90.4315249999999935
11
161.6472399999999823
21
-90.6082499999999982
0
LINE
8
BLACK
6
CONTINUOUS
10
161.6472399999999823
20
-90.6082499999999982
11
161.6286649999999838
21
-90.7849750000000029
0
LINE
8
BLACK
6
CONTINUOUS
10
161.6286649999999838
20
-90.7849750000000029
11
161.5737539999999797
21
-90.9539759999999973
0
LINE
8
BLACK
6
CONTINUOUS
10
161.5737539999999797
20
-90.9539759999999973
11
161.4849040000000002
21
-91.1078669999999988
0
LINE
8
BLACK
6
CONTINUOUS
10
161.4849040000000002
20
-91.1078669999999988
11
161.3660009999999829
21
-91.2399229999999903
0
LINE
8
BLACK
6
CONTINUOUS
10
161.3660009999999829
20
-91.2399229999999903
11
161.2222399999999993
21
-91.3443719999999928
0
LINE
8
BLACK
6
CONTINUOUS
10
161.2222399999999993
20
-91.3443719999999928
11
161.0599039999999889
21
-91.416647999999995
0
LINE
8
BLACK
6
CONTINUOUS
10
161.0599039999999889
20
-91.416647999999995
11
160.8860889999999984
21
-91.4535939999999954
0
LINE
8
BLACK
6
CONTINUOUS
10
160.8860889999999984
20
-91.4535939999999954
11
160.708391000000006
21
-91.4535939999999954
0
LINE
8
BLACK
6
CONTINUOUS
10
160.708391000000006
20
-91.4535939999999954
11
160.5345759999999871
21
-91.416647999999995
0
LINE
8
BLACK
6
CONTINUOUS
10
160.5345759999999871
20
-91.416647999999995
11
160.372240000000005
21
-91.3443719999999928
0
LINE
8
BLACK
6
CONTINUOUS
10
160.372240000000005
20
-91.3443719999999928
11
160.228478999999993
21
-91.2399229999999903
0
LINE
8
BLACK
6
CONTINUOUS
10
160.228478999999993
20
-91.2399229999999903
11
160.1095760000000041
21
-91.1078669999999988
0
LINE
8
BLACK
6
CONTINUOUS
10
160.1095760000000041
20
-91.1078669999999988
11
160.0207259999999962
21
-90.9539759999999973
0
LINE
8
BLACK
6
CONTINUOUS
10
160.0207259999999962
20
-90.9539759999999973
11
159.9658149999999921
21
-90.7849750000000029
0
LINE
8
BLACK
6
CONTINUOUS
10
159.9658149999999921
20
-90.7849750000000029
11
159.9472399999999936
21
-90.6082499999999982
0
LINE
8
BLACK
6
CONTINUOUS
10
159.9472399999999936
20
-90.6082499999999982
11
159.9658149999999921
21
-90.4315249999999935
0
LINE
8
BLACK
6
CONTINUOUS
10
159.9658149999999921
20
-90.4315249999999935
11
160.0207259999999962
21
-90.2625239999999991
0
LINE
8
BLACK
6
CONTINUOUS
10
160.0207259999999962
20
-90.2625239999999991
11
160.1095760000000041
21
-90.1086329999999975
0
LINE
8
BLACK
6
CONTINUOUS
10
160.1095760000000041
20
-90.1086329999999975
11
160.228478999999993
21
-89.9765769999999918
0
LINE
8
BLACK
6
CONTINUOUS
10
160.228478999999993
20
-89.9765769999999918
11
160.372240000000005
21
-89.8721279999999894
0
LINE
8
BLACK
6
CONTINUOUS
10
160.372240000000005
20
-89.8721279999999894
11
160.5345759999999871
21
-89.7998520000000013
0
LINE
8
BLACK
6
CONTINUOUS
10
160.5345759999999871
20
-89.7998520000000013
11
160.708391000000006
21
-89.762906000000001
0
LINE
8
BLACK
6
CONTINUOUS
10
160.708391000000006
20
-89.762906000000001
11
160.8860889999999984
21
-89.762906000000001
0
LINE
8
BLACK
6
CONTINUOUS
10
160.8860889999999984
20
-89.762906000000001
11
161.0599039999999889
21
-89.7998520000000013
0
LINE
8
BLACK
6
CONTINUOUS
10
163.5999039999999809
20
-89.7998520000000013
11
163.7622399999999914
21
-89.8721279999999894
0
LINE
8
BLACK
6
CONTINUOUS
10
163.7622399999999914
20
-89.8721279999999894
11
163.9060010000000034
21
-89.9765769999999918
0
LINE
8
BLACK
6
CONTINUOUS
10
163.9060010000000034
20
-89.9765769999999918
11
164.0249039999999923
21
-90.1086329999999975
0
LINE
8
BLACK
6
CONTINUOUS
10
164.0249039999999923
20
-90.1086329999999975
11
164.1137540000000001
21
-90.2625239999999991
0
LINE
8
BLACK
6
CONTINUOUS
10
164.1137540000000001
20
-90.2625239999999991
11
164.1686650000000043
21
-90.4315249999999935
0
LINE
8
BLACK
6
CONTINUOUS
10
164.1686650000000043
20
-90.4315249999999935
11
164.1872400000000027
21
-90.6082499999999982
0
LINE
8
BLACK
6
CONTINUOUS
10
164.1872400000000027
20
-90.6082499999999982
11
164.1686650000000043
21
-90.7849750000000029
0
LINE
8
BLACK
6
CONTINUOUS
10
164.1686650000000043
20
-90.7849750000000029
11
164.1137540000000001
21
-90.9539759999999973
0
LINE
8
BLACK
6
CONTINUOUS
10
164.1137540000000001
20
-90.9539759999999973
11
164.0249039999999923
21
-91.1078669999999988
0
LINE
8
BLACK
6
CONTINUOUS
10
164.0249039999999923
20
-91.1078669999999988
11
163.9060010000000034
21
-91.2399229999999903
0
LINE
8
BLACK
6
CONTINUOUS
10
163.9060010000000034
20
-91.2399229999999903
11
163.7622399999999914
21
-91.3443719999999928
0
LINE
8
BLACK
6
CONTINUOUS
10
163.7622399999999914
20
-91.3443719999999928
11
163.5999039999999809
21
-91.416647999999995
0
LINE
8
BLACK
6
CONTINUOUS
10
163.5999039999999809
20
-91.416647999999995
11
163.4260889999999904
21
-91.4535939999999954
0
LINE
8
BLACK
6
CONTINUOUS
10
163.4260889999999904
20
-91.4535939999999954
11
163.248390999999998
21
-91.4535939999999954
0
LINE
8
BLACK
6
CONTINUOUS
10
163.248390999999998
20
-91.4535939999999954
11
163.0745759999999791
21
-91.416647999999995
0
LINE
8
BLACK
6
CONTINUOUS
10
163.0745759999999791
20
-91.416647999999995
11
162.9122399999999971
21
-91.3443719999999928
0
LINE
8
BLACK
6
CONTINUOUS
10
162.9122399999999971
20
-91.3443719999999928
11
162.768478999999985
21
-91.2399229999999903
0
LINE
8
BLACK
6
CONTINUOUS
10
162.768478999999985
20
-91.2399229999999903
11
162.6495759999999962
21
-91.1078669999999988
0
LINE
8
BLACK
6
CONTINUOUS
10
162.6495759999999962
20
-91.1078669999999988
11
162.5607259999999883
21
-90.9539759999999973
0
LINE
8
BLACK
6
CONTINUOUS
10
162.5607259999999883
20
-90.9539759999999973
11
162.5058149999999841
21
-90.7849750000000029
0
LINE
8
BLACK
6
CONTINUOUS
10
162.5058149999999841
20
-90.7849750000000029
11
162.4872399999999857
21
-90.6082499999999982
0
LINE
8
BLACK
6
CONTINUOUS
10
162.4872399999999857
20
-90.6082499999999982
11
162.5058149999999841
21
-90.4315249999999935
0
LINE
8
BLACK
6
CONTINUOUS
10
162.5058149999999841
20
-90.4315249999999935
11
162.5607259999999883
21
-90.2625239999999991
0
LINE
8
BLACK
6
CONTINUOUS
10
162.5607259999999883
20
-90.2625239999999991
11
162.6495759999999962
21
-90.1086329999999975
0
LINE
8
BLACK
6
CONTINUOUS
10
162.6495759999999962
20
-90.1086329999999975
11
162.768478999999985
21
-89.9765769999999918
0
LINE
8
BLACK
6
CONTINUOUS
10
162.768478999999985
20
-89.9765769999999918
11
162.9122399999999971
21
-89.8721279999999894
0
LINE
8
BLACK
6
CONTINUOUS
10
162.9122399999999971
20
-89.8721279999999894
11
163.0745759999999791
21
-89.7998520000000013
0
LINE
8
BLACK
6
CONTINUOUS
10
163.0745759999999791
20
-89.7998520000000013
11
163.248390999999998
21
-89.762906000000001
0
LINE
8
BLACK
6
CONTINUOUS
10
163.248390999999998
20
-89.762906000000001
11
163.4260889999999904
21
-89.762906000000001
0
LINE
8
BLACK
6
CONTINUOUS
10
163.4260889999999904
20
-89.762906000000001
11
163.5999039999999809
21
-89.7998520000000013
0
LINE
8
BLACK
6
CONTINUOUS
10
145.7646430000000066
20
-88.3096680000000021
11
145.813305999999983
21
-88.3421839999999889
0
LINE
8
BLACK
6
CONTINUOUS
10
145.813305999999983
20
-88.3421839999999889
11
145.8458219999999983
21
-88.3908469999999937
0
LINE
8
BLACK
6
CONTINUOUS
10
145.8458219999999983
20
-88.3908469999999937
11
145.8572399999999902
21
-88.4482500000000016
0
LINE
8
BLACK
6
CONTINUOUS
10
145.8572399999999902
20
-88.4482500000000016
11
145.8572399999999902
21
-90.0982499999999931
0
LINE
8
BLACK
6
CONTINUOUS
10
145.8572399999999902
20
-90.0982499999999931
11
145.8458219999999983
21
-90.1556530000000009
0
LINE
8
BLACK
6
CONTINUOUS
10
145.8458219999999983
20
-90.1556530000000009
11
145.813305999999983
21
-90.2043159999999915
0
LINE
8
BLACK
6
CONTINUOUS
10
145.813305999999983
20
-90.2043159999999915
11
145.7646430000000066
21
-90.2368319999999926
0
LINE
8
BLACK
6
CONTINUOUS
10
145.7646430000000066
20
-90.2368319999999926
11
145.7072399999999845
21
-90.2482499999999987
0
LINE
8
BLACK
6
CONTINUOUS
10
145.7072399999999845
20
-90.2482499999999987
11
145.4072400000000016
21
-90.2482499999999987
0
LINE
8
BLACK
6
CONTINUOUS
10
145.4072400000000016
20
-90.2482499999999987
11
145.3498369999999795
21
-90.2368319999999926
0
LINE
8
BLACK
6
CONTINUOUS
10
145.3498369999999795
20
-90.2368319999999926
11
145.3011740000000032
21
-90.2043159999999915
0
LINE
8
BLACK
6
CONTINUOUS
10
145.3011740000000032
20
-90.2043159999999915
11
145.2686579999999879
21
-90.1556530000000009
0
LINE
8
BLACK
6
CONTINUOUS
10
145.2686579999999879
20
-90.1556530000000009
11
145.2572399999999959
21
-90.0982499999999931
0
LINE
8
BLACK
6
CONTINUOUS
10
145.2572399999999959
20
-90.0982499999999931
11
145.2572399999999959
21
-88.4482500000000016
0
LINE
8
BLACK
6
CONTINUOUS
10
145.2572399999999959
20
-88.4482500000000016
11
145.2686579999999879
21
-88.3908469999999937
0
LINE
8
BLACK
6
CONTINUOUS
10
145.2686579999999879
20
-88.3908469999999937
11
145.3011740000000032
21
-88.3421839999999889
0
LINE
8
BLACK
6
CONTINUOUS
10
145.3011740000000032
20
-88.3421839999999889
11
145.3498369999999795
21
-88.3096680000000021
0
LINE
8
BLACK
6
CONTINUOUS
10
145.3498369999999795
20
-88.3096680000000021
11
145.4072400000000016
21
-88.2982499999999959
0
LINE
8
BLACK
6
CONTINUOUS
10
145.4072400000000016
20
-88.2982499999999959
11
145.7072399999999845
21
-88.2982499999999959
0
LINE
8
BLACK
6
CONTINUOUS
10
145.7072399999999845
20
-88.2982499999999959
11
145.7646430000000066
21
-88.3096680000000021
0
LINE
8
BLACK
6
CONTINUOUS
10
147.0346429999999884
20
-88.3096680000000021
11
147.0833059999999932
21
-88.3421839999999889
0
LINE
8
BLACK
6
CONTINUOUS
10
147.0833059999999932
20
-88.3421839999999889
11
147.1158219999999801
21
-88.3908469999999937
0
LINE
8
BLACK
6
CONTINUOUS
10
147.1158219999999801
20
-88.3908469999999937
11
147.1272400000000005
21
-88.4482500000000016
0
LINE
8
BLACK
6
CONTINUOUS
10
147.1272400000000005
20
-88.4482500000000016
11
147.1272400000000005
21
-90.0982499999999931
0
LINE
8
BLACK
6
CONTINUOUS
10
147.1272400000000005
20
-90.0982499999999931
11
147.1158219999999801
21
-90.1556530000000009
0
LINE
8
BLACK
6
CONTINUOUS
10
147.1158219999999801
20
-90.1556530000000009
11
147.0833059999999932
21
-90.2043159999999915
0
LINE
8
BLACK
6
CONTINUOUS
10
147.0833059999999932
20
-90.2043159999999915
11
147.0346429999999884
21
-90.2368319999999926
0
LINE
8
BLACK
6
CONTINUOUS
10
147.0346429999999884
20
-90.2368319999999926
11
146.9772399999999948
21
-90.2482499999999987
0
LINE
8
BLACK
6
CONTINUOUS
10
146.9772399999999948
20
-90.2482499999999987
11
146.6772399999999834
21
-90.2482499999999987
0
LINE
8
BLACK
6
CONTINUOUS
10
146.6772399999999834
20
-90.2482499999999987
11
146.6198369999999898
21
-90.2368319999999926
0
LINE
8
BLACK
6
CONTINUOUS
10
146.6198369999999898
20
-90.2368319999999926
11
146.571173999999985
21
-90.2043159999999915
0
LINE
8
BLACK
6
CONTINUOUS
10
146.571173999999985
20
-90.2043159999999915
11
146.5386579999999981
21
-90.1556530000000009
0
LINE
8
BLACK
6
CONTINUOUS
10
146.5386579999999981
20
-90.1556530000000009
11
146.5272400000000061
21
-90.0982499999999931
0
LINE
8
BLACK
6
CONTINUOUS
10
146.5272400000000061
20
-90.0982499999999931
11
146.5272400000000061
21
-88.4482500000000016
0
LINE
8
BLACK
6
CONTINUOUS
10
146.5272400000000061
20
-88.4482500000000016
11
146.5386579999999981
21
-88.3908469999999937
0
LINE
8
BLACK
6
CONTINUOUS
10
146.5386579999999981
20
-88.3908469999999937
11
146.571173999999985
21
-88.3421839999999889
0
LINE
8
BLACK
6
CONTINUOUS
10
146.571173999999985
20
-88.3421839999999889
11
146.6198369999999898
21
-88.3096680000000021
0
LINE
8
BLACK
6
CONTINUOUS
10
146.6198369999999898
20
-88.3096680000000021
11
146.6772399999999834
21
-88.2982499999999959
0
LINE
8
BLACK
6
CONTINUOUS
10
146.6772399999999834
20
-88.2982499999999959
11
146.9772399999999948
21
-88.2982499999999959
0
LINE
8
BLACK
6
CONTINUOUS
10
146.9772399999999948
20
-88.2982499999999959
11
147.0346429999999884
21
-88.3096680000000021
0
LINE
8
BLACK
6
CONTINUOUS
10
148.3046429999999987
20
-88.3096680000000021
11
148.3533060000000035
21
-88.3421839999999889
0
LINE
8
BLACK
6
CONTINUOUS
10
148.3533060000000035
20
-88.3421839999999889
11
148.3858219999999903
21
-88.3908469999999937
0
LINE
8
BLACK
6
CONTINUOUS
10
148.3858219999999903
20
-88.3908469999999937
11
148.3972399999999823
21
-88.4482500000000016
0
LINE
8
BLACK
6
CONTINUOUS
10
148.3972399999999823
20
-88.4482500000000016
11
148.3972399999999823
21
-90.0982499999999931
0
LINE
8
BLACK
6
CONTINUOUS
10
148.3972399999999823
20
-90.0982499999999931
11
148.3858219999999903
21
-90.1556530000000009
0
LINE
8
BLACK
6
CONTINUOUS
10
148.3858219999999903
20
-90.1556530000000009
11
148.3533060000000035
21
-90.2043159999999915
0
LINE
8
BLACK
6
CONTINUOUS
10
148.3533060000000035
20
-90.2043159999999915
11
148.3046429999999987
21
-90.2368319999999926
0
LINE
8
BLACK
6
CONTINUOUS
10
148.3046429999999987
20
-90.2368319999999926
11
148.247240000000005
21
-90.2482499999999987
0
LINE
8
BLACK
6
CONTINUOUS
10
148.247240000000005
20
-90.2482499999999987
11
147.9472399999999936
21
-90.2482499999999987
0
LINE
8
BLACK
6
CONTINUOUS
10
147.9472399999999936
20
-90.2482499999999987
11
147.889837
21
-90.2368319999999926
0
LINE
8
BLACK
6
CONTINUOUS
10
147.889837
20
-90.2368319999999926
11
147.8411739999999952
21
-90.2043159999999915
0
LINE
8
BLACK
6
CONTINUOUS
10
147.8411739999999952
20
-90.2043159999999915
11
147.8086579999999799
21
-90.1556530000000009
0
LINE
8
BLACK
6
CONTINUOUS
10
147.8086579999999799
20
-90.1556530000000009
11
147.797239999999988
21
-90.0982499999999931
0
LINE
8
BLACK
6
CONTINUOUS
10
147.797239999999988
20
-90.0982499999999931
11
147.797239999999988
21
-88.4482500000000016
0
LINE
8
BLACK
6
CONTINUOUS
10
147.797239999999988
20
-88.4482500000000016
11
147.8086579999999799
21
-88.3908469999999937
0
LINE
8
BLACK
6
CONTINUOUS
10
147.8086579999999799
20
-88.3908469999999937
11
147.8411739999999952
21
-88.3421839999999889
0
LINE
8
BLACK
6
CONTINUOUS
10
147.8411739999999952
20
-88.3421839999999889
11
147.889837
21
-88.3096680000000021
0
LINE
8
BLACK
6
CONTINUOUS
10
147.889837
20
-88.3096680000000021
11
147.9472399999999936
21
-88.2982499999999959
0
LINE
8
BLACK
6
CONTINUOUS
10
147.9472399999999936
20
-88.2982499999999959
11
148.247240000000005
21
-88.2982499999999959
0
LINE
8
BLACK
6
CONTINUOUS
10
148.247240000000005
20
-88.2982499999999959
11
148.3046429999999987
21
-88.3096680000000021
0
LINE
8
BLACK
6
CONTINUOUS
10
149.4908470000000023
20
-87.4338269999999937
11
149.6023539999999912
21
-87.4906429999999915
0
LINE
8
BLACK
6
CONTINUOUS
10
149.6023539999999912
20
-87.4906429999999915
11
149.6908469999999909
21
-87.5791359999999912
0
LINE
8
BLACK
6
CONTINUOUS
10
149.6908469999999909
20
-87.5791359999999912
11
149.7476629999999886
21
-87.6906429999999943
0
LINE
8
BLACK
6
CONTINUOUS
10
149.7476629999999886
20
-87.6906429999999943
11
149.7672399999999868
21
-87.8142500000000013
0
LINE
8
BLACK
6
CONTINUOUS
10
149.7672399999999868
20
-87.8142500000000013
11
149.7476629999999886
21
-87.9378569999999939
0
LINE
8
BLACK
6
CONTINUOUS
10
149.7476629999999886
20
-87.9378569999999939
11
149.6908469999999909
21
-88.0493639999999971
0
LINE
8
BLACK
6
CONTINUOUS
10
149.6908469999999909
20
-88.0493639999999971
11
149.6023539999999912
21
-88.1378569999999968
0
LINE
8
BLACK
6
CONTINUOUS
10
149.6023539999999912
20
-88.1378569999999968
11
149.5172399999999868
21
-88.1812249999999977
0
LINE
8
BLACK
6
CONTINUOUS
10
149.5172399999999868
20
-88.1812249999999977
11
149.5172399999999868
21
-88.2982499999999959
0
LINE
8
BLACK
6
CONTINUOUS
10
149.5172399999999868
20
-88.2982499999999959
11
149.5746429999999805
21
-88.3096680000000021
0
LINE
8
BLACK
6
CONTINUOUS
10
149.5746429999999805
20
-88.3096680000000021
11
149.6233059999999853
21
-88.3421839999999889
0
LINE
8
BLACK
6
CONTINUOUS
10
149.6233059999999853
20
-88.3421839999999889
11
149.6558220000000006
21
-88.3908469999999937
0
LINE
8
BLACK
6
CONTINUOUS
10
149.6558220000000006
20
-88.3908469999999937
11
149.6672399999999925
21
-88.4482500000000016
0
LINE
8
BLACK
6
CONTINUOUS
10
149.6672399999999925
20
-88.4482500000000016
11
149.6672399999999925
21
-90.0982499999999931
0
LINE
8
BLACK
6
CONTINUOUS
10
149.6672399999999925
20
-90.0982499999999931
11
149.6558220000000006
21
-90.1556530000000009
0
LINE
8
BLACK
6
CONTINUOUS
10
149.6558220000000006
20
-90.1556530000000009
11
149.6233059999999853
21
-90.2043159999999915
0
LINE
8
BLACK
6
CONTINUOUS
10
149.6233059999999853
20
-90.2043159999999915
11
149.5746429999999805
21
-90.2368319999999926
0
LINE
8
BLACK
6
CONTINUOUS
10
149.5746429999999805
20
-90.2368319999999926
11
149.5172399999999868
21
-90.2482499999999987
0
LINE
8
BLACK
6
CONTINUOUS
10
149.5172399999999868
20
-90.2482499999999987
11
149.2172400000000039
21
-90.2482499999999987
0
LINE
8
BLACK
6
CONTINUOUS
10
149.2172400000000039
20
-90.2482499999999987
11
149.1598369999999818
21
-90.2368319999999926
0
LINE
8
BLACK
6
CONTINUOUS
10
149.1598369999999818
20
-90.2368319999999926
11
149.1111740000000054
21
-90.2043159999999915
0
LINE
8
BLACK
6
CONTINUOUS
10
149.1111740000000054
20
-90.2043159999999915
11
149.0786579999999901
21
-90.1556530000000009
0
LINE
8
BLACK
6
CONTINUOUS
10
149.0786579999999901
20
-90.1556530000000009
11
149.0672399999999982
21
-90.0982499999999931
0
LINE
8
BLACK
6
CONTINUOUS
10
149.0672399999999982
20
-90.0982499999999931
11
149.0672399999999982
21
-88.4482500000000016
0
LINE
8
BLACK
6
CONTINUOUS
10
149.0672399999999982
20
-88.4482500000000016
11
149.0786579999999901
21
-88.3908469999999937
0
LINE
8
BLACK
6
CONTINUOUS
10
149.0786579999999901
20
-88.3908469999999937
11
149.1111740000000054
21
-88.3421839999999889
0
LINE
8
BLACK
6
CONTINUOUS
10
149.1111740000000054
20
-88.3421839999999889
11
149.1598369999999818
21
-88.3096680000000021
0
LINE
8
BLACK
6
CONTINUOUS
10
149.1598369999999818
20
-88.3096680000000021
11
149.2172400000000039
21
-88.2982499999999959
0
LINE
8
BLACK
6
CONTINUOUS
10
149.2172400000000039
20
-88.2982499999999959
11
149.2172400000000039
21
-88.1812249999999977
0
LINE
8
BLACK
6
CONTINUOUS
10
149.2172400000000039
20
-88.1812249999999977
11
149.1321259999999995
21
-88.1378569999999968
0
LINE
8
BLACK
6
CONTINUOUS
10
149.1321259999999995
20
-88.1378569999999968
11
149.0436329999999998
21
-88.0493639999999971
0
LINE
8
BLACK
6
CONTINUOUS
10
149.0436329999999998
20
-88.0493639999999971
11
148.9868170000000021
21
-87.9378569999999939
0
LINE
8
BLACK
6
CONTINUOUS
10
148.9868170000000021
20
-87.9378569999999939
11
148.9672400000000039
21
-87.8142500000000013
0
LINE
8
BLACK
6
CONTINUOUS
10
148.9672400000000039
20
-87.8142500000000013
11
148.9868170000000021
21
-87.6906429999999943
0
LINE
8
BLACK
6
CONTINUOUS
10
148.9868170000000021
20
-87.6906429999999943
11
149.0436329999999998
21
-87.5791359999999912
0
LINE
8
BLACK
6
CONTINUOUS
10
149.0436329999999998
20
-87.5791359999999912
11
149.1321259999999995
21
-87.4906429999999915
0
LINE
8
BLACK
6
CONTINUOUS
10
149.1321259999999995
20
-87.4906429999999915
11
149.2436329999999884
21
-87.4338269999999937
0
LINE
8
BLACK
6
CONTINUOUS
10
149.2436329999999884
20
-87.4338269999999937
11
149.3672399999999811
21
-87.4142499999999956
0
LINE
8
BLACK
6
CONTINUOUS
10
149.3672399999999811
20
-87.4142499999999956
11
149.4908470000000023
21
-87.4338269999999937
0
LINE
8
BLACK
6
CONTINUOUS
10
150.8446429999999907
20
-88.3096680000000021
11
150.8933059999999955
21
-88.3421839999999889
0
LINE
8
BLACK
6
CONTINUOUS
10
150.8933059999999955
20
-88.3421839999999889
11
150.9258219999999824
21
-88.3908469999999937
0
LINE
8
BLACK
6
CONTINUOUS
10
150.9258219999999824
20
-88.3908469999999937
11
150.9372400000000027
21
-88.4482500000000016
0
LINE
8
BLACK
6
CONTINUOUS
10
150.9372400000000027
20
-88.4482500000000016
11
150.9372400000000027
21
-90.0982499999999931
0
LINE
8
BLACK
6
CONTINUOUS
10
150.9372400000000027
20
-90.0982499999999931
11
150.9258219999999824
21
-90.1556530000000009
0
LINE
8
BLACK
6
CONTINUOUS
10
150.9258219999999824
20
-90.1556530000000009
11
150.8933059999999955
21
-90.2043159999999915
0
LINE
8
BLACK
6
CONTINUOUS
10
150.8933059999999955
20
-90.2043159999999915
11
150.8446429999999907
21
-90.2368319999999926
0
LINE
8
BLACK
6
CONTINUOUS
10
150.8446429999999907
20
-90.2368319999999926
11
150.7872399999999971
21
-90.2482499999999987
0
LINE
8
BLACK
6
CONTINUOUS
10
150.7872399999999971
20
-90.2482499999999987
11
150.4872399999999857
21
-90.2482499999999987
0
LINE
8
BLACK
6
CONTINUOUS
10
150.4872399999999857
20
-90.2482499999999987
11
150.429836999999992
21
-90.2368319999999926
0
LINE
8
BLACK
6
CONTINUOUS
10
150.429836999999992
20
-90.2368319999999926
11
150.3811739999999872
21
-90.2043159999999915
0
LINE
8
BLACK
6
CONTINUOUS
10
150.3811739999999872
20
-90.2043159999999915
11
150.3486580000000004
21
-90.1556530000000009
0
LINE
8
BLACK
6
CONTINUOUS
10
150.3486580000000004
20
-90.1556530000000009
11
150.33723999999998
21
-90.0982499999999931
0
LINE
8
BLACK
6
CONTINUOUS
10
150.33723999999998
20
-90.0982499999999931
11
150.33723999999998
21
-88.4482500000000016
0
LINE
8
BLACK
6
CONTINUOUS
10
150.33723999999998
20
-88.4482500000000016
11
150.3486580000000004
21
-88.3908469999999937
0
LINE
8
BLACK
6
CONTINUOUS
10
150.3486580000000004
20
-88.3908469999999937
11
150.3811739999999872
21
-88.3421839999999889
0
LINE
8
BLACK
6
CONTINUOUS
10
150.3811739999999872
20
-88.3421839999999889
11
150.429836999999992
21
-88.3096680000000021
0
LINE
8
BLACK
6
CONTINUOUS
10
150.429836999999992
20
-88.3096680000000021
11
150.4872399999999857
21
-88.2982499999999959
0
LINE
8
BLACK
6
CONTINUOUS
10
150.4872399999999857
20
-88.2982499999999959
11
150.7872399999999971
21
-88.2982499999999959
0
LINE
8
BLACK
6
CONTINUOUS
10
150.7872399999999971
20
-88.2982499999999959
11
150.8446429999999907
21
-88.3096680000000021
0
LINE
8
BLACK
6
CONTINUOUS
10
152.1146430000000009
20
-88.3096680000000021
11
152.1633060000000057
21
-88.3421839999999889
0
LINE
8
BLACK
6
CONTINUOUS
10
152.1633060000000057
20
-88.3421839999999889
11
152.1958219999999926
21
-88.3908469999999937
0
LINE
8
BLACK
6
CONTINUOUS
10
152.1958219999999926
20
-88.3908469999999937
11
152.2072399999999845
21
-88.4482500000000016
0
LINE
8
BLACK
6
CONTINUOUS
10
152.2072399999999845
20
-88.4482500000000016
11
152.2072399999999845
21
-90.0982499999999931
0
LINE
8
BLACK
6
CONTINUOUS
10
152.2072399999999845
20
-90.0982499999999931
11
152.1958219999999926
21
-90.1556530000000009
0
LINE
8
BLACK
6
CONTINUOUS
10
152.1958219999999926
20
-90.1556530000000009
11
152.1633060000000057
21
-90.2043159999999915
0
LINE
8
BLACK
6
CONTINUOUS
10
152.1633060000000057
20
-90.2043159999999915
11
152.1146430000000009
21
-90.2368319999999926
0
LINE
8
BLACK
6
CONTINUOUS
10
152.1146430000000009
20
-90.2368319999999926
11
152.0572400000000073
21
-90.2482499999999987
0
LINE
8
BLACK
6
CONTINUOUS
10
152.0572400000000073
20
-90.2482499999999987
11
151.7572399999999959
21
-90.2482499999999987
0
LINE
8
BLACK
6
CONTINUOUS
10
151.7572399999999959
20
-90.2482499999999987
11
151.6998370000000023
21
-90.2368319999999926
0
LINE
8
BLACK
6
CONTINUOUS
10
151.6998370000000023
20
-90.2368319999999926
11
151.6511739999999975
21
-90.2043159999999915
0
LINE
8
BLACK
6
CONTINUOUS
10
151.6511739999999975
20
-90.2043159999999915
11
151.6186579999999822
21
-90.1556530000000009
0
LINE
8
BLACK
6
CONTINUOUS
10
151.6186579999999822
20
-90.1556530000000009
11
151.6072399999999902
21
-90.0982499999999931
0
LINE
8
BLACK
6
CONTINUOUS
10
151.6072399999999902
20
-90.0982499999999931
11
151.6072399999999902
21
-88.4482500000000016
0
LINE
8
BLACK
6
CONTINUOUS
10
151.6072399999999902
20
-88.4482500000000016
11
151.6186579999999822
21
-88.3908469999999937
0
LINE
8
BLACK
6
CONTINUOUS
10
151.6186579999999822
20
-88.3908469999999937
11
151.6511739999999975
21
-88.3421839999999889
0
LINE
8
BLACK
6
CONTINUOUS
10
151.6511739999999975
20
-88.3421839999999889
11
151.6998370000000023
21
-88.3096680000000021
0
LINE
8
BLACK
6
CONTINUOUS
10
151.6998370000000023
20
-88.3096680000000021
11
151.7572399999999959
21
-88.2982499999999959
0
LINE
8
BLACK
6
CONTINUOUS
10
151.7572399999999959
20
-88.2982499999999959
11
152.0572400000000073
21
-88.2982499999999959
0
LINE
8
BLACK
6
CONTINUOUS
10
152.0572400000000073
20
-88.2982499999999959
11
152.1146430000000009
21
-88.3096680000000021
0
LINE
8
BLACK
6
CONTINUOUS
10
153.3846429999999827
20
-88.3096680000000021
11
153.4333059999999875
21
-88.3421839999999889
0
LINE
8
BLACK
6
CONTINUOUS
10
153.4333059999999875
20
-88.3421839999999889
11
153.4658220000000028
21
-88.3908469999999937
0
LINE
8
BLACK
6
CONTINUOUS
10
153.4658220000000028
20
-88.3908469999999937
11
153.4772399999999948
21
-88.4482500000000016
0
LINE
8
BLACK
6
CONTINUOUS
10
153.4772399999999948
20
-88.4482500000000016
11
153.4772399999999948
21
-90.0982499999999931
0
LINE
8
BLACK
6
CONTINUOUS
10
153.4772399999999948
20
-90.0982499999999931
11
153.4658220000000028
21
-90.1556530000000009
0
LINE
8
BLACK
6
CONTINUOUS
10
153.4658220000000028
20
-90.1556530000000009
11
153.4333059999999875
21
-90.2043159999999915
0
LINE
8
BLACK
6
CONTINUOUS
10
153.4333059999999875
20
-90.2043159999999915
11
153.3846429999999827
21
-90.2368319999999926
0
LINE
8
BLACK
6
CONTINUOUS
10
153.3846429999999827
20
-90.2368319999999926
11
153.3272399999999891
21
-90.2482499999999987
0
LINE
8
BLACK
6
CONTINUOUS
10
153.3272399999999891
20
-90.2482499999999987
11
153.0272400000000061
21
-90.2482499999999987
0
LINE
8
BLACK
6
CONTINUOUS
10
153.0272400000000061
20
-90.2482499999999987
11
152.9698369999999841
21
-90.2368319999999926
0
LINE
8
BLACK
6
CONTINUOUS
10
152.9698369999999841
20
-90.2368319999999926
11
152.9211739999999793
21
-90.2043159999999915
0
LINE
8
BLACK
6
CONTINUOUS
10
152.9211739999999793
20
-90.2043159999999915
11
152.8886579999999924
21
-90.1556530000000009
0
LINE
8
BLACK
6
CONTINUOUS
10
152.8886579999999924
20
-90.1556530000000009
11
152.8772400000000005
21
-90.0982499999999931
0
LINE
8
BLACK
6
CONTINUOUS
10
152.8772400000000005
20
-90.0982499999999931
11
152.8772400000000005
21
-88.4482500000000016
0
LINE
8
BLACK
6
CONTINUOUS
10
152.8772400000000005
20
-88.4482500000000016
11
152.8886579999999924
21
-88.3908469999999937
0
LINE
8
BLACK
6
CONTINUOUS
10
152.8886579999999924
20
-88.3908469999999937
11
152.9211739999999793
21
-88.3421839999999889
0
LINE
8
BLACK
6
CONTINUOUS
10
152.9211739999999793
20
-88.3421839999999889
11
152.9698369999999841
21
-88.3096680000000021
0
LINE
8
BLACK
6
CONTINUOUS
10
152.9698369999999841
20
-88.3096680000000021
11
153.0272400000000061
21
-88.2982499999999959
0
LINE
8
BLACK
6
CONTINUOUS
10
153.0272400000000061
20
-88.2982499999999959
11
153.3272399999999891
21
-88.2982499999999959
0
LINE
8
BLACK
6
CONTINUOUS
10
153.3272399999999891
20
-88.2982499999999959
11
153.3846429999999827
21
-88.3096680000000021
0
LINE
8
BLACK
6
CONTINUOUS
10
148.4256269999999915
20
-79.8283289999999965
11
148.5026780000000031
21
-79.8798120000000011
0
LINE
8
BLACK
6
CONTINUOUS
10
148.5026780000000031
20
-79.8798120000000011
11
148.5541609999999935
21
-79.9568629999999985
0
LINE
8
BLACK
6
CONTINUOUS
10
148.5541609999999935
20
-79.9568629999999985
11
148.5722399999999936
21
-80.0477499999999935
0
LINE
8
BLACK
6
CONTINUOUS
10
148.5722399999999936
20
-80.0477499999999935
11
148.5722399999999936
21
-80.147750000000002
0
LINE
8
BLACK
6
CONTINUOUS
10
148.5722399999999936
20
-80.147750000000002
11
150.1622399999999971
21
-80.147750000000002
0
LINE
8
BLACK
6
CONTINUOUS
10
150.1622399999999971
20
-80.147750000000002
11
150.1622399999999971
21
-80.0477499999999935
0
LINE
8
BLACK
6
CONTINUOUS
10
150.1622399999999971
20
-80.0477499999999935
11
150.1803189999999972
21
-79.9568629999999985
0
LINE
8
BLACK
6
CONTINUOUS
10
150.1803189999999972
20
-79.9568629999999985
11
150.2318019999999876
21
-79.8798120000000011
0
LINE
8
BLACK
6
CONTINUOUS
10
150.2318019999999876
20
-79.8798120000000011
11
150.3088529999999992
21
-79.8283289999999965
0
LINE
8
BLACK
6
CONTINUOUS
10
150.3088529999999992
20
-79.8283289999999965
11
150.39973999999998
21
-79.8102499999999964
0
LINE
8
BLACK
6
CONTINUOUS
10
150.39973999999998
20
-79.8102499999999964
11
150.8747400000000027
21
-79.8102499999999964
0
LINE
8
BLACK
6
CONTINUOUS
10
150.8747400000000027
20
-79.8102499999999964
11
150.9656269999999836
21
-79.8283289999999965
0
LINE
8
BLACK
6
CONTINUOUS
10
150.9656269999999836
20
-79.8283289999999965
11
151.0426779999999951
21
-79.8798120000000011
0
LINE
8
BLACK
6
CONTINUOUS
10
151.0426779999999951
20
-79.8798120000000011
11
151.0941609999999855
21
-79.9568629999999985
0
LINE
8
BLACK
6
CONTINUOUS
10
151.0941609999999855
20
-79.9568629999999985
11
151.1122399999999857
21
-80.0477499999999935
0
LINE
8
BLACK
6
CONTINUOUS
10
151.1122399999999857
20
-80.0477499999999935
11
151.1122399999999857
21
-80.5477499999999935
0
LINE
8
BLACK
6
CONTINUOUS
10
151.1122399999999857
20
-80.5477499999999935
11
151.0941609999999855
21
-80.6386370000000028
0
LINE
8
BLACK
6
CONTINUOUS
10
151.0941609999999855
20
-80.6386370000000028
11
151.0426779999999951
21
-80.7156880000000001
0
LINE
8
BLACK
6
CONTINUOUS
10
151.0426779999999951
20
-80.7156880000000001
11
150.9656269999999836
21
-80.7671709999999905
0
LINE
8
BLACK
6
CONTINUOUS
10
150.9656269999999836
20
-80.7671709999999905
11
150.8747400000000027
21
-80.7852499999999907
0
LINE
8
BLACK
6
CONTINUOUS
10
150.8747400000000027
20
-80.7852499999999907
11
150.39973999999998
21
-80.7852499999999907
0
LINE
8
BLACK
6
CONTINUOUS
10
150.39973999999998
20
-80.7852499999999907
11
150.3681540000000041
21
-80.7789669999999944
0
LINE
8
BLACK
6
CONTINUOUS
10
150.3681540000000041
20
-80.7789669999999944
11
149.5172399999999868
21
-81.6298819999999949
0
LINE
8
BLACK
6
CONTINUOUS
10
149.5172399999999868
20
-81.6298819999999949
11
149.5172399999999868
21
-83.3482499999999931
0
LINE
8
BLACK
6
CONTINUOUS
10
149.5172399999999868
20
-83.3482499999999931
11
149.5746429999999805
21
-83.3596679999999992
0
LINE
8
BLACK
6
CONTINUOUS
10
149.5746429999999805
20
-83.3596679999999992
11
149.6233059999999853
21
-83.3921840000000003
0
LINE
8
BLACK
6
CONTINUOUS
10
149.6233059999999853
20
-83.3921840000000003
11
149.6558220000000006
21
-83.4408469999999909
0
LINE
8
BLACK
6
CONTINUOUS
10
149.6558220000000006
20
-83.4408469999999909
11
149.6672399999999925
21
-83.4982499999999987
0
LINE
8
BLACK
6
CONTINUOUS
10
149.6672399999999925
20
-83.4982499999999987
11
149.6672399999999925
21
-85.1482499999999902
0
LINE
8
BLACK
6
CONTINUOUS
10
149.6672399999999925
20
-85.1482499999999902
11
149.6558220000000006
21
-85.2056529999999981
0
LINE
8
BLACK
6
CONTINUOUS
10
149.6558220000000006
20
-85.2056529999999981
11
149.6233059999999853
21
-85.2543160000000029
0
LINE
8
BLACK
6
CONTINUOUS
10
149.6233059999999853
20
-85.2543160000000029
11
149.5746429999999805
21
-85.2868319999999898
0
LINE
8
BLACK
6
CONTINUOUS
10
149.5746429999999805
20
-85.2868319999999898
11
149.5172399999999868
21
-85.2982499999999959
0
LINE
8
BLACK
6
CONTINUOUS
10
149.5172399999999868
20
-85.2982499999999959
11
149.5172399999999868
21
-85.4152739999999966
0
LINE
8
BLACK
6
CONTINUOUS
10
149.5172399999999868
20
-85.4152739999999966
11
149.6023539999999912
21
-85.458642999999995
0
LINE
8
BLACK
6
CONTINUOUS
10
149.6023539999999912
20
-85.458642999999995
11
149.6908469999999909
21
-85.5471359999999947
0
LINE
8
BLACK
6
CONTINUOUS
10
149.6908469999999909
20
-85.5471359999999947
11
149.7476629999999886
21
-85.6586429999999979
0
LINE
8
BLACK
6
CONTINUOUS
10
149.7476629999999886
20
-85.6586429999999979
11
149.7672399999999868
21
-85.7822499999999906
0
LINE
8
BLACK
6
CONTINUOUS
10
149.7672399999999868
20
-85.7822499999999906
11
149.7476629999999886
21
-85.9058569999999975
0
LINE
8
BLACK
6
CONTINUOUS
10
149.7476629999999886
20
-85.9058569999999975
11
149.6908469999999909
21
-86.0173640000000006
0
LINE
8
BLACK
6
CONTINUOUS
10
149.6908469999999909
20
-86.0173640000000006
11
149.6023539999999912
21
-86.1058570000000003
0
LINE
8
BLACK
6
CONTINUOUS
10
149.6023539999999912
20
-86.1058570000000003
11
149.4908470000000023
21
-86.1626729999999981
0
LINE
8
BLACK
6
CONTINUOUS
10
149.4908470000000023
20
-86.1626729999999981
11
149.3672399999999811
21
-86.1822499999999962
0
LINE
8
BLACK
6
CONTINUOUS
10
149.3672399999999811
20
-86.1822499999999962
11
149.2436329999999884
21
-86.1626729999999981
0
LINE
8
BLACK
6
CONTINUOUS
10
149.2436329999999884
20
-86.1626729999999981
11
149.1321259999999995
21
-86.1058570000000003
0
LINE
8
BLACK
6
CONTINUOUS
10
149.1321259999999995
20
-86.1058570000000003
11
149.0436329999999998
21
-86.0173640000000006
0
LINE
8
BLACK
6
CONTINUOUS
10
149.0436329999999998
20
-86.0173640000000006
11
148.9868170000000021
21
-85.9058569999999975
0
LINE
8
BLACK
6
CONTINUOUS
10
148.9868170000000021
20
-85.9058569999999975
11
148.9672400000000039
21
-85.7822499999999906
0
LINE
8
BLACK
6
CONTINUOUS
10
148.9672400000000039
20
-85.7822499999999906
11
148.9868170000000021
21
-85.6586429999999979
0
LINE
8
BLACK
6
CONTINUOUS
10
148.9868170000000021
20
-85.6586429999999979
11
149.0436329999999998
21
-85.5471359999999947
0
LINE
8
BLACK
6
CONTINUOUS
10
149.0436329999999998
20
-85.5471359999999947
11
149.1321259999999995
21
-85.458642999999995
0
LINE
8
BLACK
6
CONTINUOUS
10
149.1321259999999995
20
-85.458642999999995
11
149.2172400000000039
21
-85.4152739999999966
0
LINE
8
BLACK
6
CONTINUOUS
10
149.2172400000000039
20
-85.4152739999999966
11
149.2172400000000039
21
-85.2982499999999959
0
LINE
8
BLACK
6
CONTINUOUS
10
149.2172400000000039
20
-85.2982499999999959
11
149.1598369999999818
21
-85.2868319999999898
0
LINE
8
BLACK
6
CONTINUOUS
10
149.1598369999999818
20
-85.2868319999999898
11
149.1111740000000054
21
-85.2543160000000029
0
LINE
8
BLACK
6
CONTINUOUS
10
149.1111740000000054
20
-85.2543160000000029
11
149.0786579999999901
21
-85.2056529999999981
0
LINE
8
BLACK
6
CONTINUOUS
10
149.0786579999999901
20
-85.2056529999999981
11
149.0672399999999982
21
-85.1482499999999902
0
LINE
8
BLACK
6
CONTINUOUS
10
149.0672399999999982
20
-85.1482499999999902
11
149.0672399999999982
21
-83.4982499999999987
0
LINE
8
BLACK
6
CONTINUOUS
10
149.0672399999999982
20
-83.4982499999999987
11
149.0786579999999901
21
-83.4408469999999909
0
LINE
8
BLACK
6
CONTINUOUS
10
149.0786579999999901
20
-83.4408469999999909
11
149.1111740000000054
21
-83.3921840000000003
0
LINE
8
BLACK
6
CONTINUOUS
10
149.1111740000000054
20
-83.3921840000000003
11
149.1598369999999818
21
-83.3596679999999992
0
LINE
8
BLACK
6
CONTINUOUS
10
149.1598369999999818
20
-83.3596679999999992
11
149.2172400000000039
21
-83.3482499999999931
0
LINE
8
BLACK
6
CONTINUOUS
10
149.2172400000000039
20
-83.3482499999999931
11
149.2172400000000039
21
-81.5677499999999895
0
LINE
8
BLACK
6
CONTINUOUS
10
149.2172400000000039
20
-81.5677499999999895
11
149.2201220000000035
21
-81.5384859999999918
0
LINE
8
BLACK
6
CONTINUOUS
10
149.2201220000000035
20
-81.5384859999999918
11
149.229849999999999
21
-81.5150000000000006
0
LINE
8
BLACK
6
CONTINUOUS
10
149.229849999999999
20
-81.5150000000000006
11
149.2425189999999873
21
-81.4844149999999985
0
LINE
8
BLACK
6
CONTINUOUS
10
149.2425189999999873
20
-81.4844149999999985
11
149.2611739999999827
21
-81.4616839999999911
0
LINE
8
BLACK
6
CONTINUOUS
10
149.2611739999999827
20
-81.4616839999999911
11
150.1643739999999809
21
-80.5584829999999954
0
LINE
8
BLACK
6
CONTINUOUS
10
150.1643739999999809
20
-80.5584829999999954
11
150.1622399999999971
21
-80.5477499999999935
0
LINE
8
BLACK
6
CONTINUOUS
10
150.1622399999999971
20
-80.5477499999999935
11
150.1622399999999971
21
-80.4477499999999992
0
LINE
8
BLACK
6
CONTINUOUS
10
150.1622399999999971
20
-80.4477499999999992
11
148.5722399999999936
21
-80.4477499999999992
0
LINE
8
BLACK
6
CONTINUOUS
10
148.5722399999999936
20
-80.4477499999999992
11
148.5722399999999936
21
-80.5477499999999935
0
LINE
8
BLACK
6
CONTINUOUS
10
148.5722399999999936
20
-80.5477499999999935
11
148.5541609999999935
21
-80.6386370000000028
0
LINE
8
BLACK
6
CONTINUOUS
10
148.5541609999999935
20
-80.6386370000000028
11
148.5026780000000031
21
-80.7156880000000001
0
LINE
8
BLACK
6
CONTINUOUS
10
148.5026780000000031
20
-80.7156880000000001
11
148.4256269999999915
21
-80.7671709999999905
0
LINE
8
BLACK
6
CONTINUOUS
10
148.4256269999999915
20
-80.7671709999999905
11
148.3347399999999823
21
-80.7852499999999907
0
LINE
8
BLACK
6
CONTINUOUS
10
148.3347399999999823
20
-80.7852499999999907
11
147.859739999999988
21
-80.7852499999999907
0
LINE
8
BLACK
6
CONTINUOUS
10
147.859739999999988
20
-80.7852499999999907
11
147.7688530000000071
21
-80.7671709999999905
0
LINE
8
BLACK
6
CONTINUOUS
10
147.7688530000000071
20
-80.7671709999999905
11
147.6918019999999956
21
-80.7156880000000001
0
LINE
8
BLACK
6
CONTINUOUS
10
147.6918019999999956
20
-80.7156880000000001
11
147.6403190000000052
21
-80.6386370000000028
0
LINE
8
BLACK
6
CONTINUOUS
10
147.6403190000000052
20
-80.6386370000000028
11
147.622240000000005
21
-80.5477499999999935
0
LINE
8
BLACK
6
CONTINUOUS
10
147.622240000000005
20
-80.5477499999999935
11
147.622240000000005
21
-80.0477499999999935
0
LINE
8
BLACK
6
CONTINUOUS
10
147.622240000000005
20
-80.0477499999999935
11
147.6403190000000052
21
-79.9568629999999985
0
LINE
8
BLACK
6
CONTINUOUS
10
147.6403190000000052
20
-79.9568629999999985
11
147.6918019999999956
21
-79.8798120000000011
0
LINE
8
BLACK
6
CONTINUOUS
10
147.6918019999999956
20
-79.8798120000000011
11
147.7688530000000071
21
-79.8283289999999965
0
LINE
8
BLACK
6
CONTINUOUS
10
147.7688530000000071
20
-79.8283289999999965
11
147.859739999999988
21
-79.8102499999999964
0
LINE
8
BLACK
6
CONTINUOUS
10
147.859739999999988
20
-79.8102499999999964
11
148.3347399999999823
21
-79.8102499999999964
0
LINE
8
BLACK
6
CONTINUOUS
10
148.3347399999999823
20
-79.8102499999999964
11
148.4256269999999915
21
-79.8283289999999965
0
LINE
8
BLACK
6
CONTINUOUS
10
147.0346429999999884
20
-83.3596679999999992
11
147.0833059999999932
21
-83.3921840000000003
0
LINE
8
BLACK
6
CONTINUOUS
10
147.0833059999999932
20
-83.3921840000000003
11
147.1158219999999801
21
-83.4408469999999909
0
LINE
8
BLACK
6
CONTINUOUS
10
147.1158219999999801
20
-83.4408469999999909
11
147.1272400000000005
21
-83.4982499999999987
0
LINE
8
BLACK
6
CONTINUOUS
10
147.1272400000000005
20
-83.4982499999999987
11
147.1272400000000005
21
-85.1482499999999902
0
LINE
8
BLACK
6
CONTINUOUS
10
147.1272400000000005
20
-85.1482499999999902
11
147.1158219999999801
21
-85.2056529999999981
0
LINE
8
BLACK
6
CONTINUOUS
10
147.1158219999999801
20
-85.2056529999999981
11
147.0833059999999932
21
-85.2543160000000029
0
LINE
8
BLACK
6
CONTINUOUS
10
147.0833059999999932
20
-85.2543160000000029
11
147.0346429999999884
21
-85.2868319999999898
0
LINE
8
BLACK
6
CONTINUOUS
10
147.0346429999999884
20
-85.2868319999999898
11
146.9772399999999948
21
-85.2982499999999959
0
LINE
8
BLACK
6
CONTINUOUS
10
146.9772399999999948
20
-85.2982499999999959
11
146.9772399999999948
21
-85.5282499999999999
0
LINE
8
BLACK
6
CONTINUOUS
10
146.9772399999999948
20
-85.5282499999999999
11
146.9743579999999952
21
-85.5575130000000001
0
LINE
8
BLACK
6
CONTINUOUS
10
146.9743579999999952
20
-85.5575130000000001
11
146.951960999999983
21
-85.6115860000000026
0
LINE
8
BLACK
6
CONTINUOUS
10
146.951960999999983
20
-85.6115860000000026
11
146.9333059999999875
21
-85.6343159999999983
0
LINE
8
BLACK
6
CONTINUOUS
10
146.9333059999999875
20
-85.6343159999999983
11
146.6793059999999969
21
-85.8883160000000032
0
LINE
8
BLACK
6
CONTINUOUS
10
146.6793059999999969
20
-85.8883160000000032
11
146.6565750000000037
21
-85.9069709999999986
0
LINE
8
BLACK
6
CONTINUOUS
10
146.6565750000000037
20
-85.9069709999999986
11
146.6249009999999942
21
-85.9200900000000019
0
LINE
8
BLACK
6
CONTINUOUS
10
146.6249009999999942
20
-85.9200900000000019
11
146.6025039999999819
21
-85.9293679999999966
0
LINE
8
BLACK
6
CONTINUOUS
10
146.6025039999999819
20
-85.9293679999999966
11
146.5732399999999984
21
-85.9322499999999962
0
LINE
8
BLACK
6
CONTINUOUS
10
146.5732399999999984
20
-85.9322499999999962
11
144.0332400000000064
21
-85.9322499999999962
0
LINE
8
BLACK
6
CONTINUOUS
10
144.0332400000000064
20
-85.9322499999999962
11
144.0039759999999944
21
-85.9293679999999966
0
LINE
8
BLACK
6
CONTINUOUS
10
144.0039759999999944
20
-85.9293679999999966
11
143.9881389999999897
21
-85.9228069999999917
0
LINE
8
BLACK
6
CONTINUOUS
10
143.9881389999999897
20
-85.9228069999999917
11
143.9499040000000036
21
-85.9069709999999986
0
LINE
8
BLACK
6
CONTINUOUS
10
143.9499040000000036
20
-85.9069709999999986
11
143.9271739999999795
21
-85.8883160000000032
0
LINE
8
BLACK
6
CONTINUOUS
10
143.9271739999999795
20
-85.8883160000000032
11
143.6731739999999888
21
-85.6343159999999983
0
LINE
8
BLACK
6
CONTINUOUS
10
143.6731739999999888
20
-85.6343159999999983
11
143.6545189999999934
21
-85.6115849999999909
0
LINE
8
BLACK
6
CONTINUOUS
10
143.6545189999999934
20
-85.6115849999999909
11
143.6321219999999812
21
-85.5575130000000001
0
LINE
8
BLACK
6
CONTINUOUS
10
143.6321219999999812
20
-85.5575130000000001
11
143.6292399999999816
21
-85.5282499999999999
0
LINE
8
BLACK
6
CONTINUOUS
10
143.6292399999999816
20
-85.5282499999999999
11
143.6292399999999816
21
-84.64224999999999
0
LINE
8
BLACK
6
CONTINUOUS
10
143.6292399999999816
20
-84.64224999999999
11
143.5417400000000043
21
-84.64224999999999
0
LINE
8
BLACK
6
CONTINUOUS
10
143.5417400000000043
20
-84.64224999999999
11
143.4508529999999951
21
-84.6241709999999898
0
LINE
8
BLACK
6
CONTINUOUS
10
143.4508529999999951
20
-84.6241709999999898
11
143.3738019999999835
21
-84.5726879999999994
0
LINE
8
BLACK
6
CONTINUOUS
10
143.3738019999999835
20
-84.5726879999999994
11
143.3223189999999931
21
-84.4956370000000021
0
LINE
8
BLACK
6
CONTINUOUS
10
143.3223189999999931
20
-84.4956370000000021
11
143.304239999999993
21
-84.4047499999999928
0
LINE
8
BLACK
6
CONTINUOUS
10
143.304239999999993
20
-84.4047499999999928
11
143.304239999999993
21
-84.3047499999999985
0
LINE
8
BLACK
6
CONTINUOUS
10
143.304239999999993
20
-84.3047499999999985
11
142.7302399999999807
21
-84.3047499999999985
0
LINE
8
BLACK
6
CONTINUOUS
10
142.7302399999999807
20
-84.3047499999999985
11
142.7302399999999807
21
-84.4047499999999928
0
LINE
8
BLACK
6
CONTINUOUS
10
142.7302399999999807
20
-84.4047499999999928
11
142.7121609999999805
21
-84.4956370000000021
0
LINE
8
BLACK
6
CONTINUOUS
10
142.7121609999999805
20
-84.4956370000000021
11
142.6606779999999901
21
-84.5726879999999994
0
LINE
8
BLACK
6
CONTINUOUS
10
142.6606779999999901
20
-84.5726879999999994
11
142.583627000000007
21
-84.6241709999999898
0
LINE
8
BLACK
6
CONTINUOUS
10
142.583627000000007
20
-84.6241709999999898
11
142.4927399999999977
21
-84.64224999999999
0
LINE
8
BLACK
6
CONTINUOUS
10
142.4927399999999977
20
-84.64224999999999
11
142.0177400000000034
21
-84.64224999999999
0
LINE
8
BLACK
6
CONTINUOUS
10
142.0177400000000034
20
-84.64224999999999
11
141.9268529999999942
21
-84.6241709999999898
0
LINE
8
BLACK
6
CONTINUOUS
10
141.9268529999999942
20
-84.6241709999999898
11
141.8498019999999826
21
-84.5726879999999994
0
LINE
8
BLACK
6
CONTINUOUS
10
141.8498019999999826
20
-84.5726879999999994
11
141.7983189999999922
21
-84.4956370000000021
0
LINE
8
BLACK
6
CONTINUOUS
10
141.7983189999999922
20
-84.4956370000000021
11
141.7802399999999921
21
-84.4047499999999928
0
LINE
8
BLACK
6
CONTINUOUS
10
141.7802399999999921
20
-84.4047499999999928
11
141.7802399999999921
21
-83.9047499999999928
0
LINE
8
BLACK
6
CONTINUOUS
10
141.7802399999999921
20
-83.9047499999999928
11
141.7983189999999922
21
-83.8138629999999978
0
LINE
8
BLACK
6
CONTINUOUS
10
141.7983189999999922
20
-83.8138629999999978
11
141.8498019999999826
21
-83.7368120000000005
0
LINE
8
BLACK
6
CONTINUOUS
10
141.8498019999999826
20
-83.7368120000000005
11
141.9268529999999942
21
-83.6853289999999959
0
LINE
8
BLACK
6
CONTINUOUS
10
141.9268529999999942
20
-83.6853289999999959
11
142.0177400000000034
21
-83.6672499999999957
0
LINE
8
BLACK
6
CONTINUOUS
10
142.0177400000000034
20
-83.6672499999999957
11
142.4927399999999977
21
-83.6672499999999957
0
LINE
8
BLACK
6
CONTINUOUS
10
142.4927399999999977
20
-83.6672499999999957
11
142.583627000000007
21
-83.6853289999999959
0
LINE
8
BLACK
6
CONTINUOUS
10
142.583627000000007
20
-83.6853289999999959
11
142.6606779999999901
21
-83.7368120000000005
0
LINE
8
BLACK
6
CONTINUOUS
10
142.6606779999999901
20
-83.7368120000000005
11
142.7121609999999805
21
-83.8138629999999978
0
LINE
8
BLACK
6
CONTINUOUS
10
142.7121609999999805
20
-83.8138629999999978
11
142.7302399999999807
21
-83.9047499999999928
0
LINE
8
BLACK
6
CONTINUOUS
10
142.7302399999999807
20
-83.9047499999999928
11
142.7302399999999807
21
-84.0047500000000014
0
LINE
8
BLACK
6
CONTINUOUS
10
142.7302399999999807
20
-84.0047500000000014
11
143.304239999999993
21
-84.0047500000000014
0
LINE
8
BLACK
6
CONTINUOUS
10
143.304239999999993
20
-84.0047500000000014
11
143.304239999999993
21
-83.9047499999999928
0
LINE
8
BLACK
6
CONTINUOUS
10
143.304239999999993
20
-83.9047499999999928
11
143.3223189999999931
21
-83.8138629999999978
0
LINE
8
BLACK
6
CONTINUOUS
10
143.3223189999999931
20
-83.8138629999999978
11
143.3738019999999835
21
-83.7368120000000005
0
LINE
8
BLACK
6
CONTINUOUS
10
143.3738019999999835
20
-83.7368120000000005
11
143.4508529999999951
21
-83.6853289999999959
0
LINE
8
BLACK
6
CONTINUOUS
10
143.4508529999999951
20
-83.6853289999999959
11
143.5417400000000043
21
-83.6672499999999957
0
LINE
8
BLACK
6
CONTINUOUS
10
143.5417400000000043
20
-83.6672499999999957
11
144.0167399999999986
21
-83.6672499999999957
0
LINE
8
BLACK
6
CONTINUOUS
10
144.0167399999999986
20
-83.6672499999999957
11
144.1076269999999795
21
-83.6853289999999959
0
LINE
8
BLACK
6
CONTINUOUS
10
144.1076269999999795
20
-83.6853289999999959
11
144.184677999999991
21
-83.7368120000000005
0
LINE
8
BLACK
6
CONTINUOUS
10
144.184677999999991
20
-83.7368120000000005
11
144.2361609999999814
21
-83.8138629999999978
0
LINE
8
BLACK
6
CONTINUOUS
10
144.2361609999999814
20
-83.8138629999999978
11
144.2542399999999816
21
-83.9047499999999928
0
LINE
8
BLACK
6
CONTINUOUS
10
144.2542399999999816
20
-83.9047499999999928
11
144.2542399999999816
21
-84.4047499999999928
0
LINE
8
BLACK
6
CONTINUOUS
10
144.2542399999999816
20
-84.4047499999999928
11
144.2361609999999814
21
-84.4956370000000021
0
LINE
8
BLACK
6
CONTINUOUS
10
144.2361609999999814
20
-84.4956370000000021
11
144.184677999999991
21
-84.5726879999999994
0
LINE
8
BLACK
6
CONTINUOUS
10
144.184677999999991
20
-84.5726879999999994
11
144.1076269999999795
21
-84.6241709999999898
0
LINE
8
BLACK
6
CONTINUOUS
10
144.1076269999999795
20
-84.6241709999999898
11
144.0167399999999986
21
-84.64224999999999
0
LINE
8
BLACK
6
CONTINUOUS
10
144.0167399999999986
20
-84.64224999999999
11
143.929239999999993
21
-84.64224999999999
0
LINE
8
BLACK
6
CONTINUOUS
10
143.929239999999993
20
-84.64224999999999
11
143.929239999999993
21
-85.4661179999999945
0
LINE
8
BLACK
6
CONTINUOUS
10
143.929239999999993
20
-85.4661179999999945
11
144.0953719999999976
21
-85.6322499999999991
0
LINE
8
BLACK
6
CONTINUOUS
10
144.0953719999999976
20
-85.6322499999999991
11
146.5111080000000072
21
-85.6322499999999991
0
LINE
8
BLACK
6
CONTINUOUS
10
146.5111080000000072
20
-85.6322499999999991
11
146.6772399999999834
21
-85.4661179999999945
0
LINE
8
BLACK
6
CONTINUOUS
10
146.6772399999999834
20
-85.4661179999999945
11
146.6772399999999834
21
-85.2982499999999959
0
LINE
8
BLACK
6
CONTINUOUS
10
146.6772399999999834
20
-85.2982499999999959
11
146.6198369999999898
21
-85.2868319999999898
0
LINE
8
BLACK
6
CONTINUOUS
10
146.6198369999999898
20
-85.2868319999999898
11
146.571173999999985
21
-85.2543160000000029
0
LINE
8
BLACK
6
CONTINUOUS
10
146.571173999999985
20
-85.2543160000000029
11
146.5386579999999981
21
-85.2056529999999981
0
LINE
8
BLACK
6
CONTINUOUS
10
146.5386579999999981
20
-85.2056529999999981
11
146.5272400000000061
21
-85.1482499999999902
0
LINE
8
BLACK
6
CONTINUOUS
10
146.5272400000000061
20
-85.1482499999999902
11
146.5272400000000061
21
-83.4982499999999987
0
LINE
8
BLACK
6
CONTINUOUS
10
146.5272400000000061
20
-83.4982499999999987
11
146.5386579999999981
21
-83.4408469999999909
0
LINE
8
BLACK
6
CONTINUOUS
10
146.5386579999999981
20
-83.4408469999999909
11
146.571173999999985
21
-83.3921840000000003
0
LINE
8
BLACK
6
CONTINUOUS
10
146.571173999999985
20
-83.3921840000000003
11
146.6198369999999898
21
-83.3596679999999992
0
LINE
8
BLACK
6
CONTINUOUS
10
146.6198369999999898
20
-83.3596679999999992
11
146.6772399999999834
21
-83.3482499999999931
0
LINE
8
BLACK
6
CONTINUOUS
10
146.6772399999999834
20
-83.3482499999999931
11
146.9772399999999948
21
-83.3482499999999931
0
LINE
8
BLACK
6
CONTINUOUS
10
146.9772399999999948
20
-83.3482499999999931
11
147.0346429999999884
21
-83.3596679999999992
0
LINE
8
BLACK
6
CONTINUOUS
10
152.1146430000000009
20
-83.3596679999999992
11
152.1633060000000057
21
-83.3921840000000003
0
LINE
8
BLACK
6
CONTINUOUS
10
152.1633060000000057
20
-83.3921840000000003
11
152.1958219999999926
21
-83.4408469999999909
0
LINE
8
BLACK
6
CONTINUOUS
10
152.1958219999999926
20
-83.4408469999999909
11
152.2072399999999845
21
-83.4982499999999987
0
LINE
8
BLACK
6
CONTINUOUS
10
152.2072399999999845
20
-83.4982499999999987
11
152.2072399999999845
21
-85.1482499999999902
0
LINE
8
BLACK
6
CONTINUOUS
10
152.2072399999999845
20
-85.1482499999999902
11
152.1958219999999926
21
-85.2056529999999981
0
LINE
8
BLACK
6
CONTINUOUS
10
152.1958219999999926
20
-85.2056529999999981
11
152.1633060000000057
21
-85.2543160000000029
0
LINE
8
BLACK
6
CONTINUOUS
10
152.1633060000000057
20
-85.2543160000000029
11
152.1146430000000009
21
-85.2868319999999898
0
LINE
8
BLACK
6
CONTINUOUS
10
152.1146430000000009
20
-85.2868319999999898
11
152.0572400000000073
21
-85.2982499999999959
0
LINE
8
BLACK
6
CONTINUOUS
10
152.0572400000000073
20
-85.2982499999999959
11
152.0572400000000073
21
-85.4661179999999945
0
LINE
8
BLACK
6
CONTINUOUS
10
152.0572400000000073
20
-85.4661179999999945
11
152.2233719999999835
21
-85.6322499999999991
0
LINE
8
BLACK
6
CONTINUOUS
10
152.2233719999999835
20
-85.6322499999999991
11
154.6391079999999931
21
-85.6322499999999991
0
LINE
8
BLACK
6
CONTINUOUS
10
154.6391079999999931
20
-85.6322499999999991
11
154.8052399999999977
21
-85.4661179999999945
0
LINE
8
BLACK
6
CONTINUOUS
10
154.8052399999999977
20
-85.4661179999999945
11
154.8052399999999977
21
-84.3882499999999993
0
LINE
8
BLACK
6
CONTINUOUS
10
154.8052399999999977
20
-84.3882499999999993
11
154.7177399999999921
21
-84.3882499999999993
0
LINE
8
BLACK
6
CONTINUOUS
10
154.7177399999999921
20
-84.3882499999999993
11
154.6268529999999828
21
-84.3701709999999991
0
LINE
8
BLACK
6
CONTINUOUS
10
154.6268529999999828
20
-84.3701709999999991
11
154.5498019999999997
21
-84.3186879999999945
0
LINE
8
BLACK
6
CONTINUOUS
10
154.5498019999999997
20
-84.3186879999999945
11
154.4983189999999809
21
-84.2416369999999972
0
LINE
8
BLACK
6
CONTINUOUS
10
154.4983189999999809
20
-84.2416369999999972
11
154.4802399999999807
21
-84.1507500000000022
0
LINE
8
BLACK
6
CONTINUOUS
10
154.4802399999999807
20
-84.1507500000000022
11
154.4802399999999807
21
-83.6507500000000022
0
LINE
8
BLACK
6
CONTINUOUS
10
154.4802399999999807
20
-83.6507500000000022
11
154.4983189999999809
21
-83.5598629999999929
0
LINE
8
BLACK
6
CONTINUOUS
10
154.4983189999999809
20
-83.5598629999999929
11
154.5498019999999997
21
-83.4828119999999956
0
LINE
8
BLACK
6
CONTINUOUS
10
154.5498019999999997
20
-83.4828119999999956
11
154.6268529999999828
21
-83.431328999999991
0
LINE
8
BLACK
6
CONTINUOUS
10
154.6268529999999828
20
-83.431328999999991
11
154.7177399999999921
21
-83.4132499999999908
0
LINE
8
BLACK
6
CONTINUOUS
10
154.7177399999999921
20
-83.4132499999999908
11
155.1927399999999864
21
-83.4132499999999908
0
LINE
8
BLACK
6
CONTINUOUS
10
155.1927399999999864
20
-83.4132499999999908
11
155.2836269999999956
21
-83.431328999999991
0
LINE
8
BLACK
6
CONTINUOUS
10
155.2836269999999956
20
-83.431328999999991
11
155.3606780000000072
21
-83.4828119999999956
0
LINE
8
BLACK
6
CONTINUOUS
10
155.3606780000000072
20
-83.4828119999999956
11
155.4121609999999976
21
-83.5598629999999929
0
LINE
8
BLACK
6
CONTINUOUS
10
155.4121609999999976
20
-83.5598629999999929
11
155.4302399999999977
21
-83.6507500000000022
0
LINE
8
BLACK
6
CONTINUOUS
10
155.4302399999999977
20
-83.6507500000000022
11
155.4302399999999977
21
-83.7507499999999965
0
LINE
8
BLACK
6
CONTINUOUS
10
155.4302399999999977
20
-83.7507499999999965
11
156.0042399999999816
21
-83.7507499999999965
0
LINE
8
BLACK
6
CONTINUOUS
10
156.0042399999999816
20
-83.7507499999999965
11
156.0042399999999816
21
-83.6507500000000022
0
LINE
8
BLACK
6
CONTINUOUS
10
156.0042399999999816
20
-83.6507500000000022
11
156.0223189999999818
21
-83.5598629999999929
0
LINE
8
BLACK
6
CONTINUOUS
10
156.0223189999999818
20
-83.5598629999999929
11
156.0738020000000006
21
-83.4828119999999956
0
LINE
8
BLACK
6
CONTINUOUS
10
156.0738020000000006
20
-83.4828119999999956
11
156.1508529999999837
21
-83.431328999999991
0
LINE
8
BLACK
6
CONTINUOUS
10
156.1508529999999837
20
-83.431328999999991
11
156.241739999999993
21
-83.4132499999999908
0
LINE
8
BLACK
6
CONTINUOUS
10
156.241739999999993
20
-83.4132499999999908
11
156.7167399999999873
21
-83.4132499999999908
0
LINE
8
BLACK
6
CONTINUOUS
10
156.7167399999999873
20
-83.4132499999999908
11
156.8076269999999965
21
-83.431328999999991
0
LINE
8
BLACK
6
CONTINUOUS
10
156.8076269999999965
20
-83.431328999999991
11
156.8846779999999796
21
-83.4828119999999956
0
LINE
8
BLACK
6
CONTINUOUS
10
156.8846779999999796
20
-83.4828119999999956
11
156.9361609999999985
21
-83.5598629999999929
0
LINE
8
BLACK
6
CONTINUOUS
10
156.9361609999999985
20
-83.5598629999999929
11
156.9542399999999986
21
-83.6507500000000022
0
LINE
8
BLACK
6
CONTINUOUS
10
156.9542399999999986
20
-83.6507500000000022
11
156.9542399999999986
21
-84.1507500000000022
0
LINE
8
BLACK
6
CONTINUOUS
10
156.9542399999999986
20
-84.1507500000000022
11
156.9361609999999985
21
-84.2416369999999972
0
LINE
8
BLACK
6
CONTINUOUS
10
156.9361609999999985
20
-84.2416369999999972
11
156.8846779999999796
21
-84.3186879999999945
0
LINE
8
BLACK
6
CONTINUOUS
10
156.8846779999999796
20
-84.3186879999999945
11
156.8076269999999965
21
-84.3701709999999991
0
LINE
8
BLACK
6
CONTINUOUS
10
156.8076269999999965
20
-84.3701709999999991
11
156.7167399999999873
21
-84.3882499999999993
0
LINE
8
BLACK
6
CONTINUOUS
10
156.7167399999999873
20
-84.3882499999999993
11
156.241739999999993
21
-84.3882499999999993
0
LINE
8
BLACK
6
CONTINUOUS
10
156.241739999999993
20
-84.3882499999999993
11
156.1508529999999837
21
-84.3701709999999991
0
LINE
8
BLACK
6
CONTINUOUS
10
156.1508529999999837
20
-84.3701709999999991
11
156.0738020000000006
21
-84.3186879999999945
0
LINE
8
BLACK
6
CONTINUOUS
10
156.0738020000000006
20
-84.3186879999999945
11
156.0223189999999818
21
-84.2416369999999972
0
LINE
8
BLACK
6
CONTINUOUS
10
156.0223189999999818
20
-84.2416369999999972
11
156.0042399999999816
21
-84.1507500000000022
0
LINE
8
BLACK
6
CONTINUOUS
10
156.0042399999999816
20
-84.1507500000000022
11
156.0042399999999816
21
-84.0507499999999936
0
LINE
8
BLACK
6
CONTINUOUS
10
156.0042399999999816
20
-84.0507499999999936
11
155.4302399999999977
21
-84.0507499999999936
0
LINE
8
BLACK
6
CONTINUOUS
10
155.4302399999999977
20
-84.0507499999999936
11
155.4302399999999977
21
-84.1507500000000022
0
LINE
8
BLACK
6
CONTINUOUS
10
155.4302399999999977
20
-84.1507500000000022
11
155.4121609999999976
21
-84.2416369999999972
0
LINE
8
BLACK
6
CONTINUOUS
10
155.4121609999999976
20
-84.2416369999999972
11
155.3606780000000072
21
-84.3186879999999945
0
LINE
8
BLACK
6
CONTINUOUS
10
155.3606780000000072
20
-84.3186879999999945
11
155.2836269999999956
21
-84.3701709999999991
0
LINE
8
BLACK
6
CONTINUOUS
10
155.2836269999999956
20
-84.3701709999999991
11
155.1927399999999864
21
-84.3882499999999993
0
LINE
8
BLACK
6
CONTINUOUS
10
155.1927399999999864
20
-84.3882499999999993
11
155.1052399999999807
21
-84.3882499999999993
0
LINE
8
BLACK
6
CONTINUOUS
10
155.1052399999999807
20
-84.3882499999999993
11
155.1052399999999807
21
-85.5282499999999999
0
LINE
8
BLACK
6
CONTINUOUS
10
155.1052399999999807
20
-85.5282499999999999
11
155.1023579999999811
21
-85.5575130000000001
0
LINE
8
BLACK
6
CONTINUOUS
10
155.1023579999999811
20
-85.5575130000000001
11
155.0799609999999973
21
-85.6115860000000026
0
LINE
8
BLACK
6
CONTINUOUS
10
155.0799609999999973
20
-85.6115860000000026
11
155.0613060000000019
21
-85.6343159999999983
0
LINE
8
BLACK
6
CONTINUOUS
10
155.0613060000000019
20
-85.6343159999999983
11
154.8073059999999828
21
-85.8883160000000032
0
LINE
8
BLACK
6
CONTINUOUS
10
154.8073059999999828
20
-85.8883160000000032
11
154.7845749999999896
21
-85.9069709999999986
0
LINE
8
BLACK
6
CONTINUOUS
10
154.7845749999999896
20
-85.9069709999999986
11
154.7529009999999801
21
-85.9200900000000019
0
LINE
8
BLACK
6
CONTINUOUS
10
154.7529009999999801
20
-85.9200900000000019
11
154.7305039999999963
21
-85.9293679999999966
0
LINE
8
BLACK
6
CONTINUOUS
10
154.7305039999999963
20
-85.9293679999999966
11
154.7012399999999843
21
-85.9322499999999962
0
LINE
8
BLACK
6
CONTINUOUS
10
154.7012399999999843
20
-85.9322499999999962
11
152.1612399999999923
21
-85.9322499999999962
0
LINE
8
BLACK
6
CONTINUOUS
10
152.1612399999999923
20
-85.9322499999999962
11
152.1319759999999803
21
-85.9293679999999966
0
LINE
8
BLACK
6
CONTINUOUS
10
152.1319759999999803
20
-85.9293679999999966
11
152.116139000000004
21
-85.9228069999999917
0
LINE
8
BLACK
6
CONTINUOUS
10
152.116139000000004
20
-85.9228069999999917
11
152.0779039999999895
21
-85.9069709999999986
0
LINE
8
BLACK
6
CONTINUOUS
10
152.0779039999999895
20
-85.9069709999999986
11
152.0551739999999938
21
-85.8883160000000032
0
LINE
8
BLACK
6
CONTINUOUS
10
152.0551739999999938
20
-85.8883160000000032
11
151.8011740000000032
21
-85.6343159999999983
0
LINE
8
BLACK
6
CONTINUOUS
10
151.8011740000000032
20
-85.6343159999999983
11
151.7825189999999793
21
-85.6115849999999909
0
LINE
8
BLACK
6
CONTINUOUS
10
151.7825189999999793
20
-85.6115849999999909
11
151.7601219999999955
21
-85.5575130000000001
0
LINE
8
BLACK
6
CONTINUOUS
10
151.7601219999999955
20
-85.5575130000000001
11
151.7572399999999959
21
-85.5282499999999999
0
LINE
8
BLACK
6
CONTINUOUS
10
151.7572399999999959
20
-85.5282499999999999
11
151.7572399999999959
21
-85.2982499999999959
0
LINE
8
BLACK
6
CONTINUOUS
10
151.7572399999999959
20
-85.2982499999999959
11
151.6998370000000023
21
-85.2868319999999898
0
LINE
8
BLACK
6
CONTINUOUS
10
151.6998370000000023
20
-85.2868319999999898
11
151.6511739999999975
21
-85.2543160000000029
0
LINE
8
BLACK
6
CONTINUOUS
10
151.6511739999999975
20
-85.2543160000000029
11
151.6186579999999822
21
-85.2056529999999981
0
LINE
8
BLACK
6
CONTINUOUS
10
151.6186579999999822
20
-85.2056529999999981
11
151.6072399999999902
21
-85.1482499999999902
0
LINE
8
BLACK
6
CONTINUOUS
10
151.6072399999999902
20
-85.1482499999999902
11
151.6072399999999902
21
-83.4982499999999987
0
LINE
8
BLACK
6
CONTINUOUS
10
151.6072399999999902
20
-83.4982499999999987
11
151.6186579999999822
21
-83.4408469999999909
0
LINE
8
BLACK
6
CONTINUOUS
10
151.6186579999999822
20
-83.4408469999999909
11
151.6511739999999975
21
-83.3921840000000003
0
LINE
8
BLACK
6
CONTINUOUS
10
151.6511739999999975
20
-83.3921840000000003
11
151.6998370000000023
21
-83.3596679999999992
0
LINE
8
BLACK
6
CONTINUOUS
10
151.6998370000000023
20
-83.3596679999999992
11
151.7572399999999959
21
-83.3482499999999931
0
LINE
8
BLACK
6
CONTINUOUS
10
151.7572399999999959
20
-83.3482499999999931
11
152.0572400000000073
21
-83.3482499999999931
0
LINE
8
BLACK
6
CONTINUOUS
10
152.0572400000000073
20
-83.3482499999999931
11
152.1146430000000009
21
-83.3596679999999992
0
LINE
8
BLACK
6
CONTINUOUS
10
145.8856269999999995
20
-81.6533289999999994
11
145.9626779999999826
21
-81.7048119999999898
0
LINE
8
BLACK
6
CONTINUOUS
10
145.9626779999999826
20
-81.7048119999999898
11
146.0141610000000014
21
-81.7818630000000013
0
LINE
8
BLACK
6
CONTINUOUS
10
146.0141610000000014
20
-81.7818630000000013
11
146.0322400000000016
21
-81.8727499999999964
0
LINE
8
BLACK
6
CONTINUOUS
10
146.0322400000000016
20
-81.8727499999999964
11
146.0322400000000016
21
-82.3727499999999964
0
LINE
8
BLACK
6
CONTINUOUS
10
146.0322400000000016
20
-82.3727499999999964
11
146.0141610000000014
21
-82.4636369999999914
0
LINE
8
BLACK
6
CONTINUOUS
10
146.0141610000000014
20
-82.4636369999999914
11
145.9626779999999826
21
-82.5406880000000029
0
LINE
8
BLACK
6
CONTINUOUS
10
145.9626779999999826
20
-82.5406880000000029
11
145.8856269999999995
21
-82.5921709999999933
0
LINE
8
BLACK
6
CONTINUOUS
10
145.8856269999999995
20
-82.5921709999999933
11
145.7947399999999902
21
-82.6102499999999935
0
LINE
8
BLACK
6
CONTINUOUS
10
145.7947399999999902
20
-82.6102499999999935
11
145.7072399999999845
21
-82.6102499999999935
0
LINE
8
BLACK
6
CONTINUOUS
10
145.7072399999999845
20
-82.6102499999999935
11
145.7072399999999845
21
-83.3482499999999931
0
LINE
8
BLACK
6
CONTINUOUS
10
145.7072399999999845
20
-83.3482499999999931
11
145.7646430000000066
21
-83.3596679999999992
0
LINE
8
BLACK
6
CONTINUOUS
10
145.7646430000000066
20
-83.3596679999999992
11
145.813305999999983
21
-83.3921840000000003
0
LINE
8
BLACK
6
CONTINUOUS
10
145.813305999999983
20
-83.3921840000000003
11
145.8458219999999983
21
-83.4408469999999909
0
LINE
8
BLACK
6
CONTINUOUS
10
145.8458219999999983
20
-83.4408469999999909
11
145.8572399999999902
21
-83.4982499999999987
0
LINE
8
BLACK
6
CONTINUOUS
10
145.8572399999999902
20
-83.4982499999999987
11
145.8572399999999902
21
-85.1482499999999902
0
LINE
8
BLACK
6
CONTINUOUS
10
145.8572399999999902
20
-85.1482499999999902
11
145.8458219999999983
21
-85.2056529999999981
0
LINE
8
BLACK
6
CONTINUOUS
10
145.8458219999999983
20
-85.2056529999999981
11
145.813305999999983
21
-85.2543160000000029
0
LINE
8
BLACK
6
CONTINUOUS
10
145.813305999999983
20
-85.2543160000000029
11
145.7646430000000066
21
-85.2868319999999898
0
LINE
8
BLACK
6
CONTINUOUS
10
145.7646430000000066
20
-85.2868319999999898
11
145.7072399999999845
21
-85.2982499999999959
0
LINE
8
BLACK
6
CONTINUOUS
10
145.7072399999999845
20
-85.2982499999999959
11
145.4072400000000016
21
-85.2982499999999959
0
LINE
8
BLACK
6
CONTINUOUS
10
145.4072400000000016
20
-85.2982499999999959
11
145.3498369999999795
21
-85.2868319999999898
0
LINE
8
BLACK
6
CONTINUOUS
10
145.3498369999999795
20
-85.2868319999999898
11
145.3011740000000032
21
-85.2543160000000029
0
LINE
8
BLACK
6
CONTINUOUS
10
145.3011740000000032
20
-85.2543160000000029
11
145.2686579999999879
21
-85.2056529999999981
0
LINE
8
BLACK
6
CONTINUOUS
10
145.2686579999999879
20
-85.2056529999999981
11
145.2572399999999959
21
-85.1482499999999902
0
LINE
8
BLACK
6
CONTINUOUS
10
145.2572399999999959
20
-85.1482499999999902
11
145.2572399999999959
21
-83.4982499999999987
0
LINE
8
BLACK
6
CONTINUOUS
10
145.2572399999999959
20
-83.4982499999999987
11
145.2686579999999879
21
-83.4408469999999909
0
LINE
8
BLACK
6
CONTINUOUS
10
145.2686579999999879
20
-83.4408469999999909
11
145.3011740000000032
21
-83.3921840000000003
0
LINE
8
BLACK
6
CONTINUOUS
10
145.3011740000000032
20
-83.3921840000000003
11
145.3498369999999795
21
-83.3596679999999992
0
LINE
8
BLACK
6
CONTINUOUS
10
145.3498369999999795
20
-83.3596679999999992
11
145.4072400000000016
21
-83.3482499999999931
0
LINE
8
BLACK
6
CONTINUOUS
10
145.4072400000000016
20
-83.3482499999999931
11
145.4072400000000016
21
-82.6102499999999935
0
LINE
8
BLACK
6
CONTINUOUS
10
145.4072400000000016
20
-82.6102499999999935
11
145.3197399999999959
21
-82.6102499999999935
0
LINE
8
BLACK
6
CONTINUOUS
10
145.3197399999999959
20
-82.6102499999999935
11
145.2288529999999867
21
-82.5921709999999933
0
LINE
8
BLACK
6
CONTINUOUS
10
145.2288529999999867
20
-82.5921709999999933
11
145.1518020000000035
21
-82.5406880000000029
0
LINE
8
BLACK
6
CONTINUOUS
10
145.1518020000000035
20
-82.5406880000000029
11
145.1003189999999847
21
-82.4636369999999914
0
LINE
8
BLACK
6
CONTINUOUS
10
145.1003189999999847
20
-82.4636369999999914
11
145.0822399999999845
21
-82.3727499999999964
0
LINE
8
BLACK
6
CONTINUOUS
10
145.0822399999999845
20
-82.3727499999999964
11
145.0822399999999845
21
-82.272750000000002
0
LINE
8
BLACK
6
CONTINUOUS
10
145.0822399999999845
20
-82.272750000000002
11
144.2542399999999816
21
-82.272750000000002
0
LINE
8
BLACK
6
CONTINUOUS
10
144.2542399999999816
20
-82.272750000000002
11
144.2542399999999816
21
-82.57974999999999
0
LINE
8
BLACK
6
CONTINUOUS
10
144.2542399999999816
20
-82.57974999999999
11
144.2361609999999814
21
-82.6706369999999993
0
LINE
8
BLACK
6
CONTINUOUS
10
144.2361609999999814
20
-82.6706369999999993
11
144.184677999999991
21
-82.7476879999999966
0
LINE
8
BLACK
6
CONTINUOUS
10
144.184677999999991
20
-82.7476879999999966
11
144.1076269999999795
21
-82.7991710000000012
0
LINE
8
BLACK
6
CONTINUOUS
10
144.1076269999999795
20
-82.7991710000000012
11
144.0167399999999986
21
-82.8172500000000014
0
LINE
8
BLACK
6
CONTINUOUS
10
144.0167399999999986
20
-82.8172500000000014
11
143.5417400000000043
21
-82.8172500000000014
0
LINE
8
BLACK
6
CONTINUOUS
10
143.5417400000000043
20
-82.8172500000000014
11
143.4508529999999951
21
-82.7991710000000012
0
LINE
8
BLACK
6
CONTINUOUS
10
143.4508529999999951
20
-82.7991710000000012
11
143.3738019999999835
21
-82.7476879999999966
0
LINE
8
BLACK
6
CONTINUOUS
10
143.3738019999999835
20
-82.7476879999999966
11
143.3223189999999931
21
-82.6706369999999993
0
LINE
8
BLACK
6
CONTINUOUS
10
143.3223189999999931
20
-82.6706369999999993
11
143.304239999999993
21
-82.57974999999999
0
LINE
8
BLACK
6
CONTINUOUS
10
143.304239999999993
20
-82.57974999999999
11
143.304239999999993
21
-82.07974999999999
0
LINE
8
BLACK
6
CONTINUOUS
10
143.304239999999993
20
-82.07974999999999
11
143.3223189999999931
21
-81.9888629999999949
0
LINE
8
BLACK
6
CONTINUOUS
10
143.3223189999999931
20
-81.9888629999999949
11
143.3738019999999835
21
-81.9118119999999976
0
LINE
8
BLACK
6
CONTINUOUS
10
143.3738019999999835
20
-81.9118119999999976
11
143.4508529999999951
21
-81.860328999999993
0
LINE
8
BLACK
6
CONTINUOUS
10
143.4508529999999951
20
-81.860328999999993
11
143.5417400000000043
21
-81.8422499999999928
0
LINE
8
BLACK
6
CONTINUOUS
10
143.5417400000000043
20
-81.8422499999999928
11
144.0167399999999986
21
-81.8422499999999928
0
LINE
8
BLACK
6
CONTINUOUS
10
144.0167399999999986
20
-81.8422499999999928
11
144.1076269999999795
21
-81.860328999999993
0
LINE
8
BLACK
6
CONTINUOUS
10
144.1076269999999795
20
-81.860328999999993
11
144.184677999999991
21
-81.9118119999999976
0
LINE
8
BLACK
6
CONTINUOUS
10
144.184677999999991
20
-81.9118119999999976
11
144.2253949999999918
21
-81.9727499999999907
0
LINE
8
BLACK
6
CONTINUOUS
10
144.2253949999999918
20
-81.9727499999999907
11
145.0822399999999845
21
-81.9727499999999907
0
LINE
8
BLACK
6
CONTINUOUS
10
145.0822399999999845
20
-81.9727499999999907
11
145.0822399999999845
21
-81.8727499999999964
0
LINE
8
BLACK
6
CONTINUOUS
10
145.0822399999999845
20
-81.8727499999999964
11
145.1003189999999847
21
-81.7818630000000013
0
LINE
8
BLACK
6
CONTINUOUS
10
145.1003189999999847
20
-81.7818630000000013
11
145.1518020000000035
21
-81.7048119999999898
0
LINE
8
BLACK
6
CONTINUOUS
10
145.1518020000000035
20
-81.7048119999999898
11
145.2288529999999867
21
-81.6533289999999994
0
LINE
8
BLACK
6
CONTINUOUS
10
145.2288529999999867
20
-81.6533289999999994
11
145.3197399999999959
21
-81.6352499999999992
0
LINE
8
BLACK
6
CONTINUOUS
10
145.3197399999999959
20
-81.6352499999999992
11
145.7947399999999902
21
-81.6352499999999992
0
LINE
8
BLACK
6
CONTINUOUS
10
145.7947399999999902
20
-81.6352499999999992
11
145.8856269999999995
21
-81.6533289999999994
0
LINE
8
BLACK
6
CONTINUOUS
10
148.4256269999999915
20
-81.6533289999999994
11
148.5026780000000031
21
-81.7048119999999898
0
LINE
8
BLACK
6
CONTINUOUS
10
148.5026780000000031
20
-81.7048119999999898
11
148.5541609999999935
21
-81.7818630000000013
0
LINE
8
BLACK
6
CONTINUOUS
10
148.5541609999999935
20
-81.7818630000000013
11
148.5722399999999936
21
-81.8727499999999964
0
LINE
8
BLACK
6
CONTINUOUS
10
148.5722399999999936
20
-81.8727499999999964
11
148.5722399999999936
21
-82.3727499999999964
0
LINE
8
BLACK
6
CONTINUOUS
10
148.5722399999999936
20
-82.3727499999999964
11
148.5541609999999935
21
-82.4636369999999914
0
LINE
8
BLACK
6
CONTINUOUS
10
148.5541609999999935
20
-82.4636369999999914
11
148.5026780000000031
21
-82.5406880000000029
0
LINE
8
BLACK
6
CONTINUOUS
10
148.5026780000000031
20
-82.5406880000000029
11
148.4256269999999915
21
-82.5921709999999933
0
LINE
8
BLACK
6
CONTINUOUS
10
148.4256269999999915
20
-82.5921709999999933
11
148.3347399999999823
21
-82.6102499999999935
0
LINE
8
BLACK
6
CONTINUOUS
10
148.3347399999999823
20
-82.6102499999999935
11
148.247240000000005
21
-82.6102499999999935
0
LINE
8
BLACK
6
CONTINUOUS
10
148.247240000000005
20
-82.6102499999999935
11
148.247240000000005
21
-83.3482499999999931
0
LINE
8
BLACK
6
CONTINUOUS
10
148.247240000000005
20
-83.3482499999999931
11
148.3046429999999987
21
-83.3596679999999992
0
LINE
8
BLACK
6
CONTINUOUS
10
148.3046429999999987
20
-83.3596679999999992
11
148.3533060000000035
21
-83.3921840000000003
0
LINE
8
BLACK
6
CONTINUOUS
10
148.3533060000000035
20
-83.3921840000000003
11
148.3858219999999903
21
-83.4408469999999909
0
LINE
8
BLACK
6
CONTINUOUS
10
148.3858219999999903
20
-83.4408469999999909
11
148.3972399999999823
21
-83.4982499999999987
0
LINE
8
BLACK
6
CONTINUOUS
10
148.3972399999999823
20
-83.4982499999999987
11
148.3972399999999823
21
-85.1482499999999902
0
LINE
8
BLACK
6
CONTINUOUS
10
148.3972399999999823
20
-85.1482499999999902
11
148.3858219999999903
21
-85.2056529999999981
0
LINE
8
BLACK
6
CONTINUOUS
10
148.3858219999999903
20
-85.2056529999999981
11
148.3533060000000035
21
-85.2543160000000029
0
LINE
8
BLACK
6
CONTINUOUS
10
148.3533060000000035
20
-85.2543160000000029
11
148.3046429999999987
21
-85.2868319999999898
0
LINE
8
BLACK
6
CONTINUOUS
10
148.3046429999999987
20
-85.2868319999999898
11
148.247240000000005
21
-85.2982499999999959
0
LINE
8
BLACK
6
CONTINUOUS
10
148.247240000000005
20
-85.2982499999999959
11
147.9472399999999936
21
-85.2982499999999959
0
LINE
8
BLACK
6
CONTINUOUS
10
147.9472399999999936
20
-85.2982499999999959
11
147.889837
21
-85.2868319999999898
0
LINE
8
BLACK
6
CONTINUOUS
10
147.889837
20
-85.2868319999999898
11
147.8411739999999952
21
-85.2543160000000029
0
LINE
8
BLACK
6
CONTINUOUS
10
147.8411739999999952
20
-85.2543160000000029
11
147.8086579999999799
21
-85.2056529999999981
0
LINE
8
BLACK
6
CONTINUOUS
10
147.8086579999999799
20
-85.2056529999999981
11
147.797239999999988
21
-85.1482499999999902
0
LINE
8
BLACK
6
CONTINUOUS
10
147.797239999999988
20
-85.1482499999999902
11
147.797239999999988
21
-83.4982499999999987
0
LINE
8
BLACK
6
CONTINUOUS
10
147.797239999999988
20
-83.4982499999999987
11
147.8086579999999799
21
-83.4408469999999909
0
LINE
8
BLACK
6
CONTINUOUS
10
147.8086579999999799
20
-83.4408469999999909
11
147.8411739999999952
21
-83.3921840000000003
0
LINE
8
BLACK
6
CONTINUOUS
10
147.8411739999999952
20
-83.3921840000000003
11
147.889837
21
-83.3596679999999992
0
LINE
8
BLACK
6
CONTINUOUS
10
147.889837
20
-83.3596679999999992
11
147.9472399999999936
21
-83.3482499999999931
0
LINE
8
BLACK
6
CONTINUOUS
10
147.9472399999999936
20
-83.3482499999999931
11
147.9472399999999936
21
-82.6102499999999935
0
LINE
8
BLACK
6
CONTINUOUS
10
147.9472399999999936
20
-82.6102499999999935
11
147.859739999999988
21
-82.6102499999999935
0
LINE
8
BLACK
6
CONTINUOUS
10
147.859739999999988
20
-82.6102499999999935
11
147.7688530000000071
21
-82.5921709999999933
0
LINE
8
BLACK
6
CONTINUOUS
10
147.7688530000000071
20
-82.5921709999999933
11
147.6918019999999956
21
-82.5406880000000029
0
LINE
8
BLACK
6
CONTINUOUS
10
147.6918019999999956
20
-82.5406880000000029
11
147.6403190000000052
21
-82.4636369999999914
0
LINE
8
BLACK
6
CONTINUOUS
10
147.6403190000000052
20
-82.4636369999999914
11
147.622240000000005
21
-82.3727499999999964
0
LINE
8
BLACK
6
CONTINUOUS
10
147.622240000000005
20
-82.3727499999999964
11
147.622240000000005
21
-82.272750000000002
0
LINE
8
BLACK
6
CONTINUOUS
10
147.622240000000005
20
-82.272750000000002
11
147.4738749999999925
21
-82.272750000000002
0
LINE
8
BLACK
6
CONTINUOUS
10
147.4738749999999925
20
-82.272750000000002
11
147.4616629999999873
21
-82.3498570000000001
0
LINE
8
BLACK
6
CONTINUOUS
10
147.4616629999999873
20
-82.3498570000000001
11
147.4048469999999895
21
-82.4613640000000032
0
LINE
8
BLACK
6
CONTINUOUS
10
147.4048469999999895
20
-82.4613640000000032
11
147.3163539999999898
21
-82.5498570000000029
0
LINE
8
BLACK
6
CONTINUOUS
10
147.3163539999999898
20
-82.5498570000000029
11
147.2048470000000009
21
-82.6066730000000007
0
LINE
8
BLACK
6
CONTINUOUS
10
147.2048470000000009
20
-82.6066730000000007
11
147.0812399999999798
21
-82.6262499999999989
0
LINE
8
BLACK
6
CONTINUOUS
10
147.0812399999999798
20
-82.6262499999999989
11
146.9576329999999871
21
-82.6066730000000007
0
LINE
8
BLACK
6
CONTINUOUS
10
146.9576329999999871
20
-82.6066730000000007
11
146.8461259999999982
21
-82.5498570000000029
0
LINE
8
BLACK
6
CONTINUOUS
10
146.8461259999999982
20
-82.5498570000000029
11
146.7576329999999984
21
-82.4613640000000032
0
LINE
8
BLACK
6
CONTINUOUS
10
146.7576329999999984
20
-82.4613640000000032
11
146.7008170000000007
21
-82.3498570000000001
0
LINE
8
BLACK
6
CONTINUOUS
10
146.7008170000000007
20
-82.3498570000000001
11
146.6812400000000025
21
-82.2262499999999932
0
LINE
8
BLACK
6
CONTINUOUS
10
146.6812400000000025
20
-82.2262499999999932
11
146.7008170000000007
21
-82.1026430000000005
0
LINE
8
BLACK
6
CONTINUOUS
10
146.7008170000000007
20
-82.1026430000000005
11
146.7576329999999984
21
-81.9911359999999974
0
LINE
8
BLACK
6
CONTINUOUS
10
146.7576329999999984
20
-81.9911359999999974
11
146.8461259999999982
21
-81.9026429999999976
0
LINE
8
BLACK
6
CONTINUOUS
10
146.8461259999999982
20
-81.9026429999999976
11
146.9576329999999871
21
-81.8458269999999999
0
LINE
8
BLACK
6
CONTINUOUS
10
146.9576329999999871
20
-81.8458269999999999
11
147.0812399999999798
21
-81.8262500000000017
0
LINE
8
BLACK
6
CONTINUOUS
10
147.0812399999999798
20
-81.8262500000000017
11
147.2048470000000009
21
-81.8458269999999999
0
LINE
8
BLACK
6
CONTINUOUS
10
147.2048470000000009
20
-81.8458269999999999
11
147.3163539999999898
21
-81.9026429999999976
0
LINE
8
BLACK
6
CONTINUOUS
10
147.3163539999999898
20
-81.9026429999999976
11
147.3864609999999971
21
-81.9727499999999907
0
LINE
8
BLACK
6
CONTINUOUS
10
147.3864609999999971
20
-81.9727499999999907
11
147.622240000000005
21
-81.9727499999999907
0
LINE
8
BLACK
6
CONTINUOUS
10
147.622240000000005
20
-81.9727499999999907
11
147.622240000000005
21
-81.8727499999999964
0
LINE
8
BLACK
6
CONTINUOUS
10
147.622240000000005
20
-81.8727499999999964
11
147.6403190000000052
21
-81.7818630000000013
0
LINE
8
BLACK
6
CONTINUOUS
10
147.6403190000000052
20
-81.7818630000000013
11
147.6918019999999956
21
-81.7048119999999898
0
LINE
8
BLACK
6
CONTINUOUS
10
147.6918019999999956
20
-81.7048119999999898
11
147.7688530000000071
21
-81.6533289999999994
0
LINE
8
BLACK
6
CONTINUOUS
10
147.7688530000000071
20
-81.6533289999999994
11
147.859739999999988
21
-81.6352499999999992
0
LINE
8
BLACK
6
CONTINUOUS
10
147.859739999999988
20
-81.6352499999999992
11
148.3347399999999823
21
-81.6352499999999992
0
LINE
8
BLACK
6
CONTINUOUS
10
148.3347399999999823
20
-81.6352499999999992
11
148.4256269999999915
21
-81.6533289999999994
0
LINE
8
BLACK
6
CONTINUOUS
10
150.9656269999999836
20
-81.6533289999999994
11
151.0426779999999951
21
-81.7048119999999898
0
LINE
8
BLACK
6
CONTINUOUS
10
151.0426779999999951
20
-81.7048119999999898
11
151.0941609999999855
21
-81.7818630000000013
0
LINE
8
BLACK
6
CONTINUOUS
10
151.0941609999999855
20
-81.7818630000000013
11
151.1122399999999857
21
-81.8727499999999964
0
LINE
8
BLACK
6
CONTINUOUS
10
151.1122399999999857
20
-81.8727499999999964
11
151.1122399999999857
21
-81.9727499999999907
0
LINE
8
BLACK
6
CONTINUOUS
10
151.1122399999999857
20
-81.9727499999999907
11
151.3480189999999936
21
-81.9727499999999907
0
LINE
8
BLACK
6
CONTINUOUS
10
151.3480189999999936
20
-81.9727499999999907
11
151.4181260000000009
21
-81.9026429999999976
0
LINE
8
BLACK
6
CONTINUOUS
10
151.4181260000000009
20
-81.9026429999999976
11
151.5296329999999898
21
-81.8458269999999999
0
LINE
8
BLACK
6
CONTINUOUS
10
151.5296329999999898
20
-81.8458269999999999
11
151.6532399999999825
21
-81.8262500000000017
0
LINE
8
BLACK
6
CONTINUOUS
10
151.6532399999999825
20
-81.8262500000000017
11
151.7768470000000036
21
-81.8458269999999999
0
LINE
8
BLACK
6
CONTINUOUS
10
151.7768470000000036
20
-81.8458269999999999
11
151.8883539999999925
21
-81.9026429999999976
0
LINE
8
BLACK
6
CONTINUOUS
10
151.8883539999999925
20
-81.9026429999999976
11
151.9768469999999922
21
-81.9911359999999974
0
LINE
8
BLACK
6
CONTINUOUS
10
151.9768469999999922
20
-81.9911359999999974
11
152.03366299999999
21
-82.1026430000000005
0
LINE
8
BLACK
6
CONTINUOUS
10
152.03366299999999
20
-82.1026430000000005
11
152.0532399999999882
21
-82.2262499999999932
0
LINE
8
BLACK
6
CONTINUOUS
10
152.0532399999999882
20
-82.2262499999999932
11
152.03366299999999
21
-82.3498570000000001
0
LINE
8
BLACK
6
CONTINUOUS
10
152.03366299999999
20
-82.3498570000000001
11
151.9768469999999922
21
-82.4613640000000032
0
LINE
8
BLACK
6
CONTINUOUS
10
151.9768469999999922
20
-82.4613640000000032
11
151.8883539999999925
21
-82.5498570000000029
0
LINE
8
BLACK
6
CONTINUOUS
10
151.8883539999999925
20
-82.5498570000000029
11
151.7768470000000036
21
-82.6066730000000007
0
LINE
8
BLACK
6
CONTINUOUS
10
151.7768470000000036
20
-82.6066730000000007
11
151.6532399999999825
21
-82.6262499999999989
0
LINE
8
BLACK
6
CONTINUOUS
10
151.6532399999999825
20
-82.6262499999999989
11
151.5296329999999898
21
-82.6066730000000007
0
LINE
8
BLACK
6
CONTINUOUS
10
151.5296329999999898
20
-82.6066730000000007
11
151.4181260000000009
21
-82.5498570000000029
0
LINE
8
BLACK
6
CONTINUOUS
10
151.4181260000000009
20
-82.5498570000000029
11
151.3296330000000012
21
-82.4613640000000032
0
LINE
8
BLACK
6
CONTINUOUS
10
151.3296330000000012
20
-82.4613640000000032
11
151.2728170000000034
21
-82.3498570000000001
0
LINE
8
BLACK
6
CONTINUOUS
10
151.2728170000000034
20
-82.3498570000000001
11
151.2606049999999982
21
-82.272750000000002
0
LINE
8
BLACK
6
CONTINUOUS
10
151.2606049999999982
20
-82.272750000000002
11
151.1122399999999857
21
-82.272750000000002
0
LINE
8
BLACK
6
CONTINUOUS
10
151.1122399999999857
20
-82.272750000000002
11
151.1122399999999857
21
-82.3727499999999964
0
LINE
8
BLACK
6
CONTINUOUS
10
151.1122399999999857
20
-82.3727499999999964
11
151.0941609999999855
21
-82.4636369999999914
0
LINE
8
BLACK
6
CONTINUOUS
10
151.0941609999999855
20
-82.4636369999999914
11
151.0426779999999951
21
-82.5406880000000029
0
LINE
8
BLACK
6
CONTINUOUS
10
151.0426779999999951
20
-82.5406880000000029
11
150.9656269999999836
21
-82.5921709999999933
0
LINE
8
BLACK
6
CONTINUOUS
10
150.9656269999999836
20
-82.5921709999999933
11
150.8747400000000027
21
-82.6102499999999935
0
LINE
8
BLACK
6
CONTINUOUS
10
150.8747400000000027
20
-82.6102499999999935
11
150.7872399999999971
21
-82.6102499999999935
0
LINE
8
BLACK
6
CONTINUOUS
10
150.7872399999999971
20
-82.6102499999999935
11
150.7872399999999971
21
-83.3482499999999931
0
LINE
8
BLACK
6
CONTINUOUS
10
150.7872399999999971
20
-83.3482499999999931
11
150.8446429999999907
21
-83.3596679999999992
0
LINE
8
BLACK
6
CONTINUOUS
10
150.8446429999999907
20
-83.3596679999999992
11
150.8933059999999955
21
-83.3921840000000003
0
LINE
8
BLACK
6
CONTINUOUS
10
150.8933059999999955
20
-83.3921840000000003
11
150.9258219999999824
21
-83.4408469999999909
0
LINE
8
BLACK
6
CONTINUOUS
10
150.9258219999999824
20
-83.4408469999999909
11
150.9372400000000027
21
-83.4982499999999987
0
LINE
8
BLACK
6
CONTINUOUS
10
150.9372400000000027
20
-83.4982499999999987
11
150.9372400000000027
21
-85.1482499999999902
0
LINE
8
BLACK
6
CONTINUOUS
10
150.9372400000000027
20
-85.1482499999999902
11
150.9258219999999824
21
-85.2056529999999981
0
LINE
8
BLACK
6
CONTINUOUS
10
150.9258219999999824
20
-85.2056529999999981
11
150.8933059999999955
21
-85.2543160000000029
0
LINE
8
BLACK
6
CONTINUOUS
10
150.8933059999999955
20
-85.2543160000000029
11
150.8446429999999907
21
-85.2868319999999898
0
LINE
8
BLACK
6
CONTINUOUS
10
150.8446429999999907
20
-85.2868319999999898
11
150.7872399999999971
21
-85.2982499999999959
0
LINE
8
BLACK
6
CONTINUOUS
10
150.7872399999999971
20
-85.2982499999999959
11
150.4872399999999857
21
-85.2982499999999959
0
LINE
8
BLACK
6
CONTINUOUS
10
150.4872399999999857
20
-85.2982499999999959
11
150.429836999999992
21
-85.2868319999999898
0
LINE
8
BLACK
6
CONTINUOUS
10
150.429836999999992
20
-85.2868319999999898
11
150.3811739999999872
21
-85.2543160000000029
0
LINE
8
BLACK
6
CONTINUOUS
10
150.3811739999999872
20
-85.2543160000000029
11
150.3486580000000004
21
-85.2056529999999981
0
LINE
8
BLACK
6
CONTINUOUS
10
150.3486580000000004
20
-85.2056529999999981
11
150.33723999999998
21
-85.1482499999999902
0
LINE
8
BLACK
6
CONTINUOUS
10
150.33723999999998
20
-85.1482499999999902
11
150.33723999999998
21
-83.4982499999999987
0
LINE
8
BLACK
6
CONTINUOUS
10
150.33723999999998
20
-83.4982499999999987
11
150.3486580000000004
21
-83.4408469999999909
0
LINE
8
BLACK
6
CONTINUOUS
10
150.3486580000000004
20
-83.4408469999999909
11
150.3811739999999872
21
-83.3921840000000003
0
LINE
8
BLACK
6
CONTINUOUS
10
150.3811739999999872
20
-83.3921840000000003
11
150.429836999999992
21
-83.3596679999999992
0
LINE
8
BLACK
6
CONTINUOUS
10
150.429836999999992
20
-83.3596679999999992
11
150.4872399999999857
21
-83.3482499999999931
0
LINE
8
BLACK
6
CONTINUOUS
10
150.4872399999999857
20
-83.3482499999999931
11
150.4872399999999857
21
-82.6102499999999935
0
LINE
8
BLACK
6
CONTINUOUS
10
150.4872399999999857
20
-82.6102499999999935
11
150.39973999999998
21
-82.6102499999999935
0
LINE
8
BLACK
6
CONTINUOUS
10
150.39973999999998
20
-82.6102499999999935
11
150.3088529999999992
21
-82.5921709999999933
0
LINE
8
BLACK
6
CONTINUOUS
10
150.3088529999999992
20
-82.5921709999999933
11
150.2318019999999876
21
-82.5406880000000029
0
LINE
8
BLACK
6
CONTINUOUS
10
150.2318019999999876
20
-82.5406880000000029
11
150.1803189999999972
21
-82.4636369999999914
0
LINE
8
BLACK
6
CONTINUOUS
10
150.1803189999999972
20
-82.4636369999999914
11
150.1622399999999971
21
-82.3727499999999964
0
LINE
8
BLACK
6
CONTINUOUS
10
150.1622399999999971
20
-82.3727499999999964
11
150.1622399999999971
21
-81.8727499999999964
0
LINE
8
BLACK
6
CONTINUOUS
10
150.1622399999999971
20
-81.8727499999999964
11
150.1803189999999972
21
-81.7818630000000013
0
LINE
8
BLACK
6
CONTINUOUS
10
150.1803189999999972
20
-81.7818630000000013
11
150.2318019999999876
21
-81.7048119999999898
0
LINE
8
BLACK
6
CONTINUOUS
10
150.2318019999999876
20
-81.7048119999999898
11
150.3088529999999992
21
-81.6533289999999994
0
LINE
8
BLACK
6
CONTINUOUS
10
150.3088529999999992
20
-81.6533289999999994
11
150.39973999999998
21
-81.6352499999999992
0
LINE
8
BLACK
6
CONTINUOUS
10
150.39973999999998
20
-81.6352499999999992
11
150.8747400000000027
21
-81.6352499999999992
0
LINE
8
BLACK
6
CONTINUOUS
10
150.8747400000000027
20
-81.6352499999999992
11
150.9656269999999836
21
-81.6533289999999994
0
LINE
8
BLACK
6
CONTINUOUS
10
155.2836269999999956
20
-81.6063290000000023
11
155.3606780000000072
21
-81.6578119999999927
0
LINE
8
BLACK
6
CONTINUOUS
10
155.3606780000000072
20
-81.6578119999999927
11
155.4121609999999976
21
-81.7348629999999901
0
LINE
8
BLACK
6
CONTINUOUS
10
155.4121609999999976
20
-81.7348629999999901
11
155.4302399999999977
21
-81.8257499999999993
0
LINE
8
BLACK
6
CONTINUOUS
10
155.4302399999999977
20
-81.8257499999999993
11
155.4302399999999977
21
-82.3257499999999993
0
LINE
8
BLACK
6
CONTINUOUS
10
155.4302399999999977
20
-82.3257499999999993
11
155.4121609999999976
21
-82.4166369999999944
0
LINE
8
BLACK
6
CONTINUOUS
10
155.4121609999999976
20
-82.4166369999999944
11
155.3606780000000072
21
-82.4936879999999917
0
LINE
8
BLACK
6
CONTINUOUS
10
155.3606780000000072
20
-82.4936879999999917
11
155.2836269999999956
21
-82.5451709999999963
0
LINE
8
BLACK
6
CONTINUOUS
10
155.2836269999999956
20
-82.5451709999999963
11
155.1927399999999864
21
-82.5632499999999965
0
LINE
8
BLACK
6
CONTINUOUS
10
155.1927399999999864
20
-82.5632499999999965
11
154.7177399999999921
21
-82.5632499999999965
0
LINE
8
BLACK
6
CONTINUOUS
10
154.7177399999999921
20
-82.5632499999999965
11
154.6268529999999828
21
-82.5451709999999963
0
LINE
8
BLACK
6
CONTINUOUS
10
154.6268529999999828
20
-82.5451709999999963
11
154.5498019999999997
21
-82.4936879999999917
0
LINE
8
BLACK
6
CONTINUOUS
10
154.5498019999999997
20
-82.4936879999999917
11
154.4983189999999809
21
-82.4166369999999944
0
LINE
8
BLACK
6
CONTINUOUS
10
154.4983189999999809
20
-82.4166369999999944
11
154.4802399999999807
21
-82.3257499999999993
0
LINE
8
BLACK
6
CONTINUOUS
10
154.4802399999999807
20
-82.3257499999999993
11
154.4802399999999807
21
-82.272750000000002
0
LINE
8
BLACK
6
CONTINUOUS
10
154.4802399999999807
20
-82.272750000000002
11
153.6522400000000061
21
-82.272750000000002
0
LINE
8
BLACK
6
CONTINUOUS
10
153.6522400000000061
20
-82.272750000000002
11
153.6522400000000061
21
-82.3727499999999964
0
LINE
8
BLACK
6
CONTINUOUS
10
153.6522400000000061
20
-82.3727499999999964
11
153.634161000000006
21
-82.4636369999999914
0
LINE
8
BLACK
6
CONTINUOUS
10
153.634161000000006
20
-82.4636369999999914
11
153.5826779999999872
21
-82.5406880000000029
0
LINE
8
BLACK
6
CONTINUOUS
10
153.5826779999999872
20
-82.5406880000000029
11
153.505627000000004
21
-82.5921709999999933
0
LINE
8
BLACK
6
CONTINUOUS
10
153.505627000000004
20
-82.5921709999999933
11
153.4147399999999948
21
-82.6102499999999935
0
LINE
8
BLACK
6
CONTINUOUS
10
153.4147399999999948
20
-82.6102499999999935
11
153.3272399999999891
21
-82.6102499999999935
0
LINE
8
BLACK
6
CONTINUOUS
10
153.3272399999999891
20
-82.6102499999999935
11
153.3272399999999891
21
-83.3482499999999931
0
LINE
8
BLACK
6
CONTINUOUS
10
153.3272399999999891
20
-83.3482499999999931
11
153.3846429999999827
21
-83.3596679999999992
0
LINE
8
BLACK
6
CONTINUOUS
10
153.3846429999999827
20
-83.3596679999999992
11
153.4333059999999875
21
-83.3921840000000003
0
LINE
8
BLACK
6
CONTINUOUS
10
153.4333059999999875
20
-83.3921840000000003
11
153.4658220000000028
21
-83.4408469999999909
0
LINE
8
BLACK
6
CONTINUOUS
10
153.4658220000000028
20
-83.4408469999999909
11
153.4772399999999948
21
-83.4982499999999987
0
LINE
8
BLACK
6
CONTINUOUS
10
153.4772399999999948
20
-83.4982499999999987
11
153.4772399999999948
21
-85.1482499999999902
0
LINE
8
BLACK
6
CONTINUOUS
10
153.4772399999999948
20
-85.1482499999999902
11
153.4658220000000028
21
-85.2056529999999981
0
LINE
8
BLACK
6
CONTINUOUS
10
153.4658220000000028
20
-85.2056529999999981
11
153.4333059999999875
21
-85.2543160000000029
0
LINE
8
BLACK
6
CONTINUOUS
10
153.4333059999999875
20
-85.2543160000000029
11
153.3846429999999827
21
-85.2868319999999898
0
LINE
8
BLACK
6
CONTINUOUS
10
153.3846429999999827
20
-85.2868319999999898
11
153.3272399999999891
21
-85.2982499999999959
0
LINE
8
BLACK
6
CONTINUOUS
10
153.3272399999999891
20
-85.2982499999999959
11
153.0272400000000061
21
-85.2982499999999959
0
LINE
8
BLACK
6
CONTINUOUS
10
153.0272400000000061
20
-85.2982499999999959
11
152.9698369999999841
21
-85.2868319999999898
0
LINE
8
BLACK
6
CONTINUOUS
10
152.9698369999999841
20
-85.2868319999999898
11
152.9211739999999793
21
-85.2543160000000029
0
LINE
8
BLACK
6
CONTINUOUS
10
152.9211739999999793
20
-85.2543160000000029
11
152.8886579999999924
21
-85.2056529999999981
0
LINE
8
BLACK
6
CONTINUOUS
10
152.8886579999999924
20
-85.2056529999999981
11
152.8772400000000005
21
-85.1482499999999902
0
LINE
8
BLACK
6
CONTINUOUS
10
152.8772400000000005
20
-85.1482499999999902
11
152.8772400000000005
21
-83.4982499999999987
0
LINE
8
BLACK
6
CONTINUOUS
10
152.8772400000000005
20
-83.4982499999999987
11
152.8886579999999924
21
-83.4408469999999909
0
LINE
8
BLACK
6
CONTINUOUS
10
152.8886579999999924
20
-83.4408469999999909
11
152.9211739999999793
21
-83.3921840000000003
0
LINE
8
BLACK
6
CONTINUOUS
10
152.9211739999999793
20
-83.3921840000000003
11
152.9698369999999841
21
-83.3596679999999992
0
LINE
8
BLACK
6
CONTINUOUS
10
152.9698369999999841
20
-83.3596679999999992
11
153.0272400000000061
21
-83.3482499999999931
0
LINE
8
BLACK
6
CONTINUOUS
10
153.0272400000000061
20
-83.3482499999999931
11
153.0272400000000061
21
-82.6102499999999935
0
LINE
8
BLACK
6
CONTINUOUS
10
153.0272400000000061
20
-82.6102499999999935
11
152.9397400000000005
21
-82.6102499999999935
0
LINE
8
BLACK
6
CONTINUOUS
10
152.9397400000000005
20
-82.6102499999999935
11
152.8488529999999912
21
-82.5921709999999933
0
LINE
8
BLACK
6
CONTINUOUS
10
152.8488529999999912
20
-82.5921709999999933
11
152.7718019999999797
21
-82.5406880000000029
0
LINE
8
BLACK
6
CONTINUOUS
10
152.7718019999999797
20
-82.5406880000000029
11
152.7203189999999893
21
-82.4636369999999914
0
LINE
8
BLACK
6
CONTINUOUS
10
152.7203189999999893
20
-82.4636369999999914
11
152.7022399999999891
21
-82.3727499999999964
0
LINE
8
BLACK
6
CONTINUOUS
10
152.7022399999999891
20
-82.3727499999999964
11
152.7022399999999891
21
-81.8727499999999964
0
LINE
8
BLACK
6
CONTINUOUS
10
152.7022399999999891
20
-81.8727499999999964
11
152.7203189999999893
21
-81.7818630000000013
0
LINE
8
BLACK
6
CONTINUOUS
10
152.7203189999999893
20
-81.7818630000000013
11
152.7718019999999797
21
-81.7048119999999898
0
LINE
8
BLACK
6
CONTINUOUS
10
152.7718019999999797
20
-81.7048119999999898
11
152.8488529999999912
21
-81.6533289999999994
0
LINE
8
BLACK
6
CONTINUOUS
10
152.8488529999999912
20
-81.6533289999999994
11
152.9397400000000005
21
-81.6352499999999992
0
LINE
8
BLACK
6
CONTINUOUS
10
152.9397400000000005
20
-81.6352499999999992
11
153.4147399999999948
21
-81.6352499999999992
0
LINE
8
BLACK
6
CONTINUOUS
10
153.4147399999999948
20
-81.6352499999999992
11
153.505627000000004
21
-81.6533289999999994
0
LINE
8
BLACK
6
CONTINUOUS
10
153.505627000000004
20
-81.6533289999999994
11
153.5826779999999872
21
-81.7048119999999898
0
LINE
8
BLACK
6
CONTINUOUS
10
153.5826779999999872
20
-81.7048119999999898
11
153.634161000000006
21
-81.7818630000000013
0
LINE
8
BLACK
6
CONTINUOUS
10
153.634161000000006
20
-81.7818630000000013
11
153.6522400000000061
21
-81.8727499999999964
0
LINE
8
BLACK
6
CONTINUOUS
10
153.6522400000000061
20
-81.8727499999999964
11
153.6522400000000061
21
-81.9727499999999907
0
LINE
8
BLACK
6
CONTINUOUS
10
153.6522400000000061
20
-81.9727499999999907
11
154.4802399999999807
21
-81.9727499999999907
0
LINE
8
BLACK
6
CONTINUOUS
10
154.4802399999999807
20
-81.9727499999999907
11
154.4802399999999807
21
-81.8257499999999993
0
LINE
8
BLACK
6
CONTINUOUS
10
154.4802399999999807
20
-81.8257499999999993
11
154.4983189999999809
21
-81.7348629999999901
0
LINE
8
BLACK
6
CONTINUOUS
10
154.4983189999999809
20
-81.7348629999999901
11
154.5498019999999997
21
-81.6578119999999927
0
LINE
8
BLACK
6
CONTINUOUS
10
154.5498019999999997
20
-81.6578119999999927
11
154.6268529999999828
21
-81.6063290000000023
0
LINE
8
BLACK
6
CONTINUOUS
10
154.6268529999999828
20
-81.6063290000000023
11
154.7177399999999921
21
-81.5882500000000022
0
LINE
8
BLACK
6
CONTINUOUS
10
154.7177399999999921
20
-81.5882500000000022
11
155.1927399999999864
21
-81.5882500000000022
0
LINE
8
BLACK
6
CONTINUOUS
10
155.1927399999999864
20
-81.5882500000000022
11
155.2836269999999956
21
-81.6063290000000023
0
LINE
8
BLACK
6
CONTINUOUS
10
142.3788470000000075
20
-81.0838269999999994
11
142.4903539999999964
21
-81.1406429999999972
0
LINE
8
BLACK
6
CONTINUOUS
10
142.4903539999999964
20
-81.1406429999999972
11
142.5788469999999961
21
-81.2291359999999969
0
LINE
8
BLACK
6
CONTINUOUS
10
142.5788469999999961
20
-81.2291359999999969
11
142.6356629999999939
21
-81.340643
0
LINE
8
BLACK
6
CONTINUOUS
10
142.6356629999999939
20
-81.340643
11
142.6552399999999921
21
-81.4642499999999927
0
LINE
8
BLACK
6
CONTINUOUS
10
142.6552399999999921
20
-81.4642499999999927
11
142.6356629999999939
21
-81.5878569999999996
0
LINE
8
BLACK
6
CONTINUOUS
10
142.6356629999999939
20
-81.5878569999999996
11
142.5788469999999961
21
-81.6993640000000028
0
LINE
8
BLACK
6
CONTINUOUS
10
142.5788469999999961
20
-81.6993640000000028
11
142.4903539999999964
21
-81.7878570000000025
0
LINE
8
BLACK
6
CONTINUOUS
10
142.4903539999999964
20
-81.7878570000000025
11
142.3836019999999962
21
-81.8422499999999928
0
LINE
8
BLACK
6
CONTINUOUS
10
142.3836019999999962
20
-81.8422499999999928
11
142.4927399999999977
21
-81.8422499999999928
0
LINE
8
BLACK
6
CONTINUOUS
10
142.4927399999999977
20
-81.8422499999999928
11
142.583627000000007
21
-81.860328999999993
0
LINE
8
BLACK
6
CONTINUOUS
10
142.583627000000007
20
-81.860328999999993
11
142.6606779999999901
21
-81.9118119999999976
0
LINE
8
BLACK
6
CONTINUOUS
10
142.6606779999999901
20
-81.9118119999999976
11
142.7121609999999805
21
-81.9888629999999949
0
LINE
8
BLACK
6
CONTINUOUS
10
142.7121609999999805
20
-81.9888629999999949
11
142.7302399999999807
21
-82.07974999999999
0
LINE
8
BLACK
6
CONTINUOUS
10
142.7302399999999807
20
-82.07974999999999
11
142.7302399999999807
21
-82.57974999999999
0
LINE
8
BLACK
6
CONTINUOUS
10
142.7302399999999807
20
-82.57974999999999
11
142.7121609999999805
21
-82.6706369999999993
0
LINE
8
BLACK
6
CONTINUOUS
10
142.7121609999999805
20
-82.6706369999999993
11
142.6606779999999901
21
-82.7476879999999966
0
LINE
8
BLACK
6
CONTINUOUS
10
142.6606779999999901
20
-82.7476879999999966
11
142.583627000000007
21
-82.7991710000000012
0
LINE
8
BLACK
6
CONTINUOUS
10
142.583627000000007
20
-82.7991710000000012
11
142.4927399999999977
21
-82.8172500000000014
0
LINE
8
BLACK
6
CONTINUOUS
10
142.4927399999999977
20
-82.8172500000000014
11
142.0177400000000034
21
-82.8172500000000014
0
LINE
8
BLACK
6
CONTINUOUS
10
142.0177400000000034
20
-82.8172500000000014
11
141.9268529999999942
21
-82.7991710000000012
0
LINE
8
BLACK
6
CONTINUOUS
10
141.9268529999999942
20
-82.7991710000000012
11
141.8498019999999826
21
-82.7476879999999966
0
LINE
8
BLACK
6
CONTINUOUS
10
141.8498019999999826
20
-82.7476879999999966
11
141.7983189999999922
21
-82.6706369999999993
0
LINE
8
BLACK
6
CONTINUOUS
10
141.7983189999999922
20
-82.6706369999999993
11
141.7802399999999921
21
-82.57974999999999
0
LINE
8
BLACK
6
CONTINUOUS
10
141.7802399999999921
20
-82.57974999999999
11
141.7802399999999921
21
-82.07974999999999
0
LINE
8
BLACK
6
CONTINUOUS
10
141.7802399999999921
20
-82.07974999999999
11
141.7983189999999922
21
-81.9888629999999949
0
LINE
8
BLACK
6
CONTINUOUS
10
141.7983189999999922
20
-81.9888629999999949
11
141.8498019999999826
21
-81.9118119999999976
0
LINE
8
BLACK
6
CONTINUOUS
10
141.8498019999999826
20
-81.9118119999999976
11
141.9268529999999942
21
-81.860328999999993
0
LINE
8
BLACK
6
CONTINUOUS
10
141.9268529999999942
20
-81.860328999999993
11
142.0177400000000034
21
-81.8422499999999928
0
LINE
8
BLACK
6
CONTINUOUS
10
142.0177400000000034
20
-81.8422499999999928
11
142.1268780000000049
21
-81.8422499999999928
0
LINE
8
BLACK
6
CONTINUOUS
10
142.1268780000000049
20
-81.8422499999999928
11
142.0201260000000048
21
-81.7878570000000025
0
LINE
8
BLACK
6
CONTINUOUS
10
142.0201260000000048
20
-81.7878570000000025
11
141.931633000000005
21
-81.6993640000000028
0
LINE
8
BLACK
6
CONTINUOUS
10
141.931633000000005
20
-81.6993640000000028
11
141.8748170000000073
21
-81.5878569999999996
0
LINE
8
BLACK
6
CONTINUOUS
10
141.8748170000000073
20
-81.5878569999999996
11
141.8552399999999807
21
-81.4642499999999927
0
LINE
8
BLACK
6
CONTINUOUS
10
141.8552399999999807
20
-81.4642499999999927
11
141.8748170000000073
21
-81.340643
0
LINE
8
BLACK
6
CONTINUOUS
10
141.8748170000000073
20
-81.340643
11
141.931633000000005
21
-81.2291359999999969
0
LINE
8
BLACK
6
CONTINUOUS
10
141.931633000000005
20
-81.2291359999999969
11
142.0201260000000048
21
-81.1406429999999972
0
LINE
8
BLACK
6
CONTINUOUS
10
142.0201260000000048
20
-81.1406429999999972
11
142.1316329999999937
21
-81.0838269999999994
0
LINE
8
BLACK
6
CONTINUOUS
10
142.1316329999999937
20
-81.0838269999999994
11
142.2552399999999864
21
-81.0642500000000013
0
LINE
8
BLACK
6
CONTINUOUS
10
142.2552399999999864
20
-81.0642500000000013
11
142.3788470000000075
21
-81.0838269999999994
0
LINE
8
BLACK
6
CONTINUOUS
10
156.602846999999997
20
-80.8298269999999945
11
156.7143539999999859
21
-80.8866429999999923
0
LINE
8
BLACK
6
CONTINUOUS
10
156.7143539999999859
20
-80.8866429999999923
11
156.8028469999999857
21
-80.975135999999992
0
LINE
8
BLACK
6
CONTINUOUS
10
156.8028469999999857
20
-80.975135999999992
11
156.8596629999999834
21
-81.0866429999999951
0
LINE
8
BLACK
6
CONTINUOUS
10
156.8596629999999834
20
-81.0866429999999951
11
156.8792399999999816
21
-81.210250000000002
0
LINE
8
BLACK
6
CONTINUOUS
10
156.8792399999999816
20
-81.210250000000002
11
156.8596629999999834
21
-81.3338569999999947
0
LINE
8
BLACK
6
CONTINUOUS
10
156.8596629999999834
20
-81.3338569999999947
11
156.8028469999999857
21
-81.4453639999999979
0
LINE
8
BLACK
6
CONTINUOUS
10
156.8028469999999857
20
-81.4453639999999979
11
156.7143539999999859
21
-81.5338569999999976
0
LINE
8
BLACK
6
CONTINUOUS
10
156.7143539999999859
20
-81.5338569999999976
11
156.6292399999999816
21
-81.5772249999999985
0
LINE
8
BLACK
6
CONTINUOUS
10
156.6292399999999816
20
-81.5772249999999985
11
156.6292399999999816
21
-81.5882500000000022
0
LINE
8
BLACK
6
CONTINUOUS
10
156.6292399999999816
20
-81.5882500000000022
11
156.7167399999999873
21
-81.5882500000000022
0
LINE
8
BLACK
6
CONTINUOUS
10
156.7167399999999873
20
-81.5882500000000022
11
156.8076269999999965
21
-81.6063290000000023
0
LINE
8
BLACK
6
CONTINUOUS
10
156.8076269999999965
20
-81.6063290000000023
11
156.8846779999999796
21
-81.6578119999999927
0
LINE
8
BLACK
6
CONTINUOUS
10
156.8846779999999796
20
-81.6578119999999927
11
156.9361609999999985
21
-81.7348629999999901
0
LINE
8
BLACK
6
CONTINUOUS
10
156.9361609999999985
20
-81.7348629999999901
11
156.9542399999999986
21
-81.8257499999999993
0
LINE
8
BLACK
6
CONTINUOUS
10
156.9542399999999986
20
-81.8257499999999993
11
156.9542399999999986
21
-82.3257499999999993
0
LINE
8
BLACK
6
CONTINUOUS
10
156.9542399999999986
20
-82.3257499999999993
11
156.9361609999999985
21
-82.4166369999999944
0
LINE
8
BLACK
6
CONTINUOUS
10
156.9361609999999985
20
-82.4166369999999944
11
156.8846779999999796
21
-82.4936879999999917
0
LINE
8
BLACK
6
CONTINUOUS
10
156.8846779999999796
20
-82.4936879999999917
11
156.8076269999999965
21
-82.5451709999999963
0
LINE
8
BLACK
6
CONTINUOUS
10
156.8076269999999965
20
-82.5451709999999963
11
156.7167399999999873
21
-82.5632499999999965
0
LINE
8
BLACK
6
CONTINUOUS
10
156.7167399999999873
20
-82.5632499999999965
11
156.241739999999993
21
-82.5632499999999965
0
LINE
8
BLACK
6
CONTINUOUS
10
156.241739999999993
20
-82.5632499999999965
11
156.1508529999999837
21
-82.5451709999999963
0
LINE
8
BLACK
6
CONTINUOUS
10
156.1508529999999837
20
-82.5451709999999963
11
156.0738020000000006
21
-82.4936879999999917
0
LINE
8
BLACK
6
CONTINUOUS
10
156.0738020000000006
20
-82.4936879999999917
11
156.0223189999999818
21
-82.4166369999999944
0
LINE
8
BLACK
6
CONTINUOUS
10
156.0223189999999818
20
-82.4166369999999944
11
156.0042399999999816
21
-82.3257499999999993
0
LINE
8
BLACK
6
CONTINUOUS
10
156.0042399999999816
20
-82.3257499999999993
11
156.0042399999999816
21
-81.8257499999999993
0
LINE
8
BLACK
6
CONTINUOUS
10
156.0042399999999816
20
-81.8257499999999993
11
156.0223189999999818
21
-81.7348629999999901
0
LINE
8
BLACK
6
CONTINUOUS
10
156.0223189999999818
20
-81.7348629999999901
11
156.0738020000000006
21
-81.6578119999999927
0
LINE
8
BLACK
6
CONTINUOUS
10
156.0738020000000006
20
-81.6578119999999927
11
156.1508529999999837
21
-81.6063290000000023
0
LINE
8
BLACK
6
CONTINUOUS
10
156.1508529999999837
20
-81.6063290000000023
11
156.241739999999993
21
-81.5882500000000022
0
LINE
8
BLACK
6
CONTINUOUS
10
156.241739999999993
20
-81.5882500000000022
11
156.3292399999999986
21
-81.5882500000000022
0
LINE
8
BLACK
6
CONTINUOUS
10
156.3292399999999986
20
-81.5882500000000022
11
156.3292399999999986
21
-81.5772249999999985
0
LINE
8
BLACK
6
CONTINUOUS
10
156.3292399999999986
20
-81.5772249999999985
11
156.2441259999999943
21
-81.5338569999999976
0
LINE
8
BLACK
6
CONTINUOUS
10
156.2441259999999943
20
-81.5338569999999976
11
156.1556329999999946
21
-81.4453639999999979
0
LINE
8
BLACK
6
CONTINUOUS
10
156.1556329999999946
20
-81.4453639999999979
11
156.0988169999999968
21
-81.3338569999999947
0
LINE
8
BLACK
6
CONTINUOUS
10
156.0988169999999968
20
-81.3338569999999947
11
156.0792399999999986
21
-81.210250000000002
0
LINE
8
BLACK
6
CONTINUOUS
10
156.0792399999999986
20
-81.210250000000002
11
156.0988169999999968
21
-81.0866429999999951
0
LINE
8
BLACK
6
CONTINUOUS
10
156.0988169999999968
20
-81.0866429999999951
11
156.1556329999999946
21
-80.975135999999992
0
LINE
8
BLACK
6
CONTINUOUS
10
156.1556329999999946
20
-80.975135999999992
11
156.2441259999999943
21
-80.8866429999999923
0
LINE
8
BLACK
6
CONTINUOUS
10
156.2441259999999943
20
-80.8866429999999923
11
156.3556329999999832
21
-80.8298269999999945
0
LINE
8
BLACK
6
CONTINUOUS
10
156.3556329999999832
20
-80.8298269999999945
11
156.4792400000000043
21
-80.8102499999999964
0
LINE
8
BLACK
6
CONTINUOUS
10
156.4792400000000043
20
-80.8102499999999964
11
156.602846999999997
21
-80.8298269999999945
0
LINE
8
BLACK
6
CONTINUOUS
10
145.680847
20
-78.7978269999999981
11
145.7923539999999889
21
-78.8546429999999958
0
LINE
8
BLACK
6
CONTINUOUS
10
145.7923539999999889
20
-78.8546429999999958
11
145.8808469999999886
21
-78.9431359999999955
0
LINE
8
BLACK
6
CONTINUOUS
10
145.8808469999999886
20
-78.9431359999999955
11
145.9376629999999864
21
-79.0546429999999987
0
LINE
8
BLACK
6
CONTINUOUS
10
145.9376629999999864
20
-79.0546429999999987
11
145.9572399999999845
21
-79.1782499999999914
0
LINE
8
BLACK
6
CONTINUOUS
10
145.9572399999999845
20
-79.1782499999999914
11
145.9376629999999864
21
-79.3018569999999983
0
LINE
8
BLACK
6
CONTINUOUS
10
145.9376629999999864
20
-79.3018569999999983
11
145.8808469999999886
21
-79.4133640000000014
0
LINE
8
BLACK
6
CONTINUOUS
10
145.8808469999999886
20
-79.4133640000000014
11
145.7923539999999889
21
-79.5018570000000011
0
LINE
8
BLACK
6
CONTINUOUS
10
145.7923539999999889
20
-79.5018570000000011
11
145.6822400000000073
21
-79.5579630000000009
0
LINE
8
BLACK
6
CONTINUOUS
10
145.6822400000000073
20
-79.5579630000000009
11
145.6822400000000073
21
-79.8102499999999964
0
LINE
8
BLACK
6
CONTINUOUS
10
145.6822400000000073
20
-79.8102499999999964
11
145.7947399999999902
21
-79.8102499999999964
0
LINE
8
BLACK
6
CONTINUOUS
10
145.7947399999999902
20
-79.8102499999999964
11
145.8856269999999995
21
-79.8283289999999965
0
LINE
8
BLACK
6
CONTINUOUS
10
145.8856269999999995
20
-79.8283289999999965
11
145.9626779999999826
21
-79.8798120000000011
0
LINE
8
BLACK
6
CONTINUOUS
10
145.9626779999999826
20
-79.8798120000000011
11
146.0141610000000014
21
-79.9568629999999985
0
LINE
8
BLACK
6
CONTINUOUS
10
146.0141610000000014
20
-79.9568629999999985
11
146.0322400000000016
21
-80.0477499999999935
0
LINE
8
BLACK
6
CONTINUOUS
10
146.0322400000000016
20
-80.0477499999999935
11
146.0322400000000016
21
-80.5477499999999935
0
LINE
8
BLACK
6
CONTINUOUS
10
146.0322400000000016
20
-80.5477499999999935
11
146.0141610000000014
21
-80.6386370000000028
0
LINE
8
BLACK
6
CONTINUOUS
10
146.0141610000000014
20
-80.6386370000000028
11
145.9626779999999826
21
-80.7156880000000001
0
LINE
8
BLACK
6
CONTINUOUS
10
145.9626779999999826
20
-80.7156880000000001
11
145.8856269999999995
21
-80.7671709999999905
0
LINE
8
BLACK
6
CONTINUOUS
10
145.8856269999999995
20
-80.7671709999999905
11
145.7947399999999902
21
-80.7852499999999907
0
LINE
8
BLACK
6
CONTINUOUS
10
145.7947399999999902
20
-80.7852499999999907
11
145.3197399999999959
21
-80.7852499999999907
0
LINE
8
BLACK
6
CONTINUOUS
10
145.3197399999999959
20
-80.7852499999999907
11
145.2288529999999867
21
-80.7671709999999905
0
LINE
8
BLACK
6
CONTINUOUS
10
145.2288529999999867
20
-80.7671709999999905
11
145.1518020000000035
21
-80.7156880000000001
0
LINE
8
BLACK
6
CONTINUOUS
10
145.1518020000000035
20
-80.7156880000000001
11
145.1003189999999847
21
-80.6386370000000028
0
LINE
8
BLACK
6
CONTINUOUS
10
145.1003189999999847
20
-80.6386370000000028
11
145.0822399999999845
21
-80.5477499999999935
0
LINE
8
BLACK
6
CONTINUOUS
10
145.0822399999999845
20
-80.5477499999999935
11
145.0822399999999845
21
-80.0477499999999935
0
LINE
8
BLACK
6
CONTINUOUS
10
145.0822399999999845
20
-80.0477499999999935
11
145.1003189999999847
21
-79.9568629999999985
0
LINE
8
BLACK
6
CONTINUOUS
10
145.1003189999999847
20
-79.9568629999999985
11
145.1518020000000035
21
-79.8798120000000011
0
LINE
8
BLACK
6
CONTINUOUS
10
145.1518020000000035
20
-79.8798120000000011
11
145.2288529999999867
21
-79.8283289999999965
0
LINE
8
BLACK
6
CONTINUOUS
10
145.2288529999999867
20
-79.8283289999999965
11
145.3197399999999959
21
-79.8102499999999964
0
LINE
8
BLACK
6
CONTINUOUS
10
145.3197399999999959
20
-79.8102499999999964
11
145.4322400000000073
21
-79.8102499999999964
0
LINE
8
BLACK
6
CONTINUOUS
10
145.4322400000000073
20
-79.8102499999999964
11
145.4322400000000073
21
-79.5579630000000009
0
LINE
8
BLACK
6
CONTINUOUS
10
145.4322400000000073
20
-79.5579630000000009
11
145.3221259999999972
21
-79.5018570000000011
0
LINE
8
BLACK
6
CONTINUOUS
10
145.3221259999999972
20
-79.5018570000000011
11
145.2336329999999975
21
-79.4133640000000014
0
LINE
8
BLACK
6
CONTINUOUS
10
145.2336329999999975
20
-79.4133640000000014
11
145.1768169999999998
21
-79.3018569999999983
0
LINE
8
BLACK
6
CONTINUOUS
10
145.1768169999999998
20
-79.3018569999999983
11
145.1572400000000016
21
-79.1782499999999914
0
LINE
8
BLACK
6
CONTINUOUS
10
145.1572400000000016
20
-79.1782499999999914
11
145.1768169999999998
21
-79.0546429999999987
0
LINE
8
BLACK
6
CONTINUOUS
10
145.1768169999999998
20
-79.0546429999999987
11
145.2336329999999975
21
-78.9431359999999955
0
LINE
8
BLACK
6
CONTINUOUS
10
145.2336329999999975
20
-78.9431359999999955
11
145.3221259999999972
21
-78.8546429999999958
0
LINE
8
BLACK
6
CONTINUOUS
10
145.3221259999999972
20
-78.8546429999999958
11
145.4336329999999862
21
-78.7978269999999981
0
LINE
8
BLACK
6
CONTINUOUS
10
145.4336329999999862
20
-78.7978269999999981
11
145.5572400000000073
21
-78.7782499999999999
0
LINE
8
BLACK
6
CONTINUOUS
10
145.5572400000000073
20
-78.7782499999999999
11
145.680847
21
-78.7978269999999981
0
LINE
8
BLACK
6
CONTINUOUS
10
153.3008470000000045
20
-78.7978269999999981
11
153.4123539999999934
21
-78.8546429999999958
0
LINE
8
BLACK
6
CONTINUOUS
10
153.4123539999999934
20
-78.8546429999999958
11
153.5008469999999932
21
-78.9431359999999955
0
LINE
8
BLACK
6
CONTINUOUS
10
153.5008469999999932
20
-78.9431359999999955
11
153.5576629999999909
21
-79.0546429999999987
0
LINE
8
BLACK
6
CONTINUOUS
10
153.5576629999999909
20
-79.0546429999999987
11
153.5772399999999891
21
-79.1782499999999914
0
LINE
8
BLACK
6
CONTINUOUS
10
153.5772399999999891
20
-79.1782499999999914
11
153.5576629999999909
21
-79.3018569999999983
0
LINE
8
BLACK
6
CONTINUOUS
10
153.5576629999999909
20
-79.3018569999999983
11
153.5008469999999932
21
-79.4133640000000014
0
LINE
8
BLACK
6
CONTINUOUS
10
153.5008469999999932
20
-79.4133640000000014
11
153.4123539999999934
21
-79.5018570000000011
0
LINE
8
BLACK
6
CONTINUOUS
10
153.4123539999999934
20
-79.5018570000000011
11
153.3022399999999834
21
-79.5579630000000009
0
LINE
8
BLACK
6
CONTINUOUS
10
153.3022399999999834
20
-79.5579630000000009
11
153.3022399999999834
21
-79.8102499999999964
0
LINE
8
BLACK
6
CONTINUOUS
10
153.3022399999999834
20
-79.8102499999999964
11
153.4147399999999948
21
-79.8102499999999964
0
LINE
8
BLACK
6
CONTINUOUS
10
153.4147399999999948
20
-79.8102499999999964
11
153.505627000000004
21
-79.8283289999999965
0
LINE
8
BLACK
6
CONTINUOUS
10
153.505627000000004
20
-79.8283289999999965
11
153.5826779999999872
21
-79.8798120000000011
0
LINE
8
BLACK
6
CONTINUOUS
10
153.5826779999999872
20
-79.8798120000000011
11
153.634161000000006
21
-79.9568629999999985
0
LINE
8
BLACK
6
CONTINUOUS
10
153.634161000000006
20
-79.9568629999999985
11
153.6522400000000061
21
-80.0477499999999935
0
LINE
8
BLACK
6
CONTINUOUS
10
153.6522400000000061
20
-80.0477499999999935
11
153.6522400000000061
21
-80.5477499999999935
0
LINE
8
BLACK
6
CONTINUOUS
10
153.6522400000000061
20
-80.5477499999999935
11
153.634161000000006
21
-80.6386370000000028
0
LINE
8
BLACK
6
CONTINUOUS
10
153.634161000000006
20
-80.6386370000000028
11
153.5826779999999872
21
-80.7156880000000001
0
LINE
8
BLACK
6
CONTINUOUS
10
153.5826779999999872
20
-80.7156880000000001
11
153.505627000000004
21
-80.7671709999999905
0
LINE
8
BLACK
6
CONTINUOUS
10
153.505627000000004
20
-80.7671709999999905
11
153.4147399999999948
21
-80.7852499999999907
0
LINE
8
BLACK
6
CONTINUOUS
10
153.4147399999999948
20
-80.7852499999999907
11
152.9397400000000005
21
-80.7852499999999907
0
LINE
8
BLACK
6
CONTINUOUS
10
152.9397400000000005
20
-80.7852499999999907
11
152.8488529999999912
21
-80.7671709999999905
0
LINE
8
BLACK
6
CONTINUOUS
10
152.8488529999999912
20
-80.7671709999999905
11
152.7718019999999797
21
-80.7156880000000001
0
LINE
8
BLACK
6
CONTINUOUS
10
152.7718019999999797
20
-80.7156880000000001
11
152.7203189999999893
21
-80.6386370000000028
0
LINE
8
BLACK
6
CONTINUOUS
10
152.7203189999999893
20
-80.6386370000000028
11
152.7022399999999891
21
-80.5477499999999935
0
LINE
8
BLACK
6
CONTINUOUS
10
152.7022399999999891
20
-80.5477499999999935
11
152.7022399999999891
21
-80.0477499999999935
0
LINE
8
BLACK
6
CONTINUOUS
10
152.7022399999999891
20
-80.0477499999999935
11
152.7203189999999893
21
-79.9568629999999985
0
LINE
8
BLACK
6
CONTINUOUS
10
152.7203189999999893
20
-79.9568629999999985
11
152.7718019999999797
21
-79.8798120000000011
0
LINE
8
BLACK
6
CONTINUOUS
10
152.7718019999999797
20
-79.8798120000000011
11
152.8488529999999912
21
-79.8283289999999965
0
LINE
8
BLACK
6
CONTINUOUS
10
152.8488529999999912
20
-79.8283289999999965
11
152.9397400000000005
21
-79.8102499999999964
0
LINE
8
BLACK
6
CONTINUOUS
10
152.9397400000000005
20
-79.8102499999999964
11
153.0522399999999834
21
-79.8102499999999964
0
LINE
8
BLACK
6
CONTINUOUS
10
153.0522399999999834
20
-79.8102499999999964
11
153.0522399999999834
21
-79.5579630000000009
0
LINE
8
BLACK
6
CONTINUOUS
10
153.0522399999999834
20
-79.5579630000000009
11
152.9421260000000018
21
-79.5018570000000011
0
LINE
8
BLACK
6
CONTINUOUS
10
152.9421260000000018
20
-79.5018570000000011
11
152.8536330000000021
21
-79.4133640000000014
0
LINE
8
BLACK
6
CONTINUOUS
10
152.8536330000000021
20
-79.4133640000000014
11
152.7968170000000043
21
-79.3018569999999983
0
LINE
8
BLACK
6
CONTINUOUS
10
152.7968170000000043
20
-79.3018569999999983
11
152.7772400000000061
21
-79.1782499999999914
0
LINE
8
BLACK
6
CONTINUOUS
10
152.7772400000000061
20
-79.1782499999999914
11
152.7968170000000043
21
-79.0546429999999987
0
LINE
8
BLACK
6
CONTINUOUS
10
152.7968170000000043
20
-79.0546429999999987
11
152.8536330000000021
21
-78.9431359999999955
0
LINE
8
BLACK
6
CONTINUOUS
10
152.8536330000000021
20
-78.9431359999999955
11
152.9421260000000018
21
-78.8546429999999958
0
LINE
8
BLACK
6
CONTINUOUS
10
152.9421260000000018
20
-78.8546429999999958
11
153.0536329999999907
21
-78.7978269999999981
0
LINE
8
BLACK
6
CONTINUOUS
10
153.0536329999999907
20
-78.7978269999999981
11
153.1772399999999834
21
-78.7782499999999999
0
LINE
8
BLACK
6
CONTINUOUS
10
153.1772399999999834
20
-78.7782499999999999
11
153.3008470000000045
21
-78.7978269999999981
0
LINE
8
BLACK
6
CONTINUOUS
10
143.9806269999999984
20
-74.6918289999999985
11
144.0576779999999815
21
-74.7433120000000031
0
LINE
8
BLACK
6
CONTINUOUS
10
144.0576779999999815
20
-74.7433120000000031
11
144.1091610000000003
21
-74.8203630000000004
0
LINE
8
BLACK
6
CONTINUOUS
10
144.1091610000000003
20
-74.8203630000000004
11
144.1272400000000005
21
-74.9112499999999955
0
LINE
8
BLACK
6
CONTINUOUS
10
144.1272400000000005
20
-74.9112499999999955
11
144.1272400000000005
21
-75.4112499999999955
0
LINE
8
BLACK
6
CONTINUOUS
10
144.1272400000000005
20
-75.4112499999999955
11
144.1091610000000003
21
-75.5021369999999905
0
LINE
8
BLACK
6
CONTINUOUS
10
144.1091610000000003
20
-75.5021369999999905
11
144.0576779999999815
21
-75.579188000000002
0
LINE
8
BLACK
6
CONTINUOUS
10
144.0576779999999815
20
-75.579188000000002
11
143.9806269999999984
21
-75.6306709999999924
0
LINE
8
BLACK
6
CONTINUOUS
10
143.9806269999999984
20
-75.6306709999999924
11
143.8897399999999891
21
-75.6487499999999926
0
LINE
8
BLACK
6
CONTINUOUS
10
143.8897399999999891
20
-75.6487499999999926
11
143.8022399999999834
21
-75.6487499999999926
0
LINE
8
BLACK
6
CONTINUOUS
10
143.8022399999999834
20
-75.6487499999999926
11
143.8022399999999834
21
-76.3291660000000007
0
LINE
8
BLACK
6
CONTINUOUS
10
143.8022399999999834
20
-76.3291660000000007
11
143.8156270000000063
21
-76.331828999999999
0
LINE
8
BLACK
6
CONTINUOUS
10
143.8156270000000063
20
-76.331828999999999
11
143.8926779999999894
21
-76.3833119999999894
0
LINE
8
BLACK
6
CONTINUOUS
10
143.8926779999999894
20
-76.3833119999999894
11
143.9441609999999798
21
-76.460363000000001
0
LINE
8
BLACK
6
CONTINUOUS
10
143.9441609999999798
20
-76.460363000000001
11
143.96223999999998
21
-76.551249999999996
0
LINE
8
BLACK
6
CONTINUOUS
10
143.96223999999998
20
-76.551249999999996
11
143.96223999999998
21
-77.0262499999999903
0
LINE
8
BLACK
6
CONTINUOUS
10
143.96223999999998
20
-77.0262499999999903
11
143.9441609999999798
21
-77.1171369999999996
0
LINE
8
BLACK
6
CONTINUOUS
10
143.9441609999999798
20
-77.1171369999999996
11
143.8926779999999894
21
-77.1941879999999969
0
LINE
8
BLACK
6
CONTINUOUS
10
143.8926779999999894
20
-77.1941879999999969
11
143.8156270000000063
21
-77.2456710000000015
0
LINE
8
BLACK
6
CONTINUOUS
10
143.8156270000000063
20
-77.2456710000000015
11
143.7247399999999971
21
-77.2637500000000017
0
LINE
8
BLACK
6
CONTINUOUS
10
143.7247399999999971
20
-77.2637500000000017
11
143.5747399999999914
21
-77.2637500000000017
0
LINE
8
BLACK
6
CONTINUOUS
10
143.5747399999999914
20
-77.2637500000000017
11
143.5747399999999914
21
-77.5547770000000014
0
LINE
8
BLACK
6
CONTINUOUS
10
143.5747399999999914
20
-77.5547770000000014
11
143.6333539999999971
21
-77.5846429999999998
0
LINE
8
BLACK
6
CONTINUOUS
10
143.6333539999999971
20
-77.5846429999999998
11
143.7218469999999968
21
-77.6731359999999995
0
LINE
8
BLACK
6
CONTINUOUS
10
143.7218469999999968
20
-77.6731359999999995
11
143.7786629999999946
21
-77.7846430000000026
0
LINE
8
BLACK
6
CONTINUOUS
10
143.7786629999999946
20
-77.7846430000000026
11
143.7982399999999927
21
-77.9082499999999953
0
LINE
8
BLACK
6
CONTINUOUS
10
143.7982399999999927
20
-77.9082499999999953
11
143.7786629999999946
21
-78.0318570000000022
0
LINE
8
BLACK
6
CONTINUOUS
10
143.7786629999999946
20
-78.0318570000000022
11
143.7218469999999968
21
-78.1433639999999912
0
LINE
8
BLACK
6
CONTINUOUS
10
143.7218469999999968
20
-78.1433639999999912
11
143.6333539999999971
21
-78.2318569999999909
0
LINE
8
BLACK
6
CONTINUOUS
10
143.6333539999999971
20
-78.2318569999999909
11
143.5218469999999797
21
-78.2886730000000028
0
LINE
8
BLACK
6
CONTINUOUS
10
143.5218469999999797
20
-78.2886730000000028
11
143.398239999999987
21
-78.308250000000001
0
LINE
8
BLACK
6
CONTINUOUS
10
143.398239999999987
20
-78.308250000000001
11
143.2746329999999944
21
-78.2886730000000028
0
LINE
8
BLACK
6
CONTINUOUS
10
143.2746329999999944
20
-78.2886730000000028
11
143.1631260000000054
21
-78.2318569999999909
0
LINE
8
BLACK
6
CONTINUOUS
10
143.1631260000000054
20
-78.2318569999999909
11
143.0746330000000057
21
-78.1433639999999912
0
LINE
8
BLACK
6
CONTINUOUS
10
143.0746330000000057
20
-78.1433639999999912
11
143.0178169999999795
21
-78.0318570000000022
0
LINE
8
BLACK
6
CONTINUOUS
10
143.0178169999999795
20
-78.0318570000000022
11
142.9982399999999814
21
-77.9082499999999953
0
LINE
8
BLACK
6
CONTINUOUS
10
142.9982399999999814
20
-77.9082499999999953
11
143.0178169999999795
21
-77.7846430000000026
0
LINE
8
BLACK
6
CONTINUOUS
10
143.0178169999999795
20
-77.7846430000000026
11
143.0746330000000057
21
-77.6731359999999995
0
LINE
8
BLACK
6
CONTINUOUS
10
143.0746330000000057
20
-77.6731359999999995
11
143.1631260000000054
21
-77.5846429999999998
0
LINE
8
BLACK
6
CONTINUOUS
10
143.1631260000000054
20
-77.5846429999999998
11
143.2746329999999944
21
-77.527827000000002
0
LINE
8
BLACK
6
CONTINUOUS
10
143.2746329999999944
20
-77.527827000000002
11
143.27473999999998
21
-77.5278100000000023
0
LINE
8
BLACK
6
CONTINUOUS
10
143.27473999999998
20
-77.5278100000000023
11
143.27473999999998
21
-77.2637500000000017
0
LINE
8
BLACK
6
CONTINUOUS
10
143.27473999999998
20
-77.2637500000000017
11
143.1247400000000027
21
-77.2637500000000017
0
LINE
8
BLACK
6
CONTINUOUS
10
143.1247400000000027
20
-77.2637500000000017
11
143.0338529999999935
21
-77.2456710000000015
0
LINE
8
BLACK
6
CONTINUOUS
10
143.0338529999999935
20
-77.2456710000000015
11
142.9568019999999819
21
-77.1941879999999969
0
LINE
8
BLACK
6
CONTINUOUS
10
142.9568019999999819
20
-77.1941879999999969
11
142.9053189999999915
21
-77.1171369999999996
0
LINE
8
BLACK
6
CONTINUOUS
10
142.9053189999999915
20
-77.1171369999999996
11
142.8872399999999914
21
-77.0262499999999903
0
LINE
8
BLACK
6
CONTINUOUS
10
142.8872399999999914
20
-77.0262499999999903
11
142.8872399999999914
21
-76.551249999999996
0
LINE
8
BLACK
6
CONTINUOUS
10
142.8872399999999914
20
-76.551249999999996
11
142.9053189999999915
21
-76.460363000000001
0
LINE
8
BLACK
6
CONTINUOUS
10
142.9053189999999915
20
-76.460363000000001
11
142.9568019999999819
21
-76.3833119999999894
0
LINE
8
BLACK
6
CONTINUOUS
10
142.9568019999999819
20
-76.3833119999999894
11
143.0338529999999935
21
-76.331828999999999
0
LINE
8
BLACK
6
CONTINUOUS
10
143.0338529999999935
20
-76.331828999999999
11
143.1247400000000027
21
-76.3137499999999989
0
LINE
8
BLACK
6
CONTINUOUS
10
143.1247400000000027
20
-76.3137499999999989
11
143.5022400000000005
21
-76.3137499999999989
0
LINE
8
BLACK
6
CONTINUOUS
10
143.5022400000000005
20
-76.3137499999999989
11
143.5022400000000005
21
-75.6487499999999926
0
LINE
8
BLACK
6
CONTINUOUS
10
143.5022400000000005
20
-75.6487499999999926
11
143.4147399999999948
21
-75.6487499999999926
0
LINE
8
BLACK
6
CONTINUOUS
10
143.4147399999999948
20
-75.6487499999999926
11
143.3238529999999855
21
-75.6306709999999924
0
LINE
8
BLACK
6
CONTINUOUS
10
143.3238529999999855
20
-75.6306709999999924
11
143.2468020000000024
21
-75.579188000000002
0
LINE
8
BLACK
6
CONTINUOUS
10
143.2468020000000024
20
-75.579188000000002
11
143.1953189999999836
21
-75.5021369999999905
0
LINE
8
BLACK
6
CONTINUOUS
10
143.1953189999999836
20
-75.5021369999999905
11
143.1772399999999834
21
-75.4112499999999955
0
LINE
8
BLACK
6
CONTINUOUS
10
143.1772399999999834
20
-75.4112499999999955
11
143.1772399999999834
21
-74.9112499999999955
0
LINE
8
BLACK
6
CONTINUOUS
10
143.1772399999999834
20
-74.9112499999999955
11
143.1953189999999836
21
-74.8203630000000004
0
LINE
8
BLACK
6
CONTINUOUS
10
143.1953189999999836
20
-74.8203630000000004
11
143.2468020000000024
21
-74.7433120000000031
0
LINE
8
BLACK
6
CONTINUOUS
10
143.2468020000000024
20
-74.7433120000000031
11
143.3238529999999855
21
-74.6918289999999985
0
LINE
8
BLACK
6
CONTINUOUS
10
143.3238529999999855
20
-74.6918289999999985
11
143.4147399999999948
21
-74.6737499999999983
0
LINE
8
BLACK
6
CONTINUOUS
10
143.4147399999999948
20
-74.6737499999999983
11
143.8897399999999891
21
-74.6737499999999983
0
LINE
8
BLACK
6
CONTINUOUS
10
143.8897399999999891
20
-74.6737499999999983
11
143.9806269999999984
21
-74.6918289999999985
0
LINE
8
BLACK
6
CONTINUOUS
10
145.8856269999999995
20
-74.5918289999999899
11
145.9626779999999826
21
-74.6433119999999946
0
LINE
8
BLACK
6
CONTINUOUS
10
145.9626779999999826
20
-74.6433119999999946
11
146.0141610000000014
21
-74.7203629999999919
0
LINE
8
BLACK
6
CONTINUOUS
10
146.0141610000000014
20
-74.7203629999999919
11
146.0322400000000016
21
-74.8112500000000011
0
LINE
8
BLACK
6
CONTINUOUS
10
146.0322400000000016
20
-74.8112500000000011
11
146.0322400000000016
21
-75.4112499999999955
0
LINE
8
BLACK
6
CONTINUOUS
10
146.0322400000000016
20
-75.4112499999999955
11
146.0141610000000014
21
-75.5021369999999905
0
LINE
8
BLACK
6
CONTINUOUS
10
146.0141610000000014
20
-75.5021369999999905
11
145.9626779999999826
21
-75.579188000000002
0
LINE
8
BLACK
6
CONTINUOUS
10
145.9626779999999826
20
-75.579188000000002
11
145.8856269999999995
21
-75.6306709999999924
0
LINE
8
BLACK
6
CONTINUOUS
10
145.8856269999999995
20
-75.6306709999999924
11
145.7947399999999902
21
-75.6487499999999926
0
LINE
8
BLACK
6
CONTINUOUS
10
145.7947399999999902
20
-75.6487499999999926
11
145.7072399999999845
21
-75.6487499999999926
0
LINE
8
BLACK
6
CONTINUOUS
10
145.7072399999999845
20
-75.6487499999999926
11
145.7072399999999845
21
-76.3812499999999943
0
LINE
8
BLACK
6
CONTINUOUS
10
145.7072399999999845
20
-76.3812499999999943
11
145.7043579999999849
21
-76.4105139999999921
0
LINE
8
BLACK
6
CONTINUOUS
10
145.7043579999999849
20
-76.4105139999999921
11
145.7026709999999809
21
-76.4145859999999999
0
LINE
8
BLACK
6
CONTINUOUS
10
145.7026709999999809
20
-76.4145859999999999
11
145.6819610000000011
21
-76.4645849999999996
0
LINE
8
BLACK
6
CONTINUOUS
10
145.6819610000000011
20
-76.4645849999999996
11
145.6723340000000064
21
-76.4763149999999996
0
LINE
8
BLACK
6
CONTINUOUS
10
145.6723340000000064
20
-76.4763149999999996
11
145.6872400000000027
21
-76.551249999999996
0
LINE
8
BLACK
6
CONTINUOUS
10
145.6872400000000027
20
-76.551249999999996
11
145.6872400000000027
21
-76.6387500000000017
0
LINE
8
BLACK
6
CONTINUOUS
10
145.6872400000000027
20
-76.6387500000000017
11
145.9149679999999876
21
-76.6387500000000017
0
LINE
8
BLACK
6
CONTINUOUS
10
145.9149679999999876
20
-76.6387500000000017
11
145.9235769999999945
21
-76.5843929999999915
0
LINE
8
BLACK
6
CONTINUOUS
10
145.9235769999999945
20
-76.5843929999999915
11
145.9803929999999923
21
-76.4728860000000026
0
LINE
8
BLACK
6
CONTINUOUS
10
145.9803929999999923
20
-76.4728860000000026
11
146.068885999999992
21
-76.3843930000000029
0
LINE
8
BLACK
6
CONTINUOUS
10
146.068885999999992
20
-76.3843930000000029
11
146.1803929999999809
21
-76.3275769999999909
0
LINE
8
BLACK
6
CONTINUOUS
10
146.1803929999999809
20
-76.3275769999999909
11
146.304000000000002
21
-76.3079999999999927
0
LINE
8
BLACK
6
CONTINUOUS
10
146.304000000000002
20
-76.3079999999999927
11
146.4276069999999947
21
-76.3275769999999909
0
LINE
8
BLACK
6
CONTINUOUS
10
146.4276069999999947
20
-76.3275769999999909
11
146.5391139999999837
21
-76.3843930000000029
0
LINE
8
BLACK
6
CONTINUOUS
10
146.5391139999999837
20
-76.3843930000000029
11
146.6276069999999834
21
-76.4728860000000026
0
LINE
8
BLACK
6
CONTINUOUS
10
146.6276069999999834
20
-76.4728860000000026
11
146.6844229999999811
21
-76.5843929999999915
0
LINE
8
BLACK
6
CONTINUOUS
10
146.6844229999999811
20
-76.5843929999999915
11
146.7039999999999793
21
-76.7079999999999984
0
LINE
8
BLACK
6
CONTINUOUS
10
146.7039999999999793
20
-76.7079999999999984
11
146.6844229999999811
21
-76.8316069999999911
0
LINE
8
BLACK
6
CONTINUOUS
10
146.6844229999999811
20
-76.8316069999999911
11
146.6276069999999834
21
-76.9431139999999942
0
LINE
8
BLACK
6
CONTINUOUS
10
146.6276069999999834
20
-76.9431139999999942
11
146.5391139999999837
21
-77.0316069999999939
0
LINE
8
BLACK
6
CONTINUOUS
10
146.5391139999999837
20
-77.0316069999999939
11
146.4276069999999947
21
-77.0884229999999917
0
LINE
8
BLACK
6
CONTINUOUS
10
146.4276069999999947
20
-77.0884229999999917
11
146.304000000000002
21
-77.1079999999999899
0
LINE
8
BLACK
6
CONTINUOUS
10
146.304000000000002
20
-77.1079999999999899
11
146.1803929999999809
21
-77.0884229999999917
0
LINE
8
BLACK
6
CONTINUOUS
10
146.1803929999999809
20
-77.0884229999999917
11
146.068885999999992
21
-77.0316069999999939
0
LINE
8
BLACK
6
CONTINUOUS
10
146.068885999999992
20
-77.0316069999999939
11
145.9803929999999923
21
-76.9431139999999942
0
LINE
8
BLACK
6
CONTINUOUS
10
145.9803929999999923
20
-76.9431139999999942
11
145.9781689999999799
21
-76.9387499999999989
0
LINE
8
BLACK
6
CONTINUOUS
10
145.9781689999999799
20
-76.9387499999999989
11
145.6872400000000027
21
-76.9387499999999989
0
LINE
8
BLACK
6
CONTINUOUS
10
145.6872400000000027
20
-76.9387499999999989
11
145.6872400000000027
21
-77.0262499999999903
0
LINE
8
BLACK
6
CONTINUOUS
10
145.6872400000000027
20
-77.0262499999999903
11
145.6691610000000026
21
-77.1171369999999996
0
LINE
8
BLACK
6
CONTINUOUS
10
145.6691610000000026
20
-77.1171369999999996
11
145.6176779999999837
21
-77.1941879999999969
0
LINE
8
BLACK
6
CONTINUOUS
10
145.6176779999999837
20
-77.1941879999999969
11
145.5406270000000006
21
-77.2456710000000015
0
LINE
8
BLACK
6
CONTINUOUS
10
145.5406270000000006
20
-77.2456710000000015
11
145.4497399999999914
21
-77.2637500000000017
0
LINE
8
BLACK
6
CONTINUOUS
10
145.4497399999999914
20
-77.2637500000000017
11
144.8497399999999971
21
-77.2637500000000017
0
LINE
8
BLACK
6
CONTINUOUS
10
144.8497399999999971
20
-77.2637500000000017
11
144.7588529999999878
21
-77.2456710000000015
0
LINE
8
BLACK
6
CONTINUOUS
10
144.7588529999999878
20
-77.2456710000000015
11
144.6818020000000047
21
-77.1941879999999969
0
LINE
8
BLACK
6
CONTINUOUS
10
144.6818020000000047
20
-77.1941879999999969
11
144.6303189999999859
21
-77.1171369999999996
0
LINE
8
BLACK
6
CONTINUOUS
10
144.6303189999999859
20
-77.1171369999999996
11
144.6122399999999857
21
-77.0262499999999903
0
LINE
8
BLACK
6
CONTINUOUS
10
144.6122399999999857
20
-77.0262499999999903
11
144.6122399999999857
21
-76.551249999999996
0
LINE
8
BLACK
6
CONTINUOUS
10
144.6122399999999857
20
-76.551249999999996
11
144.6303189999999859
21
-76.460363000000001
0
LINE
8
BLACK
6
CONTINUOUS
10
144.6303189999999859
20
-76.460363000000001
11
144.6818020000000047
21
-76.3833119999999894
0
LINE
8
BLACK
6
CONTINUOUS
10
144.6818020000000047
20
-76.3833119999999894
11
144.7588529999999878
21
-76.331828999999999
0
LINE
8
BLACK
6
CONTINUOUS
10
144.7588529999999878
20
-76.331828999999999
11
144.8497399999999971
21
-76.3137499999999989
0
LINE
8
BLACK
6
CONTINUOUS
10
144.8497399999999971
20
-76.3137499999999989
11
145.4072400000000016
21
-76.3137499999999989
0
LINE
8
BLACK
6
CONTINUOUS
10
145.4072400000000016
20
-76.3137499999999989
11
145.4072400000000016
21
-75.6487499999999926
0
LINE
8
BLACK
6
CONTINUOUS
10
145.4072400000000016
20
-75.6487499999999926
11
145.3197399999999959
21
-75.6487499999999926
0
LINE
8
BLACK
6
CONTINUOUS
10
145.3197399999999959
20
-75.6487499999999926
11
145.2288529999999867
21
-75.6306709999999924
0
LINE
8
BLACK
6
CONTINUOUS
10
145.2288529999999867
20
-75.6306709999999924
11
145.1518020000000035
21
-75.579188000000002
0
LINE
8
BLACK
6
CONTINUOUS
10
145.1518020000000035
20
-75.579188000000002
11
145.1003189999999847
21
-75.5021369999999905
0
LINE
8
BLACK
6
CONTINUOUS
10
145.1003189999999847
20
-75.5021369999999905
11
145.0822399999999845
21
-75.4112499999999955
0
LINE
8
BLACK
6
CONTINUOUS
10
145.0822399999999845
20
-75.4112499999999955
11
145.0822399999999845
21
-74.8112500000000011
0
LINE
8
BLACK
6
CONTINUOUS
10
145.0822399999999845
20
-74.8112500000000011
11
145.1003189999999847
21
-74.7203629999999919
0
LINE
8
BLACK
6
CONTINUOUS
10
145.1003189999999847
20
-74.7203629999999919
11
145.1518020000000035
21
-74.6433119999999946
0
LINE
8
BLACK
6
CONTINUOUS
10
145.1518020000000035
20
-74.6433119999999946
11
145.2288529999999867
21
-74.5918289999999899
0
LINE
8
BLACK
6
CONTINUOUS
10
145.2288529999999867
20
-74.5918289999999899
11
145.3197399999999959
21
-74.5737499999999898
0
LINE
8
BLACK
6
CONTINUOUS
10
145.3197399999999959
20
-74.5737499999999898
11
145.7947399999999902
21
-74.5737499999999898
0
LINE
8
BLACK
6
CONTINUOUS
10
145.7947399999999902
20
-74.5737499999999898
11
145.8856269999999995
21
-74.5918289999999899
0
LINE
8
BLACK
6
CONTINUOUS
10
153.3786269999999945
20
-74.5418289999999928
11
153.455678000000006
21
-74.5933119999999974
0
LINE
8
BLACK
6
CONTINUOUS
10
153.455678000000006
20
-74.5933119999999974
11
153.5071609999999964
21
-74.6703629999999947
0
LINE
8
BLACK
6
CONTINUOUS
10
153.5071609999999964
20
-74.6703629999999947
11
153.5252399999999966
21
-74.7612499999999898
0
LINE
8
BLACK
6
CONTINUOUS
10
153.5252399999999966
20
-74.7612499999999898
11
153.5252399999999966
21
-75.3612499999999983
0
LINE
8
BLACK
6
CONTINUOUS
10
153.5252399999999966
20
-75.3612499999999983
11
153.5071609999999964
21
-75.4521369999999933
0
LINE
8
BLACK
6
CONTINUOUS
10
153.5071609999999964
20
-75.4521369999999933
11
153.455678000000006
21
-75.5291879999999907
0
LINE
8
BLACK
6
CONTINUOUS
10
153.455678000000006
20
-75.5291879999999907
11
153.3786269999999945
21
-75.5806709999999953
0
LINE
8
BLACK
6
CONTINUOUS
10
153.3786269999999945
20
-75.5806709999999953
11
153.2877399999999852
21
-75.5987499999999955
0
LINE
8
BLACK
6
CONTINUOUS
10
153.2877399999999852
20
-75.5987499999999955
11
153.2002399999999795
21
-75.5987499999999955
0
LINE
8
BLACK
6
CONTINUOUS
10
153.2002399999999795
20
-75.5987499999999955
11
153.2002399999999795
21
-76.2637500000000017
0
LINE
8
BLACK
6
CONTINUOUS
10
153.2002399999999795
20
-76.2637500000000017
11
153.7577399999999841
21
-76.2637500000000017
0
LINE
8
BLACK
6
CONTINUOUS
10
153.7577399999999841
20
-76.2637500000000017
11
153.8486269999999934
21
-76.2818290000000019
0
LINE
8
BLACK
6
CONTINUOUS
10
153.8486269999999934
20
-76.2818290000000019
11
153.9256780000000049
21
-76.3333119999999923
0
LINE
8
BLACK
6
CONTINUOUS
10
153.9256780000000049
20
-76.3333119999999923
11
153.9771609999999953
21
-76.4103629999999896
0
LINE
8
BLACK
6
CONTINUOUS
10
153.9771609999999953
20
-76.4103629999999896
11
153.9952399999999955
21
-76.5012499999999989
0
LINE
8
BLACK
6
CONTINUOUS
10
153.9952399999999955
20
-76.5012499999999989
11
153.9952399999999955
21
-76.9762499999999932
0
LINE
8
BLACK
6
CONTINUOUS
10
153.9952399999999955
20
-76.9762499999999932
11
153.9771609999999953
21
-77.0671370000000024
0
LINE
8
BLACK
6
CONTINUOUS
10
153.9771609999999953
20
-77.0671370000000024
11
153.9256780000000049
21
-77.1441879999999998
0
LINE
8
BLACK
6
CONTINUOUS
10
153.9256780000000049
20
-77.1441879999999998
11
153.8486269999999934
21
-77.1956709999999902
0
LINE
8
BLACK
6
CONTINUOUS
10
153.8486269999999934
20
-77.1956709999999902
11
153.7577399999999841
21
-77.2137499999999903
0
LINE
8
BLACK
6
CONTINUOUS
10
153.7577399999999841
20
-77.2137499999999903
11
153.1577399999999898
21
-77.2137499999999903
0
LINE
8
BLACK
6
CONTINUOUS
10
153.1577399999999898
20
-77.2137499999999903
11
153.0668529999999805
21
-77.1956709999999902
0
LINE
8
BLACK
6
CONTINUOUS
10
153.0668529999999805
20
-77.1956709999999902
11
152.9898019999999974
21
-77.1441879999999998
0
LINE
8
BLACK
6
CONTINUOUS
10
152.9898019999999974
20
-77.1441879999999998
11
152.938319000000007
21
-77.0671370000000024
0
LINE
8
BLACK
6
CONTINUOUS
10
152.938319000000007
20
-77.0671370000000024
11
152.9202400000000068
21
-76.9762499999999932
0
LINE
8
BLACK
6
CONTINUOUS
10
152.9202400000000068
20
-76.9762499999999932
11
152.9202400000000068
21
-76.8887500000000017
0
LINE
8
BLACK
6
CONTINUOUS
10
152.9202400000000068
20
-76.8887500000000017
11
152.4973070000000064
21
-76.8887500000000017
0
LINE
8
BLACK
6
CONTINUOUS
10
152.4973070000000064
20
-76.8887500000000017
11
152.4696069999999963
21
-76.9431139999999942
0
LINE
8
BLACK
6
CONTINUOUS
10
152.4696069999999963
20
-76.9431139999999942
11
152.3811139999999966
21
-77.0316069999999939
0
LINE
8
BLACK
6
CONTINUOUS
10
152.3811139999999966
20
-77.0316069999999939
11
152.2696069999999793
21
-77.0884229999999917
0
LINE
8
BLACK
6
CONTINUOUS
10
152.2696069999999793
20
-77.0884229999999917
11
152.1459999999999866
21
-77.1079999999999899
0
LINE
8
BLACK
6
CONTINUOUS
10
152.1459999999999866
20
-77.1079999999999899
11
152.0223929999999939
21
-77.0884229999999917
0
LINE
8
BLACK
6
CONTINUOUS
10
152.0223929999999939
20
-77.0884229999999917
11
151.910886000000005
21
-77.0316069999999939
0
LINE
8
BLACK
6
CONTINUOUS
10
151.910886000000005
20
-77.0316069999999939
11
151.8223930000000053
21
-76.9431139999999942
0
LINE
8
BLACK
6
CONTINUOUS
10
151.8223930000000053
20
-76.9431139999999942
11
151.7655769999999791
21
-76.8316069999999911
0
LINE
8
BLACK
6
CONTINUOUS
10
151.7655769999999791
20
-76.8316069999999911
11
151.7459999999999809
21
-76.7079999999999984
0
LINE
8
BLACK
6
CONTINUOUS
10
151.7459999999999809
20
-76.7079999999999984
11
151.7655769999999791
21
-76.5843929999999915
0
LINE
8
BLACK
6
CONTINUOUS
10
151.7655769999999791
20
-76.5843929999999915
11
151.8223930000000053
21
-76.4728860000000026
0
LINE
8
BLACK
6
CONTINUOUS
10
151.8223930000000053
20
-76.4728860000000026
11
151.910886000000005
21
-76.3843930000000029
0
LINE
8
BLACK
6
CONTINUOUS
10
151.910886000000005
20
-76.3843930000000029
11
152.0223929999999939
21
-76.3275769999999909
0
LINE
8
BLACK
6
CONTINUOUS
10
152.0223929999999939
20
-76.3275769999999909
11
152.1459999999999866
21
-76.3079999999999927
0
LINE
8
BLACK
6
CONTINUOUS
10
152.1459999999999866
20
-76.3079999999999927
11
152.2696069999999793
21
-76.3275769999999909
0
LINE
8
BLACK
6
CONTINUOUS
10
152.2696069999999793
20
-76.3275769999999909
11
152.3811139999999966
21
-76.3843930000000029
0
LINE
8
BLACK
6
CONTINUOUS
10
152.3811139999999966
20
-76.3843930000000029
11
152.4696069999999963
21
-76.4728860000000026
0
LINE
8
BLACK
6
CONTINUOUS
10
152.4696069999999963
20
-76.4728860000000026
11
152.5264229999999941
21
-76.5843929999999915
0
LINE
8
BLACK
6
CONTINUOUS
10
152.5264229999999941
20
-76.5843929999999915
11
152.5271129999999857
21
-76.5887499999999903
0
LINE
8
BLACK
6
CONTINUOUS
10
152.5271129999999857
20
-76.5887499999999903
11
152.9202400000000068
21
-76.5887499999999903
0
LINE
8
BLACK
6
CONTINUOUS
10
152.9202400000000068
20
-76.5887499999999903
11
152.9202400000000068
21
-76.5012499999999989
0
LINE
8
BLACK
6
CONTINUOUS
10
152.9202400000000068
20
-76.5012499999999989
11
152.9351450000000057
21
-76.4263150000000024
0
LINE
8
BLACK
6
CONTINUOUS
10
152.9351450000000057
20
-76.4263150000000024
11
152.92551899999998
21
-76.4145850000000024
0
LINE
8
BLACK
6
CONTINUOUS
10
152.92551899999998
20
-76.4145850000000024
11
152.9031219999999962
21
-76.3605129999999974
0
LINE
8
BLACK
6
CONTINUOUS
10
152.9031219999999962
20
-76.3605129999999974
11
152.9002399999999966
21
-76.3312499999999972
0
LINE
8
BLACK
6
CONTINUOUS
10
152.9002399999999966
20
-76.3312499999999972
11
152.9002399999999966
21
-75.5987499999999955
0
LINE
8
BLACK
6
CONTINUOUS
10
152.9002399999999966
20
-75.5987499999999955
11
152.8127399999999909
21
-75.5987499999999955
0
LINE
8
BLACK
6
CONTINUOUS
10
152.8127399999999909
20
-75.5987499999999955
11
152.7218529999999816
21
-75.5806709999999953
0
LINE
8
BLACK
6
CONTINUOUS
10
152.7218529999999816
20
-75.5806709999999953
11
152.6448019999999985
21
-75.5291879999999907
0
LINE
8
BLACK
6
CONTINUOUS
10
152.6448019999999985
20
-75.5291879999999907
11
152.5933189999999797
21
-75.4521369999999933
0
LINE
8
BLACK
6
CONTINUOUS
10
152.5933189999999797
20
-75.4521369999999933
11
152.5752399999999795
21
-75.3612499999999983
0
LINE
8
BLACK
6
CONTINUOUS
10
152.5752399999999795
20
-75.3612499999999983
11
152.5752399999999795
21
-74.7612499999999898
0
LINE
8
BLACK
6
CONTINUOUS
10
152.5752399999999795
20
-74.7612499999999898
11
152.5933189999999797
21
-74.6703629999999947
0
LINE
8
BLACK
6
CONTINUOUS
10
152.5933189999999797
20
-74.6703629999999947
11
152.6448019999999985
21
-74.5933119999999974
0
LINE
8
BLACK
6
CONTINUOUS
10
152.6448019999999985
20
-74.5933119999999974
11
152.7218529999999816
21
-74.5418289999999928
0
LINE
8
BLACK
6
CONTINUOUS
10
152.7218529999999816
20
-74.5418289999999928
11
152.8127399999999909
21
-74.5237499999999926
0
LINE
8
BLACK
6
CONTINUOUS
10
152.8127399999999909
20
-74.5237499999999926
11
153.2877399999999852
21
-74.5237499999999926
0
LINE
8
BLACK
6
CONTINUOUS
10
153.2877399999999852
20
-74.5237499999999926
11
153.3786269999999945
21
-74.5418289999999928
0
LINE
8
BLACK
6
CONTINUOUS
10
156.4758469999999875
20
-72.7018269999999944
11
156.5873540000000048
21
-72.7586429999999922
0
LINE
8
BLACK
6
CONTINUOUS
10
156.5873540000000048
20
-72.7586429999999922
11
156.6758470000000045
21
-72.8471359999999919
0
LINE
8
BLACK
6
CONTINUOUS
10
156.6758470000000045
20
-72.8471359999999919
11
156.7326630000000023
21
-72.958642999999995
0
LINE
8
BLACK
6
CONTINUOUS
10
156.7326630000000023
20
-72.958642999999995
11
156.7522400000000005
21
-73.0822500000000019
0
LINE
8
BLACK
6
CONTINUOUS
10
156.7522400000000005
20
-73.0822500000000019
11
156.7326630000000023
21
-73.2058569999999946
0
LINE
8
BLACK
6
CONTINUOUS
10
156.7326630000000023
20
-73.2058569999999946
11
156.6758470000000045
21
-73.3173639999999978
0
LINE
8
BLACK
6
CONTINUOUS
10
156.6758470000000045
20
-73.3173639999999978
11
156.5873540000000048
21
-73.4058569999999975
0
LINE
8
BLACK
6
CONTINUOUS
10
156.5873540000000048
20
-73.4058569999999975
11
156.5022400000000005
21
-73.4492249999999984
0
LINE
8
BLACK
6
CONTINUOUS
10
156.5022400000000005
20
-73.4492249999999984
11
156.5022400000000005
21
-76.3842499999999944
0
LINE
8
BLACK
6
CONTINUOUS
10
156.5022400000000005
20
-76.3842499999999944
11
156.4993580000000009
21
-76.4135129999999947
0
LINE
8
BLACK
6
CONTINUOUS
10
156.4993580000000009
20
-76.4135129999999947
11
156.4769609999999886
21
-76.4675849999999997
0
LINE
8
BLACK
6
CONTINUOUS
10
156.4769609999999886
20
-76.4675849999999997
11
156.4583059999999932
21
-76.4903159999999929
0
LINE
8
BLACK
6
CONTINUOUS
10
156.4583059999999932
20
-76.4903159999999929
11
156.1038059999999916
21
-76.8448159999999945
0
LINE
8
BLACK
6
CONTINUOUS
10
156.1038059999999916
20
-76.8448159999999945
11
156.0810749999999985
21
-76.8634709999999899
0
LINE
8
BLACK
6
CONTINUOUS
10
156.0810749999999985
20
-76.8634709999999899
11
156.0602759999999876
21
-76.8720859999999959
0
LINE
8
BLACK
6
CONTINUOUS
10
156.0602759999999876
20
-76.8720859999999959
11
156.0270040000000051
21
-76.8858680000000021
0
LINE
8
BLACK
6
CONTINUOUS
10
156.0270040000000051
20
-76.8858680000000021
11
155.9977399999999932
21
-76.8887500000000017
0
LINE
8
BLACK
6
CONTINUOUS
10
155.9977399999999932
20
-76.8887500000000017
11
155.7202399999999898
21
-76.8887500000000017
0
LINE
8
BLACK
6
CONTINUOUS
10
155.7202399999999898
20
-76.8887500000000017
11
155.7202399999999898
21
-76.9762499999999932
0
LINE
8
BLACK
6
CONTINUOUS
10
155.7202399999999898
20
-76.9762499999999932
11
155.7021609999999896
21
-77.0671370000000024
0
LINE
8
BLACK
6
CONTINUOUS
10
155.7021609999999896
20
-77.0671370000000024
11
155.6506779999999992
21
-77.1441879999999998
0
LINE
8
BLACK
6
CONTINUOUS
10
155.6506779999999992
20
-77.1441879999999998
11
155.5736269999999877
21
-77.1956709999999902
0
LINE
8
BLACK
6
CONTINUOUS
10
155.5736269999999877
20
-77.1956709999999902
11
155.4827400000000068
21
-77.2137499999999903
0
LINE
8
BLACK
6
CONTINUOUS
10
155.4827400000000068
20
-77.2137499999999903
11
154.8827399999999841
21
-77.2137499999999903
0
LINE
8
BLACK
6
CONTINUOUS
10
154.8827399999999841
20
-77.2137499999999903
11
154.7918530000000032
21
-77.1956709999999902
0
LINE
8
BLACK
6
CONTINUOUS
10
154.7918530000000032
20
-77.1956709999999902
11
154.7148019999999917
21
-77.1441879999999998
0
LINE
8
BLACK
6
CONTINUOUS
10
154.7148019999999917
20
-77.1441879999999998
11
154.6633190000000013
21
-77.0671370000000024
0
LINE
8
BLACK
6
CONTINUOUS
10
154.6633190000000013
20
-77.0671370000000024
11
154.6452400000000011
21
-76.9762499999999932
0
LINE
8
BLACK
6
CONTINUOUS
10
154.6452400000000011
20
-76.9762499999999932
11
154.6452400000000011
21
-76.5012499999999989
0
LINE
8
BLACK
6
CONTINUOUS
10
154.6452400000000011
20
-76.5012499999999989
11
154.6633190000000013
21
-76.4103629999999896
0
LINE
8
BLACK
6
CONTINUOUS
10
154.6633190000000013
20
-76.4103629999999896
11
154.7148019999999917
21
-76.3333119999999923
0
LINE
8
BLACK
6
CONTINUOUS
10
154.7148019999999917
20
-76.3333119999999923
11
154.7918530000000032
21
-76.2818290000000019
0
LINE
8
BLACK
6
CONTINUOUS
10
154.7918530000000032
20
-76.2818290000000019
11
154.8827399999999841
21
-76.2637500000000017
0
LINE
8
BLACK
6
CONTINUOUS
10
154.8827399999999841
20
-76.2637500000000017
11
155.0327399999999898
21
-76.2637500000000017
0
LINE
8
BLACK
6
CONTINUOUS
10
155.0327399999999898
20
-76.2637500000000017
11
155.0327399999999898
21
-75.5987499999999955
0
LINE
8
BLACK
6
CONTINUOUS
10
155.0327399999999898
20
-75.5987499999999955
11
154.7177399999999921
21
-75.5987499999999955
0
LINE
8
BLACK
6
CONTINUOUS
10
154.7177399999999921
20
-75.5987499999999955
11
154.6268529999999828
21
-75.5806709999999953
0
LINE
8
BLACK
6
CONTINUOUS
10
154.6268529999999828
20
-75.5806709999999953
11
154.5498019999999997
21
-75.5291879999999907
0
LINE
8
BLACK
6
CONTINUOUS
10
154.5498019999999997
20
-75.5291879999999907
11
154.4983189999999809
21
-75.4521369999999933
0
LINE
8
BLACK
6
CONTINUOUS
10
154.4983189999999809
20
-75.4521369999999933
11
154.4802399999999807
21
-75.3612499999999983
0
LINE
8
BLACK
6
CONTINUOUS
10
154.4802399999999807
20
-75.3612499999999983
11
154.4802399999999807
21
-74.8612499999999983
0
LINE
8
BLACK
6
CONTINUOUS
10
154.4802399999999807
20
-74.8612499999999983
11
154.4983189999999809
21
-74.7703630000000032
0
LINE
8
BLACK
6
CONTINUOUS
10
154.4983189999999809
20
-74.7703630000000032
11
154.5498019999999997
21
-74.6933119999999917
0
LINE
8
BLACK
6
CONTINUOUS
10
154.5498019999999997
20
-74.6933119999999917
11
154.6268529999999828
21
-74.6418290000000013
0
LINE
8
BLACK
6
CONTINUOUS
10
154.6268529999999828
20
-74.6418290000000013
11
154.7177399999999921
21
-74.6237500000000011
0
LINE
8
BLACK
6
CONTINUOUS
10
154.7177399999999921
20
-74.6237500000000011
11
155.1927399999999864
21
-74.6237500000000011
0
LINE
8
BLACK
6
CONTINUOUS
10
155.1927399999999864
20
-74.6237500000000011
11
155.2836269999999956
21
-74.6418290000000013
0
LINE
8
BLACK
6
CONTINUOUS
10
155.2836269999999956
20
-74.6418290000000013
11
155.3606780000000072
21
-74.6933119999999917
0
LINE
8
BLACK
6
CONTINUOUS
10
155.3606780000000072
20
-74.6933119999999917
11
155.4121609999999976
21
-74.7703630000000032
0
LINE
8
BLACK
6
CONTINUOUS
10
155.4121609999999976
20
-74.7703630000000032
11
155.4302399999999977
21
-74.8612499999999983
0
LINE
8
BLACK
6
CONTINUOUS
10
155.4302399999999977
20
-74.8612499999999983
11
155.4302399999999977
21
-75.3612499999999983
0
LINE
8
BLACK
6
CONTINUOUS
10
155.4302399999999977
20
-75.3612499999999983
11
155.4121609999999976
21
-75.4521369999999933
0
LINE
8
BLACK
6
CONTINUOUS
10
155.4121609999999976
20
-75.4521369999999933
11
155.3606780000000072
21
-75.5291879999999907
0
LINE
8
BLACK
6
CONTINUOUS
10
155.3606780000000072
20
-75.5291879999999907
11
155.3327400000000011
21
-75.5478549999999984
0
LINE
8
BLACK
6
CONTINUOUS
10
155.3327400000000011
20
-75.5478549999999984
11
155.3327400000000011
21
-76.2637500000000017
0
LINE
8
BLACK
6
CONTINUOUS
10
155.3327400000000011
20
-76.2637500000000017
11
155.4827400000000068
21
-76.2637500000000017
0
LINE
8
BLACK
6
CONTINUOUS
10
155.4827400000000068
20
-76.2637500000000017
11
155.5736269999999877
21
-76.2818290000000019
0
LINE
8
BLACK
6
CONTINUOUS
10
155.5736269999999877
20
-76.2818290000000019
11
155.6506779999999992
21
-76.3333119999999923
0
LINE
8
BLACK
6
CONTINUOUS
10
155.6506779999999992
20
-76.3333119999999923
11
155.7021609999999896
21
-76.4103629999999896
0
LINE
8
BLACK
6
CONTINUOUS
10
155.7021609999999896
20
-76.4103629999999896
11
155.7202399999999898
21
-76.5012499999999989
0
LINE
8
BLACK
6
CONTINUOUS
10
155.7202399999999898
20
-76.5012499999999989
11
155.7202399999999898
21
-76.5887499999999903
0
LINE
8
BLACK
6
CONTINUOUS
10
155.7202399999999898
20
-76.5887499999999903
11
155.935608000000002
21
-76.5887499999999903
0
LINE
8
BLACK
6
CONTINUOUS
10
155.935608000000002
20
-76.5887499999999903
11
156.2022399999999891
21
-76.3221180000000032
0
LINE
8
BLACK
6
CONTINUOUS
10
156.2022399999999891
20
-76.3221180000000032
11
156.2022399999999891
21
-73.4492249999999984
0
LINE
8
BLACK
6
CONTINUOUS
10
156.2022399999999891
20
-73.4492249999999984
11
156.1171259999999847
21
-73.4058569999999975
0
LINE
8
BLACK
6
CONTINUOUS
10
156.1171259999999847
20
-73.4058569999999975
11
156.028632999999985
21
-73.3173639999999978
0
LINE
8
BLACK
6
CONTINUOUS
10
156.028632999999985
20
-73.3173639999999978
11
155.9718169999999873
21
-73.2058569999999946
0
LINE
8
BLACK
6
CONTINUOUS
10
155.9718169999999873
20
-73.2058569999999946
11
155.9522399999999891
21
-73.0822500000000019
0
LINE
8
BLACK
6
CONTINUOUS
10
155.9522399999999891
20
-73.0822500000000019
11
155.9718169999999873
21
-72.958642999999995
0
LINE
8
BLACK
6
CONTINUOUS
10
155.9718169999999873
20
-72.958642999999995
11
156.028632999999985
21
-72.8471359999999919
0
LINE
8
BLACK
6
CONTINUOUS
10
156.028632999999985
20
-72.8471359999999919
11
156.1171259999999847
21
-72.7586429999999922
0
LINE
8
BLACK
6
CONTINUOUS
10
156.1171259999999847
20
-72.7586429999999922
11
156.2286330000000021
21
-72.7018269999999944
0
LINE
8
BLACK
6
CONTINUOUS
10
156.2286330000000021
20
-72.7018269999999944
11
156.3522399999999948
21
-72.6822499999999962
0
LINE
8
BLACK
6
CONTINUOUS
10
156.3522399999999948
20
-72.6822499999999962
11
156.4758469999999875
21
-72.7018269999999944
0
LINE
8
BLACK
6
CONTINUOUS
10
147.6693549999999959
20
-72.5874570000000006
11
147.7180180000000007
21
-72.6199730000000017
0
LINE
8
BLACK
6
CONTINUOUS
10
147.7180180000000007
20
-72.6199730000000017
11
147.7505339999999876
21
-72.6686359999999922
0
LINE
8
BLACK
6
CONTINUOUS
10
147.7505339999999876
20
-72.6686359999999922
11
147.7619519999999795
21
-72.7260390000000001
0
LINE
8
BLACK
6
CONTINUOUS
10
147.7619519999999795
20
-72.7260390000000001
11
147.7619519999999795
21
-74.3760389999999916
0
LINE
8
BLACK
6
CONTINUOUS
10
147.7619519999999795
20
-74.3760389999999916
11
147.7505339999999876
21
-74.4334419999999994
0
LINE
8
BLACK
6
CONTINUOUS
10
147.7505339999999876
20
-74.4334419999999994
11
147.7180180000000007
21
-74.48210499999999
0
LINE
8
BLACK
6
CONTINUOUS
10
147.7180180000000007
20
-74.48210499999999
11
147.6693549999999959
21
-74.5146209999999911
0
LINE
8
BLACK
6
CONTINUOUS
10
147.6693549999999959
20
-74.5146209999999911
11
147.6119520000000023
21
-74.5260389999999973
0
LINE
8
BLACK
6
CONTINUOUS
10
147.6119520000000023
20
-74.5260389999999973
11
147.3119519999999909
21
-74.5260389999999973
0
LINE
8
BLACK
6
CONTINUOUS
10
147.3119519999999909
20
-74.5260389999999973
11
147.2545489999999972
21
-74.5146209999999911
0
LINE
8
BLACK
6
CONTINUOUS
10
147.2545489999999972
20
-74.5146209999999911
11
147.2058859999999925
21
-74.48210499999999
0
LINE
8
BLACK
6
CONTINUOUS
10
147.2058859999999925
20
-74.48210499999999
11
147.1733700000000056
21
-74.4334419999999994
0
LINE
8
BLACK
6
CONTINUOUS
10
147.1733700000000056
20
-74.4334419999999994
11
147.1619519999999852
21
-74.3760389999999916
0
LINE
8
BLACK
6
CONTINUOUS
10
147.1619519999999852
20
-74.3760389999999916
11
147.1619519999999852
21
-73.7010389999999944
0
LINE
8
BLACK
6
CONTINUOUS
10
147.1619519999999852
20
-73.7010389999999944
11
146.0292979999999829
21
-73.7010389999999944
0
LINE
8
BLACK
6
CONTINUOUS
10
146.0292979999999829
20
-73.7010389999999944
11
146.0141610000000014
21
-73.7771369999999962
0
LINE
8
BLACK
6
CONTINUOUS
10
146.0141610000000014
20
-73.7771369999999962
11
145.9626779999999826
21
-73.8541879999999935
0
LINE
8
BLACK
6
CONTINUOUS
10
145.9626779999999826
20
-73.8541879999999935
11
145.8856269999999995
21
-73.9056709999999981
0
LINE
8
BLACK
6
CONTINUOUS
10
145.8856269999999995
20
-73.9056709999999981
11
145.7947399999999902
21
-73.9237499999999983
0
LINE
8
BLACK
6
CONTINUOUS
10
145.7947399999999902
20
-73.9237499999999983
11
145.3197399999999959
21
-73.9237499999999983
0
LINE
8
BLACK
6
CONTINUOUS
10
145.3197399999999959
20
-73.9237499999999983
11
145.2288529999999867
21
-73.9056709999999981
0
LINE
8
BLACK
6
CONTINUOUS
10
145.2288529999999867
20
-73.9056709999999981
11
145.1518020000000035
21
-73.8541879999999935
0
LINE
8
BLACK
6
CONTINUOUS
10
145.1518020000000035
20
-73.8541879999999935
11
145.1003189999999847
21
-73.7771369999999962
0
LINE
8
BLACK
6
CONTINUOUS
10
145.1003189999999847
20
-73.7771369999999962
11
145.0822399999999845
21
-73.6862500000000011
0
LINE
8
BLACK
6
CONTINUOUS
10
145.0822399999999845
20
-73.6862500000000011
11
145.0822399999999845
21
-73.4862499999999983
0
LINE
8
BLACK
6
CONTINUOUS
10
145.0822399999999845
20
-73.4862499999999983
11
144.1272400000000005
21
-73.4862499999999983
0
LINE
8
BLACK
6
CONTINUOUS
10
144.1272400000000005
20
-73.4862499999999983
11
144.1272400000000005
21
-73.5862499999999926
0
LINE
8
BLACK
6
CONTINUOUS
10
144.1272400000000005
20
-73.5862499999999926
11
144.1091610000000003
21
-73.6771370000000019
0
LINE
8
BLACK
6
CONTINUOUS
10
144.1091610000000003
20
-73.6771370000000019
11
144.0576779999999815
21
-73.7541879999999992
0
LINE
8
BLACK
6
CONTINUOUS
10
144.0576779999999815
20
-73.7541879999999992
11
143.9806269999999984
21
-73.8056709999999896
0
LINE
8
BLACK
6
CONTINUOUS
10
143.9806269999999984
20
-73.8056709999999896
11
143.8897399999999891
21
-73.8237499999999898
0
LINE
8
BLACK
6
CONTINUOUS
10
143.8897399999999891
20
-73.8237499999999898
11
143.4147399999999948
21
-73.8237499999999898
0
LINE
8
BLACK
6
CONTINUOUS
10
143.4147399999999948
20
-73.8237499999999898
11
143.3238529999999855
21
-73.8056709999999896
0
LINE
8
BLACK
6
CONTINUOUS
10
143.3238529999999855
20
-73.8056709999999896
11
143.2468020000000024
21
-73.7541879999999992
0
LINE
8
BLACK
6
CONTINUOUS
10
143.2468020000000024
20
-73.7541879999999992
11
143.1953189999999836
21
-73.6771370000000019
0
LINE
8
BLACK
6
CONTINUOUS
10
143.1953189999999836
20
-73.6771370000000019
11
143.1772399999999834
21
-73.5862499999999926
0
LINE
8
BLACK
6
CONTINUOUS
10
143.1772399999999834
20
-73.5862499999999926
11
143.1772399999999834
21
-73.0862499999999926
0
LINE
8
BLACK
6
CONTINUOUS
10
143.1772399999999834
20
-73.0862499999999926
11
143.1953189999999836
21
-72.9953629999999976
0
LINE
8
BLACK
6
CONTINUOUS
10
143.1953189999999836
20
-72.9953629999999976
11
143.2468020000000024
21
-72.9183120000000002
0
LINE
8
BLACK
6
CONTINUOUS
10
143.2468020000000024
20
-72.9183120000000002
11
143.3238529999999855
21
-72.8668289999999956
0
LINE
8
BLACK
6
CONTINUOUS
10
143.3238529999999855
20
-72.8668289999999956
11
143.4147399999999948
21
-72.8487499999999955
0
LINE
8
BLACK
6
CONTINUOUS
10
143.4147399999999948
20
-72.8487499999999955
11
143.8897399999999891
21
-72.8487499999999955
0
LINE
8
BLACK
6
CONTINUOUS
10
143.8897399999999891
20
-72.8487499999999955
11
143.9806269999999984
21
-72.8668289999999956
0
LINE
8
BLACK
6
CONTINUOUS
10
143.9806269999999984
20
-72.8668289999999956
11
144.0576779999999815
21
-72.9183120000000002
0
LINE
8
BLACK
6
CONTINUOUS
10
144.0576779999999815
20
-72.9183120000000002
11
144.1091610000000003
21
-72.9953629999999976
0
LINE
8
BLACK
6
CONTINUOUS
10
144.1091610000000003
20
-72.9953629999999976
11
144.1272400000000005
21
-73.0862499999999926
0
LINE
8
BLACK
6
CONTINUOUS
10
144.1272400000000005
20
-73.0862499999999926
11
144.1272400000000005
21
-73.1862500000000011
0
LINE
8
BLACK
6
CONTINUOUS
10
144.1272400000000005
20
-73.1862500000000011
11
145.0822399999999845
21
-73.1862500000000011
0
LINE
8
BLACK
6
CONTINUOUS
10
145.0822399999999845
20
-73.1862500000000011
11
145.0822399999999845
21
-73.0862499999999926
0
LINE
8
BLACK
6
CONTINUOUS
10
145.0822399999999845
20
-73.0862499999999926
11
145.1003189999999847
21
-72.9953629999999976
0
LINE
8
BLACK
6
CONTINUOUS
10
145.1003189999999847
20
-72.9953629999999976
11
145.1518020000000035
21
-72.9183120000000002
0
LINE
8
BLACK
6
CONTINUOUS
10
145.1518020000000035
20
-72.9183120000000002
11
145.2288529999999867
21
-72.8668289999999956
0
LINE
8
BLACK
6
CONTINUOUS
10
145.2288529999999867
20
-72.8668289999999956
11
145.3197399999999959
21
-72.8487499999999955
0
LINE
8
BLACK
6
CONTINUOUS
10
145.3197399999999959
20
-72.8487499999999955
11
145.7947399999999902
21
-72.8487499999999955
0
LINE
8
BLACK
6
CONTINUOUS
10
145.7947399999999902
20
-72.8487499999999955
11
145.8856269999999995
21
-72.8668289999999956
0
LINE
8
BLACK
6
CONTINUOUS
10
145.8856269999999995
20
-72.8668289999999956
11
145.9626779999999826
21
-72.9183120000000002
0
LINE
8
BLACK
6
CONTINUOUS
10
145.9626779999999826
20
-72.9183120000000002
11
146.0141610000000014
21
-72.9953629999999976
0
LINE
8
BLACK
6
CONTINUOUS
10
146.0141610000000014
20
-72.9953629999999976
11
146.0322400000000016
21
-73.0862499999999926
0
LINE
8
BLACK
6
CONTINUOUS
10
146.0322400000000016
20
-73.0862499999999926
11
146.0322400000000016
21
-73.4010389999999973
0
LINE
8
BLACK
6
CONTINUOUS
10
146.0322400000000016
20
-73.4010389999999973
11
147.1619519999999852
21
-73.4010389999999973
0
LINE
8
BLACK
6
CONTINUOUS
10
147.1619519999999852
20
-73.4010389999999973
11
147.1619519999999852
21
-72.7260390000000001
0
LINE
8
BLACK
6
CONTINUOUS
10
147.1619519999999852
20
-72.7260390000000001
11
147.1733700000000056
21
-72.6686359999999922
0
LINE
8
BLACK
6
CONTINUOUS
10
147.1733700000000056
20
-72.6686359999999922
11
147.2058859999999925
21
-72.6199730000000017
0
LINE
8
BLACK
6
CONTINUOUS
10
147.2058859999999925
20
-72.6199730000000017
11
147.2545489999999972
21
-72.5874570000000006
0
LINE
8
BLACK
6
CONTINUOUS
10
147.2545489999999972
20
-72.5874570000000006
11
147.3119519999999909
21
-72.5760389999999944
0
LINE
8
BLACK
6
CONTINUOUS
10
147.3119519999999909
20
-72.5760389999999944
11
147.6119520000000023
21
-72.5760389999999944
0
LINE
8
BLACK
6
CONTINUOUS
10
147.6119520000000023
20
-72.5760389999999944
11
147.6693549999999959
21
-72.5874570000000006
0
LINE
8
BLACK
6
CONTINUOUS
10
148.9393550000000062
20
-72.5874570000000006
11
148.9880179999999825
21
-72.6199730000000017
0
LINE
8
BLACK
6
CONTINUOUS
10
148.9880179999999825
20
-72.6199730000000017
11
149.0205339999999978
21
-72.6686359999999922
0
LINE
8
BLACK
6
CONTINUOUS
10
149.0205339999999978
20
-72.6686359999999922
11
149.0319519999999898
21
-72.7260390000000001
0
LINE
8
BLACK
6
CONTINUOUS
10
149.0319519999999898
20
-72.7260390000000001
11
149.0319519999999898
21
-74.3760389999999916
0
LINE
8
BLACK
6
CONTINUOUS
10
149.0319519999999898
20
-74.3760389999999916
11
149.0205339999999978
21
-74.4334419999999994
0
LINE
8
BLACK
6
CONTINUOUS
10
149.0205339999999978
20
-74.4334419999999994
11
148.9880179999999825
21
-74.48210499999999
0
LINE
8
BLACK
6
CONTINUOUS
10
148.9880179999999825
20
-74.48210499999999
11
148.9393550000000062
21
-74.5146209999999911
0
LINE
8
BLACK
6
CONTINUOUS
10
148.9393550000000062
20
-74.5146209999999911
11
148.8819519999999841
21
-74.5260389999999973
0
LINE
8
BLACK
6
CONTINUOUS
10
148.8819519999999841
20
-74.5260389999999973
11
148.5819520000000011
21
-74.5260389999999973
0
LINE
8
BLACK
6
CONTINUOUS
10
148.5819520000000011
20
-74.5260389999999973
11
148.5245490000000075
21
-74.5146209999999911
0
LINE
8
BLACK
6
CONTINUOUS
10
148.5245490000000075
20
-74.5146209999999911
11
148.4758860000000027
21
-74.48210499999999
0
LINE
8
BLACK
6
CONTINUOUS
10
148.4758860000000027
20
-74.48210499999999
11
148.4433699999999874
21
-74.4334419999999994
0
LINE
8
BLACK
6
CONTINUOUS
10
148.4433699999999874
20
-74.4334419999999994
11
148.4319519999999955
21
-74.3760389999999916
0
LINE
8
BLACK
6
CONTINUOUS
10
148.4319519999999955
20
-74.3760389999999916
11
148.4319519999999955
21
-72.7260390000000001
0
LINE
8
BLACK
6
CONTINUOUS
10
148.4319519999999955
20
-72.7260390000000001
11
148.4433699999999874
21
-72.6686359999999922
0
LINE
8
BLACK
6
CONTINUOUS
10
148.4433699999999874
20
-72.6686359999999922
11
148.4758860000000027
21
-72.6199730000000017
0
LINE
8
BLACK
6
CONTINUOUS
10
148.4758860000000027
20
-72.6199730000000017
11
148.5245490000000075
21
-72.5874570000000006
0
LINE
8
BLACK
6
CONTINUOUS
10
148.5245490000000075
20
-72.5874570000000006
11
148.5819520000000011
21
-72.5760389999999944
0
LINE
8
BLACK
6
CONTINUOUS
10
148.5819520000000011
20
-72.5760389999999944
11
148.8819519999999841
21
-72.5760389999999944
0
LINE
8
BLACK
6
CONTINUOUS
10
148.8819519999999841
20
-72.5760389999999944
11
148.9393550000000062
21
-72.5874570000000006
0
LINE
8
BLACK
6
CONTINUOUS
10
152.5715040000000045
20
-71.6651319999999998
11
152.5939009999999882
21
-71.6744089999999971
0
LINE
8
BLACK
6
CONTINUOUS
10
152.5939009999999882
20
-71.6744089999999971
11
152.6255749999999978
21
-71.6875289999999978
0
LINE
8
BLACK
6
CONTINUOUS
10
152.6255749999999978
20
-71.6875289999999978
11
152.6483059999999909
21
-71.7061839999999933
0
LINE
8
BLACK
6
CONTINUOUS
10
152.6483059999999909
20
-71.7061839999999933
11
153.1563060000000007
21
-72.214184000000003
0
LINE
8
BLACK
6
CONTINUOUS
10
153.1563060000000007
20
-72.214184000000003
11
153.1749609999999961
21
-72.2369139999999987
0
LINE
8
BLACK
6
CONTINUOUS
10
153.1749609999999961
20
-72.2369139999999987
11
153.184236999999996
21
-72.2593109999999967
0
LINE
8
BLACK
6
CONTINUOUS
10
153.184236999999996
20
-72.2593109999999967
11
153.1973579999999799
21
-72.2909860000000037
0
LINE
8
BLACK
6
CONTINUOUS
10
153.1973579999999799
20
-72.2909860000000037
11
153.2002399999999795
21
-72.3202500000000015
0
LINE
8
BLACK
6
CONTINUOUS
10
153.2002399999999795
20
-72.3202500000000015
11
153.2002399999999795
21
-72.7987499999999983
0
LINE
8
BLACK
6
CONTINUOUS
10
153.2002399999999795
20
-72.7987499999999983
11
153.2877399999999852
21
-72.7987499999999983
0
LINE
8
BLACK
6
CONTINUOUS
10
153.2877399999999852
20
-72.7987499999999983
11
153.3786269999999945
21
-72.8168289999999985
0
LINE
8
BLACK
6
CONTINUOUS
10
153.3786269999999945
20
-72.8168289999999985
11
153.455678000000006
21
-72.8683120000000031
0
LINE
8
BLACK
6
CONTINUOUS
10
153.455678000000006
20
-72.8683120000000031
11
153.5071609999999964
21
-72.9453630000000004
0
LINE
8
BLACK
6
CONTINUOUS
10
153.5071609999999964
20
-72.9453630000000004
11
153.5252399999999966
21
-73.0362499999999955
0
LINE
8
BLACK
6
CONTINUOUS
10
153.5252399999999966
20
-73.0362499999999955
11
153.5252399999999966
21
-73.1362499999999898
0
LINE
8
BLACK
6
CONTINUOUS
10
153.5252399999999966
20
-73.1362499999999898
11
154.4802399999999807
21
-73.1362499999999898
0
LINE
8
BLACK
6
CONTINUOUS
10
154.4802399999999807
20
-73.1362499999999898
11
154.4802399999999807
21
-73.0362499999999955
0
LINE
8
BLACK
6
CONTINUOUS
10
154.4802399999999807
20
-73.0362499999999955
11
154.4983189999999809
21
-72.9453630000000004
0
LINE
8
BLACK
6
CONTINUOUS
10
154.4983189999999809
20
-72.9453630000000004
11
154.5498019999999997
21
-72.8683120000000031
0
LINE
8
BLACK
6
CONTINUOUS
10
154.5498019999999997
20
-72.8683120000000031
11
154.6268529999999828
21
-72.8168289999999985
0
LINE
8
BLACK
6
CONTINUOUS
10
154.6268529999999828
20
-72.8168289999999985
11
154.7177399999999921
21
-72.7987499999999983
0
LINE
8
BLACK
6
CONTINUOUS
10
154.7177399999999921
20
-72.7987499999999983
11
155.1927399999999864
21
-72.7987499999999983
0
LINE
8
BLACK
6
CONTINUOUS
10
155.1927399999999864
20
-72.7987499999999983
11
155.2836269999999956
21
-72.8168289999999985
0
LINE
8
BLACK
6
CONTINUOUS
10
155.2836269999999956
20
-72.8168289999999985
11
155.3606780000000072
21
-72.8683120000000031
0
LINE
8
BLACK
6
CONTINUOUS
10
155.3606780000000072
20
-72.8683120000000031
11
155.4121609999999976
21
-72.9453630000000004
0
LINE
8
BLACK
6
CONTINUOUS
10
155.4121609999999976
20
-72.9453630000000004
11
155.4302399999999977
21
-73.0362499999999955
0
LINE
8
BLACK
6
CONTINUOUS
10
155.4302399999999977
20
-73.0362499999999955
11
155.4302399999999977
21
-73.5362499999999955
0
LINE
8
BLACK
6
CONTINUOUS
10
155.4302399999999977
20
-73.5362499999999955
11
155.4121609999999976
21
-73.6271369999999905
0
LINE
8
BLACK
6
CONTINUOUS
10
155.4121609999999976
20
-73.6271369999999905
11
155.3606780000000072
21
-73.704188000000002
0
LINE
8
BLACK
6
CONTINUOUS
10
155.3606780000000072
20
-73.704188000000002
11
155.2836269999999956
21
-73.7556709999999924
0
LINE
8
BLACK
6
CONTINUOUS
10
155.2836269999999956
20
-73.7556709999999924
11
155.1927399999999864
21
-73.7737499999999926
0
LINE
8
BLACK
6
CONTINUOUS
10
155.1927399999999864
20
-73.7737499999999926
11
154.7177399999999921
21
-73.7737499999999926
0
LINE
8
BLACK
6
CONTINUOUS
10
154.7177399999999921
20
-73.7737499999999926
11
154.6268529999999828
21
-73.7556709999999924
0
LINE
8
BLACK
6
CONTINUOUS
10
154.6268529999999828
20
-73.7556709999999924
11
154.5498019999999997
21
-73.704188000000002
0
LINE
8
BLACK
6
CONTINUOUS
10
154.5498019999999997
20
-73.704188000000002
11
154.4983189999999809
21
-73.6271369999999905
0
LINE
8
BLACK
6
CONTINUOUS
10
154.4983189999999809
20
-73.6271369999999905
11
154.4802399999999807
21
-73.5362499999999955
0
LINE
8
BLACK
6
CONTINUOUS
10
154.4802399999999807
20
-73.5362499999999955
11
154.4802399999999807
21
-73.4362500000000011
0
LINE
8
BLACK
6
CONTINUOUS
10
154.4802399999999807
20
-73.4362500000000011
11
153.5252399999999966
21
-73.4362500000000011
0
LINE
8
BLACK
6
CONTINUOUS
10
153.5252399999999966
20
-73.4362500000000011
11
153.5252399999999966
21
-73.6362499999999898
0
LINE
8
BLACK
6
CONTINUOUS
10
153.5252399999999966
20
-73.6362499999999898
11
153.5071609999999964
21
-73.727136999999999
0
LINE
8
BLACK
6
CONTINUOUS
10
153.5071609999999964
20
-73.727136999999999
11
153.455678000000006
21
-73.8041879999999964
0
LINE
8
BLACK
6
CONTINUOUS
10
153.455678000000006
20
-73.8041879999999964
11
153.3786269999999945
21
-73.855671000000001
0
LINE
8
BLACK
6
CONTINUOUS
10
153.3786269999999945
20
-73.855671000000001
11
153.2877399999999852
21
-73.8737500000000011
0
LINE
8
BLACK
6
CONTINUOUS
10
153.2877399999999852
20
-73.8737500000000011
11
152.8127399999999909
21
-73.8737500000000011
0
LINE
8
BLACK
6
CONTINUOUS
10
152.8127399999999909
20
-73.8737500000000011
11
152.7218529999999816
21
-73.855671000000001
0
LINE
8
BLACK
6
CONTINUOUS
10
152.7218529999999816
20
-73.855671000000001
11
152.6448019999999985
21
-73.8041879999999964
0
LINE
8
BLACK
6
CONTINUOUS
10
152.6448019999999985
20
-73.8041879999999964
11
152.5933189999999797
21
-73.727136999999999
0
LINE
8
BLACK
6
CONTINUOUS
10
152.5933189999999797
20
-73.727136999999999
11
152.5752399999999795
21
-73.6362499999999898
0
LINE
8
BLACK
6
CONTINUOUS
10
152.5752399999999795
20
-73.6362499999999898
11
152.5752399999999795
21
-73.0362499999999955
0
LINE
8
BLACK
6
CONTINUOUS
10
152.5752399999999795
20
-73.0362499999999955
11
152.5933189999999797
21
-72.9453630000000004
0
LINE
8
BLACK
6
CONTINUOUS
10
152.5933189999999797
20
-72.9453630000000004
11
152.6448019999999985
21
-72.8683120000000031
0
LINE
8
BLACK
6
CONTINUOUS
10
152.6448019999999985
20
-72.8683120000000031
11
152.7218529999999816
21
-72.8168289999999985
0
LINE
8
BLACK
6
CONTINUOUS
10
152.7218529999999816
20
-72.8168289999999985
11
152.8127399999999909
21
-72.7987499999999983
0
LINE
8
BLACK
6
CONTINUOUS
10
152.8127399999999909
20
-72.7987499999999983
11
152.9002399999999966
21
-72.7987499999999983
0
LINE
8
BLACK
6
CONTINUOUS
10
152.9002399999999966
20
-72.7987499999999983
11
152.9002399999999966
21
-72.3823819999999927
0
LINE
8
BLACK
6
CONTINUOUS
10
152.9002399999999966
20
-72.3823819999999927
11
152.4801080000000013
21
-71.9622499999999974
0
LINE
8
BLACK
6
CONTINUOUS
10
152.4801080000000013
20
-71.9622499999999974
11
150.5723720000000014
21
-71.9622499999999974
0
LINE
8
BLACK
6
CONTINUOUS
10
150.5723720000000014
20
-71.9622499999999974
11
150.1519519999999943
21
-72.3826699999999903
0
LINE
8
BLACK
6
CONTINUOUS
10
150.1519519999999943
20
-72.3826699999999903
11
150.1519519999999943
21
-72.5760389999999944
0
LINE
8
BLACK
6
CONTINUOUS
10
150.1519519999999943
20
-72.5760389999999944
11
150.209354999999988
21
-72.5874570000000006
0
LINE
8
BLACK
6
CONTINUOUS
10
150.209354999999988
20
-72.5874570000000006
11
150.2580179999999928
21
-72.6199730000000017
0
LINE
8
BLACK
6
CONTINUOUS
10
150.2580179999999928
20
-72.6199730000000017
11
150.2905339999999796
21
-72.6686359999999922
0
LINE
8
BLACK
6
CONTINUOUS
10
150.2905339999999796
20
-72.6686359999999922
11
150.301952
21
-72.7260390000000001
0
LINE
8
BLACK
6
CONTINUOUS
10
150.301952
20
-72.7260390000000001
11
150.301952
21
-74.3760389999999916
0
LINE
8
BLACK
6
CONTINUOUS
10
150.301952
20
-74.3760389999999916
11
150.2905339999999796
21
-74.4334419999999994
0
LINE
8
BLACK
6
CONTINUOUS
10
150.2905339999999796
20
-74.4334419999999994
11
150.2580179999999928
21
-74.48210499999999
0
LINE
8
BLACK
6
CONTINUOUS
10
150.2580179999999928
20
-74.48210499999999
11
150.209354999999988
21
-74.5146209999999911
0
LINE
8
BLACK
6
CONTINUOUS
10
150.209354999999988
20
-74.5146209999999911
11
150.1519519999999943
21
-74.5260389999999973
0
LINE
8
BLACK
6
CONTINUOUS
10
150.1519519999999943
20
-74.5260389999999973
11
149.8519519999999829
21
-74.5260389999999973
0
LINE
8
BLACK
6
CONTINUOUS
10
149.8519519999999829
20
-74.5260389999999973
11
149.7945489999999893
21
-74.5146209999999911
0
LINE
8
BLACK
6
CONTINUOUS
10
149.7945489999999893
20
-74.5146209999999911
11
149.7458859999999845
21
-74.48210499999999
0
LINE
8
BLACK
6
CONTINUOUS
10
149.7458859999999845
20
-74.48210499999999
11
149.7133699999999976
21
-74.4334419999999994
0
LINE
8
BLACK
6
CONTINUOUS
10
149.7133699999999976
20
-74.4334419999999994
11
149.7019520000000057
21
-74.3760389999999916
0
LINE
8
BLACK
6
CONTINUOUS
10
149.7019520000000057
20
-74.3760389999999916
11
149.7019520000000057
21
-72.7260390000000001
0
LINE
8
BLACK
6
CONTINUOUS
10
149.7019520000000057
20
-72.7260390000000001
11
149.7133699999999976
21
-72.6686359999999922
0
LINE
8
BLACK
6
CONTINUOUS
10
149.7133699999999976
20
-72.6686359999999922
11
149.7458859999999845
21
-72.6199730000000017
0
LINE
8
BLACK
6
CONTINUOUS
10
149.7458859999999845
20
-72.6199730000000017
11
149.7945489999999893
21
-72.5874570000000006
0
LINE
8
BLACK
6
CONTINUOUS
10
149.7945489999999893
20
-72.5874570000000006
11
149.8519519999999829
21
-72.5760389999999944
0
LINE
8
BLACK
6
CONTINUOUS
10
149.8519519999999829
20
-72.5760389999999944
11
149.8519519999999829
21
-72.3205379999999991
0
LINE
8
BLACK
6
CONTINUOUS
10
149.8519519999999829
20
-72.3205379999999991
11
149.8548339999999826
21
-72.2912740000000014
0
LINE
8
BLACK
6
CONTINUOUS
10
149.8548339999999826
20
-72.2912740000000014
11
149.8744159999999965
21
-72.2439999999999998
0
LINE
8
BLACK
6
CONTINUOUS
10
149.8744159999999965
20
-72.2439999999999998
11
149.8772309999999948
21
-72.2372029999999938
0
LINE
8
BLACK
6
CONTINUOUS
10
149.8772309999999948
20
-72.2372029999999938
11
149.8958859999999902
21
-72.2144720000000007
0
LINE
8
BLACK
6
CONTINUOUS
10
149.8958859999999902
20
-72.2144720000000007
11
150.4041739999999834
21
-71.7061839999999933
0
LINE
8
BLACK
6
CONTINUOUS
10
150.4041739999999834
20
-71.7061839999999933
11
150.426905000000005
21
-71.6875289999999978
0
LINE
8
BLACK
6
CONTINUOUS
10
150.426905000000005
20
-71.6875289999999978
11
150.4585789999999861
21
-71.6744089999999971
0
LINE
8
BLACK
6
CONTINUOUS
10
150.4585789999999861
20
-71.6744089999999971
11
150.4809759999999983
21
-71.6651319999999998
0
LINE
8
BLACK
6
CONTINUOUS
10
150.4809759999999983
20
-71.6651319999999998
11
150.5102399999999818
21
-71.6622500000000002
0
LINE
8
BLACK
6
CONTINUOUS
10
150.5102399999999818
20
-71.6622500000000002
11
152.5422399999999925
21
-71.6622500000000002
0
LINE
8
BLACK
6
CONTINUOUS
10
152.5422399999999925
20
-71.6622500000000002
11
152.5715040000000045
21
-71.6651319999999998
0
LINE
8
BLACK
6
CONTINUOUS
10
151.4793549999999982
20
-72.5874570000000006
11
151.528018000000003
21
-72.6199730000000017
0
LINE
8
BLACK
6
CONTINUOUS
10
151.528018000000003
20
-72.6199730000000017
11
151.5605339999999899
21
-72.6686359999999922
0
LINE
8
BLACK
6
CONTINUOUS
10
151.5605339999999899
20
-72.6686359999999922
11
151.5719519999999818
21
-72.7260390000000001
0
LINE
8
BLACK
6
CONTINUOUS
10
151.5719519999999818
20
-72.7260390000000001
11
151.5719519999999818
21
-74.3760389999999916
0
LINE
8
BLACK
6
CONTINUOUS
10
151.5719519999999818
20
-74.3760389999999916
11
151.5605339999999899
21
-74.4334419999999994
0
LINE
8
BLACK
6
CONTINUOUS
10
151.5605339999999899
20
-74.4334419999999994
11
151.528018000000003
21
-74.48210499999999
0
LINE
8
BLACK
6
CONTINUOUS
10
151.528018000000003
20
-74.48210499999999
11
151.4793549999999982
21
-74.5146209999999911
0
LINE
8
BLACK
6
CONTINUOUS
10
151.4793549999999982
20
-74.5146209999999911
11
151.4219520000000045
21
-74.5260389999999973
0
LINE
8
BLACK
6
CONTINUOUS
10
151.4219520000000045
20
-74.5260389999999973
11
151.1219519999999932
21
-74.5260389999999973
0
LINE
8
BLACK
6
CONTINUOUS
10
151.1219519999999932
20
-74.5260389999999973
11
151.0645489999999995
21
-74.5146209999999911
0
LINE
8
BLACK
6
CONTINUOUS
10
151.0645489999999995
20
-74.5146209999999911
11
151.0158859999999947
21
-74.48210499999999
0
LINE
8
BLACK
6
CONTINUOUS
10
151.0158859999999947
20
-74.48210499999999
11
150.9833699999999794
21
-74.4334419999999994
0
LINE
8
BLACK
6
CONTINUOUS
10
150.9833699999999794
20
-74.4334419999999994
11
150.9719519999999875
21
-74.3760389999999916
0
LINE
8
BLACK
6
CONTINUOUS
10
150.9719519999999875
20
-74.3760389999999916
11
150.9719519999999875
21
-72.7260390000000001
0
LINE
8
BLACK
6
CONTINUOUS
10
150.9719519999999875
20
-72.7260390000000001
11
150.9833699999999794
21
-72.6686359999999922
0
LINE
8
BLACK
6
CONTINUOUS
10
150.9833699999999794
20
-72.6686359999999922
11
151.0158859999999947
21
-72.6199730000000017
0
LINE
8
BLACK
6
CONTINUOUS
10
151.0158859999999947
20
-72.6199730000000017
11
151.0645489999999995
21
-72.5874570000000006
0
LINE
8
BLACK
6
CONTINUOUS
10
151.0645489999999995
20
-72.5874570000000006
11
151.1219519999999932
21
-72.5760389999999944
0
LINE
8
BLACK
6
CONTINUOUS
10
151.1219519999999932
20
-72.5760389999999944
11
151.4219520000000045
21
-72.5760389999999944
0
LINE
8
BLACK
6
CONTINUOUS
10
151.4219520000000045
20
-72.5760389999999944
11
151.4793549999999982
21
-72.5874570000000006
0
LINE
8
BLACK
6
CONTINUOUS
10
133.5726429999999993
20
-63.2936679999999967
11
133.6213060000000041
21
-63.3261839999999978
0
LINE
8
BLACK
6
CONTINUOUS
10
133.6213060000000041
20
-63.3261839999999978
11
133.653821999999991
21
-63.3748469999999955
0
LINE
8
BLACK
6
CONTINUOUS
10
133.653821999999991
20
-63.3748469999999955
11
133.665239999999983
21
-63.4322499999999962
0
LINE
8
BLACK
6
CONTINUOUS
10
133.665239999999983
20
-63.4322499999999962
11
133.665239999999983
21
-65.0822500000000019
0
LINE
8
BLACK
6
CONTINUOUS
10
133.665239999999983
20
-65.0822500000000019
11
133.653821999999991
21
-65.1396529999999956
0
LINE
8
BLACK
6
CONTINUOUS
10
133.653821999999991
20
-65.1396529999999956
11
133.6213060000000041
21
-65.1883160000000004
0
LINE
8
BLACK
6
CONTINUOUS
10
133.6213060000000041
20
-65.1883160000000004
11
133.5726429999999993
21
-65.2208320000000015
0
LINE
8
BLACK
6
CONTINUOUS
10
133.5726429999999993
20
-65.2208320000000015
11
133.5152400000000057
21
-65.2322499999999934
0
LINE
8
BLACK
6
CONTINUOUS
10
133.5152400000000057
20
-65.2322499999999934
11
133.5152400000000057
21
-68.2322499999999934
0
LINE
8
BLACK
6
CONTINUOUS
10
133.5152400000000057
20
-68.2322499999999934
11
133.5726429999999993
21
-68.2436679999999996
0
LINE
8
BLACK
6
CONTINUOUS
10
133.5726429999999993
20
-68.2436679999999996
11
133.6213060000000041
21
-68.2761840000000007
0
LINE
8
BLACK
6
CONTINUOUS
10
133.6213060000000041
20
-68.2761840000000007
11
133.653821999999991
21
-68.3248469999999912
0
LINE
8
BLACK
6
CONTINUOUS
10
133.653821999999991
20
-68.3248469999999912
11
133.665239999999983
21
-68.3822499999999991
0
LINE
8
BLACK
6
CONTINUOUS
10
133.665239999999983
20
-68.3822499999999991
11
133.665239999999983
21
-70.0322499999999906
0
LINE
8
BLACK
6
CONTINUOUS
10
133.665239999999983
20
-70.0322499999999906
11
133.653821999999991
21
-70.0896529999999984
0
LINE
8
BLACK
6
CONTINUOUS
10
133.653821999999991
20
-70.0896529999999984
11
133.6213060000000041
21
-70.1383160000000032
0
LINE
8
BLACK
6
CONTINUOUS
10
133.6213060000000041
20
-70.1383160000000032
11
133.5726429999999993
21
-70.1708319999999901
0
LINE
8
BLACK
6
CONTINUOUS
10
133.5726429999999993
20
-70.1708319999999901
11
133.5152400000000057
21
-70.1822499999999962
0
LINE
8
BLACK
6
CONTINUOUS
10
133.5152400000000057
20
-70.1822499999999962
11
133.5152400000000057
21
-70.8446660000000037
0
LINE
8
BLACK
6
CONTINUOUS
10
133.5152400000000057
20
-70.8446660000000037
11
133.5286270000000002
21
-70.847329000000002
0
LINE
8
BLACK
6
CONTINUOUS
10
133.5286270000000002
20
-70.847329000000002
11
133.6056779999999833
21
-70.8988119999999924
0
LINE
8
BLACK
6
CONTINUOUS
10
133.6056779999999833
20
-70.8988119999999924
11
133.6571610000000021
21
-70.9758629999999897
0
LINE
8
BLACK
6
CONTINUOUS
10
133.6571610000000021
20
-70.9758629999999897
11
133.6752400000000023
21
-71.066749999999999
0
LINE
8
BLACK
6
CONTINUOUS
10
133.6752400000000023
20
-71.066749999999999
11
133.6752400000000023
21
-71.5417499999999933
0
LINE
8
BLACK
6
CONTINUOUS
10
133.6752400000000023
20
-71.5417499999999933
11
133.6606610000000046
21
-71.6150389999999959
0
LINE
8
BLACK
6
CONTINUOUS
10
133.6606610000000046
20
-71.6150389999999959
11
134.5396219999999801
21
-72.4939999999999998
0
LINE
8
BLACK
6
CONTINUOUS
10
134.5396219999999801
20
-72.4939999999999998
11
138.8250249999999824
21
-72.4939999999999998
0
LINE
8
BLACK
6
CONTINUOUS
10
138.8250249999999824
20
-72.4939999999999998
11
138.8683929999999975
21
-72.4088859999999954
0
LINE
8
BLACK
6
CONTINUOUS
10
138.8683929999999975
20
-72.4088859999999954
11
138.9568859999999972
21
-72.3203929999999957
0
LINE
8
BLACK
6
CONTINUOUS
10
138.9568859999999972
20
-72.3203929999999957
11
139.0683929999999862
21
-72.263576999999998
0
LINE
8
BLACK
6
CONTINUOUS
10
139.0683929999999862
20
-72.263576999999998
11
139.1920000000000073
21
-72.2439999999999998
0
LINE
8
BLACK
6
CONTINUOUS
10
139.1920000000000073
20
-72.2439999999999998
11
139.315607
21
-72.263576999999998
0
LINE
8
BLACK
6
CONTINUOUS
10
139.315607
20
-72.263576999999998
11
139.4271139999999889
21
-72.3203929999999957
0
LINE
8
BLACK
6
CONTINUOUS
10
139.4271139999999889
20
-72.3203929999999957
11
139.5156069999999886
21
-72.4088859999999954
0
LINE
8
BLACK
6
CONTINUOUS
10
139.5156069999999886
20
-72.4088859999999954
11
139.5724229999999864
21
-72.5203929999999986
0
LINE
8
BLACK
6
CONTINUOUS
10
139.5724229999999864
20
-72.5203929999999986
11
139.5919999999999845
21
-72.6439999999999912
0
LINE
8
BLACK
6
CONTINUOUS
10
139.5919999999999845
20
-72.6439999999999912
11
139.5724229999999864
21
-72.7676069999999982
0
LINE
8
BLACK
6
CONTINUOUS
10
139.5724229999999864
20
-72.7676069999999982
11
139.5156069999999886
21
-72.8791140000000013
0
LINE
8
BLACK
6
CONTINUOUS
10
139.5156069999999886
20
-72.8791140000000013
11
139.4271139999999889
21
-72.967607000000001
0
LINE
8
BLACK
6
CONTINUOUS
10
139.4271139999999889
20
-72.967607000000001
11
139.315607
21
-73.0244229999999988
0
LINE
8
BLACK
6
CONTINUOUS
10
139.315607
20
-73.0244229999999988
11
139.1920000000000073
21
-73.0439999999999969
0
LINE
8
BLACK
6
CONTINUOUS
10
139.1920000000000073
20
-73.0439999999999969
11
139.0683929999999862
21
-73.0244229999999988
0
LINE
8
BLACK
6
CONTINUOUS
10
139.0683929999999862
20
-73.0244229999999988
11
138.9568859999999972
21
-72.967607000000001
0
LINE
8
BLACK
6
CONTINUOUS
10
138.9568859999999972
20
-72.967607000000001
11
138.8683929999999975
21
-72.8791140000000013
0
LINE
8
BLACK
6
CONTINUOUS
10
138.8683929999999975
20
-72.8791140000000013
11
138.8250249999999824
21
-72.7939999999999969
0
LINE
8
BLACK
6
CONTINUOUS
10
138.8250249999999824
20
-72.7939999999999969
11
134.4774899999999889
21
-72.7939999999999969
0
LINE
8
BLACK
6
CONTINUOUS
10
134.4774899999999889
20
-72.7939999999999969
11
134.4482260000000053
21
-72.7911179999999973
0
LINE
8
BLACK
6
CONTINUOUS
10
134.4482260000000053
20
-72.7911179999999973
11
134.4258289999999931
21
-72.7818400000000025
0
LINE
8
BLACK
6
CONTINUOUS
10
134.4258289999999931
20
-72.7818400000000025
11
134.3941549999999836
21
-72.7687209999999993
0
LINE
8
BLACK
6
CONTINUOUS
10
134.3941549999999836
20
-72.7687209999999993
11
134.3714239999999904
21
-72.7500659999999897
0
LINE
8
BLACK
6
CONTINUOUS
10
134.3714239999999904
20
-72.7500659999999897
11
133.4006080000000054
21
-71.7792499999999905
0
LINE
8
BLACK
6
CONTINUOUS
10
133.4006080000000054
20
-71.7792499999999905
11
132.8377399999999966
21
-71.7792499999999905
0
LINE
8
BLACK
6
CONTINUOUS
10
132.8377399999999966
20
-71.7792499999999905
11
132.7468529999999873
21
-71.7611709999999903
0
LINE
8
BLACK
6
CONTINUOUS
10
132.7468529999999873
20
-71.7611709999999903
11
132.6698020000000042
21
-71.7096879999999999
0
LINE
8
BLACK
6
CONTINUOUS
10
132.6698020000000042
20
-71.7096879999999999
11
132.6183189999999854
21
-71.6326370000000026
0
LINE
8
BLACK
6
CONTINUOUS
10
132.6183189999999854
20
-71.6326370000000026
11
132.6002399999999852
21
-71.5417499999999933
0
LINE
8
BLACK
6
CONTINUOUS
10
132.6002399999999852
20
-71.5417499999999933
11
132.6002399999999852
21
-71.066749999999999
0
LINE
8
BLACK
6
CONTINUOUS
10
132.6002399999999852
20
-71.066749999999999
11
132.6183189999999854
21
-70.9758629999999897
0
LINE
8
BLACK
6
CONTINUOUS
10
132.6183189999999854
20
-70.9758629999999897
11
132.6698020000000042
21
-70.8988119999999924
0
LINE
8
BLACK
6
CONTINUOUS
10
132.6698020000000042
20
-70.8988119999999924
11
132.7468529999999873
21
-70.847329000000002
0
LINE
8
BLACK
6
CONTINUOUS
10
132.7468529999999873
20
-70.847329000000002
11
132.8377399999999966
21
-70.8292500000000018
0
LINE
8
BLACK
6
CONTINUOUS
10
132.8377399999999966
20
-70.8292500000000018
11
133.2152399999999943
21
-70.8292500000000018
0
LINE
8
BLACK
6
CONTINUOUS
10
133.2152399999999943
20
-70.8292500000000018
11
133.2152399999999943
21
-70.1822499999999962
0
LINE
8
BLACK
6
CONTINUOUS
10
133.2152399999999943
20
-70.1822499999999962
11
133.1578370000000007
21
-70.1708319999999901
0
LINE
8
BLACK
6
CONTINUOUS
10
133.1578370000000007
20
-70.1708319999999901
11
133.1091739999999959
21
-70.1383160000000032
0
LINE
8
BLACK
6
CONTINUOUS
10
133.1091739999999959
20
-70.1383160000000032
11
133.0766579999999806
21
-70.0896529999999984
0
LINE
8
BLACK
6
CONTINUOUS
10
133.0766579999999806
20
-70.0896529999999984
11
133.0652399999999886
21
-70.0322499999999906
0
LINE
8
BLACK
6
CONTINUOUS
10
133.0652399999999886
20
-70.0322499999999906
11
133.0652399999999886
21
-68.3822499999999991
0
LINE
8
BLACK
6
CONTINUOUS
10
133.0652399999999886
20
-68.3822499999999991
11
133.0766579999999806
21
-68.3248469999999912
0
LINE
8
BLACK
6
CONTINUOUS
10
133.0766579999999806
20
-68.3248469999999912
11
133.1091739999999959
21
-68.2761840000000007
0
LINE
8
BLACK
6
CONTINUOUS
10
133.1091739999999959
20
-68.2761840000000007
11
133.1578370000000007
21
-68.2436679999999996
0
LINE
8
BLACK
6
CONTINUOUS
10
133.1578370000000007
20
-68.2436679999999996
11
133.2152399999999943
21
-68.2322499999999934
0
LINE
8
BLACK
6
CONTINUOUS
10
133.2152399999999943
20
-68.2322499999999934
11
133.2152399999999943
21
-65.2322499999999934
0
LINE
8
BLACK
6
CONTINUOUS
10
133.2152399999999943
20
-65.2322499999999934
11
133.1578370000000007
21
-65.2208320000000015
0
LINE
8
BLACK
6
CONTINUOUS
10
133.1578370000000007
20
-65.2208320000000015
11
133.1091739999999959
21
-65.1883160000000004
0
LINE
8
BLACK
6
CONTINUOUS
10
133.1091739999999959
20
-65.1883160000000004
11
133.0766579999999806
21
-65.1396529999999956
0
LINE
8
BLACK
6
CONTINUOUS
10
133.0766579999999806
20
-65.1396529999999956
11
133.0652399999999886
21
-65.0822500000000019
0
LINE
8
BLACK
6
CONTINUOUS
10
133.0652399999999886
20
-65.0822500000000019
11
133.0652399999999886
21
-63.4322499999999962
0
LINE
8
BLACK
6
CONTINUOUS
10
133.0652399999999886
20
-63.4322499999999962
11
133.0766579999999806
21
-63.3748469999999955
0
LINE
8
BLACK
6
CONTINUOUS
10
133.0766579999999806
20
-63.3748469999999955
11
133.1091739999999959
21
-63.3261839999999978
0
LINE
8
BLACK
6
CONTINUOUS
10
133.1091739999999959
20
-63.3261839999999978
11
133.1578370000000007
21
-63.2936679999999967
0
LINE
8
BLACK
6
CONTINUOUS
10
133.1578370000000007
20
-63.2936679999999967
11
133.2152399999999943
21
-63.2822499999999977
0
LINE
8
BLACK
6
CONTINUOUS
10
133.2152399999999943
20
-63.2822499999999977
11
133.5152400000000057
21
-63.2822499999999977
0
LINE
8
BLACK
6
CONTINUOUS
10
133.5152400000000057
20
-63.2822499999999977
11
133.5726429999999993
21
-63.2936679999999967
0
LINE
8
BLACK
6
CONTINUOUS
10
165.57664299999999
20
-63.1666679999999943
11
165.6253059999999948
21
-63.1991839999999954
0
LINE
8
BLACK
6
CONTINUOUS
10
165.6253059999999948
20
-63.1991839999999954
11
165.6578219999999817
21
-63.2478470000000002
0
LINE
8
BLACK
6
CONTINUOUS
10
165.6578219999999817
20
-63.2478470000000002
11
165.6692400000000021
21
-63.3052499999999938
0
LINE
8
BLACK
6
CONTINUOUS
10
165.6692400000000021
20
-63.3052499999999938
11
165.6692400000000021
21
-64.9552499999999924
0
LINE
8
BLACK
6
CONTINUOUS
10
165.6692400000000021
20
-64.9552499999999924
11
165.6578219999999817
21
-65.0126530000000002
0
LINE
8
BLACK
6
CONTINUOUS
10
165.6578219999999817
20
-65.0126530000000002
11
165.6253059999999948
21
-65.0613159999999908
0
LINE
8
BLACK
6
CONTINUOUS
10
165.6253059999999948
20
-65.0613159999999908
11
165.57664299999999
21
-65.0938319999999919
0
LINE
8
BLACK
6
CONTINUOUS
10
165.57664299999999
20
-65.0938319999999919
11
165.5192399999999964
21
-65.1052499999999981
0
LINE
8
BLACK
6
CONTINUOUS
10
165.5192399999999964
20
-65.1052499999999981
11
165.4942399999999907
21
-65.1052499999999981
0
LINE
8
BLACK
6
CONTINUOUS
10
165.4942399999999907
20
-65.1052499999999981
11
165.4942399999999907
21
-68.1052499999999981
0
LINE
8
BLACK
6
CONTINUOUS
10
165.4942399999999907
20
-68.1052499999999981
11
165.5192399999999964
21
-68.1052499999999981
0
LINE
8
BLACK
6
CONTINUOUS
10
165.5192399999999964
20
-68.1052499999999981
11
165.57664299999999
21
-68.11666799999999
0
LINE
8
BLACK
6
CONTINUOUS
10
165.57664299999999
20
-68.11666799999999
11
165.6253059999999948
21
-68.1491839999999911
0
LINE
8
BLACK
6
CONTINUOUS
10
165.6253059999999948
20
-68.1491839999999911
11
165.6578219999999817
21
-68.1978469999999959
0
LINE
8
BLACK
6
CONTINUOUS
10
165.6578219999999817
20
-68.1978469999999959
11
165.6692400000000021
21
-68.2552500000000038
0
LINE
8
BLACK
6
CONTINUOUS
10
165.6692400000000021
20
-68.2552500000000038
11
165.6692400000000021
21
-69.9052499999999952
0
LINE
8
BLACK
6
CONTINUOUS
10
165.6692400000000021
20
-69.9052499999999952
11
165.6578219999999817
21
-69.9626530000000031
0
LINE
8
BLACK
6
CONTINUOUS
10
165.6578219999999817
20
-69.9626530000000031
11
165.6253059999999948
21
-70.0113159999999937
0
LINE
8
BLACK
6
CONTINUOUS
10
165.6253059999999948
20
-70.0113159999999937
11
165.57664299999999
21
-70.0438319999999948
0
LINE
8
BLACK
6
CONTINUOUS
10
165.57664299999999
20
-70.0438319999999948
11
165.5192399999999964
21
-70.0552500000000009
0
LINE
8
BLACK
6
CONTINUOUS
10
165.5192399999999964
20
-70.0552500000000009
11
165.4942399999999907
21
-70.0552500000000009
0
LINE
8
BLACK
6
CONTINUOUS
10
165.4942399999999907
20
-70.0552500000000009
11
165.4942399999999907
21
-70.7022499999999923
0
LINE
8
BLACK
6
CONTINUOUS
10
165.4942399999999907
20
-70.7022499999999923
11
165.8967399999999941
21
-70.7022499999999923
0
LINE
8
BLACK
6
CONTINUOUS
10
165.8967399999999941
20
-70.7022499999999923
11
165.9876270000000034
21
-70.7203289999999924
0
LINE
8
BLACK
6
CONTINUOUS
10
165.9876270000000034
20
-70.7203289999999924
11
166.0646779999999865
21
-70.7718119999999971
0
LINE
8
BLACK
6
CONTINUOUS
10
166.0646779999999865
20
-70.7718119999999971
11
166.1161610000000053
21
-70.8488629999999944
0
LINE
8
BLACK
6
CONTINUOUS
10
166.1161610000000053
20
-70.8488629999999944
11
166.1342400000000055
21
-70.9397500000000036
0
LINE
8
BLACK
6
CONTINUOUS
10
166.1342400000000055
20
-70.9397500000000036
11
166.1342400000000055
21
-71.414749999999998
0
LINE
8
BLACK
6
CONTINUOUS
10
166.1342400000000055
20
-71.414749999999998
11
166.1161610000000053
21
-71.505636999999993
0
LINE
8
BLACK
6
CONTINUOUS
10
166.1161610000000053
20
-71.505636999999993
11
166.0646779999999865
21
-71.5826879999999903
0
LINE
8
BLACK
6
CONTINUOUS
10
166.0646779999999865
20
-71.5826879999999903
11
165.9876270000000034
21
-71.6341709999999949
0
LINE
8
BLACK
6
CONTINUOUS
10
165.9876270000000034
20
-71.6341709999999949
11
165.8967399999999941
21
-71.6522499999999951
0
LINE
8
BLACK
6
CONTINUOUS
10
165.8967399999999941
20
-71.6522499999999951
11
165.2985170000000039
21
-71.6522499999999951
0
LINE
8
BLACK
6
CONTINUOUS
10
165.2985170000000039
20
-71.6522499999999951
11
164.472377999999992
21
-72.4783879999999954
0
LINE
8
BLACK
6
CONTINUOUS
10
164.472377999999992
20
-72.4783879999999954
11
164.453440999999998
21
-72.4939279999999968
0
LINE
8
BLACK
6
CONTINUOUS
10
164.453440999999998
20
-72.4939279999999968
11
164.4534359999999822
21
-72.4939339999999959
0
LINE
8
BLACK
6
CONTINUOUS
10
164.4534359999999822
20
-72.4939339999999959
11
164.4215739999999926
21
-72.5071310000000011
0
LINE
8
BLACK
6
CONTINUOUS
10
164.4215739999999926
20
-72.5071310000000011
11
164.4083770000000015
21
-72.512597999999997
0
LINE
8
BLACK
6
CONTINUOUS
10
164.4083770000000015
20
-72.512597999999997
11
164.4083760000000041
21
-72.512597999999997
0
LINE
8
BLACK
6
CONTINUOUS
10
164.4083760000000041
20
-72.512597999999997
11
164.383989999999983
21
-72.5150000000000006
0
LINE
8
BLACK
6
CONTINUOUS
10
164.383989999999983
20
-72.5150000000000006
11
161.4157129999999825
21
-72.5150000000000006
0
LINE
8
BLACK
6
CONTINUOUS
10
161.4157129999999825
20
-72.5150000000000006
11
161.3596069999999827
21
-72.6251139999999964
0
LINE
8
BLACK
6
CONTINUOUS
10
161.3596069999999827
20
-72.6251139999999964
11
161.271113999999983
21
-72.7136069999999961
0
LINE
8
BLACK
6
CONTINUOUS
10
161.271113999999983
20
-72.7136069999999961
11
161.1596069999999941
21
-72.7704229999999939
0
LINE
8
BLACK
6
CONTINUOUS
10
161.1596069999999941
20
-72.7704229999999939
11
161.0360000000000014
21
-72.789999999999992
0
LINE
8
BLACK
6
CONTINUOUS
10
161.0360000000000014
20
-72.789999999999992
11
160.9123929999999802
21
-72.7704229999999939
0
LINE
8
BLACK
6
CONTINUOUS
10
160.9123929999999802
20
-72.7704229999999939
11
160.8008859999999913
21
-72.7136069999999961
0
LINE
8
BLACK
6
CONTINUOUS
10
160.8008859999999913
20
-72.7136069999999961
11
160.7123929999999916
21
-72.6251139999999964
0
LINE
8
BLACK
6
CONTINUOUS
10
160.7123929999999916
20
-72.6251139999999964
11
160.6555769999999939
21
-72.5136069999999933
0
LINE
8
BLACK
6
CONTINUOUS
10
160.6555769999999939
20
-72.5136069999999933
11
160.6359999999999957
21
-72.3900000000000006
0
LINE
8
BLACK
6
CONTINUOUS
10
160.6359999999999957
20
-72.3900000000000006
11
160.6555769999999939
21
-72.2663929999999937
0
LINE
8
BLACK
6
CONTINUOUS
10
160.6555769999999939
20
-72.2663929999999937
11
160.7123929999999916
21
-72.1548859999999905
0
LINE
8
BLACK
6
CONTINUOUS
10
160.7123929999999916
20
-72.1548859999999905
11
160.8008859999999913
21
-72.0663929999999908
0
LINE
8
BLACK
6
CONTINUOUS
10
160.8008859999999913
20
-72.0663929999999908
11
160.9123929999999802
21
-72.0095769999999931
0
LINE
8
BLACK
6
CONTINUOUS
10
160.9123929999999802
20
-72.0095769999999931
11
161.0360000000000014
21
-71.9899999999999949
0
LINE
8
BLACK
6
CONTINUOUS
10
161.0360000000000014
20
-71.9899999999999949
11
161.1596069999999941
21
-72.0095769999999931
0
LINE
8
BLACK
6
CONTINUOUS
10
161.1596069999999941
20
-72.0095769999999931
11
161.271113999999983
21
-72.0663929999999908
0
LINE
8
BLACK
6
CONTINUOUS
10
161.271113999999983
20
-72.0663929999999908
11
161.3596069999999827
21
-72.1548859999999905
0
LINE
8
BLACK
6
CONTINUOUS
10
161.3596069999999827
20
-72.1548859999999905
11
161.4157129999999825
21
-72.2650000000000006
0
LINE
8
BLACK
6
CONTINUOUS
10
161.4157129999999825
20
-72.2650000000000006
11
164.3322139999999933
21
-72.2650000000000006
0
LINE
8
BLACK
6
CONTINUOUS
10
164.3322139999999933
20
-72.2650000000000006
11
165.083028999999982
21
-71.5141830000000027
0
LINE
8
BLACK
6
CONTINUOUS
10
165.083028999999982
20
-71.5141830000000027
11
165.0773189999999886
21
-71.505636999999993
0
LINE
8
BLACK
6
CONTINUOUS
10
165.0773189999999886
20
-71.505636999999993
11
165.0592399999999884
21
-71.414749999999998
0
LINE
8
BLACK
6
CONTINUOUS
10
165.0592399999999884
20
-71.414749999999998
11
165.0592399999999884
21
-70.9397500000000036
0
LINE
8
BLACK
6
CONTINUOUS
10
165.0592399999999884
20
-70.9397500000000036
11
165.0773189999999886
21
-70.8488629999999944
0
LINE
8
BLACK
6
CONTINUOUS
10
165.0773189999999886
20
-70.8488629999999944
11
165.128801999999979
21
-70.7718119999999971
0
LINE
8
BLACK
6
CONTINUOUS
10
165.128801999999979
20
-70.7718119999999971
11
165.2058529999999905
21
-70.7203289999999924
0
LINE
8
BLACK
6
CONTINUOUS
10
165.2058529999999905
20
-70.7203289999999924
11
165.2442399999999907
21
-70.7126930000000016
0
LINE
8
BLACK
6
CONTINUOUS
10
165.2442399999999907
20
-70.7126930000000016
11
165.2442399999999907
21
-70.0552500000000009
0
LINE
8
BLACK
6
CONTINUOUS
10
165.2442399999999907
20
-70.0552500000000009
11
165.219239999999985
21
-70.0552500000000009
0
LINE
8
BLACK
6
CONTINUOUS
10
165.219239999999985
20
-70.0552500000000009
11
165.1618369999999913
21
-70.0438319999999948
0
LINE
8
BLACK
6
CONTINUOUS
10
165.1618369999999913
20
-70.0438319999999948
11
165.1131739999999866
21
-70.0113159999999937
0
LINE
8
BLACK
6
CONTINUOUS
10
165.1131739999999866
20
-70.0113159999999937
11
165.0806579999999997
21
-69.9626530000000031
0
LINE
8
BLACK
6
CONTINUOUS
10
165.0806579999999997
20
-69.9626530000000031
11
165.0692399999999793
21
-69.9052499999999952
0
LINE
8
BLACK
6
CONTINUOUS
10
165.0692399999999793
20
-69.9052499999999952
11
165.0692399999999793
21
-68.2552500000000038
0
LINE
8
BLACK
6
CONTINUOUS
10
165.0692399999999793
20
-68.2552500000000038
11
165.0806579999999997
21
-68.1978469999999959
0
LINE
8
BLACK
6
CONTINUOUS
10
165.0806579999999997
20
-68.1978469999999959
11
165.1131739999999866
21
-68.1491839999999911
0
LINE
8
BLACK
6
CONTINUOUS
10
165.1131739999999866
20
-68.1491839999999911
11
165.1618369999999913
21
-68.11666799999999
0
LINE
8
BLACK
6
CONTINUOUS
10
165.1618369999999913
20
-68.11666799999999
11
165.219239999999985
21
-68.1052499999999981
0
LINE
8
BLACK
6
CONTINUOUS
10
165.219239999999985
20
-68.1052499999999981
11
165.2442399999999907
21
-68.1052499999999981
0
LINE
8
BLACK
6
CONTINUOUS
10
165.2442399999999907
20
-68.1052499999999981
11
165.2442399999999907
21
-65.1052499999999981
0
LINE
8
BLACK
6
CONTINUOUS
10
165.2442399999999907
20
-65.1052499999999981
11
165.219239999999985
21
-65.1052499999999981
0
LINE
8
BLACK
6
CONTINUOUS
10
165.219239999999985
20
-65.1052499999999981
11
165.1618369999999913
21
-65.0938319999999919
0
LINE
8
BLACK
6
CONTINUOUS
10
165.1618369999999913
20
-65.0938319999999919
11
165.1131739999999866
21
-65.0613159999999908
0
LINE
8
BLACK
6
CONTINUOUS
10
165.1131739999999866
20
-65.0613159999999908
11
165.0806579999999997
21
-65.0126530000000002
0
LINE
8
BLACK
6
CONTINUOUS
10
165.0806579999999997
20
-65.0126530000000002
11
165.0692399999999793
21
-64.9552499999999924
0
LINE
8
BLACK
6
CONTINUOUS
10
165.0692399999999793
20
-64.9552499999999924
11
165.0692399999999793
21
-63.3052499999999938
0
LINE
8
BLACK
6
CONTINUOUS
10
165.0692399999999793
20
-63.3052499999999938
11
165.0806579999999997
21
-63.2478470000000002
0
LINE
8
BLACK
6
CONTINUOUS
10
165.0806579999999997
20
-63.2478470000000002
11
165.1131739999999866
21
-63.1991839999999954
0
LINE
8
BLACK
6
CONTINUOUS
10
165.1131739999999866
20
-63.1991839999999954
11
165.1618369999999913
21
-63.1666679999999943
0
LINE
8
BLACK
6
CONTINUOUS
10
165.1618369999999913
20
-63.1666679999999943
11
165.219239999999985
21
-63.1552499999999952
0
LINE
8
BLACK
6
CONTINUOUS
10
165.219239999999985
20
-63.1552499999999952
11
165.5192399999999964
21
-63.1552499999999952
0
LINE
8
BLACK
6
CONTINUOUS
10
165.5192399999999964
20
-63.1552499999999952
11
165.57664299999999
21
-63.1666679999999943
0
LINE
8
BLACK
6
CONTINUOUS
10
134.8426429999999812
20
-63.2936679999999967
11
134.8913059999999859
21
-63.3261839999999978
0
LINE
8
BLACK
6
CONTINUOUS
10
134.8913059999999859
20
-63.3261839999999978
11
134.9238220000000013
21
-63.3748469999999955
0
LINE
8
BLACK
6
CONTINUOUS
10
134.9238220000000013
20
-63.3748469999999955
11
134.9352399999999932
21
-63.4322499999999962
0
LINE
8
BLACK
6
CONTINUOUS
10
134.9352399999999932
20
-63.4322499999999962
11
134.9352399999999932
21
-65.0822500000000019
0
LINE
8
BLACK
6
CONTINUOUS
10
134.9352399999999932
20
-65.0822500000000019
11
134.9238220000000013
21
-65.1396529999999956
0
LINE
8
BLACK
6
CONTINUOUS
10
134.9238220000000013
20
-65.1396529999999956
11
134.8913059999999859
21
-65.1883160000000004
0
LINE
8
BLACK
6
CONTINUOUS
10
134.8913059999999859
20
-65.1883160000000004
11
134.8426429999999812
21
-65.2208320000000015
0
LINE
8
BLACK
6
CONTINUOUS
10
134.8426429999999812
20
-65.2208320000000015
11
134.7852399999999875
21
-65.2322499999999934
0
LINE
8
BLACK
6
CONTINUOUS
10
134.7852399999999875
20
-65.2322499999999934
11
134.7852399999999875
21
-68.2322499999999934
0
LINE
8
BLACK
6
CONTINUOUS
10
134.7852399999999875
20
-68.2322499999999934
11
134.8426429999999812
21
-68.2436679999999996
0
LINE
8
BLACK
6
CONTINUOUS
10
134.8426429999999812
20
-68.2436679999999996
11
134.8913059999999859
21
-68.2761840000000007
0
LINE
8
BLACK
6
CONTINUOUS
10
134.8913059999999859
20
-68.2761840000000007
11
134.9238220000000013
21
-68.3248469999999912
0
LINE
8
BLACK
6
CONTINUOUS
10
134.9238220000000013
20
-68.3248469999999912
11
134.9352399999999932
21
-68.3822499999999991
0
LINE
8
BLACK
6
CONTINUOUS
10
134.9352399999999932
20
-68.3822499999999991
11
134.9352399999999932
21
-70.0322499999999906
0
LINE
8
BLACK
6
CONTINUOUS
10
134.9352399999999932
20
-70.0322499999999906
11
134.9238220000000013
21
-70.0896529999999984
0
LINE
8
BLACK
6
CONTINUOUS
10
134.9238220000000013
20
-70.0896529999999984
11
134.8913059999999859
21
-70.1383160000000032
0
LINE
8
BLACK
6
CONTINUOUS
10
134.8913059999999859
20
-70.1383160000000032
11
134.8426429999999812
21
-70.1708319999999901
0
LINE
8
BLACK
6
CONTINUOUS
10
134.8426429999999812
20
-70.1708319999999901
11
134.7852399999999875
21
-70.1822499999999962
0
LINE
8
BLACK
6
CONTINUOUS
10
134.7852399999999875
20
-70.1822499999999962
11
134.7852399999999875
21
-70.8292500000000018
0
LINE
8
BLACK
6
CONTINUOUS
10
134.7852399999999875
20
-70.8292500000000018
11
135.1627399999999852
21
-70.8292500000000018
0
LINE
8
BLACK
6
CONTINUOUS
10
135.1627399999999852
20
-70.8292500000000018
11
135.2536269999999945
21
-70.847329000000002
0
LINE
8
BLACK
6
CONTINUOUS
10
135.2536269999999945
20
-70.847329000000002
11
135.330678000000006
21
-70.8988119999999924
0
LINE
8
BLACK
6
CONTINUOUS
10
135.330678000000006
20
-70.8988119999999924
11
135.3821609999999964
21
-70.9758629999999897
0
LINE
8
BLACK
6
CONTINUOUS
10
135.3821609999999964
20
-70.9758629999999897
11
135.4002399999999966
21
-71.066749999999999
0
LINE
8
BLACK
6
CONTINUOUS
10
135.4002399999999966
20
-71.066749999999999
11
135.4002399999999966
21
-71.1542499999999905
0
LINE
8
BLACK
6
CONTINUOUS
10
135.4002399999999966
20
-71.1542499999999905
11
138.8605649999999798
21
-71.1542499999999905
0
LINE
8
BLACK
6
CONTINUOUS
10
138.8605649999999798
20
-71.1542499999999905
11
138.8683929999999975
21
-71.1388859999999994
0
LINE
8
BLACK
6
CONTINUOUS
10
138.8683929999999975
20
-71.1388859999999994
11
138.9568859999999972
21
-71.0503929999999997
0
LINE
8
BLACK
6
CONTINUOUS
10
138.9568859999999972
20
-71.0503929999999997
11
139.0683929999999862
21
-70.9935770000000019
0
LINE
8
BLACK
6
CONTINUOUS
10
139.0683929999999862
20
-70.9935770000000019
11
139.1920000000000073
21
-70.9740000000000038
0
LINE
8
BLACK
6
CONTINUOUS
10
139.1920000000000073
20
-70.9740000000000038
11
139.315607
21
-70.9935770000000019
0
LINE
8
BLACK
6
CONTINUOUS
10
139.315607
20
-70.9935770000000019
11
139.4271139999999889
21
-71.0503929999999997
0
LINE
8
BLACK
6
CONTINUOUS
10
139.4271139999999889
20
-71.0503929999999997
11
139.5156069999999886
21
-71.1388859999999994
0
LINE
8
BLACK
6
CONTINUOUS
10
139.5156069999999886
20
-71.1388859999999994
11
139.5724229999999864
21
-71.2503930000000025
0
LINE
8
BLACK
6
CONTINUOUS
10
139.5724229999999864
20
-71.2503930000000025
11
139.5919999999999845
21
-71.3739999999999952
0
LINE
8
BLACK
6
CONTINUOUS
10
139.5919999999999845
20
-71.3739999999999952
11
139.5724229999999864
21
-71.4976070000000021
0
LINE
8
BLACK
6
CONTINUOUS
10
139.5724229999999864
20
-71.4976070000000021
11
139.5156069999999886
21
-71.6091139999999911
0
LINE
8
BLACK
6
CONTINUOUS
10
139.5156069999999886
20
-71.6091139999999911
11
139.4271139999999889
21
-71.6976069999999908
0
LINE
8
BLACK
6
CONTINUOUS
10
139.4271139999999889
20
-71.6976069999999908
11
139.315607
21
-71.7544230000000027
0
LINE
8
BLACK
6
CONTINUOUS
10
139.315607
20
-71.7544230000000027
11
139.1920000000000073
21
-71.7740000000000009
0
LINE
8
BLACK
6
CONTINUOUS
10
139.1920000000000073
20
-71.7740000000000009
11
139.0683929999999862
21
-71.7544230000000027
0
LINE
8
BLACK
6
CONTINUOUS
10
139.0683929999999862
20
-71.7544230000000027
11
138.9568859999999972
21
-71.6976069999999908
0
LINE
8
BLACK
6
CONTINUOUS
10
138.9568859999999972
20
-71.6976069999999908
11
138.8683929999999975
21
-71.6091139999999911
0
LINE
8
BLACK
6
CONTINUOUS
10
138.8683929999999975
20
-71.6091139999999911
11
138.8115769999999998
21
-71.4976070000000021
0
LINE
8
BLACK
6
CONTINUOUS
10
138.8115769999999998
20
-71.4976070000000021
11
138.80471
21
-71.4542500000000018
0
LINE
8
BLACK
6
CONTINUOUS
10
138.80471
20
-71.4542500000000018
11
135.4002399999999966
21
-71.4542500000000018
0
LINE
8
BLACK
6
CONTINUOUS
10
135.4002399999999966
20
-71.4542500000000018
11
135.4002399999999966
21
-71.5417499999999933
0
LINE
8
BLACK
6
CONTINUOUS
10
135.4002399999999966
20
-71.5417499999999933
11
135.3821609999999964
21
-71.6326370000000026
0
LINE
8
BLACK
6
CONTINUOUS
10
135.3821609999999964
20
-71.6326370000000026
11
135.330678000000006
21
-71.7096879999999999
0
LINE
8
BLACK
6
CONTINUOUS
10
135.330678000000006
20
-71.7096879999999999
11
135.2536269999999945
21
-71.7611709999999903
0
LINE
8
BLACK
6
CONTINUOUS
10
135.2536269999999945
20
-71.7611709999999903
11
135.1627399999999852
21
-71.7792499999999905
0
LINE
8
BLACK
6
CONTINUOUS
10
135.1627399999999852
20
-71.7792499999999905
11
134.5627399999999909
21
-71.7792499999999905
0
LINE
8
BLACK
6
CONTINUOUS
10
134.5627399999999909
20
-71.7792499999999905
11
134.4718529999999816
21
-71.7611709999999903
0
LINE
8
BLACK
6
CONTINUOUS
10
134.4718529999999816
20
-71.7611709999999903
11
134.3948019999999985
21
-71.7096879999999999
0
LINE
8
BLACK
6
CONTINUOUS
10
134.3948019999999985
20
-71.7096879999999999
11
134.3433189999999797
21
-71.6326370000000026
0
LINE
8
BLACK
6
CONTINUOUS
10
134.3433189999999797
20
-71.6326370000000026
11
134.325240000000008
21
-71.5417499999999933
0
LINE
8
BLACK
6
CONTINUOUS
10
134.325240000000008
20
-71.5417499999999933
11
134.325240000000008
21
-71.066749999999999
0
LINE
8
BLACK
6
CONTINUOUS
10
134.325240000000008
20
-71.066749999999999
11
134.3433189999999797
21
-70.9758629999999897
0
LINE
8
BLACK
6
CONTINUOUS
10
134.3433189999999797
20
-70.9758629999999897
11
134.3948019999999985
21
-70.8988119999999924
0
LINE
8
BLACK
6
CONTINUOUS
10
134.3948019999999985
20
-70.8988119999999924
11
134.4718529999999816
21
-70.847329000000002
0
LINE
8
BLACK
6
CONTINUOUS
10
134.4718529999999816
20
-70.847329000000002
11
134.4852400000000046
21
-70.8446660000000037
0
LINE
8
BLACK
6
CONTINUOUS
10
134.4852400000000046
20
-70.8446660000000037
11
134.4852400000000046
21
-70.1822499999999962
0
LINE
8
BLACK
6
CONTINUOUS
10
134.4852400000000046
20
-70.1822499999999962
11
134.4278369999999825
21
-70.1708319999999901
0
LINE
8
BLACK
6
CONTINUOUS
10
134.4278369999999825
20
-70.1708319999999901
11
134.3791740000000061
21
-70.1383160000000032
0
LINE
8
BLACK
6
CONTINUOUS
10
134.3791740000000061
20
-70.1383160000000032
11
134.3466579999999908
21
-70.0896529999999984
0
LINE
8
BLACK
6
CONTINUOUS
10
134.3466579999999908
20
-70.0896529999999984
11
134.3352399999999989
21
-70.0322499999999906
0
LINE
8
BLACK
6
CONTINUOUS
10
134.3352399999999989
20
-70.0322499999999906
11
134.3352399999999989
21
-68.3822499999999991
0
LINE
8
BLACK
6
CONTINUOUS
10
134.3352399999999989
20
-68.3822499999999991
11
134.3466579999999908
21
-68.3248469999999912
0
LINE
8
BLACK
6
CONTINUOUS
10
134.3466579999999908
20
-68.3248469999999912
11
134.3791740000000061
21
-68.2761840000000007
0
LINE
8
BLACK
6
CONTINUOUS
10
134.3791740000000061
20
-68.2761840000000007
11
134.4278369999999825
21
-68.2436679999999996
0
LINE
8
BLACK
6
CONTINUOUS
10
134.4278369999999825
20
-68.2436679999999996
11
134.4852400000000046
21
-68.2322499999999934
0
LINE
8
BLACK
6
CONTINUOUS
10
134.4852400000000046
20
-68.2322499999999934
11
134.4852400000000046
21
-65.2322499999999934
0
LINE
8
BLACK
6
CONTINUOUS
10
134.4852400000000046
20
-65.2322499999999934
11
134.4278369999999825
21
-65.2208320000000015
0
LINE
8
BLACK
6
CONTINUOUS
10
134.4278369999999825
20
-65.2208320000000015
11
134.3791740000000061
21
-65.1883160000000004
0
LINE
8
BLACK
6
CONTINUOUS
10
134.3791740000000061
20
-65.1883160000000004
11
134.3466579999999908
21
-65.1396529999999956
0
LINE
8
BLACK
6
CONTINUOUS
10
134.3466579999999908
20
-65.1396529999999956
11
134.3352399999999989
21
-65.0822500000000019
0
LINE
8
BLACK
6
CONTINUOUS
10
134.3352399999999989
20
-65.0822500000000019
11
134.3352399999999989
21
-63.4322499999999962
0
LINE
8
BLACK
6
CONTINUOUS
10
134.3352399999999989
20
-63.4322499999999962
11
134.3466579999999908
21
-63.3748469999999955
0
LINE
8
BLACK
6
CONTINUOUS
10
134.3466579999999908
20
-63.3748469999999955
11
134.3791740000000061
21
-63.3261839999999978
0
LINE
8
BLACK
6
CONTINUOUS
10
134.3791740000000061
20
-63.3261839999999978
11
134.4278369999999825
21
-63.2936679999999967
0
LINE
8
BLACK
6
CONTINUOUS
10
134.4278369999999825
20
-63.2936679999999967
11
134.4852400000000046
21
-63.2822499999999977
0
LINE
8
BLACK
6
CONTINUOUS
10
134.4852400000000046
20
-63.2822499999999977
11
134.7852399999999875
21
-63.2822499999999977
0
LINE
8
BLACK
6
CONTINUOUS
10
134.7852399999999875
20
-63.2822499999999977
11
134.8426429999999812
21
-63.2936679999999967
0
LINE
8
BLACK
6
CONTINUOUS
10
164.3066429999999798
20
-63.1666679999999943
11
164.3553059999999846
21
-63.1991839999999954
0
LINE
8
BLACK
6
CONTINUOUS
10
164.3553059999999846
20
-63.1991839999999954
11
164.3878219999999999
21
-63.2478470000000002
0
LINE
8
BLACK
6
CONTINUOUS
10
164.3878219999999999
20
-63.2478470000000002
11
164.3992399999999918
21
-63.3052499999999938
0
LINE
8
BLACK
6
CONTINUOUS
10
164.3992399999999918
20
-63.3052499999999938
11
164.3992399999999918
21
-64.9552499999999924
0
LINE
8
BLACK
6
CONTINUOUS
10
164.3992399999999918
20
-64.9552499999999924
11
164.3878219999999999
21
-65.0126530000000002
0
LINE
8
BLACK
6
CONTINUOUS
10
164.3878219999999999
20
-65.0126530000000002
11
164.3553059999999846
21
-65.0613159999999908
0
LINE
8
BLACK
6
CONTINUOUS
10
164.3553059999999846
20
-65.0613159999999908
11
164.3066429999999798
21
-65.0938319999999919
0
LINE
8
BLACK
6
CONTINUOUS
10
164.3066429999999798
20
-65.0938319999999919
11
164.2492399999999861
21
-65.1052499999999981
0
LINE
8
BLACK
6
CONTINUOUS
10
164.2492399999999861
20
-65.1052499999999981
11
164.2242399999999805
21
-65.1052499999999981
0
LINE
8
BLACK
6
CONTINUOUS
10
164.2242399999999805
20
-65.1052499999999981
11
164.2242399999999805
21
-68.1052499999999981
0
LINE
8
BLACK
6
CONTINUOUS
10
164.2242399999999805
20
-68.1052499999999981
11
164.2492399999999861
21
-68.1052499999999981
0
LINE
8
BLACK
6
CONTINUOUS
10
164.2492399999999861
20
-68.1052499999999981
11
164.3066429999999798
21
-68.11666799999999
0
LINE
8
BLACK
6
CONTINUOUS
10
164.3066429999999798
20
-68.11666799999999
11
164.3553059999999846
21
-68.1491839999999911
0
LINE
8
BLACK
6
CONTINUOUS
10
164.3553059999999846
20
-68.1491839999999911
11
164.3878219999999999
21
-68.1978469999999959
0
LINE
8
BLACK
6
CONTINUOUS
10
164.3878219999999999
20
-68.1978469999999959
11
164.3992399999999918
21
-68.2552500000000038
0
LINE
8
BLACK
6
CONTINUOUS
10
164.3992399999999918
20
-68.2552500000000038
11
164.3992399999999918
21
-69.9052499999999952
0
LINE
8
BLACK
6
CONTINUOUS
10
164.3992399999999918
20
-69.9052499999999952
11
164.3878219999999999
21
-69.9626530000000031
0
LINE
8
BLACK
6
CONTINUOUS
10
164.3878219999999999
20
-69.9626530000000031
11
164.3553059999999846
21
-70.0113159999999937
0
LINE
8
BLACK
6
CONTINUOUS
10
164.3553059999999846
20
-70.0113159999999937
11
164.3066429999999798
21
-70.0438319999999948
0
LINE
8
BLACK
6
CONTINUOUS
10
164.3066429999999798
20
-70.0438319999999948
11
164.2492399999999861
21
-70.0552500000000009
0
LINE
8
BLACK
6
CONTINUOUS
10
164.2492399999999861
20
-70.0552500000000009
11
164.2242399999999805
21
-70.0552500000000009
0
LINE
8
BLACK
6
CONTINUOUS
10
164.2242399999999805
20
-70.0552500000000009
11
164.2242399999999805
21
-70.7126930000000016
0
LINE
8
BLACK
6
CONTINUOUS
10
164.2242399999999805
20
-70.7126930000000016
11
164.2626269999999806
21
-70.7203289999999924
0
LINE
8
BLACK
6
CONTINUOUS
10
164.2626269999999806
20
-70.7203289999999924
11
164.3396779999999922
21
-70.7718119999999971
0
LINE
8
BLACK
6
CONTINUOUS
10
164.3396779999999922
20
-70.7718119999999971
11
164.3911609999999826
21
-70.8488629999999944
0
LINE
8
BLACK
6
CONTINUOUS
10
164.3911609999999826
20
-70.8488629999999944
11
164.4092399999999827
21
-70.9397500000000036
0
LINE
8
BLACK
6
CONTINUOUS
10
164.4092399999999827
20
-70.9397500000000036
11
164.4092399999999827
21
-71.414749999999998
0
LINE
8
BLACK
6
CONTINUOUS
10
164.4092399999999827
20
-71.414749999999998
11
164.3911609999999826
21
-71.505636999999993
0
LINE
8
BLACK
6
CONTINUOUS
10
164.3911609999999826
20
-71.505636999999993
11
164.3396779999999922
21
-71.5826879999999903
0
LINE
8
BLACK
6
CONTINUOUS
10
164.3396779999999922
20
-71.5826879999999903
11
164.2626269999999806
21
-71.6341709999999949
0
LINE
8
BLACK
6
CONTINUOUS
10
164.2626269999999806
20
-71.6341709999999949
11
164.1717399999999998
21
-71.6522499999999951
0
LINE
8
BLACK
6
CONTINUOUS
10
164.1717399999999998
20
-71.6522499999999951
11
163.5717400000000055
21
-71.6522499999999951
0
LINE
8
BLACK
6
CONTINUOUS
10
163.5717400000000055
20
-71.6522499999999951
11
163.4808529999999962
21
-71.6341709999999949
0
LINE
8
BLACK
6
CONTINUOUS
10
163.4808529999999962
20
-71.6341709999999949
11
163.4038019999999847
21
-71.5826879999999903
0
LINE
8
BLACK
6
CONTINUOUS
10
163.4038019999999847
20
-71.5826879999999903
11
163.3523189999999943
21
-71.505636999999993
0
LINE
8
BLACK
6
CONTINUOUS
10
163.3523189999999943
20
-71.505636999999993
11
163.3342399999999941
21
-71.414749999999998
0
LINE
8
BLACK
6
CONTINUOUS
10
163.3342399999999941
20
-71.414749999999998
11
163.3342399999999941
21
-71.3022500000000008
0
LINE
8
BLACK
6
CONTINUOUS
10
163.3342399999999941
20
-71.3022500000000008
11
161.386542999999989
21
-71.3022500000000008
0
LINE
8
BLACK
6
CONTINUOUS
10
161.386542999999989
20
-71.3022500000000008
11
161.3596069999999827
21
-71.3551140000000004
0
LINE
8
BLACK
6
CONTINUOUS
10
161.3596069999999827
20
-71.3551140000000004
11
161.271113999999983
21
-71.4436070000000001
0
LINE
8
BLACK
6
CONTINUOUS
10
161.271113999999983
20
-71.4436070000000001
11
161.1596069999999941
21
-71.5004229999999978
0
LINE
8
BLACK
6
CONTINUOUS
10
161.1596069999999941
20
-71.5004229999999978
11
161.0360000000000014
21
-71.519999999999996
0
LINE
8
BLACK
6
CONTINUOUS
10
161.0360000000000014
20
-71.519999999999996
11
160.9123929999999802
21
-71.5004229999999978
0
LINE
8
BLACK
6
CONTINUOUS
10
160.9123929999999802
20
-71.5004229999999978
11
160.8008859999999913
21
-71.4436070000000001
0
LINE
8
BLACK
6
CONTINUOUS
10
160.8008859999999913
20
-71.4436070000000001
11
160.7123929999999916
21
-71.3551140000000004
0
LINE
8
BLACK
6
CONTINUOUS
10
160.7123929999999916
20
-71.3551140000000004
11
160.6555769999999939
21
-71.2436069999999972
0
LINE
8
BLACK
6
CONTINUOUS
10
160.6555769999999939
20
-71.2436069999999972
11
160.6359999999999957
21
-71.1199999999999903
0
LINE
8
BLACK
6
CONTINUOUS
10
160.6359999999999957
20
-71.1199999999999903
11
160.6555769999999939
21
-70.9963929999999976
0
LINE
8
BLACK
6
CONTINUOUS
10
160.6555769999999939
20
-70.9963929999999976
11
160.7123929999999916
21
-70.8848859999999945
0
LINE
8
BLACK
6
CONTINUOUS
10
160.7123929999999916
20
-70.8848859999999945
11
160.8008859999999913
21
-70.7963929999999948
0
LINE
8
BLACK
6
CONTINUOUS
10
160.8008859999999913
20
-70.7963929999999948
11
160.9123929999999802
21
-70.739576999999997
0
LINE
8
BLACK
6
CONTINUOUS
10
160.9123929999999802
20
-70.739576999999997
11
161.0360000000000014
21
-70.7199999999999989
0
LINE
8
BLACK
6
CONTINUOUS
10
161.0360000000000014
20
-70.7199999999999989
11
161.1596069999999941
21
-70.739576999999997
0
LINE
8
BLACK
6
CONTINUOUS
10
161.1596069999999941
20
-70.739576999999997
11
161.271113999999983
21
-70.7963929999999948
0
LINE
8
BLACK
6
CONTINUOUS
10
161.271113999999983
20
-70.7963929999999948
11
161.3596069999999827
21
-70.8848859999999945
0
LINE
8
BLACK
6
CONTINUOUS
10
161.3596069999999827
20
-70.8848859999999945
11
161.4164229999999804
21
-70.9963929999999976
0
LINE
8
BLACK
6
CONTINUOUS
10
161.4164229999999804
20
-70.9963929999999976
11
161.4252699999999834
21
-71.0522500000000008
0
LINE
8
BLACK
6
CONTINUOUS
10
161.4252699999999834
20
-71.0522500000000008
11
163.3342399999999941
21
-71.0522500000000008
0
LINE
8
BLACK
6
CONTINUOUS
10
163.3342399999999941
20
-71.0522500000000008
11
163.3342399999999941
21
-70.9397500000000036
0
LINE
8
BLACK
6
CONTINUOUS
10
163.3342399999999941
20
-70.9397500000000036
11
163.3523189999999943
21
-70.8488629999999944
0
LINE
8
BLACK
6
CONTINUOUS
10
163.3523189999999943
20
-70.8488629999999944
11
163.4038019999999847
21
-70.7718119999999971
0
LINE
8
BLACK
6
CONTINUOUS
10
163.4038019999999847
20
-70.7718119999999971
11
163.4808529999999962
21
-70.7203289999999924
0
LINE
8
BLACK
6
CONTINUOUS
10
163.4808529999999962
20
-70.7203289999999924
11
163.5717400000000055
21
-70.7022499999999923
0
LINE
8
BLACK
6
CONTINUOUS
10
163.5717400000000055
20
-70.7022499999999923
11
163.9742399999999805
21
-70.7022499999999923
0
LINE
8
BLACK
6
CONTINUOUS
10
163.9742399999999805
20
-70.7022499999999923
11
163.9742399999999805
21
-70.0552500000000009
0
LINE
8
BLACK
6
CONTINUOUS
10
163.9742399999999805
20
-70.0552500000000009
11
163.9492400000000032
21
-70.0552500000000009
0
LINE
8
BLACK
6
CONTINUOUS
10
163.9492400000000032
20
-70.0552500000000009
11
163.8918369999999811
21
-70.0438319999999948
0
LINE
8
BLACK
6
CONTINUOUS
10
163.8918369999999811
20
-70.0438319999999948
11
163.8431740000000048
21
-70.0113159999999937
0
LINE
8
BLACK
6
CONTINUOUS
10
163.8431740000000048
20
-70.0113159999999937
11
163.8106579999999894
21
-69.9626530000000031
0
LINE
8
BLACK
6
CONTINUOUS
10
163.8106579999999894
20
-69.9626530000000031
11
163.7992399999999975
21
-69.9052499999999952
0
LINE
8
BLACK
6
CONTINUOUS
10
163.7992399999999975
20
-69.9052499999999952
11
163.7992399999999975
21
-68.2552500000000038
0
LINE
8
BLACK
6
CONTINUOUS
10
163.7992399999999975
20
-68.2552500000000038
11
163.8106579999999894
21
-68.1978469999999959
0
LINE
8
BLACK
6
CONTINUOUS
10
163.8106579999999894
20
-68.1978469999999959
11
163.8431740000000048
21
-68.1491839999999911
0
LINE
8
BLACK
6
CONTINUOUS
10
163.8431740000000048
20
-68.1491839999999911
11
163.8918369999999811
21
-68.11666799999999
0
LINE
8
BLACK
6
CONTINUOUS
10
163.8918369999999811
20
-68.11666799999999
11
163.9492400000000032
21
-68.1052499999999981
0
LINE
8
BLACK
6
CONTINUOUS
10
163.9492400000000032
20
-68.1052499999999981
11
163.9742399999999805
21
-68.1052499999999981
0
LINE
8
BLACK
6
CONTINUOUS
10
163.9742399999999805
20
-68.1052499999999981
11
163.9742399999999805
21
-65.1052499999999981
0
LINE
8
BLACK
6
CONTINUOUS
10
163.9742399999999805
20
-65.1052499999999981
11
163.9492400000000032
21
-65.1052499999999981
0
LINE
8
BLACK
6
CONTINUOUS
10
163.9492400000000032
20
-65.1052499999999981
11
163.8918369999999811
21
-65.0938319999999919
0
LINE
8
BLACK
6
CONTINUOUS
10
163.8918369999999811
20
-65.0938319999999919
11
163.8431740000000048
21
-65.0613159999999908
0
LINE
8
BLACK
6
CONTINUOUS
10
163.8431740000000048
20
-65.0613159999999908
11
163.8106579999999894
21
-65.0126530000000002
0
LINE
8
BLACK
6
CONTINUOUS
10
163.8106579999999894
20
-65.0126530000000002
11
163.7992399999999975
21
-64.9552499999999924
0
LINE
8
BLACK
6
CONTINUOUS
10
163.7992399999999975
20
-64.9552499999999924
11
163.7992399999999975
21
-63.3052499999999938
0
LINE
8
BLACK
6
CONTINUOUS
10
163.7992399999999975
20
-63.3052499999999938
11
163.8106579999999894
21
-63.2478470000000002
0
LINE
8
BLACK
6
CONTINUOUS
10
163.8106579999999894
20
-63.2478470000000002
11
163.8431740000000048
21
-63.1991839999999954
0
LINE
8
BLACK
6
CONTINUOUS
10
163.8431740000000048
20
-63.1991839999999954
11
163.8918369999999811
21
-63.1666679999999943
0
LINE
8
BLACK
6
CONTINUOUS
10
163.8918369999999811
20
-63.1666679999999943
11
163.9492400000000032
21
-63.1552499999999952
0
LINE
8
BLACK
6
CONTINUOUS
10
163.9492400000000032
20
-63.1552499999999952
11
164.2492399999999861
21
-63.1552499999999952
0
LINE
8
BLACK
6
CONTINUOUS
10
164.2492399999999861
20
-63.1552499999999952
11
164.3066429999999798
21
-63.1666679999999943
0
LINE
8
BLACK
6
CONTINUOUS
10
136.1126429999999914
20
-68.2436679999999996
11
136.1613059999999962
21
-68.2761840000000007
0
LINE
8
BLACK
6
CONTINUOUS
10
136.1613059999999962
20
-68.2761840000000007
11
136.1938219999999831
21
-68.3248469999999912
0
LINE
8
BLACK
6
CONTINUOUS
10
136.1938219999999831
20
-68.3248469999999912
11
136.2052400000000034
21
-68.3822499999999991
0
LINE
8
BLACK
6
CONTINUOUS
10
136.2052400000000034
20
-68.3822499999999991
11
136.2052400000000034
21
-70.0322499999999906
0
LINE
8
BLACK
6
CONTINUOUS
10
136.2052400000000034
20
-70.0322499999999906
11
136.1938219999999831
21
-70.0896529999999984
0
LINE
8
BLACK
6
CONTINUOUS
10
136.1938219999999831
20
-70.0896529999999984
11
136.1613059999999962
21
-70.1383160000000032
0
LINE
8
BLACK
6
CONTINUOUS
10
136.1613059999999962
20
-70.1383160000000032
11
136.1126429999999914
21
-70.1708319999999901
0
LINE
8
BLACK
6
CONTINUOUS
10
136.1126429999999914
20
-70.1708319999999901
11
136.0552399999999977
21
-70.1822499999999962
0
LINE
8
BLACK
6
CONTINUOUS
10
136.0552399999999977
20
-70.1822499999999962
11
135.7552399999999864
21
-70.1822499999999962
0
LINE
8
BLACK
6
CONTINUOUS
10
135.7552399999999864
20
-70.1822499999999962
11
135.6978369999999927
21
-70.1708319999999901
0
LINE
8
BLACK
6
CONTINUOUS
10
135.6978369999999927
20
-70.1708319999999901
11
135.6491739999999879
21
-70.1383160000000032
0
LINE
8
BLACK
6
CONTINUOUS
10
135.6491739999999879
20
-70.1383160000000032
11
135.616658000000001
21
-70.0896529999999984
0
LINE
8
BLACK
6
CONTINUOUS
10
135.616658000000001
20
-70.0896529999999984
11
135.6052399999999807
21
-70.0322499999999906
0
LINE
8
BLACK
6
CONTINUOUS
10
135.6052399999999807
20
-70.0322499999999906
11
135.6052399999999807
21
-68.3822499999999991
0
LINE
8
BLACK
6
CONTINUOUS
10
135.6052399999999807
20
-68.3822499999999991
11
135.616658000000001
21
-68.3248469999999912
0
LINE
8
BLACK
6
CONTINUOUS
10
135.616658000000001
20
-68.3248469999999912
11
135.6491739999999879
21
-68.2761840000000007
0
LINE
8
BLACK
6
CONTINUOUS
10
135.6491739999999879
20
-68.2761840000000007
11
135.6978369999999927
21
-68.2436679999999996
0
LINE
8
BLACK
6
CONTINUOUS
10
135.6978369999999927
20
-68.2436679999999996
11
135.7552399999999864
21
-68.2322499999999934
0
LINE
8
BLACK
6
CONTINUOUS
10
135.7552399999999864
20
-68.2322499999999934
11
136.0552399999999977
21
-68.2322499999999934
0
LINE
8
BLACK
6
CONTINUOUS
10
136.0552399999999977
20
-68.2322499999999934
11
136.1126429999999914
21
-68.2436679999999996
0
LINE
8
BLACK
6
CONTINUOUS
10
163.036642999999998
20
-68.11666799999999
11
163.0853060000000028
21
-68.1491839999999911
0
LINE
8
BLACK
6
CONTINUOUS
10
163.0853060000000028
20
-68.1491839999999911
11
163.1178219999999897
21
-68.1978469999999959
0
LINE
8
BLACK
6
CONTINUOUS
10
163.1178219999999897
20
-68.1978469999999959
11
163.1292399999999816
21
-68.2552500000000038
0
LINE
8
BLACK
6
CONTINUOUS
10
163.1292399999999816
20
-68.2552500000000038
11
163.1292399999999816
21
-69.9052499999999952
0
LINE
8
BLACK
6
CONTINUOUS
10
163.1292399999999816
20
-69.9052499999999952
11
163.1178219999999897
21
-69.9626530000000031
0
LINE
8
BLACK
6
CONTINUOUS
10
163.1178219999999897
20
-69.9626530000000031
11
163.0853060000000028
21
-70.0113159999999937
0
LINE
8
BLACK
6
CONTINUOUS
10
163.0853060000000028
20
-70.0113159999999937
11
163.036642999999998
21
-70.0438319999999948
0
LINE
8
BLACK
6
CONTINUOUS
10
163.036642999999998
20
-70.0438319999999948
11
162.9792400000000043
21
-70.0552500000000009
0
LINE
8
BLACK
6
CONTINUOUS
10
162.9792400000000043
20
-70.0552500000000009
11
162.679239999999993
21
-70.0552500000000009
0
LINE
8
BLACK
6
CONTINUOUS
10
162.679239999999993
20
-70.0552500000000009
11
162.6218369999999993
21
-70.0438319999999948
0
LINE
8
BLACK
6
CONTINUOUS
10
162.6218369999999993
20
-70.0438319999999948
11
162.5731739999999945
21
-70.0113159999999937
0
LINE
8
BLACK
6
CONTINUOUS
10
162.5731739999999945
20
-70.0113159999999937
11
162.5406579999999792
21
-69.9626530000000031
0
LINE
8
BLACK
6
CONTINUOUS
10
162.5406579999999792
20
-69.9626530000000031
11
162.5292399999999873
21
-69.9052499999999952
0
LINE
8
BLACK
6
CONTINUOUS
10
162.5292399999999873
20
-69.9052499999999952
11
162.5292399999999873
21
-69.2302499999999981
0
LINE
8
BLACK
6
CONTINUOUS
10
162.5292399999999873
20
-69.2302499999999981
11
162.1689240000000041
21
-69.2302499999999981
0
LINE
8
BLACK
6
CONTINUOUS
10
162.1689240000000041
20
-69.2302499999999981
11
162.1216069999999831
21
-69.3231140000000039
0
LINE
8
BLACK
6
CONTINUOUS
10
162.1216069999999831
20
-69.3231140000000039
11
162.0331139999999834
21
-69.4116070000000036
0
LINE
8
BLACK
6
CONTINUOUS
10
162.0331139999999834
20
-69.4116070000000036
11
161.9216069999999945
21
-69.4684230000000014
0
LINE
8
BLACK
6
CONTINUOUS
10
161.9216069999999945
20
-69.4684230000000014
11
161.7980000000000018
21
-69.4879999999999995
0
LINE
8
BLACK
6
CONTINUOUS
10
161.7980000000000018
20
-69.4879999999999995
11
161.6743929999999807
21
-69.4684230000000014
0
LINE
8
BLACK
6
CONTINUOUS
10
161.6743929999999807
20
-69.4684230000000014
11
161.5628859999999918
21
-69.4116070000000036
0
LINE
8
BLACK
6
CONTINUOUS
10
161.5628859999999918
20
-69.4116070000000036
11
161.4743929999999921
21
-69.3231140000000039
0
LINE
8
BLACK
6
CONTINUOUS
10
161.4743929999999921
20
-69.3231140000000039
11
161.4175769999999943
21
-69.2116070000000008
0
LINE
8
BLACK
6
CONTINUOUS
10
161.4175769999999943
20
-69.2116070000000008
11
161.3979999999999961
21
-69.0879999999999939
0
LINE
8
BLACK
6
CONTINUOUS
10
161.3979999999999961
20
-69.0879999999999939
11
161.4175769999999943
21
-68.9643930000000012
0
LINE
8
BLACK
6
CONTINUOUS
10
161.4175769999999943
20
-68.9643930000000012
11
161.4743929999999921
21
-68.852885999999998
0
LINE
8
BLACK
6
CONTINUOUS
10
161.4743929999999921
20
-68.852885999999998
11
161.5628859999999918
21
-68.7643929999999983
0
LINE
8
BLACK
6
CONTINUOUS
10
161.5628859999999918
20
-68.7643929999999983
11
161.6743929999999807
21
-68.7075770000000006
0
LINE
8
BLACK
6
CONTINUOUS
10
161.6743929999999807
20
-68.7075770000000006
11
161.7980000000000018
21
-68.6880000000000024
0
LINE
8
BLACK
6
CONTINUOUS
10
161.7980000000000018
20
-68.6880000000000024
11
161.9216069999999945
21
-68.7075770000000006
0
LINE
8
BLACK
6
CONTINUOUS
10
161.9216069999999945
20
-68.7075770000000006
11
162.0331139999999834
21
-68.7643929999999983
0
LINE
8
BLACK
6
CONTINUOUS
10
162.0331139999999834
20
-68.7643929999999983
11
162.1216069999999831
21
-68.852885999999998
0
LINE
8
BLACK
6
CONTINUOUS
10
162.1216069999999831
20
-68.852885999999998
11
162.1610259999999926
21
-68.9302500000000009
0
LINE
8
BLACK
6
CONTINUOUS
10
162.1610259999999926
20
-68.9302500000000009
11
162.5292399999999873
21
-68.9302500000000009
0
LINE
8
BLACK
6
CONTINUOUS
10
162.5292399999999873
20
-68.9302500000000009
11
162.5292399999999873
21
-68.2552500000000038
0
LINE
8
BLACK
6
CONTINUOUS
10
162.5292399999999873
20
-68.2552500000000038
11
162.5406579999999792
21
-68.1978469999999959
0
LINE
8
BLACK
6
CONTINUOUS
10
162.5406579999999792
20
-68.1978469999999959
11
162.5731739999999945
21
-68.1491839999999911
0
LINE
8
BLACK
6
CONTINUOUS
10
162.5731739999999945
20
-68.1491839999999911
11
162.6218369999999993
21
-68.11666799999999
0
LINE
8
BLACK
6
CONTINUOUS
10
162.6218369999999993
20
-68.11666799999999
11
162.679239999999993
21
-68.1052499999999981
0
LINE
8
BLACK
6
CONTINUOUS
10
162.679239999999993
20
-68.1052499999999981
11
162.9792400000000043
21
-68.1052499999999981
0
LINE
8
BLACK
6
CONTINUOUS
10
162.9792400000000043
20
-68.1052499999999981
11
163.036642999999998
21
-68.11666799999999
0
LINE
8
BLACK
6
CONTINUOUS
10
147.331846999999982
20
-64.8278269999999992
11
147.4433539999999994
21
-64.884642999999997
0
LINE
8
BLACK
6
CONTINUOUS
10
147.4433539999999994
20
-64.884642999999997
11
147.5318469999999991
21
-64.9731359999999967
0
LINE
8
BLACK
6
CONTINUOUS
10
147.5318469999999991
20
-64.9731359999999967
11
147.5886629999999968
21
-65.0846429999999998
0
LINE
8
BLACK
6
CONTINUOUS
10
147.5886629999999968
20
-65.0846429999999998
11
147.608239999999995
21
-65.2082499999999925
0
LINE
8
BLACK
6
CONTINUOUS
10
147.608239999999995
20
-65.2082499999999925
11
147.5886629999999968
21
-65.3318569999999994
0
LINE
8
BLACK
6
CONTINUOUS
10
147.5886629999999968
20
-65.3318569999999994
11
147.5318469999999991
21
-65.4433640000000025
0
LINE
8
BLACK
6
CONTINUOUS
10
147.5318469999999991
20
-65.4433640000000025
11
147.4433539999999994
21
-65.5318570000000022
0
LINE
8
BLACK
6
CONTINUOUS
10
147.4433539999999994
20
-65.5318570000000022
11
147.3847399999999936
21
-65.5617220000000032
0
LINE
8
BLACK
6
CONTINUOUS
10
147.3847399999999936
20
-65.5617220000000032
11
147.3847399999999936
21
-65.7492500000000035
0
LINE
8
BLACK
6
CONTINUOUS
10
147.3847399999999936
20
-65.7492500000000035
11
147.5347399999999993
21
-65.7492500000000035
0
LINE
8
BLACK
6
CONTINUOUS
10
147.5347399999999993
20
-65.7492500000000035
11
147.6256269999999802
21
-65.7673290000000037
0
LINE
8
BLACK
6
CONTINUOUS
10
147.6256269999999802
20
-65.7673290000000037
11
147.7026779999999917
21
-65.8188119999999941
0
LINE
8
BLACK
6
CONTINUOUS
10
147.7026779999999917
20
-65.8188119999999941
11
147.7541609999999821
21
-65.8958629999999914
0
LINE
8
BLACK
6
CONTINUOUS
10
147.7541609999999821
20
-65.8958629999999914
11
147.7722399999999823
21
-65.9867500000000007
0
LINE
8
BLACK
6
CONTINUOUS
10
147.7722399999999823
20
-65.9867500000000007
11
147.7722399999999823
21
-66.461749999999995
0
LINE
8
BLACK
6
CONTINUOUS
10
147.7722399999999823
20
-66.461749999999995
11
147.7541609999999821
21
-66.5526369999999901
0
LINE
8
BLACK
6
CONTINUOUS
10
147.7541609999999821
20
-66.5526369999999901
11
147.7026779999999917
21
-66.6296880000000016
0
LINE
8
BLACK
6
CONTINUOUS
10
147.7026779999999917
20
-66.6296880000000016
11
147.6256269999999802
21
-66.681170999999992
0
LINE
8
BLACK
6
CONTINUOUS
10
147.6256269999999802
20
-66.681170999999992
11
147.6119520000000023
21
-66.6838910000000027
0
LINE
8
BLACK
6
CONTINUOUS
10
147.6119520000000023
20
-66.6838910000000027
11
147.6119520000000023
21
-67.6260389999999916
0
LINE
8
BLACK
6
CONTINUOUS
10
147.6119520000000023
20
-67.6260389999999916
11
147.6693549999999959
21
-67.6374569999999977
0
LINE
8
BLACK
6
CONTINUOUS
10
147.6693549999999959
20
-67.6374569999999977
11
147.7180180000000007
21
-67.6699729999999988
0
LINE
8
BLACK
6
CONTINUOUS
10
147.7180180000000007
20
-67.6699729999999988
11
147.7505339999999876
21
-67.7186360000000036
0
LINE
8
BLACK
6
CONTINUOUS
10
147.7505339999999876
20
-67.7186360000000036
11
147.7619519999999795
21
-67.7760389999999973
0
LINE
8
BLACK
6
CONTINUOUS
10
147.7619519999999795
20
-67.7760389999999973
11
147.7619519999999795
21
-69.4260390000000029
0
LINE
8
BLACK
6
CONTINUOUS
10
147.7619519999999795
20
-69.4260390000000029
11
147.7505339999999876
21
-69.4834419999999966
0
LINE
8
BLACK
6
CONTINUOUS
10
147.7505339999999876
20
-69.4834419999999966
11
147.7180180000000007
21
-69.5321050000000014
0
LINE
8
BLACK
6
CONTINUOUS
10
147.7180180000000007
20
-69.5321050000000014
11
147.6693549999999959
21
-69.5646210000000025
0
LINE
8
BLACK
6
CONTINUOUS
10
147.6693549999999959
20
-69.5646210000000025
11
147.6119520000000023
21
-69.5760389999999944
0
LINE
8
BLACK
6
CONTINUOUS
10
147.6119520000000023
20
-69.5760389999999944
11
147.3119519999999909
21
-69.5760389999999944
0
LINE
8
BLACK
6
CONTINUOUS
10
147.3119519999999909
20
-69.5760389999999944
11
147.2545489999999972
21
-69.5646210000000025
0
LINE
8
BLACK
6
CONTINUOUS
10
147.2545489999999972
20
-69.5646210000000025
11
147.2058859999999925
21
-69.5321050000000014
0
LINE
8
BLACK
6
CONTINUOUS
10
147.2058859999999925
20
-69.5321050000000014
11
147.1733700000000056
21
-69.4834419999999966
0
LINE
8
BLACK
6
CONTINUOUS
10
147.1733700000000056
20
-69.4834419999999966
11
147.1619519999999852
21
-69.4260390000000029
0
LINE
8
BLACK
6
CONTINUOUS
10
147.1619519999999852
20
-69.4260390000000029
11
147.1619519999999852
21
-67.7760389999999973
0
LINE
8
BLACK
6
CONTINUOUS
10
147.1619519999999852
20
-67.7760389999999973
11
147.1733700000000056
21
-67.7186360000000036
0
LINE
8
BLACK
6
CONTINUOUS
10
147.1733700000000056
20
-67.7186360000000036
11
147.2058859999999925
21
-67.6699729999999988
0
LINE
8
BLACK
6
CONTINUOUS
10
147.2058859999999925
20
-67.6699729999999988
11
147.2545489999999972
21
-67.6374569999999977
0
LINE
8
BLACK
6
CONTINUOUS
10
147.2545489999999972
20
-67.6374569999999977
11
147.3119519999999909
21
-67.6260389999999916
0
LINE
8
BLACK
6
CONTINUOUS
10
147.3119519999999909
20
-67.6260389999999916
11
147.3119519999999909
21
-66.6992499999999922
0
LINE
8
BLACK
6
CONTINUOUS
10
147.3119519999999909
20
-66.6992499999999922
11
146.934740000000005
21
-66.6992499999999922
0
LINE
8
BLACK
6
CONTINUOUS
10
146.934740000000005
20
-66.6992499999999922
11
146.8438529999999957
21
-66.681170999999992
0
LINE
8
BLACK
6
CONTINUOUS
10
146.8438529999999957
20
-66.681170999999992
11
146.7668019999999842
21
-66.6296880000000016
0
LINE
8
BLACK
6
CONTINUOUS
10
146.7668019999999842
20
-66.6296880000000016
11
146.7153189999999938
21
-66.5526369999999901
0
LINE
8
BLACK
6
CONTINUOUS
10
146.7153189999999938
20
-66.5526369999999901
11
146.6972399999999936
21
-66.461749999999995
0
LINE
8
BLACK
6
CONTINUOUS
10
146.6972399999999936
20
-66.461749999999995
11
146.6972399999999936
21
-65.9867500000000007
0
LINE
8
BLACK
6
CONTINUOUS
10
146.6972399999999936
20
-65.9867500000000007
11
146.7153189999999938
21
-65.8958629999999914
0
LINE
8
BLACK
6
CONTINUOUS
10
146.7153189999999938
20
-65.8958629999999914
11
146.7668019999999842
21
-65.8188119999999941
0
LINE
8
BLACK
6
CONTINUOUS
10
146.7668019999999842
20
-65.8188119999999941
11
146.8438529999999957
21
-65.7673290000000037
0
LINE
8
BLACK
6
CONTINUOUS
10
146.8438529999999957
20
-65.7673290000000037
11
146.934740000000005
21
-65.7492500000000035
0
LINE
8
BLACK
6
CONTINUOUS
10
146.934740000000005
20
-65.7492500000000035
11
147.0847399999999823
21
-65.7492500000000035
0
LINE
8
BLACK
6
CONTINUOUS
10
147.0847399999999823
20
-65.7492500000000035
11
147.0847399999999823
21
-65.5886890000000022
0
LINE
8
BLACK
6
CONTINUOUS
10
147.0847399999999823
20
-65.5886890000000022
11
147.0846329999999966
21
-65.588673
0
LINE
8
BLACK
6
CONTINUOUS
10
147.0846329999999966
20
-65.588673
11
146.9731259999999793
21
-65.5318570000000022
0
LINE
8
BLACK
6
CONTINUOUS
10
146.9731259999999793
20
-65.5318570000000022
11
146.8846329999999796
21
-65.4433640000000025
0
LINE
8
BLACK
6
CONTINUOUS
10
146.8846329999999796
20
-65.4433640000000025
11
146.8278169999999818
21
-65.3318569999999994
0
LINE
8
BLACK
6
CONTINUOUS
10
146.8278169999999818
20
-65.3318569999999994
11
146.8082399999999836
21
-65.2082499999999925
0
LINE
8
BLACK
6
CONTINUOUS
10
146.8082399999999836
20
-65.2082499999999925
11
146.8278169999999818
21
-65.0846429999999998
0
LINE
8
BLACK
6
CONTINUOUS
10
146.8278169999999818
20
-65.0846429999999998
11
146.8846329999999796
21
-64.9731359999999967
0
LINE
8
BLACK
6
CONTINUOUS
10
146.8846329999999796
20
-64.9731359999999967
11
146.9731259999999793
21
-64.884642999999997
0
LINE
8
BLACK
6
CONTINUOUS
10
146.9731259999999793
20
-64.884642999999997
11
147.0846329999999966
21
-64.8278269999999992
0
LINE
8
BLACK
6
CONTINUOUS
10
147.0846329999999966
20
-64.8278269999999992
11
147.2082399999999893
21
-64.808250000000001
0
LINE
8
BLACK
6
CONTINUOUS
10
147.2082399999999893
20
-64.808250000000001
11
147.331846999999982
21
-64.8278269999999992
0
LINE
8
BLACK
6
CONTINUOUS
10
149.3506270000000029
20
-65.7673290000000037
11
149.427677999999986
21
-65.8188119999999941
0
LINE
8
BLACK
6
CONTINUOUS
10
149.427677999999986
20
-65.8188119999999941
11
149.4791610000000048
21
-65.8958629999999914
0
LINE
8
BLACK
6
CONTINUOUS
10
149.4791610000000048
20
-65.8958629999999914
11
149.497240000000005
21
-65.9867500000000007
0
LINE
8
BLACK
6
CONTINUOUS
10
149.497240000000005
20
-65.9867500000000007
11
149.497240000000005
21
-66.461749999999995
0
LINE
8
BLACK
6
CONTINUOUS
10
149.497240000000005
20
-66.461749999999995
11
149.4791610000000048
21
-66.5526369999999901
0
LINE
8
BLACK
6
CONTINUOUS
10
149.4791610000000048
20
-66.5526369999999901
11
149.427677999999986
21
-66.6296880000000016
0
LINE
8
BLACK
6
CONTINUOUS
10
149.427677999999986
20
-66.6296880000000016
11
149.3506270000000029
21
-66.681170999999992
0
LINE
8
BLACK
6
CONTINUOUS
10
149.3506270000000029
20
-66.681170999999992
11
149.2597399999999936
21
-66.6992499999999922
0
LINE
8
BLACK
6
CONTINUOUS
10
149.2597399999999936
20
-66.6992499999999922
11
148.8819519999999841
21
-66.6992499999999922
0
LINE
8
BLACK
6
CONTINUOUS
10
148.8819519999999841
20
-66.6992499999999922
11
148.8819519999999841
21
-67.6260389999999916
0
LINE
8
BLACK
6
CONTINUOUS
10
148.8819519999999841
20
-67.6260389999999916
11
148.9393550000000062
21
-67.6374569999999977
0
LINE
8
BLACK
6
CONTINUOUS
10
148.9393550000000062
20
-67.6374569999999977
11
148.9880179999999825
21
-67.6699729999999988
0
LINE
8
BLACK
6
CONTINUOUS
10
148.9880179999999825
20
-67.6699729999999988
11
149.0205339999999978
21
-67.7186360000000036
0
LINE
8
BLACK
6
CONTINUOUS
10
149.0205339999999978
20
-67.7186360000000036
11
149.0319519999999898
21
-67.7760389999999973
0
LINE
8
BLACK
6
CONTINUOUS
10
149.0319519999999898
20
-67.7760389999999973
11
149.0319519999999898
21
-69.4260390000000029
0
LINE
8
BLACK
6
CONTINUOUS
10
149.0319519999999898
20
-69.4260390000000029
11
149.0205339999999978
21
-69.4834419999999966
0
LINE
8
BLACK
6
CONTINUOUS
10
149.0205339999999978
20
-69.4834419999999966
11
148.9880179999999825
21
-69.5321050000000014
0
LINE
8
BLACK
6
CONTINUOUS
10
148.9880179999999825
20
-69.5321050000000014
11
148.9393550000000062
21
-69.5646210000000025
0
LINE
8
BLACK
6
CONTINUOUS
10
148.9393550000000062
20
-69.5646210000000025
11
148.8819519999999841
21
-69.5760389999999944
0
LINE
8
BLACK
6
CONTINUOUS
10
148.8819519999999841
20
-69.5760389999999944
11
148.5819520000000011
21
-69.5760389999999944
0
LINE
8
BLACK
6
CONTINUOUS
10
148.5819520000000011
20
-69.5760389999999944
11
148.5245490000000075
21
-69.5646210000000025
0
LINE
8
BLACK
6
CONTINUOUS
10
148.5245490000000075
20
-69.5646210000000025
11
148.4758860000000027
21
-69.5321050000000014
0
LINE
8
BLACK
6
CONTINUOUS
10
148.4758860000000027
20
-69.5321050000000014
11
148.4433699999999874
21
-69.4834419999999966
0
LINE
8
BLACK
6
CONTINUOUS
10
148.4433699999999874
20
-69.4834419999999966
11
148.4319519999999955
21
-69.4260390000000029
0
LINE
8
BLACK
6
CONTINUOUS
10
148.4319519999999955
20
-69.4260390000000029
11
148.4319519999999955
21
-67.7760389999999973
0
LINE
8
BLACK
6
CONTINUOUS
10
148.4319519999999955
20
-67.7760389999999973
11
148.4433699999999874
21
-67.7186360000000036
0
LINE
8
BLACK
6
CONTINUOUS
10
148.4433699999999874
20
-67.7186360000000036
11
148.4758860000000027
21
-67.6699729999999988
0
LINE
8
BLACK
6
CONTINUOUS
10
148.4758860000000027
20
-67.6699729999999988
11
148.5245490000000075
21
-67.6374569999999977
0
LINE
8
BLACK
6
CONTINUOUS
10
148.5245490000000075
20
-67.6374569999999977
11
148.5819520000000011
21
-67.6260389999999916
0
LINE
8
BLACK
6
CONTINUOUS
10
148.5819520000000011
20
-67.6260389999999916
11
148.5819520000000011
21
-66.6837759999999946
0
LINE
8
BLACK
6
CONTINUOUS
10
148.5819520000000011
20
-66.6837759999999946
11
148.5688529999999901
21
-66.681170999999992
0
LINE
8
BLACK
6
CONTINUOUS
10
148.5688529999999901
20
-66.681170999999992
11
148.491802000000007
21
-66.6296880000000016
0
LINE
8
BLACK
6
CONTINUOUS
10
148.491802000000007
20
-66.6296880000000016
11
148.4403189999999881
21
-66.5526369999999901
0
LINE
8
BLACK
6
CONTINUOUS
10
148.4403189999999881
20
-66.5526369999999901
11
148.422239999999988
21
-66.461749999999995
0
LINE
8
BLACK
6
CONTINUOUS
10
148.422239999999988
20
-66.461749999999995
11
148.422239999999988
21
-65.9867500000000007
0
LINE
8
BLACK
6
CONTINUOUS
10
148.422239999999988
20
-65.9867500000000007
11
148.4403189999999881
21
-65.8958629999999914
0
LINE
8
BLACK
6
CONTINUOUS
10
148.4403189999999881
20
-65.8958629999999914
11
148.491802000000007
21
-65.8188119999999941
0
LINE
8
BLACK
6
CONTINUOUS
10
148.491802000000007
20
-65.8188119999999941
11
148.5688529999999901
21
-65.7673290000000037
0
LINE
8
BLACK
6
CONTINUOUS
10
148.5688529999999901
20
-65.7673290000000037
11
148.6597399999999993
21
-65.7492500000000035
0
LINE
8
BLACK
6
CONTINUOUS
10
148.6597399999999993
20
-65.7492500000000035
11
149.2597399999999936
21
-65.7492500000000035
0
LINE
8
BLACK
6
CONTINUOUS
10
149.2597399999999936
20
-65.7492500000000035
11
149.3506270000000029
21
-65.7673290000000037
0
LINE
8
BLACK
6
CONTINUOUS
10
150.209354999999988
20
-67.6374569999999977
11
150.2580179999999928
21
-67.6699729999999988
0
LINE
8
BLACK
6
CONTINUOUS
10
150.2580179999999928
20
-67.6699729999999988
11
150.2905339999999796
21
-67.7186360000000036
0
LINE
8
BLACK
6
CONTINUOUS
10
150.2905339999999796
20
-67.7186360000000036
11
150.301952
21
-67.7760389999999973
0
LINE
8
BLACK
6
CONTINUOUS
10
150.301952
20
-67.7760389999999973
11
150.301952
21
-69.4260390000000029
0
LINE
8
BLACK
6
CONTINUOUS
10
150.301952
20
-69.4260390000000029
11
150.2905339999999796
21
-69.4834419999999966
0
LINE
8
BLACK
6
CONTINUOUS
10
150.2905339999999796
20
-69.4834419999999966
11
150.2580179999999928
21
-69.5321050000000014
0
LINE
8
BLACK
6
CONTINUOUS
10
150.2580179999999928
20
-69.5321050000000014
11
150.209354999999988
21
-69.5646210000000025
0
LINE
8
BLACK
6
CONTINUOUS
10
150.209354999999988
20
-69.5646210000000025
11
150.1519519999999943
21
-69.5760389999999944
0
LINE
8
BLACK
6
CONTINUOUS
10
150.1519519999999943
20
-69.5760389999999944
11
149.8519519999999829
21
-69.5760389999999944
0
LINE
8
BLACK
6
CONTINUOUS
10
149.8519519999999829
20
-69.5760389999999944
11
149.7945489999999893
21
-69.5646210000000025
0
LINE
8
BLACK
6
CONTINUOUS
10
149.7945489999999893
20
-69.5646210000000025
11
149.7458859999999845
21
-69.5321050000000014
0
LINE
8
BLACK
6
CONTINUOUS
10
149.7458859999999845
20
-69.5321050000000014
11
149.7133699999999976
21
-69.4834419999999966
0
LINE
8
BLACK
6
CONTINUOUS
10
149.7133699999999976
20
-69.4834419999999966
11
149.7019520000000057
21
-69.4260390000000029
0
LINE
8
BLACK
6
CONTINUOUS
10
149.7019520000000057
20
-69.4260390000000029
11
149.7019520000000057
21
-67.7760389999999973
0
LINE
8
BLACK
6
CONTINUOUS
10
149.7019520000000057
20
-67.7760389999999973
11
149.7133699999999976
21
-67.7186360000000036
0
LINE
8
BLACK
6
CONTINUOUS
10
149.7133699999999976
20
-67.7186360000000036
11
149.7458859999999845
21
-67.6699729999999988
0
LINE
8
BLACK
6
CONTINUOUS
10
149.7458859999999845
20
-67.6699729999999988
11
149.7945489999999893
21
-67.6374569999999977
0
LINE
8
BLACK
6
CONTINUOUS
10
149.7945489999999893
20
-67.6374569999999977
11
149.8519519999999829
21
-67.6260389999999916
0
LINE
8
BLACK
6
CONTINUOUS
10
149.8519519999999829
20
-67.6260389999999916
11
150.1519519999999943
21
-67.6260389999999916
0
LINE
8
BLACK
6
CONTINUOUS
10
150.1519519999999943
20
-67.6260389999999916
11
150.209354999999988
21
-67.6374569999999977
0
LINE
8
BLACK
6
CONTINUOUS
10
151.4793549999999982
20
-67.6374569999999977
11
151.528018000000003
21
-67.6699729999999988
0
LINE
8
BLACK
6
CONTINUOUS
10
151.528018000000003
20
-67.6699729999999988
11
151.5605339999999899
21
-67.7186360000000036
0
LINE
8
BLACK
6
CONTINUOUS
10
151.5605339999999899
20
-67.7186360000000036
11
151.5719519999999818
21
-67.7760389999999973
0
LINE
8
BLACK
6
CONTINUOUS
10
151.5719519999999818
20
-67.7760389999999973
11
151.5719519999999818
21
-69.4260390000000029
0
LINE
8
BLACK
6
CONTINUOUS
10
151.5719519999999818
20
-69.4260390000000029
11
151.5605339999999899
21
-69.4834419999999966
0
LINE
8
BLACK
6
CONTINUOUS
10
151.5605339999999899
20
-69.4834419999999966
11
151.528018000000003
21
-69.5321050000000014
0
LINE
8
BLACK
6
CONTINUOUS
10
151.528018000000003
20
-69.5321050000000014
11
151.4793549999999982
21
-69.5646210000000025
0
LINE
8
BLACK
6
CONTINUOUS
10
151.4793549999999982
20
-69.5646210000000025
11
151.4219520000000045
21
-69.5760389999999944
0
LINE
8
BLACK
6
CONTINUOUS
10
151.4219520000000045
20
-69.5760389999999944
11
151.1219519999999932
21
-69.5760389999999944
0
LINE
8
BLACK
6
CONTINUOUS
10
151.1219519999999932
20
-69.5760389999999944
11
151.0645489999999995
21
-69.5646210000000025
0
LINE
8
BLACK
6
CONTINUOUS
10
151.0645489999999995
20
-69.5646210000000025
11
151.0158859999999947
21
-69.5321050000000014
0
LINE
8
BLACK
6
CONTINUOUS
10
151.0158859999999947
20
-69.5321050000000014
11
150.9833699999999794
21
-69.4834419999999966
0
LINE
8
BLACK
6
CONTINUOUS
10
150.9833699999999794
20
-69.4834419999999966
11
150.9719519999999875
21
-69.4260390000000029
0
LINE
8
BLACK
6
CONTINUOUS
10
150.9719519999999875
20
-69.4260390000000029
11
150.9719519999999875
21
-67.7760389999999973
0
LINE
8
BLACK
6
CONTINUOUS
10
150.9719519999999875
20
-67.7760389999999973
11
150.9833699999999794
21
-67.7186360000000036
0
LINE
8
BLACK
6
CONTINUOUS
10
150.9833699999999794
20
-67.7186360000000036
11
151.0158859999999947
21
-67.6699729999999988
0
LINE
8
BLACK
6
CONTINUOUS
10
151.0158859999999947
20
-67.6699729999999988
11
151.0645489999999995
21
-67.6374569999999977
0
LINE
8
BLACK
6
CONTINUOUS
10
151.0645489999999995
20
-67.6374569999999977
11
151.1219519999999932
21
-67.6260389999999916
0
LINE
8
BLACK
6
CONTINUOUS
10
151.1219519999999932
20
-67.6260389999999916
11
151.4219520000000045
21
-67.6260389999999916
0
LINE
8
BLACK
6
CONTINUOUS
10
151.4219520000000045
20
-67.6260389999999916
11
151.4793549999999982
21
-67.6374569999999977
0
LINE
8
BLACK
6
CONTINUOUS
10
144.4858869999999911
20
-65.2020789999999977
11
144.5629380000000026
21
-65.2535620000000023
0
LINE
8
BLACK
6
CONTINUOUS
10
144.5629380000000026
20
-65.2535620000000023
11
144.614420999999993
21
-65.3306129999999996
0
LINE
8
BLACK
6
CONTINUOUS
10
144.614420999999993
20
-65.3306129999999996
11
144.6324999999999932
21
-65.4214999999999947
0
LINE
8
BLACK
6
CONTINUOUS
10
144.6324999999999932
20
-65.4214999999999947
11
144.6324999999999932
21
-65.8965000000000032
0
LINE
8
BLACK
6
CONTINUOUS
10
144.6324999999999932
20
-65.8965000000000032
11
144.614420999999993
21
-65.9873869999999982
0
LINE
8
BLACK
6
CONTINUOUS
10
144.614420999999993
20
-65.9873869999999982
11
144.5629380000000026
21
-66.0644379999999956
0
LINE
8
BLACK
6
CONTINUOUS
10
144.5629380000000026
20
-66.0644379999999956
11
144.4858869999999911
21
-66.1159210000000002
0
LINE
8
BLACK
6
CONTINUOUS
10
144.4858869999999911
20
-66.1159210000000002
11
144.3949999999999818
21
-66.1340000000000003
0
LINE
8
BLACK
6
CONTINUOUS
10
144.3949999999999818
20
-66.1340000000000003
11
144.2450000000000045
21
-66.1340000000000003
0
LINE
8
BLACK
6
CONTINUOUS
10
144.2450000000000045
20
-66.1340000000000003
11
144.2450000000000045
21
-66.4742579999999919
0
LINE
8
BLACK
6
CONTINUOUS
10
144.2450000000000045
20
-66.4742579999999919
11
144.2531139999999823
21
-66.478392999999997
0
LINE
8
BLACK
6
CONTINUOUS
10
144.2531139999999823
20
-66.478392999999997
11
144.341606999999982
21
-66.5668859999999967
0
LINE
8
BLACK
6
CONTINUOUS
10
144.341606999999982
20
-66.5668859999999967
11
144.3984229999999798
21
-66.6783929999999998
0
LINE
8
BLACK
6
CONTINUOUS
10
144.3984229999999798
20
-66.6783929999999998
11
144.4180000000000064
21
-66.8019999999999925
0
LINE
8
BLACK
6
CONTINUOUS
10
144.4180000000000064
20
-66.8019999999999925
11
144.3984229999999798
21
-66.9256069999999994
0
LINE
8
BLACK
6
CONTINUOUS
10
144.3984229999999798
20
-66.9256069999999994
11
144.341606999999982
21
-67.0371140000000025
0
LINE
8
BLACK
6
CONTINUOUS
10
144.341606999999982
20
-67.0371140000000025
11
144.2531139999999823
21
-67.1256070000000022
0
LINE
8
BLACK
6
CONTINUOUS
10
144.2531139999999823
20
-67.1256070000000022
11
144.1416069999999934
21
-67.182423
0
LINE
8
BLACK
6
CONTINUOUS
10
144.1416069999999934
20
-67.182423
11
144.0180000000000007
21
-67.2019999999999982
0
LINE
8
BLACK
6
CONTINUOUS
10
144.0180000000000007
20
-67.2019999999999982
11
143.8943929999999796
21
-67.182423
0
LINE
8
BLACK
6
CONTINUOUS
10
143.8943929999999796
20
-67.182423
11
143.7828859999999906
21
-67.1256070000000022
0
LINE
8
BLACK
6
CONTINUOUS
10
143.7828859999999906
20
-67.1256070000000022
11
143.6943929999999909
21
-67.0371140000000025
0
LINE
8
BLACK
6
CONTINUOUS
10
143.6943929999999909
20
-67.0371140000000025
11
143.6375769999999932
21
-66.9256069999999994
0
LINE
8
BLACK
6
CONTINUOUS
10
143.6375769999999932
20
-66.9256069999999994
11
143.617999999999995
21
-66.8019999999999925
0
LINE
8
BLACK
6
CONTINUOUS
10
143.617999999999995
20
-66.8019999999999925
11
143.6375769999999932
21
-66.6783929999999998
0
LINE
8
BLACK
6
CONTINUOUS
10
143.6375769999999932
20
-66.6783929999999998
11
143.6943929999999909
21
-66.5668859999999967
0
LINE
8
BLACK
6
CONTINUOUS
10
143.6943929999999909
20
-66.5668859999999967
11
143.7828859999999906
21
-66.478392999999997
0
LINE
8
BLACK
6
CONTINUOUS
10
143.7828859999999906
20
-66.478392999999997
11
143.8943929999999796
21
-66.4215769999999992
0
LINE
8
BLACK
6
CONTINUOUS
10
143.8943929999999796
20
-66.4215769999999992
11
143.9449999999999932
21
-66.4135610000000014
0
LINE
8
BLACK
6
CONTINUOUS
10
143.9449999999999932
20
-66.4135610000000014
11
143.9449999999999932
21
-66.1340000000000003
0
LINE
8
BLACK
6
CONTINUOUS
10
143.9449999999999932
20
-66.1340000000000003
11
143.7949999999999875
21
-66.1340000000000003
0
LINE
8
BLACK
6
CONTINUOUS
10
143.7949999999999875
20
-66.1340000000000003
11
143.7041130000000067
21
-66.1159210000000002
0
LINE
8
BLACK
6
CONTINUOUS
10
143.7041130000000067
20
-66.1159210000000002
11
143.6270619999999951
21
-66.0644379999999956
0
LINE
8
BLACK
6
CONTINUOUS
10
143.6270619999999951
20
-66.0644379999999956
11
143.5755790000000047
21
-65.9873869999999982
0
LINE
8
BLACK
6
CONTINUOUS
10
143.5755790000000047
20
-65.9873869999999982
11
143.5575000000000045
21
-65.8965000000000032
0
LINE
8
BLACK
6
CONTINUOUS
10
143.5575000000000045
20
-65.8965000000000032
11
143.5575000000000045
21
-65.4214999999999947
0
LINE
8
BLACK
6
CONTINUOUS
10
143.5575000000000045
20
-65.4214999999999947
11
143.5755790000000047
21
-65.3306129999999996
0
LINE
8
BLACK
6
CONTINUOUS
10
143.5755790000000047
20
-65.3306129999999996
11
143.6270619999999951
21
-65.2535620000000023
0
LINE
8
BLACK
6
CONTINUOUS
10
143.6270619999999951
20
-65.2535620000000023
11
143.7041130000000067
21
-65.2020789999999977
0
LINE
8
BLACK
6
CONTINUOUS
10
143.7041130000000067
20
-65.2020789999999977
11
143.7949999999999875
21
-65.1839999999999975
0
LINE
8
BLACK
6
CONTINUOUS
10
143.7949999999999875
20
-65.1839999999999975
11
144.3949999999999818
21
-65.1839999999999975
0
LINE
8
BLACK
6
CONTINUOUS
10
144.3949999999999818
20
-65.1839999999999975
11
144.4858869999999911
21
-65.2020789999999977
0
LINE
8
BLACK
6
CONTINUOUS
10
127.4046109999999885
20
-54.7369999999999948
11
128.4406620000000032
21
-54.7369999999999948
0
LINE
8
BLACK
6
CONTINUOUS
10
128.4406620000000032
20
-54.7369999999999948
11
128.4539419999999836
21
-54.7377129999999994
0
LINE
8
BLACK
6
CONTINUOUS
10
128.4539419999999836
20
-54.7377129999999994
11
128.6470139999999844
21
-54.758509999999994
0
LINE
8
BLACK
6
CONTINUOUS
10
128.6470139999999844
20
-54.758509999999994
11
128.6729589999999916
21
-54.7641649999999984
0
LINE
8
BLACK
6
CONTINUOUS
10
128.6729589999999916
20
-54.7641649999999984
11
128.8508139999999855
21
-54.823482999999996
0
LINE
8
BLACK
6
CONTINUOUS
10
128.8508139999999855
20
-54.823482999999996
11
128.8749609999999848
21
-54.8345339999999979
0
LINE
8
BLACK
6
CONTINUOUS
10
128.8749609999999848
20
-54.8345339999999979
11
129.0361130000000003
21
-54.9303740000000005
0
LINE
8
BLACK
6
CONTINUOUS
10
129.0361130000000003
20
-54.9303740000000005
11
129.0573459999999955
21
-54.9463099999999969
0
LINE
8
BLACK
6
CONTINUOUS
10
129.0573459999999955
20
-54.9463099999999969
11
129.1767719999999997
21
-55.0578199999999995
0
LINE
8
BLACK
6
CONTINUOUS
10
129.1767719999999997
20
-55.0578199999999995
11
129.1992750000000001
21
-55.0788319999999985
0
LINE
8
BLACK
6
CONTINUOUS
10
129.1992750000000001
20
-55.0788319999999985
11
129.2084949999999992
21
-55.0884159999999952
0
LINE
8
BLACK
6
CONTINUOUS
10
129.2084949999999992
20
-55.0884159999999952
11
131.0712130000000002
21
-57.2452469999999991
0
LINE
8
BLACK
6
CONTINUOUS
10
131.0712130000000002
20
-57.2452469999999991
11
131.0780479999999955
21
-57.2539129999999972
0
LINE
8
BLACK
6
CONTINUOUS
10
131.0780479999999955
20
-57.2539129999999972
11
131.1721789999999999
21
-57.3848449999999985
0
LINE
8
BLACK
6
CONTINUOUS
10
131.1721789999999999
20
-57.3848449999999985
11
131.1834099999999808
21
-57.4038269999999997
0
LINE
8
BLACK
6
CONTINUOUS
10
131.1834099999999808
20
-57.4038269999999997
11
131.2504669999999862
21
-57.5443579999999955
0
LINE
8
BLACK
6
CONTINUOUS
10
131.2504669999999862
20
-57.5443579999999955
11
131.2581569999999829
21
-57.565025999999996
0
LINE
8
BLACK
6
CONTINUOUS
10
131.2581569999999829
20
-57.565025999999996
11
131.2992610000000013
21
-57.7152159999999981
0
LINE
8
BLACK
6
CONTINUOUS
10
131.2992610000000013
20
-57.7152159999999981
11
131.3031679999999994
21
-57.7369219999999999
0
LINE
8
BLACK
6
CONTINUOUS
10
131.3031679999999994
20
-57.7369219999999999
11
131.3175090000000012
21
-57.8975469999999959
0
LINE
8
BLACK
6
CONTINUOUS
10
131.3175090000000012
20
-57.8975469999999959
11
131.3179999999999836
21
-57.9085739999999944
0
LINE
8
BLACK
6
CONTINUOUS
10
131.3179999999999836
20
-57.9085739999999944
11
131.3179999999999836
21
-63.8202669999999941
0
LINE
8
BLACK
6
CONTINUOUS
10
131.3179999999999836
20
-63.8202669999999941
11
131.3169389999999908
21
-63.8364539999999963
0
LINE
8
BLACK
6
CONTINUOUS
10
131.3169389999999908
20
-63.8364539999999963
11
131.3053549999999916
21
-63.924436
0
LINE
8
BLACK
6
CONTINUOUS
10
131.3053549999999916
20
-63.924436
11
131.2969769999999983
21
-63.9557019999999952
0
LINE
8
BLACK
6
CONTINUOUS
10
131.2969769999999983
20
-63.9557019999999952
11
131.2661540000000002
21
-64.030114999999995
0
LINE
8
BLACK
6
CONTINUOUS
10
131.2661540000000002
20
-64.030114999999995
11
131.2499699999999905
21
-64.0581469999999911
0
LINE
8
BLACK
6
CONTINUOUS
10
131.2499699999999905
20
-64.0581469999999911
11
131.2009390000000053
21
-64.1220469999999949
0
LINE
8
BLACK
6
CONTINUOUS
10
131.2009390000000053
20
-64.1220469999999949
11
131.1780469999999923
21
-64.1449389999999937
0
LINE
8
BLACK
6
CONTINUOUS
10
131.1780469999999923
20
-64.1449389999999937
11
131.1141470000000027
21
-64.1939699999999931
0
LINE
8
BLACK
6
CONTINUOUS
10
131.1141470000000027
20
-64.1939699999999931
11
131.0861150000000066
21
-64.2101540000000028
0
LINE
8
BLACK
6
CONTINUOUS
10
131.0861150000000066
20
-64.2101540000000028
11
131.0117019999999854
21
-64.2409770000000009
0
LINE
8
BLACK
6
CONTINUOUS
10
131.0117019999999854
20
-64.2409770000000009
11
130.9804359999999974
21
-64.2493549999999942
0
LINE
8
BLACK
6
CONTINUOUS
10
130.9804359999999974
20
-64.2493549999999942
11
130.9070449999999823
21
-64.2590170000000001
0
LINE
8
BLACK
6
CONTINUOUS
10
130.9070449999999823
20
-64.2590170000000001
11
130.8924519999999916
21
-64.2609389999999934
0
LINE
8
BLACK
6
CONTINUOUS
10
130.8924519999999916
20
-64.2609389999999934
11
130.8762679999999818
21
-64.2620000000000005
0
LINE
8
BLACK
6
CONTINUOUS
10
130.8762679999999818
20
-64.2620000000000005
11
130.6651990000000012
21
-64.2620000000000005
0
LINE
8
BLACK
6
CONTINUOUS
10
130.6651990000000012
20
-64.2620000000000005
11
130.6337769999999807
21
-64.3090270000000004
0
LINE
8
BLACK
6
CONTINUOUS
10
130.6337769999999807
20
-64.3090270000000004
11
130.5526710000000037
21
-64.3632199999999983
0
LINE
8
BLACK
6
CONTINUOUS
10
130.5526710000000037
20
-64.3632199999999983
11
130.4569999999999936
21
-64.3822490000000016
0
LINE
8
BLACK
6
CONTINUOUS
10
130.4569999999999936
20
-64.3822490000000016
11
129.132000000000005
21
-64.3822490000000016
0
LINE
8
BLACK
6
CONTINUOUS
10
129.132000000000005
20
-64.3822490000000016
11
129.132000000000005
21
-65.8163279999999986
0
LINE
8
BLACK
6
CONTINUOUS
10
129.132000000000005
20
-65.8163279999999986
11
129.4544209999999964
21
-66.1387500000000017
0
LINE
8
BLACK
6
CONTINUOUS
10
129.4544209999999964
20
-66.1387500000000017
11
131.5305779999999913
21
-66.1387500000000017
0
LINE
8
BLACK
6
CONTINUOUS
10
131.5305779999999913
20
-66.1387500000000017
11
131.9952399999999955
21
-65.6740879999999976
0
LINE
8
BLACK
6
CONTINUOUS
10
131.9952399999999955
20
-65.6740879999999976
11
131.9952399999999955
21
-65.2322499999999934
0
LINE
8
BLACK
6
CONTINUOUS
10
131.9952399999999955
20
-65.2322499999999934
11
131.9452399999999841
21
-65.2322499999999934
0
LINE
8
BLACK
6
CONTINUOUS
10
131.9452399999999841
20
-65.2322499999999934
11
131.8878369999999904
21
-65.2208320000000015
0
LINE
8
BLACK
6
CONTINUOUS
10
131.8878369999999904
20
-65.2208320000000015
11
131.8391739999999857
21
-65.1883160000000004
0
LINE
8
BLACK
6
CONTINUOUS
10
131.8391739999999857
20
-65.1883160000000004
11
131.8066579999999988
21
-65.1396529999999956
0
LINE
8
BLACK
6
CONTINUOUS
10
131.8066579999999988
20
-65.1396529999999956
11
131.7952400000000068
21
-65.0822500000000019
0
LINE
8
BLACK
6
CONTINUOUS
10
131.7952400000000068
20
-65.0822500000000019
11
131.7952400000000068
21
-63.4322499999999962
0
LINE
8
BLACK
6
CONTINUOUS
10
131.7952400000000068
20
-63.4322499999999962
11
131.8066579999999988
21
-63.3748469999999955
0
LINE
8
BLACK
6
CONTINUOUS
10
131.8066579999999988
20
-63.3748469999999955
11
131.8391739999999857
21
-63.3261839999999978
0
LINE
8
BLACK
6
CONTINUOUS
10
131.8391739999999857
20
-63.3261839999999978
11
131.8878369999999904
21
-63.2936679999999967
0
LINE
8
BLACK
6
CONTINUOUS
10
131.8878369999999904
20
-63.2936679999999967
11
131.9452399999999841
21
-63.2822499999999977
0
LINE
8
BLACK
6
CONTINUOUS
10
131.9452399999999841
20
-63.2822499999999977
11
132.2452399999999955
21
-63.2822499999999977
0
LINE
8
BLACK
6
CONTINUOUS
10
132.2452399999999955
20
-63.2822499999999977
11
132.3026429999999891
21
-63.2936679999999967
0
LINE
8
BLACK
6
CONTINUOUS
10
132.3026429999999891
20
-63.2936679999999967
11
132.3513059999999939
21
-63.3261839999999978
0
LINE
8
BLACK
6
CONTINUOUS
10
132.3513059999999939
20
-63.3261839999999978
11
132.3838219999999808
21
-63.3748469999999955
0
LINE
8
BLACK
6
CONTINUOUS
10
132.3838219999999808
20
-63.3748469999999955
11
132.3952400000000011
21
-63.4322499999999962
0
LINE
8
BLACK
6
CONTINUOUS
10
132.3952400000000011
20
-63.4322499999999962
11
132.3952400000000011
21
-65.0822500000000019
0
LINE
8
BLACK
6
CONTINUOUS
10
132.3952400000000011
20
-65.0822500000000019
11
132.3838219999999808
21
-65.1396529999999956
0
LINE
8
BLACK
6
CONTINUOUS
10
132.3838219999999808
20
-65.1396529999999956
11
132.3513059999999939
21
-65.1883160000000004
0
LINE
8
BLACK
6
CONTINUOUS
10
132.3513059999999939
20
-65.1883160000000004
11
132.3026429999999891
21
-65.2208320000000015
0
LINE
8
BLACK
6
CONTINUOUS
10
132.3026429999999891
20
-65.2208320000000015
11
132.2452399999999955
21
-65.2322499999999934
0
LINE
8
BLACK
6
CONTINUOUS
10
132.2452399999999955
20
-65.2322499999999934
11
132.1952399999999841
21
-65.2322499999999934
0
LINE
8
BLACK
6
CONTINUOUS
10
132.1952399999999841
20
-65.2322499999999934
11
132.1952399999999841
21
-65.7155099999999948
0
LINE
8
BLACK
6
CONTINUOUS
10
132.1952399999999841
20
-65.7155099999999948
11
132.1933190000000025
21
-65.7350189999999941
0
LINE
8
BLACK
6
CONTINUOUS
10
132.1933190000000025
20
-65.7350189999999941
11
132.1805540000000008
21
-65.7658349999999956
0
LINE
8
BLACK
6
CONTINUOUS
10
132.1805540000000008
20
-65.7658349999999956
11
132.1783869999999865
21
-65.7710670000000022
0
LINE
8
BLACK
6
CONTINUOUS
10
132.1783869999999865
20
-65.7710670000000022
11
132.1659510000000068
21
-65.7862209999999976
0
LINE
8
BLACK
6
CONTINUOUS
10
132.1659510000000068
20
-65.7862209999999976
11
131.6427109999999914
21
-66.3094609999999989
0
LINE
8
BLACK
6
CONTINUOUS
10
131.6427109999999914
20
-66.3094609999999989
11
131.6275569999999959
21
-66.3218969999999928
0
LINE
8
BLACK
6
CONTINUOUS
10
131.6275569999999959
20
-66.3218969999999928
11
131.5915090000000021
21
-66.3368289999999945
0
LINE
8
BLACK
6
CONTINUOUS
10
131.5915090000000021
20
-66.3368289999999945
11
131.5720000000000027
21
-66.3387499999999903
0
LINE
8
BLACK
6
CONTINUOUS
10
131.5720000000000027
20
-66.3387499999999903
11
129.4129999999999825
21
-66.3387499999999903
0
LINE
8
BLACK
6
CONTINUOUS
10
129.4129999999999825
20
-66.3387499999999903
11
129.3934909999999832
21
-66.3368289999999945
0
LINE
8
BLACK
6
CONTINUOUS
10
129.3934909999999832
20
-66.3368289999999945
11
129.367999999999995
21
-66.3262699999999938
0
LINE
8
BLACK
6
CONTINUOUS
10
129.367999999999995
20
-66.3262699999999938
11
129.3574419999999918
21
-66.3218969999999928
0
LINE
8
BLACK
6
CONTINUOUS
10
129.3574419999999918
20
-66.3218969999999928
11
129.3422889999999938
21
-66.3094600000000014
0
LINE
8
BLACK
6
CONTINUOUS
10
129.3422889999999938
20
-66.3094600000000014
11
128.9612889999999936
21
-65.9284609999999986
0
LINE
8
BLACK
6
CONTINUOUS
10
128.9612889999999936
20
-65.9284609999999986
11
128.9488529999999855
21
-65.9133070000000032
0
LINE
8
BLACK
6
CONTINUOUS
10
128.9488529999999855
20
-65.9133070000000032
11
128.933920999999998
21
-65.8772589999999951
0
LINE
8
BLACK
6
CONTINUOUS
10
128.933920999999998
20
-65.8772589999999951
11
128.9319999999999879
21
-65.8577499999999958
0
LINE
8
BLACK
6
CONTINUOUS
10
128.9319999999999879
20
-65.8577499999999958
11
128.9319999999999879
21
-64.3822490000000016
0
LINE
8
BLACK
6
CONTINUOUS
10
128.9319999999999879
20
-64.3822490000000016
11
127.6069989999999876
21
-64.3822499999999991
0
LINE
8
BLACK
6
CONTINUOUS
10
127.6069989999999876
20
-64.3822499999999991
11
127.5113289999999893
21
-64.3632199999999983
0
LINE
8
BLACK
6
CONTINUOUS
10
127.5113289999999893
20
-64.3632199999999983
11
127.430222999999998
21
-64.3090270000000004
0
LINE
8
BLACK
6
CONTINUOUS
10
127.430222999999998
20
-64.3090270000000004
11
127.3988009999999917
21
-64.2620000000000005
0
LINE
8
BLACK
6
CONTINUOUS
10
127.3988009999999917
20
-64.2620000000000005
11
127.
21
-64.2620000000000005
0
LINE
8
BLACK
6
CONTINUOUS
10
127.
20
-64.2620000000000005
11
127.
21
-65.2620000000000005
0
LINE
8
BLACK
6
CONTINUOUS
10
127.
20
-65.2620000000000005
11
127.
21
-65.2620029999999929
0
LINE
8
BLACK
6
CONTINUOUS
10
127.
20
-65.2620029999999929
11
127.
21
-65.4149069999999995
0
LINE
8
BLACK
6
CONTINUOUS
10
127.
20
-65.4149069999999995
11
126.9994030000000009
21
-65.4270609999999948
0
LINE
8
BLACK
6
CONTINUOUS
10
126.9994030000000009
20
-65.4270609999999948
11
126.9819819999999879
21
-65.6039339999999953
0
LINE
8
BLACK
6
CONTINUOUS
10
126.9819819999999879
20
-65.6039339999999953
11
126.9772399999999948
21
-65.6277749999999997
0
LINE
8
BLACK
6
CONTINUOUS
10
126.9772399999999948
20
-65.6277749999999997
11
126.9274239999999878
21
-65.7919979999999924
0
LINE
8
BLACK
6
CONTINUOUS
10
126.9274239999999878
20
-65.7919979999999924
11
126.9181209999999993
21
-65.8144559999999927
0
LINE
8
BLACK
6
CONTINUOUS
10
126.9181209999999993
20
-65.8144559999999927
11
126.8372269999999986
21
-65.9657979999999924
0
LINE
8
BLACK
6
CONTINUOUS
10
126.8372269999999986
20
-65.9657979999999924
11
126.8237219999999894
21
-65.9860099999999932
0
LINE
8
BLACK
6
CONTINUOUS
10
126.8237219999999894
20
-65.9860099999999932
11
126.7148539999999883
21
-66.1186659999999904
0
LINE
8
BLACK
6
CONTINUOUS
10
126.7148539999999883
20
-66.1186659999999904
11
126.6976659999999981
21
-66.1358539999999948
0
LINE
8
BLACK
6
CONTINUOUS
10
126.6976659999999981
20
-66.1358539999999948
11
126.5650100000000009
21
-66.2447219999999959
0
LINE
8
BLACK
6
CONTINUOUS
10
126.5650100000000009
20
-66.2447219999999959
11
126.5447980000000001
21
-66.2582269999999909
0
LINE
8
BLACK
6
CONTINUOUS
10
126.5447980000000001
20
-66.2582269999999909
11
126.3934560000000005
21
-66.3391209999999916
0
LINE
8
BLACK
6
CONTINUOUS
10
126.3934560000000005
20
-66.3391209999999916
11
126.3709980000000002
21
-66.3484239999999943
0
LINE
8
BLACK
6
CONTINUOUS
10
126.3709980000000002
20
-66.3484239999999943
11
126.2067749999999933
21
-66.3982400000000013
0
LINE
8
BLACK
6
CONTINUOUS
10
126.2067749999999933
20
-66.3982400000000013
11
126.1829339999999888
21
-66.4029819999999944
0
LINE
8
BLACK
6
CONTINUOUS
10
126.1829339999999888
20
-66.4029819999999944
11
126.0060609999999883
21
-66.4204029999999932
0
LINE
8
BLACK
6
CONTINUOUS
10
126.0060609999999883
20
-66.4204029999999932
11
125.993906999999993
21
-66.4209999999999923
0
LINE
8
BLACK
6
CONTINUOUS
10
125.993906999999993
20
-66.4209999999999923
11
117.4665359999999907
21
-66.4209999999999923
0
LINE
8
BLACK
6
CONTINUOUS
10
117.4665359999999907
20
-66.4209999999999923
11
117.3994969999999967
21
-66.4013149999999968
0
LINE
8
BLACK
6
CONTINUOUS
10
117.3994969999999967
20
-66.4013149999999968
11
117.3537419999999969
21
-66.348511000000002
0
LINE
8
BLACK
6
CONTINUOUS
10
117.3537419999999969
20
-66.348511000000002
11
117.3437979999999925
21
-66.2793530000000004
0
LINE
8
BLACK
6
CONTINUOUS
10
117.3437979999999925
20
-66.2793530000000004
11
117.3441329999999994
21
-66.2771639999999991
0
LINE
8
BLACK
6
CONTINUOUS
10
117.3441329999999994
20
-66.2771639999999991
11
117.3472019999999958
21
-66.2582269999999909
0
LINE
8
BLACK
6
CONTINUOUS
10
117.3472019999999958
20
-66.2582269999999909
11
117.499102999999991
21
-65.3208779999999933
0
LINE
8
BLACK
6
CONTINUOUS
10
117.499102999999991
20
-65.3208779999999933
11
117.4998489999999975
21
-65.3167359999999917
0
LINE
8
BLACK
6
CONTINUOUS
10
117.4998489999999975
20
-65.3167359999999917
11
117.7187629999999956
21
-64.2111379999999912
0
LINE
8
BLACK
6
CONTINUOUS
10
117.7187629999999956
20
-64.2111379999999912
11
117.7196599999999904
21
-64.206988999999993
0
LINE
8
BLACK
6
CONTINUOUS
10
117.7196599999999904
20
-64.206988999999993
11
117.9769309999999933
21
-63.1096659999999972
0
LINE
8
BLACK
6
CONTINUOUS
10
117.9769309999999933
20
-63.1096659999999972
11
117.9779599999999959
21
-63.1055980000000005
0
LINE
8
BLACK
6
CONTINUOUS
10
117.9779599999999959
20
-63.1055980000000005
11
118.2732829999999922
21
-62.017868
0
LINE
8
BLACK
6
CONTINUOUS
10
118.2732829999999922
20
-62.017868
11
118.2744639999999947
21
-62.0137969999999967
0
LINE
8
BLACK
6
CONTINUOUS
10
118.2744639999999947
20
-62.0137969999999967
11
118.6074619999999982
21
-60.9370449999999977
0
LINE
8
BLACK
6
CONTINUOUS
10
118.6074619999999982
20
-60.9370449999999977
11
118.6087699999999927
21
-60.9330619999999996
0
LINE
8
BLACK
6
CONTINUOUS
10
118.6087699999999927
20
-60.9330619999999996
11
118.9790569999999974
21
-59.8685279999999977
0
LINE
8
BLACK
6
CONTINUOUS
10
118.9790569999999974
20
-59.8685279999999977
11
118.9805169999999919
21
-59.8645530000000008
0
LINE
8
BLACK
6
CONTINUOUS
10
118.9805169999999919
20
-59.8645530000000008
11
119.3876209999999958
21
-58.8135999999999939
0
LINE
8
BLACK
6
CONTINUOUS
10
119.3876209999999958
20
-58.8135999999999939
11
119.3892290000000003
21
-58.8096529999999973
0
LINE
8
BLACK
6
CONTINUOUS
10
119.3892290000000003
20
-58.8096529999999973
11
119.8326780000000014
21
-57.7734909999999999
0
LINE
8
BLACK
6
CONTINUOUS
10
119.8326780000000014
20
-57.7734909999999999
11
119.8344189999999969
21
-57.7696119999999951
0
LINE
8
BLACK
6
CONTINUOUS
10
119.8344189999999969
20
-57.7696119999999951
11
120.3136459999999914
21
-56.7495649999999969
0
LINE
8
BLACK
6
CONTINUOUS
10
120.3136459999999914
20
-56.7495649999999969
11
120.3155409999999961
21
-56.7457069999999959
0
LINE
8
BLACK
6
CONTINUOUS
10
120.3155409999999961
20
-56.7457069999999959
11
120.3350529999999878
21
-56.7076759999999993
0
LINE
8
BLACK
6
CONTINUOUS
10
120.3350529999999878
20
-56.7076759999999993
11
120.8299959999999942
21
-55.7429389999999998
0
LINE
8
BLACK
6
CONTINUOUS
10
120.8299959999999942
20
-55.7429389999999998
11
120.8320099999999968
21
-55.7391779999999954
0
LINE
8
BLACK
6
CONTINUOUS
10
120.8320099999999968
20
-55.7391779999999954
11
121.3555899999999923
21
-54.8005889999999951
0
LINE
8
BLACK
6
CONTINUOUS
10
121.3555899999999923
20
-54.8005889999999951
11
121.4054390000000012
21
-54.7516350000000003
0
LINE
8
BLACK
6
CONTINUOUS
10
121.4054390000000012
20
-54.7516350000000003
11
121.4638789999999915
21
-54.7369999999999948
0
LINE
8
BLACK
6
CONTINUOUS
10
121.4638789999999915
20
-54.7369999999999948
11
126.8798689999999993
21
-54.7369999999999948
0
LINE
8
BLACK
6
CONTINUOUS
10
126.8798689999999993
20
-54.7369999999999948
11
127.142240000000001
21
-54.7232500000000002
0
LINE
8
BLACK
6
CONTINUOUS
10
127.142240000000001
20
-54.7232500000000002
11
127.4046109999999885
21
-54.7369999999999948
0
LINE
8
BLACK
6
CONTINUOUS
10
171.8546110000000056
20
-54.7369999999999948
11
177.4941209999999785
21
-54.7369999999999948
0
LINE
8
BLACK
6
CONTINUOUS
10
177.4941209999999785
20
-54.7369999999999948
11
177.561160000000001
21
-54.7566849999999974
0
LINE
8
BLACK
6
CONTINUOUS
10
177.561160000000001
20
-54.7566849999999974
11
177.6024109999999894
21
-54.8005919999999946
0
LINE
8
BLACK
6
CONTINUOUS
10
177.6024109999999894
20
-54.8005919999999946
11
178.1259699999999953
21
-55.739143999999996
0
LINE
8
BLACK
6
CONTINUOUS
10
178.1259699999999953
20
-55.739143999999996
11
178.1280079999999941
21
-55.7429500000000004
0
LINE
8
BLACK
6
CONTINUOUS
10
178.1280079999999941
20
-55.7429500000000004
11
178.6424580000000049
21
-56.7457069999999959
0
LINE
8
BLACK
6
CONTINUOUS
10
178.6424580000000049
20
-56.7457069999999959
11
178.6443610000000035
21
-56.7495819999999966
0
LINE
8
BLACK
6
CONTINUOUS
10
178.6443610000000035
20
-56.7495819999999966
11
179.1235659999999825
21
-57.7695819999999998
0
LINE
8
BLACK
6
CONTINUOUS
10
179.1235659999999825
20
-57.7695819999999998
11
179.125333999999981
21
-57.7735209999999952
0
LINE
8
BLACK
6
CONTINUOUS
10
179.125333999999981
20
-57.7735209999999952
11
179.568759
21
-58.8096279999999965
0
LINE
8
BLACK
6
CONTINUOUS
10
179.568759
20
-58.8096279999999965
11
179.5703879999999799
21
-58.8136259999999993
0
LINE
8
BLACK
6
CONTINUOUS
10
179.5703879999999799
20
-58.8136259999999993
11
179.9774669999999901
21
-59.8645149999999973
0
LINE
8
BLACK
6
CONTINUOUS
10
179.9774669999999901
20
-59.8645149999999973
11
179.9789559999999824
21
-59.8685669999999988
0
LINE
8
BLACK
6
CONTINUOUS
10
179.9789559999999824
20
-59.8685669999999988
11
180.3492090000000019
21
-60.9330029999999994
0
LINE
8
BLACK
6
CONTINUOUS
10
180.3492090000000019
20
-60.9330029999999994
11
180.3505559999999832
21
-60.9371049999999954
0
LINE
8
BLACK
6
CONTINUOUS
10
180.3505559999999832
20
-60.9371049999999954
11
180.6835229999999797
21
-62.0137599999999978
0
LINE
8
BLACK
6
CONTINUOUS
10
180.6835229999999797
20
-62.0137599999999978
11
180.684726999999981
21
-62.0179059999999964
0
LINE
8
BLACK
6
CONTINUOUS
10
180.684726999999981
20
-62.0179059999999964
11
180.980023999999986
21
-63.1055399999999977
0
LINE
8
BLACK
6
CONTINUOUS
10
180.980023999999986
20
-63.1055399999999977
11
180.9810819999999865
21
-63.1097249999999974
0
LINE
8
BLACK
6
CONTINUOUS
10
180.9810819999999865
20
-63.1097249999999974
11
181.2383309999999881
21
-64.2069539999999961
0
LINE
8
BLACK
6
CONTINUOUS
10
181.2383309999999881
20
-64.2069539999999961
11
181.2392429999999877
21
-64.2111739999999998
0
LINE
8
BLACK
6
CONTINUOUS
10
181.2392429999999877
20
-64.2111739999999998
11
181.458139999999986
21
-65.3166829999999976
0
LINE
8
BLACK
6
CONTINUOUS
10
181.458139999999986
20
-65.3166829999999976
11
181.4589049999999872
21
-65.3209319999999991
0
LINE
8
BLACK
6
CONTINUOUS
10
181.4589049999999872
20
-65.3209319999999991
11
181.6086090000000013
21
-66.2447219999999959
0
LINE
8
BLACK
6
CONTINUOUS
10
181.6086090000000013
20
-66.2447219999999959
11
181.6138669999999991
21
-66.2771639999999991
0
LINE
8
BLACK
6
CONTINUOUS
10
181.6138669999999991
20
-66.2771639999999991
11
181.6051599999999837
21
-66.3464889999999912
0
LINE
8
BLACK
6
CONTINUOUS
10
181.6051599999999837
20
-66.3464889999999912
11
181.5603559999999845
21
-66.400102000000004
0
LINE
8
BLACK
6
CONTINUOUS
10
181.5603559999999845
20
-66.400102000000004
11
181.4936779999999885
21
-66.4209800000000001
0
LINE
8
BLACK
6
CONTINUOUS
10
181.4936779999999885
20
-66.4209800000000001
11
181.4914639999999793
21
-66.4209999999999923
0
LINE
8
BLACK
6
CONTINUOUS
10
181.4914639999999793
20
-66.4209999999999923
11
172.8370929999999817
21
-66.4209999999999923
0
LINE
8
BLACK
6
CONTINUOUS
10
172.8370929999999817
20
-66.4209999999999923
11
172.8249390000000005
21
-66.4204029999999932
0
LINE
8
BLACK
6
CONTINUOUS
10
172.8249390000000005
20
-66.4204029999999932
11
172.6480650000000026
21
-66.4029819999999944
0
LINE
8
BLACK
6
CONTINUOUS
10
172.6480650000000026
20
-66.4029819999999944
11
172.6242239999999981
21
-66.3982400000000013
0
LINE
8
BLACK
6
CONTINUOUS
10
172.6242239999999981
20
-66.3982400000000013
11
172.4600010000000054
21
-66.3484239999999943
0
LINE
8
BLACK
6
CONTINUOUS
10
172.4600010000000054
20
-66.3484239999999943
11
172.4375430000000051
21
-66.3391209999999916
0
LINE
8
BLACK
6
CONTINUOUS
10
172.4375430000000051
20
-66.3391209999999916
11
172.2862010000000055
21
-66.2582269999999909
0
LINE
8
BLACK
6
CONTINUOUS
10
172.2862010000000055
20
-66.2582269999999909
11
172.2659889999999905
21
-66.2447219999999959
0
LINE
8
BLACK
6
CONTINUOUS
10
172.2659889999999905
20
-66.2447219999999959
11
172.1333329999999933
21
-66.1358539999999948
0
LINE
8
BLACK
6
CONTINUOUS
10
172.1333329999999933
20
-66.1358539999999948
11
172.1161449999999888
21
-66.1186659999999904
0
LINE
8
BLACK
6
CONTINUOUS
10
172.1161449999999888
20
-66.1186659999999904
11
172.0072769999999878
21
-65.9860099999999932
0
LINE
8
BLACK
6
CONTINUOUS
10
172.0072769999999878
20
-65.9860099999999932
11
171.9937719999999786
21
-65.9657979999999924
0
LINE
8
BLACK
6
CONTINUOUS
10
171.9937719999999786
20
-65.9657979999999924
11
171.9128780000000063
21
-65.8144559999999927
0
LINE
8
BLACK
6
CONTINUOUS
10
171.9128780000000063
20
-65.8144559999999927
11
171.9035749999999894
21
-65.7919979999999924
0
LINE
8
BLACK
6
CONTINUOUS
10
171.9035749999999894
20
-65.7919979999999924
11
171.8537570000000017
21
-65.6277690000000007
0
LINE
8
BLACK
6
CONTINUOUS
10
171.8537570000000017
20
-65.6277690000000007
11
171.8490180000000009
21
-65.6039409999999918
0
LINE
8
BLACK
6
CONTINUOUS
10
171.8490180000000009
20
-65.6039409999999918
11
171.8315969999999879
21
-65.4270609999999948
0
LINE
8
BLACK
6
CONTINUOUS
10
171.8315969999999879
20
-65.4270609999999948
11
171.8309999999999889
21
-65.4149069999999995
0
LINE
8
BLACK
6
CONTINUOUS
10
171.8309999999999889
20
-65.4149069999999995
11
171.8309999999999889
21
-65.3890030000000024
0
LINE
8
BLACK
6
CONTINUOUS
10
171.8309999999999889
20
-65.3890030000000024
11
171.8309999999999889
21
-65.3889999999999958
0
LINE
8
BLACK
6
CONTINUOUS
10
171.8309999999999889
20
-65.3889999999999958
11
171.8309999999999889
21
-64.3889999999999958
0
LINE
8
BLACK
6
CONTINUOUS
10
171.8309999999999889
20
-64.3889999999999958
11
170.8309999999999889
21
-64.3889999999999958
0
LINE
8
BLACK
6
CONTINUOUS
10
170.8309999999999889
20
-64.3889999999999958
11
170.8309969999999964
21
-64.3889999999999958
0
LINE
8
BLACK
6
CONTINUOUS
10
170.8309969999999964
20
-64.3889999999999958
11
169.7872399999999971
21
-64.3889999999999958
0
LINE
8
BLACK
6
CONTINUOUS
10
169.7872399999999971
20
-64.3889999999999958
11
169.7872399999999971
21
-65.7937500000000028
0
LINE
8
BLACK
6
CONTINUOUS
10
169.7872399999999971
20
-65.7937500000000028
11
169.785318999999987
21
-65.8132590000000022
0
LINE
8
BLACK
6
CONTINUOUS
10
169.785318999999987
20
-65.8132590000000022
11
169.7749709999999936
21
-65.8382409999999965
0
LINE
8
BLACK
6
CONTINUOUS
10
169.7749709999999936
20
-65.8382409999999965
11
169.7703869999999995
21
-65.8493079999999935
0
LINE
8
BLACK
6
CONTINUOUS
10
169.7703869999999995
20
-65.8493079999999935
11
169.7579499999999939
21
-65.8644609999999915
0
LINE
8
BLACK
6
CONTINUOUS
10
169.7579499999999939
20
-65.8644609999999915
11
169.3769509999999912
21
-66.2454609999999917
0
LINE
8
BLACK
6
CONTINUOUS
10
169.3769509999999912
20
-66.2454609999999917
11
169.3617969999999957
21
-66.2578969999999998
0
LINE
8
BLACK
6
CONTINUOUS
10
169.3617969999999957
20
-66.2578969999999998
11
169.3257490000000018
21
-66.2728290000000015
0
LINE
8
BLACK
6
CONTINUOUS
10
169.3257490000000018
20
-66.2728290000000015
11
169.3062400000000025
21
-66.2747499999999974
0
LINE
8
BLACK
6
CONTINUOUS
10
169.3062400000000025
20
-66.2747499999999974
11
167.1472399999999823
21
-66.2747499999999974
0
LINE
8
BLACK
6
CONTINUOUS
10
167.1472399999999823
20
-66.2747499999999974
11
167.1277309999999829
21
-66.2728290000000015
0
LINE
8
BLACK
6
CONTINUOUS
10
167.1277309999999829
20
-66.2728290000000015
11
167.0916829999999891
21
-66.2578969999999998
0
LINE
8
BLACK
6
CONTINUOUS
10
167.0916829999999891
20
-66.2578969999999998
11
167.0765289999999936
21
-66.2454609999999917
0
LINE
8
BLACK
6
CONTINUOUS
10
167.0765289999999936
20
-66.2454609999999917
11
166.5532890000000066
21
-65.7222209999999905
0
LINE
8
BLACK
6
CONTINUOUS
10
166.5532890000000066
20
-65.7222209999999905
11
166.5408529999999985
21
-65.707066999999995
0
LINE
8
BLACK
6
CONTINUOUS
10
166.5408529999999985
20
-65.707066999999995
11
166.5259209999999825
21
-65.6710190000000011
0
LINE
8
BLACK
6
CONTINUOUS
10
166.5259209999999825
20
-65.6710190000000011
11
166.5240000000000009
21
-65.6515100000000018
0
LINE
8
BLACK
6
CONTINUOUS
10
166.5240000000000009
20
-65.6515100000000018
11
166.5240000000000009
21
-65.1052499999999981
0
LINE
8
BLACK
6
CONTINUOUS
10
166.5240000000000009
20
-65.1052499999999981
11
166.4892399999999952
21
-65.1052499999999981
0
LINE
8
BLACK
6
CONTINUOUS
10
166.4892399999999952
20
-65.1052499999999981
11
166.4318370000000016
21
-65.0938319999999919
0
LINE
8
BLACK
6
CONTINUOUS
10
166.4318370000000016
20
-65.0938319999999919
11
166.3831739999999968
21
-65.0613159999999908
0
LINE
8
BLACK
6
CONTINUOUS
10
166.3831739999999968
20
-65.0613159999999908
11
166.3506579999999815
21
-65.0126530000000002
0
LINE
8
BLACK
6
CONTINUOUS
10
166.3506579999999815
20
-65.0126530000000002
11
166.3392399999999895
21
-64.9552499999999924
0
LINE
8
BLACK
6
CONTINUOUS
10
166.3392399999999895
20
-64.9552499999999924
11
166.3392399999999895
21
-63.3052499999999938
0
LINE
8
BLACK
6
CONTINUOUS
10
166.3392399999999895
20
-63.3052499999999938
11
166.3506579999999815
21
-63.2478470000000002
0
LINE
8
BLACK
6
CONTINUOUS
10
166.3506579999999815
20
-63.2478470000000002
11
166.3831739999999968
21
-63.1991839999999954
0
LINE
8
BLACK
6
CONTINUOUS
10
166.3831739999999968
20
-63.1991839999999954
11
166.4318370000000016
21
-63.1666679999999943
0
LINE
8
BLACK
6
CONTINUOUS
10
166.4318370000000016
20
-63.1666679999999943
11
166.4892399999999952
21
-63.1552499999999952
0
LINE
8
BLACK
6
CONTINUOUS
10
166.4892399999999952
20
-63.1552499999999952
11
166.7892400000000066
21
-63.1552499999999952
0
LINE
8
BLACK
6
CONTINUOUS
10
166.7892400000000066
20
-63.1552499999999952
11
166.8466430000000003
21
-63.1666679999999943
0
LINE
8
BLACK
6
CONTINUOUS
10
166.8466430000000003
20
-63.1666679999999943
11
166.895306000000005
21
-63.1991839999999954
0
LINE
8
BLACK
6
CONTINUOUS
10
166.895306000000005
20
-63.1991839999999954
11
166.9278219999999919
21
-63.2478470000000002
0
LINE
8
BLACK
6
CONTINUOUS
10
166.9278219999999919
20
-63.2478470000000002
11
166.9392399999999839
21
-63.3052499999999938
0
LINE
8
BLACK
6
CONTINUOUS
10
166.9392399999999839
20
-63.3052499999999938
11
166.9392399999999839
21
-64.9552499999999924
0
LINE
8
BLACK
6
CONTINUOUS
10
166.9392399999999839
20
-64.9552499999999924
11
166.9278219999999919
21
-65.0126530000000002
0
LINE
8
BLACK
6
CONTINUOUS
10
166.9278219999999919
20
-65.0126530000000002
11
166.895306000000005
21
-65.0613159999999908
0
LINE
8
BLACK
6
CONTINUOUS
10
166.895306000000005
20
-65.0613159999999908
11
166.8466430000000003
21
-65.0938319999999919
0
LINE
8
BLACK
6
CONTINUOUS
10
166.8466430000000003
20
-65.0938319999999919
11
166.7892400000000066
21
-65.1052499999999981
0
LINE
8
BLACK
6
CONTINUOUS
10
166.7892400000000066
20
-65.1052499999999981
11
166.7239999999999895
21
-65.1052499999999981
0
LINE
8
BLACK
6
CONTINUOUS
10
166.7239999999999895
20
-65.1052499999999981
11
166.7239999999999895
21
-65.6100879999999904
0
LINE
8
BLACK
6
CONTINUOUS
10
166.7239999999999895
20
-65.6100879999999904
11
167.1886619999999937
21
-66.0747499999999945
0
LINE
8
BLACK
6
CONTINUOUS
10
167.1886619999999937
20
-66.0747499999999945
11
169.2648179999999911
21
-66.0747499999999945
0
LINE
8
BLACK
6
CONTINUOUS
10
169.2648179999999911
20
-66.0747499999999945
11
169.58723999999998
21
-65.7523279999999914
0
LINE
8
BLACK
6
CONTINUOUS
10
169.58723999999998
20
-65.7523279999999914
11
169.58723999999998
21
-64.3889999999999958
0
LINE
8
BLACK
6
CONTINUOUS
10
169.58723999999998
20
-64.3889999999999958
11
168.0817319999999881
21
-64.3889999999999958
0
LINE
8
BLACK
6
CONTINUOUS
10
168.0817319999999881
20
-64.3889999999999958
11
168.0655469999999809
21
-64.3879390000000029
0
LINE
8
BLACK
6
CONTINUOUS
10
168.0655469999999809
20
-64.3879390000000029
11
168.0482709999999997
21
-64.3856639999999913
0
LINE
8
BLACK
6
CONTINUOUS
10
168.0482709999999997
20
-64.3856639999999913
11
167.9775630000000035
21
-64.3763550000000038
0
LINE
8
BLACK
6
CONTINUOUS
10
167.9775630000000035
20
-64.3763550000000038
11
167.9462969999999871
21
-64.3679769999999962
0
LINE
8
BLACK
6
CONTINUOUS
10
167.9462969999999871
20
-64.3679769999999962
11
167.8718839999999943
21
-64.3371539999999982
0
LINE
8
BLACK
6
CONTINUOUS
10
167.8718839999999943
20
-64.3371539999999982
11
167.8438519999999983
21
-64.3209700000000026
0
LINE
8
BLACK
6
CONTINUOUS
10
167.8438519999999983
20
-64.3209700000000026
11
167.8192939999999851
21
-64.3021260000000012
0
LINE
8
BLACK
6
CONTINUOUS
10
167.8192939999999851
20
-64.3021260000000012
11
167.7799489999999878
21
-64.2719359999999966
0
LINE
8
BLACK
6
CONTINUOUS
10
167.7799489999999878
20
-64.2719359999999966
11
167.7570629999999881
21
-64.2490499999999969
0
LINE
8
BLACK
6
CONTINUOUS
10
167.7570629999999881
20
-64.2490499999999969
11
167.708028999999982
21
-64.1851470000000006
0
LINE
8
BLACK
6
CONTINUOUS
10
167.708028999999982
20
-64.1851470000000006
11
167.6918450000000007
21
-64.1571149999999903
0
LINE
8
BLACK
6
CONTINUOUS
10
167.6918450000000007
20
-64.1571149999999903
11
167.6610220000000027
21
-64.0827019999999976
0
LINE
8
BLACK
6
CONTINUOUS
10
167.6610220000000027
20
-64.0827019999999976
11
167.6526439999999809
21
-64.0514340000000004
0
LINE
8
BLACK
6
CONTINUOUS
10
167.6526439999999809
20
-64.0514340000000004
11
167.6410609999999792
21
-63.9634519999999966
0
LINE
8
BLACK
6
CONTINUOUS
10
167.6410609999999792
20
-63.9634519999999966
11
167.6399999999999864
21
-63.9472669999999965
0
LINE
8
BLACK
6
CONTINUOUS
10
167.6399999999999864
20
-63.9472669999999965
11
167.6399999999999864
21
-58.0096530000000001
0
LINE
8
BLACK
6
CONTINUOUS
10
167.6399999999999864
20
-58.0096530000000001
11
167.6407590000000027
21
-57.9959579999999946
0
LINE
8
BLACK
6
CONTINUOUS
10
167.6407590000000027
20
-57.9959579999999946
11
167.6436929999999847
21
-57.9695509999999956
0
LINE
8
BLACK
6
CONTINUOUS
10
167.6436929999999847
20
-57.9695509999999956
11
167.6628759999999829
21
-57.7969340000000003
0
LINE
8
BLACK
6
CONTINUOUS
10
167.6628759999999829
20
-57.7969340000000003
11
167.6688859999999863
21
-57.7702229999999943
0
LINE
8
BLACK
6
CONTINUOUS
10
167.6688859999999863
20
-57.7702229999999943
11
167.7319099999999992
21
-57.5874309999999952
0
LINE
8
BLACK
6
CONTINUOUS
10
167.7319099999999992
20
-57.5874309999999952
11
167.7436439999999891
21
-57.5626829999999998
0
LINE
8
BLACK
6
CONTINUOUS
10
167.7436439999999891
20
-57.5626829999999998
11
167.8488930000000039
21
-57.3923079999999999
0
LINE
8
BLACK
6
CONTINUOUS
10
167.8488930000000039
20
-57.3923079999999999
11
167.8567149999999799
21
-57.3810859999999963
0
LINE
8
BLACK
6
CONTINUOUS
10
167.8567149999999799
20
-57.3810859999999963
11
168.549872999999991
21
-56.4953829999999968
0
LINE
8
BLACK
6
CONTINUOUS
10
168.549872999999991
20
-56.4953829999999968
11
168.5611509999999953
21
-56.4732500000000002
0
LINE
8
BLACK
6
CONTINUOUS
10
168.5611509999999953
20
-56.4732500000000002
11
168.7606810000000053
21
-56.1660019999999989
0
LINE
8
BLACK
6
CONTINUOUS
10
168.7606810000000053
20
-56.1660019999999989
11
168.991232999999994
21
-55.8812929999999994
0
LINE
8
BLACK
6
CONTINUOUS
10
168.991232999999994
20
-55.8812929999999994
11
169.1717050000000029
21
-55.7008209999999977
0
LINE
8
BLACK
6
CONTINUOUS
10
169.1717050000000029
20
-55.7008209999999977
11
169.6222630000000038
21
-55.1251079999999973
0
LINE
8
BLACK
6
CONTINUOUS
10
169.6222630000000038
20
-55.1251079999999973
11
169.6295619999999928
21
-55.1166049999999998
0
LINE
8
BLACK
6
CONTINUOUS
10
169.6295619999999928
20
-55.1166049999999998
11
169.7420740000000023
21
-54.996969
0
LINE
8
BLACK
6
CONTINUOUS
10
169.7420740000000023
20
-54.996969
11
169.7588619999999935
21
-54.9820849999999979
0
LINE
8
BLACK
6
CONTINUOUS
10
169.7588619999999935
20
-54.9820849999999979
11
169.886540999999994
21
-54.8880659999999949
0
LINE
8
BLACK
6
CONTINUOUS
10
169.886540999999994
20
-54.8880659999999949
11
169.9057499999999834
21
-54.8764439999999993
0
LINE
8
BLACK
6
CONTINUOUS
10
169.9057499999999834
20
-54.8764439999999993
11
170.048294999999996
21
-54.8069929999999985
0
LINE
8
BLACK
6
CONTINUOUS
10
170.048294999999996
20
-54.8069929999999985
11
170.0692809999999895
21
-54.7990289999999973
0
LINE
8
BLACK
6
CONTINUOUS
10
170.0692809999999895
20
-54.7990289999999973
11
170.2220069999999907
21
-54.7564279999999997
0
LINE
8
BLACK
6
CONTINUOUS
10
170.2220069999999907
20
-54.7564279999999997
11
170.2440869999999791
21
-54.7523780000000002
0
LINE
8
BLACK
6
CONTINUOUS
10
170.2440869999999791
20
-54.7523780000000002
11
170.4076269999999909
21
-54.7375089999999958
0
LINE
8
BLACK
6
CONTINUOUS
10
170.4076269999999909
20
-54.7375089999999958
11
170.4188549999999793
21
-54.7369999999999948
0
LINE
8
BLACK
6
CONTINUOUS
10
170.4188549999999793
20
-54.7369999999999948
11
171.3298690000000022
21
-54.7369999999999948
0
LINE
8
BLACK
6
CONTINUOUS
10
171.3298690000000022
20
-54.7369999999999948
11
171.5922400000000039
21
-54.7232500000000002
0
LINE
8
BLACK
6
CONTINUOUS
10
171.5922400000000039
20
-54.7232500000000002
11
171.8546110000000056
21
-54.7369999999999948
0
LINE
8
BLACK
6
CONTINUOUS
10
139.6473869999999806
20
-65.113078999999999
11
139.7244379999999921
21
-65.1645620000000036
0
LINE
8
BLACK
6
CONTINUOUS
10
139.7244379999999921
20
-65.1645620000000036
11
139.7759209999999825
21
-65.241613000000001
0
LINE
8
BLACK
6
CONTINUOUS
10
139.7759209999999825
20
-65.241613000000001
11
139.7939999999999827
21
-65.332499999999996
0
LINE
8
BLACK
6
CONTINUOUS
10
139.7939999999999827
20
-65.332499999999996
11
139.7939999999999827
21
-65.4825000000000017
0
LINE
8
BLACK
6
CONTINUOUS
10
139.7939999999999827
20
-65.4825000000000017
11
140.0698399999999992
21
-65.4825000000000017
0
LINE
8
BLACK
6
CONTINUOUS
10
140.0698399999999992
20
-65.4825000000000017
11
140.0815769999999816
21
-65.4083930000000038
0
LINE
8
BLACK
6
CONTINUOUS
10
140.0815769999999816
20
-65.4083930000000038
11
140.1383930000000078
21
-65.2968860000000006
0
LINE
8
BLACK
6
CONTINUOUS
10
140.1383930000000078
20
-65.2968860000000006
11
140.2268860000000075
21
-65.2083930000000009
0
LINE
8
BLACK
6
CONTINUOUS
10
140.2268860000000075
20
-65.2083930000000009
11
140.3383929999999964
21
-65.1515770000000032
0
LINE
8
BLACK
6
CONTINUOUS
10
140.3383929999999964
20
-65.1515770000000032
11
140.4619999999999891
21
-65.1319999999999908
0
LINE
8
BLACK
6
CONTINUOUS
10
140.4619999999999891
20
-65.1319999999999908
11
140.5856069999999818
21
-65.1515770000000032
0
LINE
8
BLACK
6
CONTINUOUS
10
140.5856069999999818
20
-65.1515770000000032
11
140.6971139999999991
21
-65.2083930000000009
0
LINE
8
BLACK
6
CONTINUOUS
10
140.6971139999999991
20
-65.2083930000000009
11
140.7856069999999988
21
-65.2968860000000006
0
LINE
8
BLACK
6
CONTINUOUS
10
140.7856069999999988
20
-65.2968860000000006
11
140.8424229999999966
21
-65.4083930000000038
0
LINE
8
BLACK
6
CONTINUOUS
10
140.8424229999999966
20
-65.4083930000000038
11
140.8619999999999948
21
-65.5319999999999965
0
LINE
8
BLACK
6
CONTINUOUS
10
140.8619999999999948
20
-65.5319999999999965
11
140.8424229999999966
21
-65.6556070000000034
0
LINE
8
BLACK
6
CONTINUOUS
10
140.8424229999999966
20
-65.6556070000000034
11
140.7856069999999988
21
-65.7671139999999923
0
LINE
8
BLACK
6
CONTINUOUS
10
140.7856069999999988
20
-65.7671139999999923
11
140.6971139999999991
21
-65.855606999999992
0
LINE
8
BLACK
6
CONTINUOUS
10
140.6971139999999991
20
-65.855606999999992
11
140.5856069999999818
21
-65.912423000000004
0
LINE
8
BLACK
6
CONTINUOUS
10
140.5856069999999818
20
-65.912423000000004
11
140.4619999999999891
21
-65.9320000000000022
0
LINE
8
BLACK
6
CONTINUOUS
10
140.4619999999999891
20
-65.9320000000000022
11
140.3383929999999964
21
-65.912423000000004
0
LINE
8
BLACK
6
CONTINUOUS
10
140.3383929999999964
20
-65.912423000000004
11
140.2268860000000075
21
-65.855606999999992
0
LINE
8
BLACK
6
CONTINUOUS
10
140.2268860000000075
20
-65.855606999999992
11
140.1537789999999859
21
-65.7824999999999989
0
LINE
8
BLACK
6
CONTINUOUS
10
140.1537789999999859
20
-65.7824999999999989
11
139.7939999999999827
21
-65.7824999999999989
0
LINE
8
BLACK
6
CONTINUOUS
10
139.7939999999999827
20
-65.7824999999999989
11
139.7939999999999827
21
-65.9324999999999903
0
LINE
8
BLACK
6
CONTINUOUS
10
139.7939999999999827
20
-65.9324999999999903
11
139.7759209999999825
21
-66.0233869999999996
0
LINE
8
BLACK
6
CONTINUOUS
10
139.7759209999999825
20
-66.0233869999999996
11
139.7244379999999921
21
-66.1004379999999969
0
LINE
8
BLACK
6
CONTINUOUS
10
139.7244379999999921
20
-66.1004379999999969
11
139.6473869999999806
21
-66.1519210000000015
0
LINE
8
BLACK
6
CONTINUOUS
10
139.6473869999999806
20
-66.1519210000000015
11
139.5564999999999998
21
-66.1700000000000017
0
LINE
8
BLACK
6
CONTINUOUS
10
139.5564999999999998
20
-66.1700000000000017
11
139.0815000000000055
21
-66.1700000000000017
0
LINE
8
BLACK
6
CONTINUOUS
10
139.0815000000000055
20
-66.1700000000000017
11
138.9906129999999962
21
-66.1519210000000015
0
LINE
8
BLACK
6
CONTINUOUS
10
138.9906129999999962
20
-66.1519210000000015
11
138.9135619999999847
21
-66.1004379999999969
0
LINE
8
BLACK
6
CONTINUOUS
10
138.9135619999999847
20
-66.1004379999999969
11
138.8620789999999943
21
-66.0233869999999996
0
LINE
8
BLACK
6
CONTINUOUS
10
138.8620789999999943
20
-66.0233869999999996
11
138.8439999999999941
21
-65.9324999999999903
0
LINE
8
BLACK
6
CONTINUOUS
10
138.8439999999999941
20
-65.9324999999999903
11
138.8439999999999941
21
-65.7824999999999989
0
LINE
8
BLACK
6
CONTINUOUS
10
138.8439999999999941
20
-65.7824999999999989
11
138.1430000000000007
21
-65.7824999999999989
0
LINE
8
BLACK
6
CONTINUOUS
10
138.1430000000000007
20
-65.7824999999999989
11
138.1430000000000007
21
-65.9324999999999903
0
LINE
8
BLACK
6
CONTINUOUS
10
138.1430000000000007
20
-65.9324999999999903
11
138.1249210000000005
21
-66.0233869999999996
0
LINE
8
BLACK
6
CONTINUOUS
10
138.1249210000000005
20
-66.0233869999999996
11
138.0734379999999817
21
-66.1004379999999969
0
LINE
8
BLACK
6
CONTINUOUS
10
138.0734379999999817
20
-66.1004379999999969
11
137.9963869999999986
21
-66.1519210000000015
0
LINE
8
BLACK
6
CONTINUOUS
10
137.9963869999999986
20
-66.1519210000000015
11
137.9054999999999893
21
-66.1700000000000017
0
LINE
8
BLACK
6
CONTINUOUS
10
137.9054999999999893
20
-66.1700000000000017
11
137.430499999999995
21
-66.1700000000000017
0
LINE
8
BLACK
6
CONTINUOUS
10
137.430499999999995
20
-66.1700000000000017
11
137.3396129999999857
21
-66.1519210000000015
0
LINE
8
BLACK
6
CONTINUOUS
10
137.3396129999999857
20
-66.1519210000000015
11
137.2625620000000026
21
-66.1004379999999969
0
LINE
8
BLACK
6
CONTINUOUS
10
137.2625620000000026
20
-66.1004379999999969
11
137.2110789999999838
21
-66.0233869999999996
0
LINE
8
BLACK
6
CONTINUOUS
10
137.2110789999999838
20
-66.0233869999999996
11
137.1929999999999836
21
-65.9324999999999903
0
LINE
8
BLACK
6
CONTINUOUS
10
137.1929999999999836
20
-65.9324999999999903
11
137.1929999999999836
21
-65.4324999999999903
0
LINE
8
BLACK
6
CONTINUOUS
10
137.1929999999999836
20
-65.4324999999999903
11
137.2110789999999838
21
-65.3416129999999953
0
LINE
8
BLACK
6
CONTINUOUS
10
137.2110789999999838
20
-65.3416129999999953
11
137.2625620000000026
21
-65.264561999999998
0
LINE
8
BLACK
6
CONTINUOUS
10
137.2625620000000026
20
-65.264561999999998
11
137.3396129999999857
21
-65.2130789999999934
0
LINE
8
BLACK
6
CONTINUOUS
10
137.3396129999999857
20
-65.2130789999999934
11
137.430499999999995
21
-65.1949999999999932
0
LINE
8
BLACK
6
CONTINUOUS
10
137.430499999999995
20
-65.1949999999999932
11
137.9054999999999893
21
-65.1949999999999932
0
LINE
8
BLACK
6
CONTINUOUS
10
137.9054999999999893
20
-65.1949999999999932
11
137.9963869999999986
21
-65.2130789999999934
0
LINE
8
BLACK
6
CONTINUOUS
10
137.9963869999999986
20
-65.2130789999999934
11
138.0734379999999817
21
-65.264561999999998
0
LINE
8
BLACK
6
CONTINUOUS
10
138.0734379999999817
20
-65.264561999999998
11
138.1249210000000005
21
-65.3416129999999953
0
LINE
8
BLACK
6
CONTINUOUS
10
138.1249210000000005
20
-65.3416129999999953
11
138.1430000000000007
21
-65.4324999999999903
0
LINE
8
BLACK
6
CONTINUOUS
10
138.1430000000000007
20
-65.4324999999999903
11
138.1430000000000007
21
-65.4825000000000017
0
LINE
8
BLACK
6
CONTINUOUS
10
138.1430000000000007
20
-65.4825000000000017
11
138.8439999999999941
21
-65.4825000000000017
0
LINE
8
BLACK
6
CONTINUOUS
10
138.8439999999999941
20
-65.4825000000000017
11
138.8439999999999941
21
-65.332499999999996
0
LINE
8
BLACK
6
CONTINUOUS
10
138.8439999999999941
20
-65.332499999999996
11
138.8620789999999943
21
-65.241613000000001
0
LINE
8
BLACK
6
CONTINUOUS
10
138.8620789999999943
20
-65.241613000000001
11
138.9135619999999847
21
-65.1645620000000036
0
LINE
8
BLACK
6
CONTINUOUS
10
138.9135619999999847
20
-65.1645620000000036
11
138.9906129999999962
21
-65.113078999999999
0
LINE
8
BLACK
6
CONTINUOUS
10
138.9906129999999962
20
-65.113078999999999
11
139.0815000000000055
21
-65.0949999999999989
0
LINE
8
BLACK
6
CONTINUOUS
10
139.0815000000000055
20
-65.0949999999999989
11
139.5564999999999998
21
-65.0949999999999989
0
LINE
8
BLACK
6
CONTINUOUS
10
139.5564999999999998
20
-65.0949999999999989
11
139.6473869999999806
21
-65.113078999999999
0
LINE
8
BLACK
6
CONTINUOUS
10
135.0677079999999819
20
-60.4151839999999964
11
135.1874300000000062
21
-60.4921249999999944
0
LINE
8
BLACK
6
CONTINUOUS
10
135.1874300000000062
20
-60.4921249999999944
11
135.2806269999999813
21
-60.5996799999999993
0
LINE
8
BLACK
6
CONTINUOUS
10
135.2806269999999813
20
-60.5996799999999993
11
135.339745999999991
21
-60.7291339999999948
0
LINE
8
BLACK
6
CONTINUOUS
10
135.339745999999991
20
-60.7291339999999948
11
135.3599999999999852
21
-60.8699999999999974
0
LINE
8
BLACK
6
CONTINUOUS
10
135.3599999999999852
20
-60.8699999999999974
11
135.339745999999991
21
-61.010866
0
LINE
8
BLACK
6
CONTINUOUS
10
135.339745999999991
20
-61.010866
11
135.2889250000000061
21
-61.1221490000000003
0
LINE
8
BLACK
6
CONTINUOUS
10
135.2889250000000061
20
-61.1221490000000003
11
136.772389000000004
21
-62.6056120000000007
0
LINE
8
BLACK
6
CONTINUOUS
10
136.772389000000004
20
-62.6056120000000007
11
136.7784519999999873
21
-62.6129999999999995
0
LINE
8
BLACK
6
CONTINUOUS
10
136.7784519999999873
20
-62.6129999999999995
11
141.0734999999999957
21
-62.6129999999999995
0
LINE
8
BLACK
6
CONTINUOUS
10
141.0734999999999957
20
-62.6129999999999995
11
141.0978859999999884
21
-62.615401999999996
0
LINE
8
BLACK
6
CONTINUOUS
10
141.0978859999999884
20
-62.615401999999996
11
141.0978869999999858
21
-62.615401999999996
0
LINE
8
BLACK
6
CONTINUOUS
10
141.0978869999999858
20
-62.615401999999996
11
141.1110840000000053
21
-62.6208679999999944
0
LINE
8
BLACK
6
CONTINUOUS
10
141.1110840000000053
20
-62.6208679999999944
11
141.1429459999999949
21
-62.6340659999999971
0
LINE
8
BLACK
6
CONTINUOUS
10
141.1429459999999949
20
-62.6340659999999971
11
141.1429509999999823
21
-62.6340709999999987
0
LINE
8
BLACK
6
CONTINUOUS
10
141.1429509999999823
20
-62.6340709999999987
11
141.1618880000000047
21
-62.6496119999999976
0
LINE
8
BLACK
6
CONTINUOUS
10
141.1618880000000047
20
-62.6496119999999976
11
142.05327699999998
21
-63.5409999999999968
0
LINE
8
BLACK
6
CONTINUOUS
10
142.05327699999998
20
-63.5409999999999968
11
142.0935000000000059
21
-63.5329999999999941
0
LINE
8
BLACK
6
CONTINUOUS
10
142.0935000000000059
20
-63.5329999999999941
11
142.5935000000000059
21
-63.5329999999999941
0
LINE
8
BLACK
6
CONTINUOUS
10
142.5935000000000059
20
-63.5329999999999941
11
142.6843869999999868
21
-63.5510789999999943
0
LINE
8
BLACK
6
CONTINUOUS
10
142.6843869999999868
20
-63.5510789999999943
11
142.7614379999999983
21
-63.6025619999999989
0
LINE
8
BLACK
6
CONTINUOUS
10
142.7614379999999983
20
-63.6025619999999989
11
142.8129209999999887
21
-63.6796129999999962
0
LINE
8
BLACK
6
CONTINUOUS
10
142.8129209999999887
20
-63.6796129999999962
11
142.8309999999999889
21
-63.7704999999999984
0
LINE
8
BLACK
6
CONTINUOUS
10
142.8309999999999889
20
-63.7704999999999984
11
142.8309999999999889
21
-64.2454999999999927
0
LINE
8
BLACK
6
CONTINUOUS
10
142.8309999999999889
20
-64.2454999999999927
11
142.8129209999999887
21
-64.336387000000002
0
LINE
8
BLACK
6
CONTINUOUS
10
142.8129209999999887
20
-64.336387000000002
11
142.7614379999999983
21
-64.4134379999999993
0
LINE
8
BLACK
6
CONTINUOUS
10
142.7614379999999983
20
-64.4134379999999993
11
142.6843869999999868
21
-64.4649210000000039
0
LINE
8
BLACK
6
CONTINUOUS
10
142.6843869999999868
20
-64.4649210000000039
11
142.5935000000000059
21
-64.4830000000000041
0
LINE
8
BLACK
6
CONTINUOUS
10
142.5935000000000059
20
-64.4830000000000041
11
142.5199999999999818
21
-64.4830000000000041
0
LINE
8
BLACK
6
CONTINUOUS
10
142.5199999999999818
20
-64.4830000000000041
11
142.5199999999999818
21
-65.1839999999999975
0
LINE
8
BLACK
6
CONTINUOUS
10
142.5199999999999818
20
-65.1839999999999975
11
142.6699999999999875
21
-65.1839999999999975
0
LINE
8
BLACK
6
CONTINUOUS
10
142.6699999999999875
20
-65.1839999999999975
11
142.7608869999999968
21
-65.2020789999999977
0
LINE
8
BLACK
6
CONTINUOUS
10
142.7608869999999968
20
-65.2020789999999977
11
142.8379379999999799
21
-65.2535620000000023
0
LINE
8
BLACK
6
CONTINUOUS
10
142.8379379999999799
20
-65.2535620000000023
11
142.8894209999999987
21
-65.3306129999999996
0
LINE
8
BLACK
6
CONTINUOUS
10
142.8894209999999987
20
-65.3306129999999996
11
142.9074999999999989
21
-65.4214999999999947
0
LINE
8
BLACK
6
CONTINUOUS
10
142.9074999999999989
20
-65.4214999999999947
11
142.9074999999999989
21
-65.8965000000000032
0
LINE
8
BLACK
6
CONTINUOUS
10
142.9074999999999989
20
-65.8965000000000032
11
142.8894209999999987
21
-65.9873869999999982
0
LINE
8
BLACK
6
CONTINUOUS
10
142.8894209999999987
20
-65.9873869999999982
11
142.8379379999999799
21
-66.0644379999999956
0
LINE
8
BLACK
6
CONTINUOUS
10
142.8379379999999799
20
-66.0644379999999956
11
142.7608869999999968
21
-66.1159210000000002
0
LINE
8
BLACK
6
CONTINUOUS
10
142.7608869999999968
20
-66.1159210000000002
11
142.6699999999999875
21
-66.1340000000000003
0
LINE
8
BLACK
6
CONTINUOUS
10
142.6699999999999875
20
-66.1340000000000003
11
142.0699999999999932
21
-66.1340000000000003
0
LINE
8
BLACK
6
CONTINUOUS
10
142.0699999999999932
20
-66.1340000000000003
11
141.9791129999999839
21
-66.1159210000000002
0
LINE
8
BLACK
6
CONTINUOUS
10
141.9791129999999839
20
-66.1159210000000002
11
141.9020620000000008
21
-66.0644379999999956
0
LINE
8
BLACK
6
CONTINUOUS
10
141.9020620000000008
20
-66.0644379999999956
11
141.850578999999982
21
-65.9873869999999982
0
LINE
8
BLACK
6
CONTINUOUS
10
141.850578999999982
20
-65.9873869999999982
11
141.8324999999999818
21
-65.8965000000000032
0
LINE
8
BLACK
6
CONTINUOUS
10
141.8324999999999818
20
-65.8965000000000032
11
141.8324999999999818
21
-65.4214999999999947
0
LINE
8
BLACK
6
CONTINUOUS
10
141.8324999999999818
20
-65.4214999999999947
11
141.850578999999982
21
-65.3306129999999996
0
LINE
8
BLACK
6
CONTINUOUS
10
141.850578999999982
20
-65.3306129999999996
11
141.9020620000000008
21
-65.2535620000000023
0
LINE
8
BLACK
6
CONTINUOUS
10
141.9020620000000008
20
-65.2535620000000023
11
141.9791129999999839
21
-65.2020789999999977
0
LINE
8
BLACK
6
CONTINUOUS
10
141.9791129999999839
20
-65.2020789999999977
11
142.0699999999999932
21
-65.1839999999999975
0
LINE
8
BLACK
6
CONTINUOUS
10
142.0699999999999932
20
-65.1839999999999975
11
142.2199999999999989
21
-65.1839999999999975
0
LINE
8
BLACK
6
CONTINUOUS
10
142.2199999999999989
20
-65.1839999999999975
11
142.2199999999999989
21
-64.4830000000000041
0
LINE
8
BLACK
6
CONTINUOUS
10
142.2199999999999989
20
-64.4830000000000041
11
142.0935000000000059
21
-64.4830000000000041
0
LINE
8
BLACK
6
CONTINUOUS
10
142.0935000000000059
20
-64.4830000000000041
11
142.0026129999999966
21
-64.4649210000000039
0
LINE
8
BLACK
6
CONTINUOUS
10
142.0026129999999966
20
-64.4649210000000039
11
141.9255619999999851
21
-64.4134379999999993
0
LINE
8
BLACK
6
CONTINUOUS
10
141.9255619999999851
20
-64.4134379999999993
11
141.8740789999999947
21
-64.336387000000002
0
LINE
8
BLACK
6
CONTINUOUS
10
141.8740789999999947
20
-64.336387000000002
11
141.8559999999999945
21
-64.2454999999999927
0
LINE
8
BLACK
6
CONTINUOUS
10
141.8559999999999945
20
-64.2454999999999927
11
141.8559999999999945
21
-63.7704999999999984
0
LINE
8
BLACK
6
CONTINUOUS
10
141.8559999999999945
20
-63.7704999999999984
11
141.8681479999999908
21
-63.709424999999996
0
LINE
8
BLACK
6
CONTINUOUS
10
141.8681479999999908
20
-63.709424999999996
11
141.0217240000000061
21
-62.8629999999999995
0
LINE
8
BLACK
6
CONTINUOUS
10
141.0217240000000061
20
-62.8629999999999995
11
136.6839999999999975
21
-62.8629999999999995
0
LINE
8
BLACK
6
CONTINUOUS
10
136.6839999999999975
20
-62.8629999999999995
11
136.6596140000000048
21
-62.860597999999996
0
LINE
8
BLACK
6
CONTINUOUS
10
136.6596140000000048
20
-62.860597999999996
11
136.6145539999999983
21
-62.8419339999999949
0
LINE
8
BLACK
6
CONTINUOUS
10
136.6145539999999983
20
-62.8419339999999949
11
136.580065999999988
21
-62.8074459999999988
0
LINE
8
BLACK
6
CONTINUOUS
10
136.580065999999988
20
-62.8074459999999988
11
136.5614019999999869
21
-62.7623859999999993
0
LINE
8
BLACK
6
CONTINUOUS
10
136.5614019999999869
20
-62.7623859999999993
11
136.5598489999999856
21
-62.7466259999999991
0
LINE
8
BLACK
6
CONTINUOUS
10
136.5598489999999856
20
-62.7466259999999991
11
135.1105230000000006
21
-61.2972989999999953
0
LINE
8
BLACK
6
CONTINUOUS
10
135.1105230000000006
20
-61.2972989999999953
11
135.0677079999999819
21
-61.3248159999999984
0
LINE
8
BLACK
6
CONTINUOUS
10
135.0677079999999819
20
-61.3248159999999984
11
134.9311569999999847
21
-61.3649109999999993
0
LINE
8
BLACK
6
CONTINUOUS
10
134.9311569999999847
20
-61.3649109999999993
11
134.7888429999999858
21
-61.3649109999999993
0
LINE
8
BLACK
6
CONTINUOUS
10
134.7888429999999858
20
-61.3649109999999993
11
134.6522919999999885
21
-61.3248159999999984
0
LINE
8
BLACK
6
CONTINUOUS
10
134.6522919999999885
20
-61.3248159999999984
11
134.5325699999999927
21
-61.2478750000000005
0
LINE
8
BLACK
6
CONTINUOUS
10
134.5325699999999927
20
-61.2478750000000005
11
134.4393729999999891
21
-61.1403199999999956
0
LINE
8
BLACK
6
CONTINUOUS
10
134.4393729999999891
20
-61.1403199999999956
11
134.3802540000000079
21
-61.010866
0
LINE
8
BLACK
6
CONTINUOUS
10
134.3802540000000079
20
-61.010866
11
134.3599999999999852
21
-60.8699999999999974
0
LINE
8
BLACK
6
CONTINUOUS
10
134.3599999999999852
20
-60.8699999999999974
11
134.3802540000000079
21
-60.7291339999999948
0
LINE
8
BLACK
6
CONTINUOUS
10
134.3802540000000079
20
-60.7291339999999948
11
134.4393729999999891
21
-60.5996799999999993
0
LINE
8
BLACK
6
CONTINUOUS
10
134.4393729999999891
20
-60.5996799999999993
11
134.5325699999999927
21
-60.4921249999999944
0
LINE
8
BLACK
6
CONTINUOUS
10
134.5325699999999927
20
-60.4921249999999944
11
134.6522919999999885
21
-60.4151839999999964
0
LINE
8
BLACK
6
CONTINUOUS
10
134.6522919999999885
20
-60.4151839999999964
11
134.7888429999999858
21
-60.3750889999999956
0
LINE
8
BLACK
6
CONTINUOUS
10
134.7888429999999858
20
-60.3750889999999956
11
134.9311569999999847
21
-60.3750889999999956
0
LINE
8
BLACK
6
CONTINUOUS
10
134.9311569999999847
20
-60.3750889999999956
11
135.0677079999999819
21
-60.4151839999999964
0
LINE
8
BLACK
6
CONTINUOUS
10
136.1126429999999914
20
-63.2936679999999967
11
136.1613059999999962
21
-63.3261839999999978
0
LINE
8
BLACK
6
CONTINUOUS
10
136.1613059999999962
20
-63.3261839999999978
11
136.1938219999999831
21
-63.3748469999999955
0
LINE
8
BLACK
6
CONTINUOUS
10
136.1938219999999831
20
-63.3748469999999955
11
136.2052400000000034
21
-63.4322499999999962
0
LINE
8
BLACK
6
CONTINUOUS
10
136.2052400000000034
20
-63.4322499999999962
11
136.2052400000000034
21
-63.7462499999999963
0
LINE
8
BLACK
6
CONTINUOUS
10
136.2052400000000034
20
-63.7462499999999963
11
136.2216549999999984
21
-63.7327789999999936
0
LINE
8
BLACK
6
CONTINUOUS
10
136.2216549999999984
20
-63.7327789999999936
11
136.2533290000000079
21
-63.719659
0
LINE
8
BLACK
6
CONTINUOUS
10
136.2533290000000079
20
-63.719659
11
136.2757259999999917
21
-63.7103819999999956
0
LINE
8
BLACK
6
CONTINUOUS
10
136.2757259999999917
20
-63.7103819999999956
11
136.3049900000000036
21
-63.707499999999996
0
LINE
8
BLACK
6
CONTINUOUS
10
136.3049900000000036
20
-63.707499999999996
11
137.1929999999999836
21
-63.707499999999996
0
LINE
8
BLACK
6
CONTINUOUS
10
137.1929999999999836
20
-63.707499999999996
11
137.1929999999999836
21
-63.6074999999999946
0
LINE
8
BLACK
6
CONTINUOUS
10
137.1929999999999836
20
-63.6074999999999946
11
137.2110789999999838
21
-63.5166129999999995
0
LINE
8
BLACK
6
CONTINUOUS
10
137.2110789999999838
20
-63.5166129999999995
11
137.2625620000000026
21
-63.4395619999999951
0
LINE
8
BLACK
6
CONTINUOUS
10
137.2625620000000026
20
-63.4395619999999951
11
137.3396129999999857
21
-63.3880789999999976
0
LINE
8
BLACK
6
CONTINUOUS
10
137.3396129999999857
20
-63.3880789999999976
11
137.430499999999995
21
-63.3699999999999974
0
LINE
8
BLACK
6
CONTINUOUS
10
137.430499999999995
20
-63.3699999999999974
11
137.9054999999999893
21
-63.3699999999999974
0
LINE
8
BLACK
6
CONTINUOUS
10
137.9054999999999893
20
-63.3699999999999974
11
137.9963869999999986
21
-63.3880789999999976
0
LINE
8
BLACK
6
CONTINUOUS
10
137.9963869999999986
20
-63.3880789999999976
11
138.0734379999999817
21
-63.4395619999999951
0
LINE
8
BLACK
6
CONTINUOUS
10
138.0734379999999817
20
-63.4395619999999951
11
138.1249210000000005
21
-63.5166129999999995
0
LINE
8
BLACK
6
CONTINUOUS
10
138.1249210000000005
20
-63.5166129999999995
11
138.1430000000000007
21
-63.6074999999999946
0
LINE
8
BLACK
6
CONTINUOUS
10
138.1430000000000007
20
-63.6074999999999946
11
138.1430000000000007
21
-64.1075000000000017
0
LINE
8
BLACK
6
CONTINUOUS
10
138.1430000000000007
20
-64.1075000000000017
11
138.1249210000000005
21
-64.1983869999999968
0
LINE
8
BLACK
6
CONTINUOUS
10
138.1249210000000005
20
-64.1983869999999968
11
138.0734379999999817
21
-64.2754379999999941
0
LINE
8
BLACK
6
CONTINUOUS
10
138.0734379999999817
20
-64.2754379999999941
11
137.9963869999999986
21
-64.3269209999999987
0
LINE
8
BLACK
6
CONTINUOUS
10
137.9963869999999986
20
-64.3269209999999987
11
137.9054999999999893
21
-64.3449999999999989
0
LINE
8
BLACK
6
CONTINUOUS
10
137.9054999999999893
20
-64.3449999999999989
11
137.430499999999995
21
-64.3449999999999989
0
LINE
8
BLACK
6
CONTINUOUS
10
137.430499999999995
20
-64.3449999999999989
11
137.3396129999999857
21
-64.3269209999999987
0
LINE
8
BLACK
6
CONTINUOUS
10
137.3396129999999857
20
-64.3269209999999987
11
137.2625620000000026
21
-64.2754379999999941
0
LINE
8
BLACK
6
CONTINUOUS
10
137.2625620000000026
20
-64.2754379999999941
11
137.2110789999999838
21
-64.1983869999999968
0
LINE
8
BLACK
6
CONTINUOUS
10
137.2110789999999838
20
-64.1983869999999968
11
137.1929999999999836
21
-64.1075000000000017
0
LINE
8
BLACK
6
CONTINUOUS
10
137.1929999999999836
20
-64.1075000000000017
11
137.1929999999999836
21
-64.0074999999999932
0
LINE
8
BLACK
6
CONTINUOUS
10
137.1929999999999836
20
-64.0074999999999932
11
136.3671219999999948
21
-64.0074999999999932
0
LINE
8
BLACK
6
CONTINUOUS
10
136.3671219999999948
20
-64.0074999999999932
11
136.2052400000000034
21
-64.1693819999999988
0
LINE
8
BLACK
6
CONTINUOUS
10
136.2052400000000034
20
-64.1693819999999988
11
136.2052400000000034
21
-65.0822500000000019
0
LINE
8
BLACK
6
CONTINUOUS
10
136.2052400000000034
20
-65.0822500000000019
11
136.1938219999999831
21
-65.1396529999999956
0
LINE
8
BLACK
6
CONTINUOUS
10
136.1938219999999831
20
-65.1396529999999956
11
136.1613059999999962
21
-65.1883160000000004
0
LINE
8
BLACK
6
CONTINUOUS
10
136.1613059999999962
20
-65.1883160000000004
11
136.1126429999999914
21
-65.2208320000000015
0
LINE
8
BLACK
6
CONTINUOUS
10
136.1126429999999914
20
-65.2208320000000015
11
136.0552399999999977
21
-65.2322499999999934
0
LINE
8
BLACK
6
CONTINUOUS
10
136.0552399999999977
20
-65.2322499999999934
11
135.7552399999999864
21
-65.2322499999999934
0
LINE
8
BLACK
6
CONTINUOUS
10
135.7552399999999864
20
-65.2322499999999934
11
135.6978369999999927
21
-65.2208320000000015
0
LINE
8
BLACK
6
CONTINUOUS
10
135.6978369999999927
20
-65.2208320000000015
11
135.6491739999999879
21
-65.1883160000000004
0
LINE
8
BLACK
6
CONTINUOUS
10
135.6491739999999879
20
-65.1883160000000004
11
135.616658000000001
21
-65.1396529999999956
0
LINE
8
BLACK
6
CONTINUOUS
10
135.616658000000001
20
-65.1396529999999956
11
135.6052399999999807
21
-65.0822500000000019
0
LINE
8
BLACK
6
CONTINUOUS
10
135.6052399999999807
20
-65.0822500000000019
11
135.6052399999999807
21
-63.4322499999999962
0
LINE
8
BLACK
6
CONTINUOUS
10
135.6052399999999807
20
-63.4322499999999962
11
135.616658000000001
21
-63.3748469999999955
0
LINE
8
BLACK
6
CONTINUOUS
10
135.616658000000001
20
-63.3748469999999955
11
135.6491739999999879
21
-63.3261839999999978
0
LINE
8
BLACK
6
CONTINUOUS
10
135.6491739999999879
20
-63.3261839999999978
11
135.6978369999999927
21
-63.2936679999999967
0
LINE
8
BLACK
6
CONTINUOUS
10
135.6978369999999927
20
-63.2936679999999967
11
135.7552399999999864
21
-63.2822499999999977
0
LINE
8
BLACK
6
CONTINUOUS
10
135.7552399999999864
20
-63.2822499999999977
11
136.0552399999999977
21
-63.2822499999999977
0
LINE
8
BLACK
6
CONTINUOUS
10
136.0552399999999977
20
-63.2822499999999977
11
136.1126429999999914
21
-63.2936679999999967
0
LINE
8
BLACK
6
CONTINUOUS
10
163.036642999999998
20
-63.1666679999999943
11
163.0853060000000028
21
-63.1991839999999954
0
LINE
8
BLACK
6
CONTINUOUS
10
163.0853060000000028
20
-63.1991839999999954
11
163.1178219999999897
21
-63.2478470000000002
0
LINE
8
BLACK
6
CONTINUOUS
10
163.1178219999999897
20
-63.2478470000000002
11
163.1292399999999816
21
-63.3052499999999938
0
LINE
8
BLACK
6
CONTINUOUS
10
163.1292399999999816
20
-63.3052499999999938
11
163.1292399999999816
21
-64.9552499999999924
0
LINE
8
BLACK
6
CONTINUOUS
10
163.1292399999999816
20
-64.9552499999999924
11
163.1178219999999897
21
-65.0126530000000002
0
LINE
8
BLACK
6
CONTINUOUS
10
163.1178219999999897
20
-65.0126530000000002
11
163.0853060000000028
21
-65.0613159999999908
0
LINE
8
BLACK
6
CONTINUOUS
10
163.0853060000000028
20
-65.0613159999999908
11
163.036642999999998
21
-65.0938319999999919
0
LINE
8
BLACK
6
CONTINUOUS
10
163.036642999999998
20
-65.0938319999999919
11
162.9792400000000043
21
-65.1052499999999981
0
LINE
8
BLACK
6
CONTINUOUS
10
162.9792400000000043
20
-65.1052499999999981
11
162.679239999999993
21
-65.1052499999999981
0
LINE
8
BLACK
6
CONTINUOUS
10
162.679239999999993
20
-65.1052499999999981
11
162.6218369999999993
21
-65.0938319999999919
0
LINE
8
BLACK
6
CONTINUOUS
10
162.6218369999999993
20
-65.0938319999999919
11
162.5731739999999945
21
-65.0613159999999908
0
LINE
8
BLACK
6
CONTINUOUS
10
162.5731739999999945
20
-65.0613159999999908
11
162.5406579999999792
21
-65.0126530000000002
0
LINE
8
BLACK
6
CONTINUOUS
10
162.5406579999999792
20
-65.0126530000000002
11
162.5292399999999873
21
-64.9552499999999924
0
LINE
8
BLACK
6
CONTINUOUS
10
162.5292399999999873
20
-64.9552499999999924
11
162.5292399999999873
21
-63.3052499999999938
0
LINE
8
BLACK
6
CONTINUOUS
10
162.5292399999999873
20
-63.3052499999999938
11
162.5406579999999792
21
-63.2478470000000002
0
LINE
8
BLACK
6
CONTINUOUS
10
162.5406579999999792
20
-63.2478470000000002
11
162.5731739999999945
21
-63.1991839999999954
0
LINE
8
BLACK
6
CONTINUOUS
10
162.5731739999999945
20
-63.1991839999999954
11
162.6218369999999993
21
-63.1666679999999943
0
LINE
8
BLACK
6
CONTINUOUS
10
162.6218369999999993
20
-63.1666679999999943
11
162.679239999999993
21
-63.1552499999999952
0
LINE
8
BLACK
6
CONTINUOUS
10
162.679239999999993
20
-63.1552499999999952
11
162.9792400000000043
21
-63.1552499999999952
0
LINE
8
BLACK
6
CONTINUOUS
10
162.9792400000000043
20
-63.1552499999999952
11
163.036642999999998
21
-63.1666679999999943
0
LINE
8
BLACK
6
CONTINUOUS
10
158.4646429999999953
20
-48.5616679999999974
11
158.513306
21
-48.5941839999999985
0
LINE
8
BLACK
6
CONTINUOUS
10
158.513306
20
-48.5941839999999985
11
158.5458219999999869
21
-48.6428469999999962
0
LINE
8
BLACK
6
CONTINUOUS
10
158.5458219999999869
20
-48.6428469999999962
11
158.5572399999999789
21
-48.7002499999999969
0
LINE
8
BLACK
6
CONTINUOUS
10
158.5572399999999789
20
-48.7002499999999969
11
158.5572399999999789
21
-50.3502499999999955
0
LINE
8
BLACK
6
CONTINUOUS
10
158.5572399999999789
20
-50.3502499999999955
11
158.5458219999999869
21
-50.4076529999999963
0
LINE
8
BLACK
6
CONTINUOUS
10
158.5458219999999869
20
-50.4076529999999963
11
158.513306
21
-50.4563160000000011
0
LINE
8
BLACK
6
CONTINUOUS
10
158.513306
20
-50.4563160000000011
11
158.4646429999999953
21
-50.488831999999995
0
LINE
8
BLACK
6
CONTINUOUS
10
158.4646429999999953
20
-50.488831999999995
11
158.4072400000000016
21
-50.5002500000000012
0
LINE
8
BLACK
6
CONTINUOUS
10
158.4072400000000016
20
-50.5002500000000012
11
158.4072400000000016
21
-51.5151079999999979
0
LINE
8
BLACK
6
CONTINUOUS
10
158.4072400000000016
20
-51.5151079999999979
11
159.1100659999999891
21
-52.2179339999999996
0
LINE
8
BLACK
6
CONTINUOUS
10
159.1100659999999891
20
-52.2179339999999996
11
159.1287209999999845
21
-52.2406649999999999
0
LINE
8
BLACK
6
CONTINUOUS
10
159.1287209999999845
20
-52.2406649999999999
11
159.1339499999999987
21
-52.2532889999999952
0
LINE
8
BLACK
6
CONTINUOUS
10
159.1339499999999987
20
-52.2532889999999952
11
159.1511179999999968
21
-52.2947360000000003
0
LINE
8
BLACK
6
CONTINUOUS
10
159.1511179999999968
20
-52.2947360000000003
11
159.1539999999999964
21
-52.3239999999999981
0
LINE
8
BLACK
6
CONTINUOUS
10
159.1539999999999964
20
-52.3239999999999981
11
159.1539999999999964
21
-61.2139999999999986
0
LINE
8
BLACK
6
CONTINUOUS
10
159.1539999999999964
20
-61.2139999999999986
11
159.1511179999999968
21
-61.2432629999999989
0
LINE
8
BLACK
6
CONTINUOUS
10
159.1511179999999968
20
-61.2432629999999989
11
159.1287209999999845
21
-61.2973349999999968
0
LINE
8
BLACK
6
CONTINUOUS
10
159.1287209999999845
20
-61.2973349999999968
11
159.1100659999999891
21
-61.3200659999999971
0
LINE
8
BLACK
6
CONTINUOUS
10
159.1100659999999891
20
-61.3200659999999971
11
156.3160660000000064
21
-64.114065999999994
0
LINE
8
BLACK
6
CONTINUOUS
10
156.3160660000000064
20
-64.114065999999994
11
156.2933349999999848
21
-64.1327210000000036
0
LINE
8
BLACK
6
CONTINUOUS
10
156.2933349999999848
20
-64.1327210000000036
11
156.2743949999999984
21
-64.1405659999999926
0
LINE
8
BLACK
6
CONTINUOUS
10
156.2743949999999984
20
-64.1405659999999926
11
156.2392639999999915
21
-64.1551180000000016
0
LINE
8
BLACK
6
CONTINUOUS
10
156.2392639999999915
20
-64.1551180000000016
11
156.2099999999999795
21
-64.1580000000000013
0
LINE
8
BLACK
6
CONTINUOUS
10
156.2099999999999795
20
-64.1580000000000013
11
144.6560000000000059
21
-64.1580000000000013
0
LINE
8
BLACK
6
CONTINUOUS
10
144.6560000000000059
20
-64.1580000000000013
11
144.6560000000000059
21
-64.2454999999999927
0
LINE
8
BLACK
6
CONTINUOUS
10
144.6560000000000059
20
-64.2454999999999927
11
144.6379210000000057
21
-64.336387000000002
0
LINE
8
BLACK
6
CONTINUOUS
10
144.6379210000000057
20
-64.336387000000002
11
144.5864379999999869
21
-64.4134379999999993
0
LINE
8
BLACK
6
CONTINUOUS
10
144.5864379999999869
20
-64.4134379999999993
11
144.5093870000000038
21
-64.4649210000000039
0
LINE
8
BLACK
6
CONTINUOUS
10
144.5093870000000038
20
-64.4649210000000039
11
144.4184999999999945
21
-64.4830000000000041
0
LINE
8
BLACK
6
CONTINUOUS
10
144.4184999999999945
20
-64.4830000000000041
11
143.9184999999999945
21
-64.4830000000000041
0
LINE
8
BLACK
6
CONTINUOUS
10
143.9184999999999945
20
-64.4830000000000041
11
143.8276129999999853
21
-64.4649210000000039
0
LINE
8
BLACK
6
CONTINUOUS
10
143.8276129999999853
20
-64.4649210000000039
11
143.7505620000000022
21
-64.4134379999999993
0
LINE
8
BLACK
6
CONTINUOUS
10
143.7505620000000022
20
-64.4134379999999993
11
143.6990789999999834
21
-64.336387000000002
0
LINE
8
BLACK
6
CONTINUOUS
10
143.6990789999999834
20
-64.336387000000002
11
143.6809999999999832
21
-64.2454999999999927
0
LINE
8
BLACK
6
CONTINUOUS
10
143.6809999999999832
20
-64.2454999999999927
11
143.6809999999999832
21
-63.7704999999999984
0
LINE
8
BLACK
6
CONTINUOUS
10
143.6809999999999832
20
-63.7704999999999984
11
143.6990789999999834
21
-63.6796129999999962
0
LINE
8
BLACK
6
CONTINUOUS
10
143.6990789999999834
20
-63.6796129999999962
11
143.7505620000000022
21
-63.6025619999999989
0
LINE
8
BLACK
6
CONTINUOUS
10
143.7505620000000022
20
-63.6025619999999989
11
143.8276129999999853
21
-63.5510789999999943
0
LINE
8
BLACK
6
CONTINUOUS
10
143.8276129999999853
20
-63.5510789999999943
11
143.9184999999999945
21
-63.5329999999999941
0
LINE
8
BLACK
6
CONTINUOUS
10
143.9184999999999945
20
-63.5329999999999941
11
144.4184999999999945
21
-63.5329999999999941
0
LINE
8
BLACK
6
CONTINUOUS
10
144.4184999999999945
20
-63.5329999999999941
11
144.5093870000000038
21
-63.5510789999999943
0
LINE
8
BLACK
6
CONTINUOUS
10
144.5093870000000038
20
-63.5510789999999943
11
144.5864379999999869
21
-63.6025619999999989
0
LINE
8
BLACK
6
CONTINUOUS
10
144.5864379999999869
20
-63.6025619999999989
11
144.6379210000000057
21
-63.6796129999999962
0
LINE
8
BLACK
6
CONTINUOUS
10
144.6379210000000057
20
-63.6796129999999962
11
144.6560000000000059
21
-63.7704999999999984
0
LINE
8
BLACK
6
CONTINUOUS
10
144.6560000000000059
20
-63.7704999999999984
11
144.6560000000000059
21
-63.857999999999997
0
LINE
8
BLACK
6
CONTINUOUS
10
144.6560000000000059
20
-63.857999999999997
11
156.1478679999999883
21
-63.857999999999997
0
LINE
8
BLACK
6
CONTINUOUS
10
156.1478679999999883
20
-63.857999999999997
11
158.853999999999985
21
-61.1518680000000003
0
LINE
8
BLACK
6
CONTINUOUS
10
158.853999999999985
20
-61.1518680000000003
11
158.853999999999985
21
-52.3861319999999964
0
LINE
8
BLACK
6
CONTINUOUS
10
158.853999999999985
20
-52.3861319999999964
11
158.1511739999999975
21
-51.6833059999999946
0
LINE
8
BLACK
6
CONTINUOUS
10
158.1511739999999975
20
-51.6833059999999946
11
158.1325190000000021
21
-51.6605749999999944
0
LINE
8
BLACK
6
CONTINUOUS
10
158.1325190000000021
20
-51.6605749999999944
11
158.1101219999999898
21
-51.6065029999999965
0
LINE
8
BLACK
6
CONTINUOUS
10
158.1101219999999898
20
-51.6065029999999965
11
158.1072399999999902
21
-51.5772399999999962
0
LINE
8
BLACK
6
CONTINUOUS
10
158.1072399999999902
20
-51.5772399999999962
11
158.1072399999999902
21
-50.5002500000000012
0
LINE
8
BLACK
6
CONTINUOUS
10
158.1072399999999902
20
-50.5002500000000012
11
158.0498369999999966
21
-50.488831999999995
0
LINE
8
BLACK
6
CONTINUOUS
10
158.0498369999999966
20
-50.488831999999995
11
158.0011739999999918
21
-50.4563160000000011
0
LINE
8
BLACK
6
CONTINUOUS
10
158.0011739999999918
20
-50.4563160000000011
11
157.9686580000000049
21
-50.4076529999999963
0
LINE
8
BLACK
6
CONTINUOUS
10
157.9686580000000049
20
-50.4076529999999963
11
157.9572399999999845
21
-50.3502499999999955
0
LINE
8
BLACK
6
CONTINUOUS
10
157.9572399999999845
20
-50.3502499999999955
11
157.9572399999999845
21
-48.7002499999999969
0
LINE
8
BLACK
6
CONTINUOUS
10
157.9572399999999845
20
-48.7002499999999969
11
157.9686580000000049
21
-48.6428469999999962
0
LINE
8
BLACK
6
CONTINUOUS
10
157.9686580000000049
20
-48.6428469999999962
11
158.0011739999999918
21
-48.5941839999999985
0
LINE
8
BLACK
6
CONTINUOUS
10
158.0011739999999918
20
-48.5941839999999985
11
158.0498369999999966
21
-48.5616679999999974
0
LINE
8
BLACK
6
CONTINUOUS
10
158.0498369999999966
20
-48.5616679999999974
11
158.1072399999999902
21
-48.5502499999999984
0
LINE
8
BLACK
6
CONTINUOUS
10
158.1072399999999902
20
-48.5502499999999984
11
158.4072400000000016
21
-48.5502499999999984
0
LINE
8
BLACK
6
CONTINUOUS
10
158.4072400000000016
20
-48.5502499999999984
11
158.4646429999999953
21
-48.5616679999999974
0
LINE
8
BLACK
6
CONTINUOUS
10
140.8484540000000038
20
-63.3645649999999989
11
140.9599609999999927
21
-63.4213809999999967
0
LINE
8
BLACK
6
CONTINUOUS
10
140.9599609999999927
20
-63.4213809999999967
11
141.0484539999999924
21
-63.5098739999999964
0
LINE
8
BLACK
6
CONTINUOUS
10
141.0484539999999924
20
-63.5098739999999964
11
141.1052699999999902
21
-63.6213809999999995
0
LINE
8
BLACK
6
CONTINUOUS
10
141.1052699999999902
20
-63.6213809999999995
11
141.1248469999999884
21
-63.7449879999999993
0
LINE
8
BLACK
6
CONTINUOUS
10
141.1248469999999884
20
-63.7449879999999993
11
141.1052699999999902
21
-63.8685949999999991
0
LINE
8
BLACK
6
CONTINUOUS
10
141.1052699999999902
20
-63.8685949999999991
11
141.0484539999999924
21
-63.9801019999999951
0
LINE
8
BLACK
6
CONTINUOUS
10
141.0484539999999924
20
-63.9801019999999951
11
140.9599609999999927
21
-64.068595000000002
0
LINE
8
BLACK
6
CONTINUOUS
10
140.9599609999999927
20
-64.068595000000002
11
140.8484540000000038
21
-64.1254109999999997
0
LINE
8
BLACK
6
CONTINUOUS
10
140.8484540000000038
20
-64.1254109999999997
11
140.7248469999999827
21
-64.1449879999999979
0
LINE
8
BLACK
6
CONTINUOUS
10
140.7248469999999827
20
-64.1449879999999979
11
140.60123999999999
21
-64.1254109999999997
0
LINE
8
BLACK
6
CONTINUOUS
10
140.60123999999999
20
-64.1254109999999997
11
140.4897330000000011
21
-64.068595000000002
0
LINE
8
BLACK
6
CONTINUOUS
10
140.4897330000000011
20
-64.068595000000002
11
140.4786379999999895
21
-64.0574999999999903
0
LINE
8
BLACK
6
CONTINUOUS
10
140.4786379999999895
20
-64.0574999999999903
11
139.7939999999999827
21
-64.0574999999999903
0
LINE
8
BLACK
6
CONTINUOUS
10
139.7939999999999827
20
-64.0574999999999903
11
139.7939999999999827
21
-64.207499999999996
0
LINE
8
BLACK
6
CONTINUOUS
10
139.7939999999999827
20
-64.207499999999996
11
139.7759209999999825
21
-64.2983869999999911
0
LINE
8
BLACK
6
CONTINUOUS
10
139.7759209999999825
20
-64.2983869999999911
11
139.7244379999999921
21
-64.3754380000000026
0
LINE
8
BLACK
6
CONTINUOUS
10
139.7244379999999921
20
-64.3754380000000026
11
139.6473869999999806
21
-64.426920999999993
0
LINE
8
BLACK
6
CONTINUOUS
10
139.6473869999999806
20
-64.426920999999993
11
139.5564999999999998
21
-64.4449999999999932
0
LINE
8
BLACK
6
CONTINUOUS
10
139.5564999999999998
20
-64.4449999999999932
11
139.0815000000000055
21
-64.4449999999999932
0
LINE
8
BLACK
6
CONTINUOUS
10
139.0815000000000055
20
-64.4449999999999932
11
138.9906129999999962
21
-64.426920999999993
0
LINE
8
BLACK
6
CONTINUOUS
10
138.9906129999999962
20
-64.426920999999993
11
138.9135619999999847
21
-64.3754380000000026
0
LINE
8
BLACK
6
CONTINUOUS
10
138.9135619999999847
20
-64.3754380000000026
11
138.8620789999999943
21
-64.2983869999999911
0
LINE
8
BLACK
6
CONTINUOUS
10
138.8620789999999943
20
-64.2983869999999911
11
138.8439999999999941
21
-64.207499999999996
0
LINE
8
BLACK
6
CONTINUOUS
10
138.8439999999999941
20
-64.207499999999996
11
138.8439999999999941
21
-63.6074999999999946
0
LINE
8
BLACK
6
CONTINUOUS
10
138.8439999999999941
20
-63.6074999999999946
11
138.8620789999999943
21
-63.5166129999999995
0
LINE
8
BLACK
6
CONTINUOUS
10
138.8620789999999943
20
-63.5166129999999995
11
138.9135619999999847
21
-63.4395619999999951
0
LINE
8
BLACK
6
CONTINUOUS
10
138.9135619999999847
20
-63.4395619999999951
11
138.9906129999999962
21
-63.3880789999999976
0
LINE
8
BLACK
6
CONTINUOUS
10
138.9906129999999962
20
-63.3880789999999976
11
139.0815000000000055
21
-63.3699999999999974
0
LINE
8
BLACK
6
CONTINUOUS
10
139.0815000000000055
20
-63.3699999999999974
11
139.5564999999999998
21
-63.3699999999999974
0
LINE
8
BLACK
6
CONTINUOUS
10
139.5564999999999998
20
-63.3699999999999974
11
139.6473869999999806
21
-63.3880789999999976
0
LINE
8
BLACK
6
CONTINUOUS
10
139.6473869999999806
20
-63.3880789999999976
11
139.7244379999999921
21
-63.4395619999999951
0
LINE
8
BLACK
6
CONTINUOUS
10
139.7244379999999921
20
-63.4395619999999951
11
139.7759209999999825
21
-63.5166129999999995
0
LINE
8
BLACK
6
CONTINUOUS
10
139.7759209999999825
20
-63.5166129999999995
11
139.7939999999999827
21
-63.6074999999999946
0
LINE
8
BLACK
6
CONTINUOUS
10
139.7939999999999827
20
-63.6074999999999946
11
139.7939999999999827
21
-63.7575000000000003
0
LINE
8
BLACK
6
CONTINUOUS
10
139.7939999999999827
20
-63.7575000000000003
11
140.3268290000000036
21
-63.7575000000000003
0
LINE
8
BLACK
6
CONTINUOUS
10
140.3268290000000036
20
-63.7575000000000003
11
140.3248470000000054
21
-63.7449879999999993
0
LINE
8
BLACK
6
CONTINUOUS
10
140.3248470000000054
20
-63.7449879999999993
11
140.3444240000000036
21
-63.6213809999999995
0
LINE
8
BLACK
6
CONTINUOUS
10
140.3444240000000036
20
-63.6213809999999995
11
140.4012400000000014
21
-63.5098739999999964
0
LINE
8
BLACK
6
CONTINUOUS
10
140.4012400000000014
20
-63.5098739999999964
11
140.4897330000000011
21
-63.4213809999999967
0
LINE
8
BLACK
6
CONTINUOUS
10
140.4897330000000011
20
-63.4213809999999967
11
140.60123999999999
21
-63.3645649999999989
0
LINE
8
BLACK
6
CONTINUOUS
10
140.60123999999999
20
-63.3645649999999989
11
140.7248469999999827
21
-63.3449879999999936
0
LINE
8
BLACK
6
CONTINUOUS
10
140.7248469999999827
20
-63.3449879999999936
11
140.8484540000000038
21
-63.3645649999999989
0
LINE
8
BLACK
6
CONTINUOUS
10
144.5093870000000038
20
-59.7410789999999992
11
144.5864379999999869
21
-59.7925619999999967
0
LINE
8
BLACK
6
CONTINUOUS
10
144.5864379999999869
20
-59.7925619999999967
11
144.6379210000000057
21
-59.869612999999994
0
LINE
8
BLACK
6
CONTINUOUS
10
144.6379210000000057
20
-59.869612999999994
11
144.6560000000000059
21
-59.9604999999999961
0
LINE
8
BLACK
6
CONTINUOUS
10
144.6560000000000059
20
-59.9604999999999961
11
144.6560000000000059
21
-60.0479999999999947
0
LINE
8
BLACK
6
CONTINUOUS
10
144.6560000000000059
20
-60.0479999999999947
11
152.907999999999987
21
-60.0479999999999947
0
LINE
8
BLACK
6
CONTINUOUS
10
152.907999999999987
20
-60.0479999999999947
11
152.937263999999999
21
-60.0508819999999943
0
LINE
8
BLACK
6
CONTINUOUS
10
152.937263999999999
20
-60.0508819999999943
11
152.9467609999999809
21
-60.0548159999999953
0
LINE
8
BLACK
6
CONTINUOUS
10
152.9467609999999809
20
-60.0548159999999953
11
152.9913349999999923
21
-60.0732789999999994
0
LINE
8
BLACK
6
CONTINUOUS
10
152.9913349999999923
20
-60.0732789999999994
11
153.0140659999999855
21
-60.0919339999999949
0
LINE
8
BLACK
6
CONTINUOUS
10
153.0140659999999855
20
-60.0919339999999949
11
155.5487909999999943
21
-62.6266589999999965
0
LINE
8
BLACK
6
CONTINUOUS
10
155.5487909999999943
20
-62.6266589999999965
11
155.5783930000000055
21
-62.6115769999999969
0
LINE
8
BLACK
6
CONTINUOUS
10
155.5783930000000055
20
-62.6115769999999969
11
155.7019999999999982
21
-62.5919999999999987
0
LINE
8
BLACK
6
CONTINUOUS
10
155.7019999999999982
20
-62.5919999999999987
11
155.8256069999999909
21
-62.6115769999999969
0
LINE
8
BLACK
6
CONTINUOUS
10
155.8256069999999909
20
-62.6115769999999969
11
155.9371139999999798
21
-62.6683929999999947
0
LINE
8
BLACK
6
CONTINUOUS
10
155.9371139999999798
20
-62.6683929999999947
11
156.0256069999999795
21
-62.7568859999999944
0
LINE
8
BLACK
6
CONTINUOUS
10
156.0256069999999795
20
-62.7568859999999944
11
156.0824230000000057
21
-62.8683929999999975
0
LINE
8
BLACK
6
CONTINUOUS
10
156.0824230000000057
20
-62.8683929999999975
11
156.1020000000000039
21
-62.9919999999999973
0
LINE
8
BLACK
6
CONTINUOUS
10
156.1020000000000039
20
-62.9919999999999973
11
156.0824230000000057
21
-63.1156069999999971
0
LINE
8
BLACK
6
CONTINUOUS
10
156.0824230000000057
20
-63.1156069999999971
11
156.0256069999999795
21
-63.2271140000000003
0
LINE
8
BLACK
6
CONTINUOUS
10
156.0256069999999795
20
-63.2271140000000003
11
155.9371139999999798
21
-63.315607
0
LINE
8
BLACK
6
CONTINUOUS
10
155.9371139999999798
20
-63.315607
11
155.8256069999999909
21
-63.3724229999999977
0
LINE
8
BLACK
6
CONTINUOUS
10
155.8256069999999909
20
-63.3724229999999977
11
155.7019999999999982
21
-63.3919999999999959
0
LINE
8
BLACK
6
CONTINUOUS
10
155.7019999999999982
20
-63.3919999999999959
11
155.5783930000000055
21
-63.3724229999999977
0
LINE
8
BLACK
6
CONTINUOUS
10
155.5783930000000055
20
-63.3724229999999977
11
155.4668859999999881
21
-63.315607
0
LINE
8
BLACK
6
CONTINUOUS
10
155.4668859999999881
20
-63.315607
11
155.3783929999999884
21
-63.2271140000000003
0
LINE
8
BLACK
6
CONTINUOUS
10
155.3783929999999884
20
-63.2271140000000003
11
155.3215769999999907
21
-63.1156069999999971
0
LINE
8
BLACK
6
CONTINUOUS
10
155.3215769999999907
20
-63.1156069999999971
11
155.3019999999999925
21
-62.9919999999999973
0
LINE
8
BLACK
6
CONTINUOUS
10
155.3019999999999925
20
-62.9919999999999973
11
155.3215769999999907
21
-62.8683929999999975
0
LINE
8
BLACK
6
CONTINUOUS
10
155.3215769999999907
20
-62.8683929999999975
11
155.3366589999999974
21
-62.8387910000000005
0
LINE
8
BLACK
6
CONTINUOUS
10
155.3366589999999974
20
-62.8387910000000005
11
152.8458679999999958
21
-60.347999999999999
0
LINE
8
BLACK
6
CONTINUOUS
10
152.8458679999999958
20
-60.347999999999999
11
144.6560000000000059
21
-60.347999999999999
0
LINE
8
BLACK
6
CONTINUOUS
10
144.6560000000000059
20
-60.347999999999999
11
144.6560000000000059
21
-60.4354999999999976
0
LINE
8
BLACK
6
CONTINUOUS
10
144.6560000000000059
20
-60.4354999999999976
11
144.6379210000000057
21
-60.5263869999999997
0
LINE
8
BLACK
6
CONTINUOUS
10
144.6379210000000057
20
-60.5263869999999997
11
144.5864379999999869
21
-60.603437999999997
0
LINE
8
BLACK
6
CONTINUOUS
10
144.5864379999999869
20
-60.603437999999997
11
144.5093870000000038
21
-60.6549209999999945
0
LINE
8
BLACK
6
CONTINUOUS
10
144.5093870000000038
20
-60.6549209999999945
11
144.4184999999999945
21
-60.6729999999999947
0
LINE
8
BLACK
6
CONTINUOUS
10
144.4184999999999945
20
-60.6729999999999947
11
143.9184999999999945
21
-60.6729999999999947
0
LINE
8
BLACK
6
CONTINUOUS
10
143.9184999999999945
20
-60.6729999999999947
11
143.8276129999999853
21
-60.6549209999999945
0
LINE
8
BLACK
6
CONTINUOUS
10
143.8276129999999853
20
-60.6549209999999945
11
143.7505620000000022
21
-60.603437999999997
0
LINE
8
BLACK
6
CONTINUOUS
10
143.7505620000000022
20
-60.603437999999997
11
143.6990789999999834
21
-60.5263869999999997
0
LINE
8
BLACK
6
CONTINUOUS
10
143.6990789999999834
20
-60.5263869999999997
11
143.6809999999999832
21
-60.4354999999999976
0
LINE
8
BLACK
6
CONTINUOUS
10
143.6809999999999832
20
-60.4354999999999976
11
143.6809999999999832
21
-59.9604999999999961
0
LINE
8
BLACK
6
CONTINUOUS
10
143.6809999999999832
20
-59.9604999999999961
11
143.6990789999999834
21
-59.869612999999994
0
LINE
8
BLACK
6
CONTINUOUS
10
143.6990789999999834
20
-59.869612999999994
11
143.7505620000000022
21
-59.7925619999999967
0
LINE
8
BLACK
6
CONTINUOUS
10
143.7505620000000022
20
-59.7925619999999967
11
143.8276129999999853
21
-59.7410789999999992
0
LINE
8
BLACK
6
CONTINUOUS
10
143.8276129999999853
20
-59.7410789999999992
11
143.9184999999999945
21
-59.722999999999999
0
LINE
8
BLACK
6
CONTINUOUS
10
143.9184999999999945
20
-59.722999999999999
11
144.4184999999999945
21
-59.722999999999999
0
LINE
8
BLACK
6
CONTINUOUS
10
144.4184999999999945
20
-59.722999999999999
11
144.5093870000000038
21
-59.7410789999999992
0
LINE
8
BLACK
6
CONTINUOUS
10
135.3786069999999881
20
-62.1035769999999943
11
135.4901140000000055
21
-62.1603929999999991
0
LINE
8
BLACK
6
CONTINUOUS
10
135.4901140000000055
20
-62.1603929999999991
11
135.5786070000000052
21
-62.2488859999999988
0
LINE
8
BLACK
6
CONTINUOUS
10
135.5786070000000052
20
-62.2488859999999988
11
135.635423000000003
21
-62.3603929999999949
0
LINE
8
BLACK
6
CONTINUOUS
10
135.635423000000003
20
-62.3603929999999949
11
135.6550000000000011
21
-62.4839999999999947
0
LINE
8
BLACK
6
CONTINUOUS
10
135.6550000000000011
20
-62.4839999999999947
11
135.635423000000003
21
-62.6076069999999945
0
LINE
8
BLACK
6
CONTINUOUS
10
135.635423000000003
20
-62.6076069999999945
11
135.5786070000000052
21
-62.7191139999999976
0
LINE
8
BLACK
6
CONTINUOUS
10
135.5786070000000052
20
-62.7191139999999976
11
135.4901140000000055
21
-62.8076069999999973
0
LINE
8
BLACK
6
CONTINUOUS
10
135.4901140000000055
20
-62.8076069999999973
11
135.3786069999999881
21
-62.8644229999999951
0
LINE
8
BLACK
6
CONTINUOUS
10
135.3786069999999881
20
-62.8644229999999951
11
135.2549999999999955
21
-62.8840000000000003
0
LINE
8
BLACK
6
CONTINUOUS
10
135.2549999999999955
20
-62.8840000000000003
11
135.1313930000000028
21
-62.8644229999999951
0
LINE
8
BLACK
6
CONTINUOUS
10
135.1313930000000028
20
-62.8644229999999951
11
135.0198859999999854
21
-62.8076069999999973
0
LINE
8
BLACK
6
CONTINUOUS
10
135.0198859999999854
20
-62.8076069999999973
11
134.9313929999999857
21
-62.7191139999999976
0
LINE
8
BLACK
6
CONTINUOUS
10
134.9313929999999857
20
-62.7191139999999976
11
134.8745769999999879
21
-62.6076069999999945
0
LINE
8
BLACK
6
CONTINUOUS
10
134.8745769999999879
20
-62.6076069999999945
11
134.8549999999999898
21
-62.4839999999999947
0
LINE
8
BLACK
6
CONTINUOUS
10
134.8549999999999898
20
-62.4839999999999947
11
134.8745769999999879
21
-62.3603929999999949
0
LINE
8
BLACK
6
CONTINUOUS
10
134.8745769999999879
20
-62.3603929999999949
11
134.9313929999999857
21
-62.2488859999999988
0
LINE
8
BLACK
6
CONTINUOUS
10
134.9313929999999857
20
-62.2488859999999988
11
135.0198859999999854
21
-62.1603929999999991
0
LINE
8
BLACK
6
CONTINUOUS
10
135.0198859999999854
20
-62.1603929999999991
11
135.1313930000000028
21
-62.1035769999999943
0
LINE
8
BLACK
6
CONTINUOUS
10
135.1313930000000028
20
-62.1035769999999943
11
135.2549999999999955
21
-62.0839999999999961
0
LINE
8
BLACK
6
CONTINUOUS
10
135.2549999999999955
20
-62.0839999999999961
11
135.3786069999999881
21
-62.1035769999999943
0
LINE
8
BLACK
6
CONTINUOUS
10
142.6843869999999868
20
-59.7410789999999992
11
142.7614379999999983
21
-59.7925619999999967
0
LINE
8
BLACK
6
CONTINUOUS
10
142.7614379999999983
20
-59.7925619999999967
11
142.8129209999999887
21
-59.869612999999994
0
LINE
8
BLACK
6
CONTINUOUS
10
142.8129209999999887
20
-59.869612999999994
11
142.8309999999999889
21
-59.9604999999999961
0
LINE
8
BLACK
6
CONTINUOUS
10
142.8309999999999889
20
-59.9604999999999961
11
142.8309999999999889
21
-60.4354999999999976
0
LINE
8
BLACK
6
CONTINUOUS
10
142.8309999999999889
20
-60.4354999999999976
11
142.8129209999999887
21
-60.5263869999999997
0
LINE
8
BLACK
6
CONTINUOUS
10
142.8129209999999887
20
-60.5263869999999997
11
142.7614379999999983
21
-60.603437999999997
0
LINE
8
BLACK
6
CONTINUOUS
10
142.7614379999999983
20
-60.603437999999997
11
142.6843869999999868
21
-60.6549209999999945
0
LINE
8
BLACK
6
CONTINUOUS
10
142.6843869999999868
20
-60.6549209999999945
11
142.5935000000000059
21
-60.6729999999999947
0
LINE
8
BLACK
6
CONTINUOUS
10
142.5935000000000059
20
-60.6729999999999947
11
142.4934999999999832
21
-60.6729999999999947
0
LINE
8
BLACK
6
CONTINUOUS
10
142.4934999999999832
20
-60.6729999999999947
11
142.4934999999999832
21
-61.3739999999999952
0
LINE
8
BLACK
6
CONTINUOUS
10
142.4934999999999832
20
-61.3739999999999952
11
142.6935000000000002
21
-61.3739999999999952
0
LINE
8
BLACK
6
CONTINUOUS
10
142.6935000000000002
20
-61.3739999999999952
11
142.7843869999999811
21
-61.3920789999999954
0
LINE
8
BLACK
6
CONTINUOUS
10
142.7843869999999811
20
-61.3920789999999954
11
142.8614379999999926
21
-61.443562
0
LINE
8
BLACK
6
CONTINUOUS
10
142.8614379999999926
20
-61.443562
11
142.912920999999983
21
-61.5206129999999973
0
LINE
8
BLACK
6
CONTINUOUS
10
142.912920999999983
20
-61.5206129999999973
11
142.9309999999999832
21
-61.6114999999999995
0
LINE
8
BLACK
6
CONTINUOUS
10
142.9309999999999832
20
-61.6114999999999995
11
142.9309999999999832
21
-62.0864999999999938
0
LINE
8
BLACK
6
CONTINUOUS
10
142.9309999999999832
20
-62.0864999999999938
11
142.912920999999983
21
-62.177386999999996
0
LINE
8
BLACK
6
CONTINUOUS
10
142.912920999999983
20
-62.177386999999996
11
142.8614379999999926
21
-62.2544380000000004
0
LINE
8
BLACK
6
CONTINUOUS
10
142.8614379999999926
20
-62.2544380000000004
11
142.7843869999999811
21
-62.3059209999999979
0
LINE
8
BLACK
6
CONTINUOUS
10
142.7843869999999811
20
-62.3059209999999979
11
142.6935000000000002
21
-62.3239999999999981
0
LINE
8
BLACK
6
CONTINUOUS
10
142.6935000000000002
20
-62.3239999999999981
11
142.0935000000000059
21
-62.3239999999999981
0
LINE
8
BLACK
6
CONTINUOUS
10
142.0935000000000059
20
-62.3239999999999981
11
142.0026129999999966
21
-62.3059209999999979
0
LINE
8
BLACK
6
CONTINUOUS
10
142.0026129999999966
20
-62.3059209999999979
11
141.9255619999999851
21
-62.2544380000000004
0
LINE
8
BLACK
6
CONTINUOUS
10
141.9255619999999851
20
-62.2544380000000004
11
141.8740789999999947
21
-62.177386999999996
0
LINE
8
BLACK
6
CONTINUOUS
10
141.8740789999999947
20
-62.177386999999996
11
141.8559999999999945
21
-62.0864999999999938
0
LINE
8
BLACK
6
CONTINUOUS
10
141.8559999999999945
20
-62.0864999999999938
11
141.8559999999999945
21
-61.9739999999999966
0
LINE
8
BLACK
6
CONTINUOUS
10
141.8559999999999945
20
-61.9739999999999966
11
137.1089999999999804
21
-61.9739999999999966
0
LINE
8
BLACK
6
CONTINUOUS
10
137.1089999999999804
20
-61.9739999999999966
11
137.0846139999999878
21
-61.9715980000000002
0
LINE
8
BLACK
6
CONTINUOUS
10
137.0846139999999878
20
-61.9715980000000002
11
137.0846129999999903
21
-61.9715980000000002
0
LINE
8
BLACK
6
CONTINUOUS
10
137.0846129999999903
20
-61.9715980000000002
11
137.0714150000000018
21
-61.9661309999999972
0
LINE
8
BLACK
6
CONTINUOUS
10
137.0714150000000018
20
-61.9661309999999972
11
137.0395539999999812
21
-61.9529339999999991
0
LINE
8
BLACK
6
CONTINUOUS
10
137.0395539999999812
20
-61.9529339999999991
11
137.0395479999999964
21
-61.952928
0
LINE
8
BLACK
6
CONTINUOUS
10
137.0395479999999964
20
-61.952928
11
137.0206119999999999
21
-61.9373879999999986
0
LINE
8
BLACK
6
CONTINUOUS
10
137.0206119999999999
20
-61.9373879999999986
11
136.3805229999999824
21
-61.2972989999999953
0
LINE
8
BLACK
6
CONTINUOUS
10
136.3805229999999824
20
-61.2972989999999953
11
136.3377079999999921
21
-61.3248159999999984
0
LINE
8
BLACK
6
CONTINUOUS
10
136.3377079999999921
20
-61.3248159999999984
11
136.2011569999999949
21
-61.3649109999999993
0
LINE
8
BLACK
6
CONTINUOUS
10
136.2011569999999949
20
-61.3649109999999993
11
136.058842999999996
21
-61.3649109999999993
0
LINE
8
BLACK
6
CONTINUOUS
10
136.058842999999996
20
-61.3649109999999993
11
135.9222919999999988
21
-61.3248159999999984
0
LINE
8
BLACK
6
CONTINUOUS
10
135.9222919999999988
20
-61.3248159999999984
11
135.8025700000000029
21
-61.2478750000000005
0
LINE
8
BLACK
6
CONTINUOUS
10
135.8025700000000029
20
-61.2478750000000005
11
135.7093729999999994
21
-61.1403199999999956
0
LINE
8
BLACK
6
CONTINUOUS
10
135.7093729999999994
20
-61.1403199999999956
11
135.6502539999999897
21
-61.010866
0
LINE
8
BLACK
6
CONTINUOUS
10
135.6502539999999897
20
-61.010866
11
135.6299999999999955
21
-60.8699999999999974
0
LINE
8
BLACK
6
CONTINUOUS
10
135.6299999999999955
20
-60.8699999999999974
11
135.6502539999999897
21
-60.7291339999999948
0
LINE
8
BLACK
6
CONTINUOUS
10
135.6502539999999897
20
-60.7291339999999948
11
135.7093729999999994
21
-60.5996799999999993
0
LINE
8
BLACK
6
CONTINUOUS
10
135.7093729999999994
20
-60.5996799999999993
11
135.8025700000000029
21
-60.4921249999999944
0
LINE
8
BLACK
6
CONTINUOUS
10
135.8025700000000029
20
-60.4921249999999944
11
135.9222919999999988
21
-60.4151839999999964
0
LINE
8
BLACK
6
CONTINUOUS
10
135.9222919999999988
20
-60.4151839999999964
11
136.058842999999996
21
-60.3750889999999956
0
LINE
8
BLACK
6
CONTINUOUS
10
136.058842999999996
20
-60.3750889999999956
11
136.2011569999999949
21
-60.3750889999999956
0
LINE
8
BLACK
6
CONTINUOUS
10
136.2011569999999949
20
-60.3750889999999956
11
136.3377079999999921
21
-60.4151839999999964
0
LINE
8
BLACK
6
CONTINUOUS
10
136.3377079999999921
20
-60.4151839999999964
11
136.457429999999988
21
-60.4921249999999944
0
LINE
8
BLACK
6
CONTINUOUS
10
136.457429999999988
20
-60.4921249999999944
11
136.5506269999999915
21
-60.5996799999999993
0
LINE
8
BLACK
6
CONTINUOUS
10
136.5506269999999915
20
-60.5996799999999993
11
136.6097460000000012
21
-60.7291339999999948
0
LINE
8
BLACK
6
CONTINUOUS
10
136.6097460000000012
20
-60.7291339999999948
11
136.6299999999999955
21
-60.8699999999999974
0
LINE
8
BLACK
6
CONTINUOUS
10
136.6299999999999955
20
-60.8699999999999974
11
136.6097460000000012
21
-61.010866
0
LINE
8
BLACK
6
CONTINUOUS
10
136.6097460000000012
20
-61.010866
11
136.5589249999999879
21
-61.1221490000000003
0
LINE
8
BLACK
6
CONTINUOUS
10
136.5589249999999879
20
-61.1221490000000003
11
137.1607759999999985
21
-61.7239999999999966
0
LINE
8
BLACK
6
CONTINUOUS
10
137.1607759999999985
20
-61.7239999999999966
11
141.8559999999999945
21
-61.7239999999999966
0
LINE
8
BLACK
6
CONTINUOUS
10
141.8559999999999945
20
-61.7239999999999966
11
141.8559999999999945
21
-61.6114999999999995
0
LINE
8
BLACK
6
CONTINUOUS
10
141.8559999999999945
20
-61.6114999999999995
11
141.8740789999999947
21
-61.5206129999999973
0
LINE
8
BLACK
6
CONTINUOUS
10
141.8740789999999947
20
-61.5206129999999973
11
141.9255619999999851
21
-61.443562
0
LINE
8
BLACK
6
CONTINUOUS
10
141.9255619999999851
20
-61.443562
11
142.0026129999999966
21
-61.3920789999999954
0
LINE
8
BLACK
6
CONTINUOUS
10
142.0026129999999966
20
-61.3920789999999954
11
142.0935000000000059
21
-61.3739999999999952
0
LINE
8
BLACK
6
CONTINUOUS
10
142.0935000000000059
20
-61.3739999999999952
11
142.1935000000000002
21
-61.3739999999999952
0
LINE
8
BLACK
6
CONTINUOUS
10
142.1935000000000002
20
-61.3739999999999952
11
142.1935000000000002
21
-60.6729999999999947
0
LINE
8
BLACK
6
CONTINUOUS
10
142.1935000000000002
20
-60.6729999999999947
11
142.0935000000000059
21
-60.6729999999999947
0
LINE
8
BLACK
6
CONTINUOUS
10
142.0935000000000059
20
-60.6729999999999947
11
142.0026129999999966
21
-60.6549209999999945
0
LINE
8
BLACK
6
CONTINUOUS
10
142.0026129999999966
20
-60.6549209999999945
11
141.9255619999999851
21
-60.603437999999997
0
LINE
8
BLACK
6
CONTINUOUS
10
141.9255619999999851
20
-60.603437999999997
11
141.8740789999999947
21
-60.5263869999999997
0
LINE
8
BLACK
6
CONTINUOUS
10
141.8740789999999947
20
-60.5263869999999997
11
141.8559999999999945
21
-60.4354999999999976
0
LINE
8
BLACK
6
CONTINUOUS
10
141.8559999999999945
20
-60.4354999999999976
11
141.8559999999999945
21
-59.9604999999999961
0
LINE
8
BLACK
6
CONTINUOUS
10
141.8559999999999945
20
-59.9604999999999961
11
141.8740789999999947
21
-59.869612999999994
0
LINE
8
BLACK
6
CONTINUOUS
10
141.8740789999999947
20
-59.869612999999994
11
141.9255619999999851
21
-59.7925619999999967
0
LINE
8
BLACK
6
CONTINUOUS
10
141.9255619999999851
20
-59.7925619999999967
11
142.0026129999999966
21
-59.7410789999999992
0
LINE
8
BLACK
6
CONTINUOUS
10
142.0026129999999966
20
-59.7410789999999992
11
142.0935000000000059
21
-59.722999999999999
0
LINE
8
BLACK
6
CONTINUOUS
10
142.0935000000000059
20
-59.722999999999999
11
142.5935000000000059
21
-59.722999999999999
0
LINE
8
BLACK
6
CONTINUOUS
10
142.5935000000000059
20
-59.722999999999999
11
142.6843869999999868
21
-59.7410789999999992
0
LINE
8
BLACK
6
CONTINUOUS
10
145.4116070000000036
20
-61.3415769999999938
11
145.5231139999999925
21
-61.3983929999999987
0
LINE
8
BLACK
6
CONTINUOUS
10
145.5231139999999925
20
-61.3983929999999987
11
145.6116069999999922
21
-61.4868859999999984
0
LINE
8
BLACK
6
CONTINUOUS
10
145.6116069999999922
20
-61.4868859999999984
11
145.66842299999999
21
-61.5983929999999944
0
LINE
8
BLACK
6
CONTINUOUS
10
145.66842299999999
20
-61.5983929999999944
11
145.6879999999999882
21
-61.7219999999999942
0
LINE
8
BLACK
6
CONTINUOUS
10
145.6879999999999882
20
-61.7219999999999942
11
145.66842299999999
21
-61.845606999999994
0
LINE
8
BLACK
6
CONTINUOUS
10
145.66842299999999
20
-61.845606999999994
11
145.6116069999999922
21
-61.9571139999999971
0
LINE
8
BLACK
6
CONTINUOUS
10
145.6116069999999922
20
-61.9571139999999971
11
145.5231139999999925
21
-62.0456069999999968
0
LINE
8
BLACK
6
CONTINUOUS
10
145.5231139999999925
20
-62.0456069999999968
11
145.4116070000000036
21
-62.1024229999999946
0
LINE
8
BLACK
6
CONTINUOUS
10
145.4116070000000036
20
-62.1024229999999946
11
145.2879999999999825
21
-62.1219999999999999
0
LINE
8
BLACK
6
CONTINUOUS
10
145.2879999999999825
20
-62.1219999999999999
11
145.1643929999999898
21
-62.1024229999999946
0
LINE
8
BLACK
6
CONTINUOUS
10
145.1643929999999898
20
-62.1024229999999946
11
145.0528860000000009
21
-62.0456069999999968
0
LINE
8
BLACK
6
CONTINUOUS
10
145.0528860000000009
20
-62.0456069999999968
11
145.0062790000000064
21
-61.9989999999999952
0
LINE
8
BLACK
6
CONTINUOUS
10
145.0062790000000064
20
-61.9989999999999952
11
144.6560000000000059
21
-61.9989999999999952
0
LINE
8
BLACK
6
CONTINUOUS
10
144.6560000000000059
20
-61.9989999999999952
11
144.6560000000000059
21
-62.0864999999999938
0
LINE
8
BLACK
6
CONTINUOUS
10
144.6560000000000059
20
-62.0864999999999938
11
144.6379210000000057
21
-62.177386999999996
0
LINE
8
BLACK
6
CONTINUOUS
10
144.6379210000000057
20
-62.177386999999996
11
144.5864379999999869
21
-62.2544380000000004
0
LINE
8
BLACK
6
CONTINUOUS
10
144.5864379999999869
20
-62.2544380000000004
11
144.5093870000000038
21
-62.3059209999999979
0
LINE
8
BLACK
6
CONTINUOUS
10
144.5093870000000038
20
-62.3059209999999979
11
144.4184999999999945
21
-62.3239999999999981
0
LINE
8
BLACK
6
CONTINUOUS
10
144.4184999999999945
20
-62.3239999999999981
11
143.8185000000000002
21
-62.3239999999999981
0
LINE
8
BLACK
6
CONTINUOUS
10
143.8185000000000002
20
-62.3239999999999981
11
143.727612999999991
21
-62.3059209999999979
0
LINE
8
BLACK
6
CONTINUOUS
10
143.727612999999991
20
-62.3059209999999979
11
143.6505619999999794
21
-62.2544380000000004
0
LINE
8
BLACK
6
CONTINUOUS
10
143.6505619999999794
20
-62.2544380000000004
11
143.599078999999989
21
-62.177386999999996
0
LINE
8
BLACK
6
CONTINUOUS
10
143.599078999999989
20
-62.177386999999996
11
143.5809999999999889
21
-62.0864999999999938
0
LINE
8
BLACK
6
CONTINUOUS
10
143.5809999999999889
20
-62.0864999999999938
11
143.5809999999999889
21
-61.6114999999999995
0
LINE
8
BLACK
6
CONTINUOUS
10
143.5809999999999889
20
-61.6114999999999995
11
143.599078999999989
21
-61.5206129999999973
0
LINE
8
BLACK
6
CONTINUOUS
10
143.599078999999989
20
-61.5206129999999973
11
143.6505619999999794
21
-61.443562
0
LINE
8
BLACK
6
CONTINUOUS
10
143.6505619999999794
20
-61.443562
11
143.727612999999991
21
-61.3920789999999954
0
LINE
8
BLACK
6
CONTINUOUS
10
143.727612999999991
20
-61.3920789999999954
11
143.8185000000000002
21
-61.3739999999999952
0
LINE
8
BLACK
6
CONTINUOUS
10
143.8185000000000002
20
-61.3739999999999952
11
144.4184999999999945
21
-61.3739999999999952
0
LINE
8
BLACK
6
CONTINUOUS
10
144.4184999999999945
20
-61.3739999999999952
11
144.5093870000000038
21
-61.3920789999999954
0
LINE
8
BLACK
6
CONTINUOUS
10
144.5093870000000038
20
-61.3920789999999954
11
144.5864379999999869
21
-61.443562
0
LINE
8
BLACK
6
CONTINUOUS
10
144.5864379999999869
20
-61.443562
11
144.6379210000000057
21
-61.5206129999999973
0
LINE
8
BLACK
6
CONTINUOUS
10
144.6379210000000057
20
-61.5206129999999973
11
144.6560000000000059
21
-61.6114999999999995
0
LINE
8
BLACK
6
CONTINUOUS
10
144.6560000000000059
20
-61.6114999999999995
11
144.6560000000000059
21
-61.6989999999999981
0
LINE
8
BLACK
6
CONTINUOUS
10
144.6560000000000059
20
-61.6989999999999981
11
144.8916429999999878
21
-61.6989999999999981
0
LINE
8
BLACK
6
CONTINUOUS
10
144.8916429999999878
20
-61.6989999999999981
11
144.9075770000000034
21
-61.5983929999999944
0
LINE
8
BLACK
6
CONTINUOUS
10
144.9075770000000034
20
-61.5983929999999944
11
144.9643930000000012
21
-61.4868859999999984
0
LINE
8
BLACK
6
CONTINUOUS
10
144.9643930000000012
20
-61.4868859999999984
11
145.0528860000000009
21
-61.3983929999999987
0
LINE
8
BLACK
6
CONTINUOUS
10
145.0528860000000009
20
-61.3983929999999987
11
145.1643929999999898
21
-61.3415769999999938
0
LINE
8
BLACK
6
CONTINUOUS
10
145.1643929999999898
20
-61.3415769999999938
11
145.2879999999999825
21
-61.3219999999999956
0
LINE
8
BLACK
6
CONTINUOUS
10
145.2879999999999825
20
-61.3219999999999956
11
145.4116070000000036
21
-61.3415769999999938
0
LINE
8
BLACK
6
CONTINUOUS
10
133.7977080000000001
20
-60.4151839999999964
11
133.917429999999996
21
-60.4921249999999944
0
LINE
8
BLACK
6
CONTINUOUS
10
133.917429999999996
20
-60.4921249999999944
11
134.0106269999999995
21
-60.5996799999999993
0
LINE
8
BLACK
6
CONTINUOUS
10
134.0106269999999995
20
-60.5996799999999993
11
134.0697459999999808
21
-60.7291339999999948
0
LINE
8
BLACK
6
CONTINUOUS
10
134.0697459999999808
20
-60.7291339999999948
11
134.0900000000000034
21
-60.8699999999999974
0
LINE
8
BLACK
6
CONTINUOUS
10
134.0900000000000034
20
-60.8699999999999974
11
134.0697459999999808
21
-61.010866
0
LINE
8
BLACK
6
CONTINUOUS
10
134.0697459999999808
20
-61.010866
11
134.0106269999999995
21
-61.1403199999999956
0
LINE
8
BLACK
6
CONTINUOUS
10
134.0106269999999995
20
-61.1403199999999956
11
133.917429999999996
21
-61.2478750000000005
0
LINE
8
BLACK
6
CONTINUOUS
10
133.917429999999996
20
-61.2478750000000005
11
133.7977080000000001
21
-61.3248159999999984
0
LINE
8
BLACK
6
CONTINUOUS
10
133.7977080000000001
20
-61.3248159999999984
11
133.6611570000000029
21
-61.3649109999999993
0
LINE
8
BLACK
6
CONTINUOUS
10
133.6611570000000029
20
-61.3649109999999993
11
133.5188430000000039
21
-61.3649109999999993
0
LINE
8
BLACK
6
CONTINUOUS
10
133.5188430000000039
20
-61.3649109999999993
11
133.3822920000000067
21
-61.3248159999999984
0
LINE
8
BLACK
6
CONTINUOUS
10
133.3822920000000067
20
-61.3248159999999984
11
133.2625699999999824
21
-61.2478750000000005
0
LINE
8
BLACK
6
CONTINUOUS
10
133.2625699999999824
20
-61.2478750000000005
11
133.1693730000000073
21
-61.1403199999999956
0
LINE
8
BLACK
6
CONTINUOUS
10
133.1693730000000073
20
-61.1403199999999956
11
133.1102539999999976
21
-61.010866
0
LINE
8
BLACK
6
CONTINUOUS
10
133.1102539999999976
20
-61.010866
11
133.0900000000000034
21
-60.8699999999999974
0
LINE
8
BLACK
6
CONTINUOUS
10
133.0900000000000034
20
-60.8699999999999974
11
133.1102539999999976
21
-60.7291339999999948
0
LINE
8
BLACK
6
CONTINUOUS
10
133.1102539999999976
20
-60.7291339999999948
11
133.1693730000000073
21
-60.5996799999999993
0
LINE
8
BLACK
6
CONTINUOUS
10
133.1693730000000073
20
-60.5996799999999993
11
133.2625699999999824
21
-60.4921249999999944
0
LINE
8
BLACK
6
CONTINUOUS
10
133.2625699999999824
20
-60.4921249999999944
11
133.3822920000000067
21
-60.4151839999999964
0
LINE
8
BLACK
6
CONTINUOUS
10
133.3822920000000067
20
-60.4151839999999964
11
133.5188430000000039
21
-60.3750889999999956
0
LINE
8
BLACK
6
CONTINUOUS
10
133.5188430000000039
20
-60.3750889999999956
11
133.6611570000000029
21
-60.3750889999999956
0
LINE
8
BLACK
6
CONTINUOUS
10
133.6611570000000029
20
-60.3750889999999956
11
133.7977080000000001
21
-60.4151839999999964
0
LINE
8
BLACK
6
CONTINUOUS
10
137.6077080000000024
20
-60.4151839999999964
11
137.7274299999999982
21
-60.4921249999999944
0
LINE
8
BLACK
6
CONTINUOUS
10
137.7274299999999982
20
-60.4921249999999944
11
137.8206270000000018
21
-60.5996799999999993
0
LINE
8
BLACK
6
CONTINUOUS
10
137.8206270000000018
20
-60.5996799999999993
11
137.879745999999983
21
-60.7291339999999948
0
LINE
8
BLACK
6
CONTINUOUS
10
137.879745999999983
20
-60.7291339999999948
11
137.9000000000000057
21
-60.8699999999999974
0
LINE
8
BLACK
6
CONTINUOUS
10
137.9000000000000057
20
-60.8699999999999974
11
137.879745999999983
21
-61.010866
0
LINE
8
BLACK
6
CONTINUOUS
10
137.879745999999983
20
-61.010866
11
137.8206270000000018
21
-61.1403199999999956
0
LINE
8
BLACK
6
CONTINUOUS
10
137.8206270000000018
20
-61.1403199999999956
11
137.7274299999999982
21
-61.2478750000000005
0
LINE
8
BLACK
6
CONTINUOUS
10
137.7274299999999982
20
-61.2478750000000005
11
137.6077080000000024
21
-61.3248159999999984
0
LINE
8
BLACK
6
CONTINUOUS
10
137.6077080000000024
20
-61.3248159999999984
11
137.4711570000000052
21
-61.3649109999999993
0
LINE
8
BLACK
6
CONTINUOUS
10
137.4711570000000052
20
-61.3649109999999993
11
137.3288430000000062
21
-61.3649109999999993
0
LINE
8
BLACK
6
CONTINUOUS
10
137.3288430000000062
20
-61.3649109999999993
11
137.1922919999999806
21
-61.3248159999999984
0
LINE
8
BLACK
6
CONTINUOUS
10
137.1922919999999806
20
-61.3248159999999984
11
137.0725699999999847
21
-61.2478750000000005
0
LINE
8
BLACK
6
CONTINUOUS
10
137.0725699999999847
20
-61.2478750000000005
11
136.9793729999999812
21
-61.1403199999999956
0
LINE
8
BLACK
6
CONTINUOUS
10
136.9793729999999812
20
-61.1403199999999956
11
136.9202539999999999
21
-61.010866
0
LINE
8
BLACK
6
CONTINUOUS
10
136.9202539999999999
20
-61.010866
11
136.9000000000000057
21
-60.8699999999999974
0
LINE
8
BLACK
6
CONTINUOUS
10
136.9000000000000057
20
-60.8699999999999974
11
136.9202539999999999
21
-60.7291339999999948
0
LINE
8
BLACK
6
CONTINUOUS
10
136.9202539999999999
20
-60.7291339999999948
11
136.9793729999999812
21
-60.5996799999999993
0
LINE
8
BLACK
6
CONTINUOUS
10
136.9793729999999812
20
-60.5996799999999993
11
137.0725699999999847
21
-60.4921249999999944
0
LINE
8
BLACK
6
CONTINUOUS
10
137.0725699999999847
20
-60.4921249999999944
11
137.1922919999999806
21
-60.4151839999999964
0
LINE
8
BLACK
6
CONTINUOUS
10
137.1922919999999806
20
-60.4151839999999964
11
137.3288430000000062
21
-60.3750889999999956
0
LINE
8
BLACK
6
CONTINUOUS
10
137.3288430000000062
20
-60.3750889999999956
11
137.4711570000000052
21
-60.3750889999999956
0
LINE
8
BLACK
6
CONTINUOUS
10
137.4711570000000052
20
-60.3750889999999956
11
137.6077080000000024
21
-60.4151839999999964
0
LINE
8
BLACK
6
CONTINUOUS
10
138.8777079999999842
20
-60.4151839999999964
11
138.9974299999999801
21
-60.4921249999999944
0
LINE
8
BLACK
6
CONTINUOUS
10
138.9974299999999801
20
-60.4921249999999944
11
139.0906269999999836
21
-60.5996799999999993
0
LINE
8
BLACK
6
CONTINUOUS
10
139.0906269999999836
20
-60.5996799999999993
11
139.1497459999999933
21
-60.7291339999999948
0
LINE
8
BLACK
6
CONTINUOUS
10
139.1497459999999933
20
-60.7291339999999948
11
139.1699999999999875
21
-60.8699999999999974
0
LINE
8
BLACK
6
CONTINUOUS
10
139.1699999999999875
20
-60.8699999999999974
11
139.1497459999999933
21
-61.010866
0
LINE
8
BLACK
6
CONTINUOUS
10
139.1497459999999933
20
-61.010866
11
139.0906269999999836
21
-61.1403199999999956
0
LINE
8
BLACK
6
CONTINUOUS
10
139.0906269999999836
20
-61.1403199999999956
11
138.9974299999999801
21
-61.2478750000000005
0
LINE
8
BLACK
6
CONTINUOUS
10
138.9974299999999801
20
-61.2478750000000005
11
138.8777079999999842
21
-61.3248159999999984
0
LINE
8
BLACK
6
CONTINUOUS
10
138.8777079999999842
20
-61.3248159999999984
11
138.741156999999987
21
-61.3649109999999993
0
LINE
8
BLACK
6
CONTINUOUS
10
138.741156999999987
20
-61.3649109999999993
11
138.598842999999988
21
-61.3649109999999993
0
LINE
8
BLACK
6
CONTINUOUS
10
138.598842999999988
20
-61.3649109999999993
11
138.4622919999999908
21
-61.3248159999999984
0
LINE
8
BLACK
6
CONTINUOUS
10
138.4622919999999908
20
-61.3248159999999984
11
138.3425699999999949
21
-61.2478750000000005
0
LINE
8
BLACK
6
CONTINUOUS
10
138.3425699999999949
20
-61.2478750000000005
11
138.2493729999999914
21
-61.1403199999999956
0
LINE
8
BLACK
6
CONTINUOUS
10
138.2493729999999914
20
-61.1403199999999956
11
138.1902539999999817
21
-61.010866
0
LINE
8
BLACK
6
CONTINUOUS
10
138.1902539999999817
20
-61.010866
11
138.1699999999999875
21
-60.8699999999999974
0
LINE
8
BLACK
6
CONTINUOUS
10
138.1699999999999875
20
-60.8699999999999974
11
138.1902539999999817
21
-60.7291339999999948
0
LINE
8
BLACK
6
CONTINUOUS
10
138.1902539999999817
20
-60.7291339999999948
11
138.2493729999999914
21
-60.5996799999999993
0
LINE
8
BLACK
6
CONTINUOUS
10
138.2493729999999914
20
-60.5996799999999993
11
138.3425699999999949
21
-60.4921249999999944
0
LINE
8
BLACK
6
CONTINUOUS
10
138.3425699999999949
20
-60.4921249999999944
11
138.4622919999999908
21
-60.4151839999999964
0
LINE
8
BLACK
6
CONTINUOUS
10
138.4622919999999908
20
-60.4151839999999964
11
138.598842999999988
21
-60.3750889999999956
0
LINE
8
BLACK
6
CONTINUOUS
10
138.598842999999988
20
-60.3750889999999956
11
138.741156999999987
21
-60.3750889999999956
0
LINE
8
BLACK
6
CONTINUOUS
10
138.741156999999987
20
-60.3750889999999956
11
138.8777079999999842
21
-60.4151839999999964
0
LINE
8
BLACK
6
CONTINUOUS
10
134.0900000000000034
20
-60.0999999999999943
11
133.0900000000000034
21
-60.0999999999999943
0
LINE
8
BLACK
6
CONTINUOUS
10
133.0900000000000034
20
-60.0999999999999943
11
133.0900000000000034
21
-59.0999999999999943
0
LINE
8
BLACK
6
CONTINUOUS
10
133.0900000000000034
20
-59.0999999999999943
11
134.0900000000000034
21
-59.0999999999999943
0
LINE
8
BLACK
6
CONTINUOUS
10
134.0900000000000034
20
-59.0999999999999943
11
134.0900000000000034
21
-60.0999999999999943
0
LINE
8
BLACK
6
CONTINUOUS
10
135.0677079999999819
20
-59.1451840000000004
11
135.1874300000000062
21
-59.2221249999999984
0
LINE
8
BLACK
6
CONTINUOUS
10
135.1874300000000062
20
-59.2221249999999984
11
135.2806269999999813
21
-59.3296799999999962
0
LINE
8
BLACK
6
CONTINUOUS
10
135.2806269999999813
20
-59.3296799999999962
11
135.339745999999991
21
-59.4591339999999988
0
LINE
8
BLACK
6
CONTINUOUS
10
135.339745999999991
20
-59.4591339999999988
11
135.3599999999999852
21
-59.5999999999999943
0
LINE
8
BLACK
6
CONTINUOUS
10
135.3599999999999852
20
-59.5999999999999943
11
135.339745999999991
21
-59.7408659999999969
0
LINE
8
BLACK
6
CONTINUOUS
10
135.339745999999991
20
-59.7408659999999969
11
135.2806269999999813
21
-59.8703199999999995
0
LINE
8
BLACK
6
CONTINUOUS
10
135.2806269999999813
20
-59.8703199999999995
11
135.1874300000000062
21
-59.9778749999999974
0
LINE
8
BLACK
6
CONTINUOUS
10
135.1874300000000062
20
-59.9778749999999974
11
135.0677079999999819
21
-60.0548159999999953
0
LINE
8
BLACK
6
CONTINUOUS
10
135.0677079999999819
20
-60.0548159999999953
11
134.9311569999999847
21
-60.0949109999999962
0
LINE
8
BLACK
6
CONTINUOUS
10
134.9311569999999847
20
-60.0949109999999962
11
134.7888429999999858
21
-60.0949109999999962
0
LINE
8
BLACK
6
CONTINUOUS
10
134.7888429999999858
20
-60.0949109999999962
11
134.6522919999999885
21
-60.0548159999999953
0
LINE
8
BLACK
6
CONTINUOUS
10
134.6522919999999885
20
-60.0548159999999953
11
134.5325699999999927
21
-59.9778749999999974
0
LINE
8
BLACK
6
CONTINUOUS
10
134.5325699999999927
20
-59.9778749999999974
11
134.4393729999999891
21
-59.8703199999999995
0
LINE
8
BLACK
6
CONTINUOUS
10
134.4393729999999891
20
-59.8703199999999995
11
134.3802540000000079
21
-59.7408659999999969
0
LINE
8
BLACK
6
CONTINUOUS
10
134.3802540000000079
20
-59.7408659999999969
11
134.3599999999999852
21
-59.5999999999999943
0
LINE
8
BLACK
6
CONTINUOUS
10
134.3599999999999852
20
-59.5999999999999943
11
134.3802540000000079
21
-59.4591339999999988
0
LINE
8
BLACK
6
CONTINUOUS
10
134.3802540000000079
20
-59.4591339999999988
11
134.4393729999999891
21
-59.3296799999999962
0
LINE
8
BLACK
6
CONTINUOUS
10
134.4393729999999891
20
-59.3296799999999962
11
134.5325699999999927
21
-59.2221249999999984
0
LINE
8
BLACK
6
CONTINUOUS
10
134.5325699999999927
20
-59.2221249999999984
11
134.6522919999999885
21
-59.1451840000000004
0
LINE
8
BLACK
6
CONTINUOUS
10
134.6522919999999885
20
-59.1451840000000004
11
134.7888429999999858
21
-59.1050889999999995
0
LINE
8
BLACK
6
CONTINUOUS
10
134.7888429999999858
20
-59.1050889999999995
11
134.9311569999999847
21
-59.1050889999999995
0
LINE
8
BLACK
6
CONTINUOUS
10
134.9311569999999847
20
-59.1050889999999995
11
135.0677079999999819
21
-59.1451840000000004
0
LINE
8
BLACK
6
CONTINUOUS
10
136.3377079999999921
20
-59.1451840000000004
11
136.457429999999988
21
-59.2221249999999984
0
LINE
8
BLACK
6
CONTINUOUS
10
136.457429999999988
20
-59.2221249999999984
11
136.5506269999999915
21
-59.3296799999999962
0
LINE
8
BLACK
6
CONTINUOUS
10
136.5506269999999915
20
-59.3296799999999962
11
136.6097460000000012
21
-59.4591339999999988
0
LINE
8
BLACK
6
CONTINUOUS
10
136.6097460000000012
20
-59.4591339999999988
11
136.6299999999999955
21
-59.5999999999999943
0
LINE
8
BLACK
6
CONTINUOUS
10
136.6299999999999955
20
-59.5999999999999943
11
136.6097460000000012
21
-59.7408659999999969
0
LINE
8
BLACK
6
CONTINUOUS
10
136.6097460000000012
20
-59.7408659999999969
11
136.5506269999999915
21
-59.8703199999999995
0
LINE
8
BLACK
6
CONTINUOUS
10
136.5506269999999915
20
-59.8703199999999995
11
136.457429999999988
21
-59.9778749999999974
0
LINE
8
BLACK
6
CONTINUOUS
10
136.457429999999988
20
-59.9778749999999974
11
136.3377079999999921
21
-60.0548159999999953
0
LINE
8
BLACK
6
CONTINUOUS
10
136.3377079999999921
20
-60.0548159999999953
11
136.2011569999999949
21
-60.0949109999999962
0
LINE
8
BLACK
6
CONTINUOUS
10
136.2011569999999949
20
-60.0949109999999962
11
136.058842999999996
21
-60.0949109999999962
0
LINE
8
BLACK
6
CONTINUOUS
10
136.058842999999996
20
-60.0949109999999962
11
135.9222919999999988
21
-60.0548159999999953
0
LINE
8
BLACK
6
CONTINUOUS
10
135.9222919999999988
20
-60.0548159999999953
11
135.8025700000000029
21
-59.9778749999999974
0
LINE
8
BLACK
6
CONTINUOUS
10
135.8025700000000029
20
-59.9778749999999974
11
135.7093729999999994
21
-59.8703199999999995
0
LINE
8
BLACK
6
CONTINUOUS
10
135.7093729999999994
20
-59.8703199999999995
11
135.6502539999999897
21
-59.7408659999999969
0
LINE
8
BLACK
6
CONTINUOUS
10
135.6502539999999897
20
-59.7408659999999969
11
135.6299999999999955
21
-59.5999999999999943
0
LINE
8
BLACK
6
CONTINUOUS
10
135.6299999999999955
20
-59.5999999999999943
11
135.6502539999999897
21
-59.4591339999999988
0
LINE
8
BLACK
6
CONTINUOUS
10
135.6502539999999897
20
-59.4591339999999988
11
135.7093729999999994
21
-59.3296799999999962
0
LINE
8
BLACK
6
CONTINUOUS
10
135.7093729999999994
20
-59.3296799999999962
11
135.8025700000000029
21
-59.2221249999999984
0
LINE
8
BLACK
6
CONTINUOUS
10
135.8025700000000029
20
-59.2221249999999984
11
135.9222919999999988
21
-59.1451840000000004
0
LINE
8
BLACK
6
CONTINUOUS
10
135.9222919999999988
20
-59.1451840000000004
11
136.058842999999996
21
-59.1050889999999995
0
LINE
8
BLACK
6
CONTINUOUS
10
136.058842999999996
20
-59.1050889999999995
11
136.2011569999999949
21
-59.1050889999999995
0
LINE
8
BLACK
6
CONTINUOUS
10
136.2011569999999949
20
-59.1050889999999995
11
136.3377079999999921
21
-59.1451840000000004
0
LINE
8
BLACK
6
CONTINUOUS
10
137.6077080000000024
20
-59.1451840000000004
11
137.7274299999999982
21
-59.2221249999999984
0
LINE
8
BLACK
6
CONTINUOUS
10
137.7274299999999982
20
-59.2221249999999984
11
137.8206270000000018
21
-59.3296799999999962
0
LINE
8
BLACK
6
CONTINUOUS
10
137.8206270000000018
20
-59.3296799999999962
11
137.879745999999983
21
-59.4591339999999988
0
LINE
8
BLACK
6
CONTINUOUS
10
137.879745999999983
20
-59.4591339999999988
11
137.9000000000000057
21
-59.5999999999999943
0
LINE
8
BLACK
6
CONTINUOUS
10
137.9000000000000057
20
-59.5999999999999943
11
137.879745999999983
21
-59.7408659999999969
0
LINE
8
BLACK
6
CONTINUOUS
10
137.879745999999983
20
-59.7408659999999969
11
137.8206270000000018
21
-59.8703199999999995
0
LINE
8
BLACK
6
CONTINUOUS
10
137.8206270000000018
20
-59.8703199999999995
11
137.7274299999999982
21
-59.9778749999999974
0
LINE
8
BLACK
6
CONTINUOUS
10
137.7274299999999982
20
-59.9778749999999974
11
137.6077080000000024
21
-60.0548159999999953
0
LINE
8
BLACK
6
CONTINUOUS
10
137.6077080000000024
20
-60.0548159999999953
11
137.4711570000000052
21
-60.0949109999999962
0
LINE
8
BLACK
6
CONTINUOUS
10
137.4711570000000052
20
-60.0949109999999962
11
137.3288430000000062
21
-60.0949109999999962
0
LINE
8
BLACK
6
CONTINUOUS
10
137.3288430000000062
20
-60.0949109999999962
11
137.1922919999999806
21
-60.0548159999999953
0
LINE
8
BLACK
6
CONTINUOUS
10
137.1922919999999806
20
-60.0548159999999953
11
137.0725699999999847
21
-59.9778749999999974
0
LINE
8
BLACK
6
CONTINUOUS
10
137.0725699999999847
20
-59.9778749999999974
11
136.9793729999999812
21
-59.8703199999999995
0
LINE
8
BLACK
6
CONTINUOUS
10
136.9793729999999812
20
-59.8703199999999995
11
136.9202539999999999
21
-59.7408659999999969
0
LINE
8
BLACK
6
CONTINUOUS
10
136.9202539999999999
20
-59.7408659999999969
11
136.9000000000000057
21
-59.5999999999999943
0
LINE
8
BLACK
6
CONTINUOUS
10
136.9000000000000057
20
-59.5999999999999943
11
136.9202539999999999
21
-59.4591339999999988
0
LINE
8
BLACK
6
CONTINUOUS
10
136.9202539999999999
20
-59.4591339999999988
11
136.9793729999999812
21
-59.3296799999999962
0
LINE
8
BLACK
6
CONTINUOUS
10
136.9793729999999812
20
-59.3296799999999962
11
137.0725699999999847
21
-59.2221249999999984
0
LINE
8
BLACK
6
CONTINUOUS
10
137.0725699999999847
20
-59.2221249999999984
11
137.1922919999999806
21
-59.1451840000000004
0
LINE
8
BLACK
6
CONTINUOUS
10
137.1922919999999806
20
-59.1451840000000004
11
137.3288430000000062
21
-59.1050889999999995
0
LINE
8
BLACK
6
CONTINUOUS
10
137.3288430000000062
20
-59.1050889999999995
11
137.4711570000000052
21
-59.1050889999999995
0
LINE
8
BLACK
6
CONTINUOUS
10
137.4711570000000052
20
-59.1050889999999995
11
137.6077080000000024
21
-59.1451840000000004
0
LINE
8
BLACK
6
CONTINUOUS
10
138.8777079999999842
20
-59.1451840000000004
11
138.9974299999999801
21
-59.2221249999999984
0
LINE
8
BLACK
6
CONTINUOUS
10
138.9974299999999801
20
-59.2221249999999984
11
139.0906269999999836
21
-59.3296799999999962
0
LINE
8
BLACK
6
CONTINUOUS
10
139.0906269999999836
20
-59.3296799999999962
11
139.1497459999999933
21
-59.4591339999999988
0
LINE
8
BLACK
6
CONTINUOUS
10
139.1497459999999933
20
-59.4591339999999988
11
139.1699999999999875
21
-59.5999999999999943
0
LINE
8
BLACK
6
CONTINUOUS
10
139.1699999999999875
20
-59.5999999999999943
11
139.1497459999999933
21
-59.7408659999999969
0
LINE
8
BLACK
6
CONTINUOUS
10
139.1497459999999933
20
-59.7408659999999969
11
139.0906269999999836
21
-59.8703199999999995
0
LINE
8
BLACK
6
CONTINUOUS
10
139.0906269999999836
20
-59.8703199999999995
11
138.9974299999999801
21
-59.9778749999999974
0
LINE
8
BLACK
6
CONTINUOUS
10
138.9974299999999801
20
-59.9778749999999974
11
138.8777079999999842
21
-60.0548159999999953
0
LINE
8
BLACK
6
CONTINUOUS
10
138.8777079999999842
20
-60.0548159999999953
11
138.741156999999987
21
-60.0949109999999962
0
LINE
8
BLACK
6
CONTINUOUS
10
138.741156999999987
20
-60.0949109999999962
11
138.598842999999988
21
-60.0949109999999962
0
LINE
8
BLACK
6
CONTINUOUS
10
138.598842999999988
20
-60.0949109999999962
11
138.4622919999999908
21
-60.0548159999999953
0
LINE
8
BLACK
6
CONTINUOUS
10
138.4622919999999908
20
-60.0548159999999953
11
138.3425699999999949
21
-59.9778749999999974
0
LINE
8
BLACK
6
CONTINUOUS
10
138.3425699999999949
20
-59.9778749999999974
11
138.2493729999999914
21
-59.8703199999999995
0
LINE
8
BLACK
6
CONTINUOUS
10
138.2493729999999914
20
-59.8703199999999995
11
138.1902539999999817
21
-59.7408659999999969
0
LINE
8
BLACK
6
CONTINUOUS
10
138.1902539999999817
20
-59.7408659999999969
11
138.1699999999999875
21
-59.5999999999999943
0
LINE
8
BLACK
6
CONTINUOUS
10
138.1699999999999875
20
-59.5999999999999943
11
138.1902539999999817
21
-59.4591339999999988
0
LINE
8
BLACK
6
CONTINUOUS
10
138.1902539999999817
20
-59.4591339999999988
11
138.2493729999999914
21
-59.3296799999999962
0
LINE
8
BLACK
6
CONTINUOUS
10
138.2493729999999914
20
-59.3296799999999962
11
138.3425699999999949
21
-59.2221249999999984
0
LINE
8
BLACK
6
CONTINUOUS
10
138.3425699999999949
20
-59.2221249999999984
11
138.4622919999999908
21
-59.1451840000000004
0
LINE
8
BLACK
6
CONTINUOUS
10
138.4622919999999908
20
-59.1451840000000004
11
138.598842999999988
21
-59.1050889999999995
0
LINE
8
BLACK
6
CONTINUOUS
10
138.598842999999988
20
-59.1050889999999995
11
138.741156999999987
21
-59.1050889999999995
0
LINE
8
BLACK
6
CONTINUOUS
10
138.741156999999987
20
-59.1050889999999995
11
138.8777079999999842
21
-59.1451840000000004
0
LINE
8
BLACK
6
CONTINUOUS
10
155.9246430000000032
20
-48.5616679999999974
11
155.9733059999999796
21
-48.5941839999999985
0
LINE
8
BLACK
6
CONTINUOUS
10
155.9733059999999796
20
-48.5941839999999985
11
156.0058219999999949
21
-48.6428469999999962
0
LINE
8
BLACK
6
CONTINUOUS
10
156.0058219999999949
20
-48.6428469999999962
11
156.0172399999999868
21
-48.7002499999999969
0
LINE
8
BLACK
6
CONTINUOUS
10
156.0172399999999868
20
-48.7002499999999969
11
156.0172399999999868
21
-50.3502499999999955
0
LINE
8
BLACK
6
CONTINUOUS
10
156.0172399999999868
20
-50.3502499999999955
11
156.0058219999999949
21
-50.4076529999999963
0
LINE
8
BLACK
6
CONTINUOUS
10
156.0058219999999949
20
-50.4076529999999963
11
155.9733059999999796
21
-50.4563160000000011
0
LINE
8
BLACK
6
CONTINUOUS
10
155.9733059999999796
20
-50.4563160000000011
11
155.9246430000000032
21
-50.488831999999995
0
LINE
8
BLACK
6
CONTINUOUS
10
155.9246430000000032
20
-50.488831999999995
11
155.8672399999999811
21
-50.5002500000000012
0
LINE
8
BLACK
6
CONTINUOUS
10
155.8672399999999811
20
-50.5002500000000012
11
155.8672399999999811
21
-53.5002499999999941
0
LINE
8
BLACK
6
CONTINUOUS
10
155.8672399999999811
20
-53.5002499999999941
11
155.9246430000000032
21
-53.5116680000000002
0
LINE
8
BLACK
6
CONTINUOUS
10
155.9246430000000032
20
-53.5116680000000002
11
155.9733059999999796
21
-53.5441839999999942
0
LINE
8
BLACK
6
CONTINUOUS
10
155.9733059999999796
20
-53.5441839999999942
11
156.0058219999999949
21
-53.592846999999999
0
LINE
8
BLACK
6
CONTINUOUS
10
156.0058219999999949
20
-53.592846999999999
11
156.0172399999999868
21
-53.6502499999999998
0
LINE
8
BLACK
6
CONTINUOUS
10
156.0172399999999868
20
-53.6502499999999998
11
156.0172399999999868
21
-55.3002499999999984
0
LINE
8
BLACK
6
CONTINUOUS
10
156.0172399999999868
20
-55.3002499999999984
11
156.0058219999999949
21
-55.3576529999999991
0
LINE
8
BLACK
6
CONTINUOUS
10
156.0058219999999949
20
-55.3576529999999991
11
155.9733059999999796
21
-55.4063159999999968
0
LINE
8
BLACK
6
CONTINUOUS
10
155.9733059999999796
20
-55.4063159999999968
11
155.9246430000000032
21
-55.4388319999999979
0
LINE
8
BLACK
6
CONTINUOUS
10
155.9246430000000032
20
-55.4388319999999979
11
155.8672399999999811
21
-55.4502499999999969
0
LINE
8
BLACK
6
CONTINUOUS
10
155.8672399999999811
20
-55.4502499999999969
11
155.8672399999999811
21
-56.4936659999999975
0
LINE
8
BLACK
6
CONTINUOUS
10
155.8672399999999811
20
-56.4936659999999975
11
155.880627000000004
21
-56.4963289999999958
0
LINE
8
BLACK
6
CONTINUOUS
10
155.880627000000004
20
-56.4963289999999958
11
155.9576779999999872
21
-56.5478120000000004
0
LINE
8
BLACK
6
CONTINUOUS
10
155.9576779999999872
20
-56.5478120000000004
11
156.009161000000006
21
-56.6248629999999977
0
LINE
8
BLACK
6
CONTINUOUS
10
156.009161000000006
20
-56.6248629999999977
11
156.0272400000000061
21
-56.7157499999999999
0
LINE
8
BLACK
6
CONTINUOUS
10
156.0272400000000061
20
-56.7157499999999999
11
156.0272400000000061
21
-57.1907499999999942
0
LINE
8
BLACK
6
CONTINUOUS
10
156.0272400000000061
20
-57.1907499999999942
11
156.009161000000006
21
-57.2816369999999964
0
LINE
8
BLACK
6
CONTINUOUS
10
156.009161000000006
20
-57.2816369999999964
11
155.9576779999999872
21
-57.3586880000000008
0
LINE
8
BLACK
6
CONTINUOUS
10
155.9576779999999872
20
-57.3586880000000008
11
155.880627000000004
21
-57.4101709999999983
0
LINE
8
BLACK
6
CONTINUOUS
10
155.880627000000004
20
-57.4101709999999983
11
155.7897399999999948
21
-57.4282499999999985
0
LINE
8
BLACK
6
CONTINUOUS
10
155.7897399999999948
20
-57.4282499999999985
11
155.6397399999999891
21
-57.4282499999999985
0
LINE
8
BLACK
6
CONTINUOUS
10
155.6397399999999891
20
-57.4282499999999985
11
155.6397399999999891
21
-59.3942599999999956
0
LINE
8
BLACK
6
CONTINUOUS
10
155.6397399999999891
20
-59.3942599999999956
11
155.6368579999999895
21
-59.4235229999999959
0
LINE
8
BLACK
6
CONTINUOUS
10
155.6368579999999895
20
-59.4235229999999959
11
155.6144610000000057
21
-59.4775949999999938
0
LINE
8
BLACK
6
CONTINUOUS
10
155.6144610000000057
20
-59.4775949999999938
11
155.5958059999999819
21
-59.5003259999999941
0
LINE
8
BLACK
6
CONTINUOUS
10
155.5958059999999819
20
-59.5003259999999941
11
155.5593399999999917
21
-59.5367909999999938
0
LINE
8
BLACK
6
CONTINUOUS
10
155.5593399999999917
20
-59.5367909999999938
11
155.5744229999999959
21
-59.5663929999999979
0
LINE
8
BLACK
6
CONTINUOUS
10
155.5744229999999959
20
-59.5663929999999979
11
155.5939999999999941
21
-59.6899999999999977
0
LINE
8
BLACK
6
CONTINUOUS
10
155.5939999999999941
20
-59.6899999999999977
11
155.5744229999999959
21
-59.8136069999999975
0
LINE
8
BLACK
6
CONTINUOUS
10
155.5744229999999959
20
-59.8136069999999975
11
155.5176069999999982
21
-59.9251140000000007
0
LINE
8
BLACK
6
CONTINUOUS
10
155.5176069999999982
20
-59.9251140000000007
11
155.4291139999999984
21
-60.0136070000000004
0
LINE
8
BLACK
6
CONTINUOUS
10
155.4291139999999984
20
-60.0136070000000004
11
155.3176069999999811
21
-60.0704229999999981
0
LINE
8
BLACK
6
CONTINUOUS
10
155.3176069999999811
20
-60.0704229999999981
11
155.1939999999999884
21
-60.0899999999999963
0
LINE
8
BLACK
6
CONTINUOUS
10
155.1939999999999884
20
-60.0899999999999963
11
155.0703929999999957
21
-60.0704229999999981
0
LINE
8
BLACK
6
CONTINUOUS
10
155.0703929999999957
20
-60.0704229999999981
11
154.9588860000000068
21
-60.0136070000000004
0
LINE
8
BLACK
6
CONTINUOUS
10
154.9588860000000068
20
-60.0136070000000004
11
154.8703930000000071
21
-59.9251140000000007
0
LINE
8
BLACK
6
CONTINUOUS
10
154.8703930000000071
20
-59.9251140000000007
11
154.8135769999999809
21
-59.8136069999999975
0
LINE
8
BLACK
6
CONTINUOUS
10
154.8135769999999809
20
-59.8136069999999975
11
154.7939999999999827
21
-59.6899999999999977
0
LINE
8
BLACK
6
CONTINUOUS
10
154.7939999999999827
20
-59.6899999999999977
11
154.8135769999999809
21
-59.5663929999999979
0
LINE
8
BLACK
6
CONTINUOUS
10
154.8135769999999809
20
-59.5663929999999979
11
154.8703930000000071
21
-59.4548859999999948
0
LINE
8
BLACK
6
CONTINUOUS
10
154.8703930000000071
20
-59.4548859999999948
11
154.9588860000000068
21
-59.3663929999999951
0
LINE
8
BLACK
6
CONTINUOUS
10
154.9588860000000068
20
-59.3663929999999951
11
155.0703929999999957
21
-59.3095769999999973
0
LINE
8
BLACK
6
CONTINUOUS
10
155.0703929999999957
20
-59.3095769999999973
11
155.1939999999999884
21
-59.2899999999999991
0
LINE
8
BLACK
6
CONTINUOUS
10
155.1939999999999884
20
-59.2899999999999991
11
155.3176069999999811
21
-59.3095769999999973
0
LINE
8
BLACK
6
CONTINUOUS
10
155.3176069999999811
20
-59.3095769999999973
11
155.3397400000000061
21
-59.3208539999999971
0
LINE
8
BLACK
6
CONTINUOUS
10
155.3397400000000061
20
-59.3208539999999971
11
155.3397400000000061
21
-57.4282499999999985
0
LINE
8
BLACK
6
CONTINUOUS
10
155.3397400000000061
20
-57.4282499999999985
11
155.1897400000000005
21
-57.4282499999999985
0
LINE
8
BLACK
6
CONTINUOUS
10
155.1897400000000005
20
-57.4282499999999985
11
155.0988529999999912
21
-57.4101709999999983
0
LINE
8
BLACK
6
CONTINUOUS
10
155.0988529999999912
20
-57.4101709999999983
11
155.0218019999999797
21
-57.3586880000000008
0
LINE
8
BLACK
6
CONTINUOUS
10
155.0218019999999797
20
-57.3586880000000008
11
154.9703189999999893
21
-57.2816369999999964
0
LINE
8
BLACK
6
CONTINUOUS
10
154.9703189999999893
20
-57.2816369999999964
11
154.9522399999999891
21
-57.1907499999999942
0
LINE
8
BLACK
6
CONTINUOUS
10
154.9522399999999891
20
-57.1907499999999942
11
154.9522399999999891
21
-56.7157499999999999
0
LINE
8
BLACK
6
CONTINUOUS
10
154.9522399999999891
20
-56.7157499999999999
11
154.9703189999999893
21
-56.6248629999999977
0
LINE
8
BLACK
6
CONTINUOUS
10
154.9703189999999893
20
-56.6248629999999977
11
155.0218019999999797
21
-56.5478120000000004
0
LINE
8
BLACK
6
CONTINUOUS
10
155.0218019999999797
20
-56.5478120000000004
11
155.0988529999999912
21
-56.4963289999999958
0
LINE
8
BLACK
6
CONTINUOUS
10
155.0988529999999912
20
-56.4963289999999958
11
155.1897400000000005
21
-56.4782499999999956
0
LINE
8
BLACK
6
CONTINUOUS
10
155.1897400000000005
20
-56.4782499999999956
11
155.5672399999999982
21
-56.4782499999999956
0
LINE
8
BLACK
6
CONTINUOUS
10
155.5672399999999982
20
-56.4782499999999956
11
155.5672399999999982
21
-55.4502499999999969
0
LINE
8
BLACK
6
CONTINUOUS
10
155.5672399999999982
20
-55.4502499999999969
11
155.5098370000000045
21
-55.4388319999999979
0
LINE
8
BLACK
6
CONTINUOUS
10
155.5098370000000045
20
-55.4388319999999979
11
155.4611739999999998
21
-55.4063159999999968
0
LINE
8
BLACK
6
CONTINUOUS
10
155.4611739999999998
20
-55.4063159999999968
11
155.4286579999999844
21
-55.3576529999999991
0
LINE
8
BLACK
6
CONTINUOUS
10
155.4286579999999844
20
-55.3576529999999991
11
155.4172399999999925
21
-55.3002499999999984
0
LINE
8
BLACK
6
CONTINUOUS
10
155.4172399999999925
20
-55.3002499999999984
11
155.4172399999999925
21
-53.6502499999999998
0
LINE
8
BLACK
6
CONTINUOUS
10
155.4172399999999925
20
-53.6502499999999998
11
155.4286579999999844
21
-53.592846999999999
0
LINE
8
BLACK
6
CONTINUOUS
10
155.4286579999999844
20
-53.592846999999999
11
155.4611739999999998
21
-53.5441839999999942
0
LINE
8
BLACK
6
CONTINUOUS
10
155.4611739999999998
20
-53.5441839999999942
11
155.5098370000000045
21
-53.5116680000000002
0
LINE
8
BLACK
6
CONTINUOUS
10
155.5098370000000045
20
-53.5116680000000002
11
155.5672399999999982
21
-53.5002499999999941
0
LINE
8
BLACK
6
CONTINUOUS
10
155.5672399999999982
20
-53.5002499999999941
11
155.5672399999999982
21
-50.5002500000000012
0
LINE
8
BLACK
6
CONTINUOUS
10
155.5672399999999982
20
-50.5002500000000012
11
155.5098370000000045
21
-50.488831999999995
0
LINE
8
BLACK
6
CONTINUOUS
10
155.5098370000000045
20
-50.488831999999995
11
155.4611739999999998
21
-50.4563160000000011
0
LINE
8
BLACK
6
CONTINUOUS
10
155.4611739999999998
20
-50.4563160000000011
11
155.4286579999999844
21
-50.4076529999999963
0
LINE
8
BLACK
6
CONTINUOUS
10
155.4286579999999844
20
-50.4076529999999963
11
155.4172399999999925
21
-50.3502499999999955
0
LINE
8
BLACK
6
CONTINUOUS
10
155.4172399999999925
20
-50.3502499999999955
11
155.4172399999999925
21
-48.7002499999999969
0
LINE
8
BLACK
6
CONTINUOUS
10
155.4172399999999925
20
-48.7002499999999969
11
155.4286579999999844
21
-48.6428469999999962
0
LINE
8
BLACK
6
CONTINUOUS
10
155.4286579999999844
20
-48.6428469999999962
11
155.4611739999999998
21
-48.5941839999999985
0
LINE
8
BLACK
6
CONTINUOUS
10
155.4611739999999998
20
-48.5941839999999985
11
155.5098370000000045
21
-48.5616679999999974
0
LINE
8
BLACK
6
CONTINUOUS
10
155.5098370000000045
20
-48.5616679999999974
11
155.5672399999999982
21
-48.5502499999999984
0
LINE
8
BLACK
6
CONTINUOUS
10
155.5672399999999982
20
-48.5502499999999984
11
155.8672399999999811
21
-48.5502499999999984
0
LINE
8
BLACK
6
CONTINUOUS
10
155.8672399999999811
20
-48.5502499999999984
11
155.9246430000000032
21
-48.5616679999999974
0
LINE
8
BLACK
6
CONTINUOUS
10
157.194642999999985
20
-48.5616679999999974
11
157.2433059999999898
21
-48.5941839999999985
0
LINE
8
BLACK
6
CONTINUOUS
10
157.2433059999999898
20
-48.5941839999999985
11
157.2758220000000051
21
-48.6428469999999962
0
LINE
8
BLACK
6
CONTINUOUS
10
157.2758220000000051
20
-48.6428469999999962
11
157.2872399999999971
21
-48.7002499999999969
0
LINE
8
BLACK
6
CONTINUOUS
10
157.2872399999999971
20
-48.7002499999999969
11
157.2872399999999971
21
-50.3502499999999955
0
LINE
8
BLACK
6
CONTINUOUS
10
157.2872399999999971
20
-50.3502499999999955
11
157.2758220000000051
21
-50.4076529999999963
0
LINE
8
BLACK
6
CONTINUOUS
10
157.2758220000000051
20
-50.4076529999999963
11
157.2433059999999898
21
-50.4563160000000011
0
LINE
8
BLACK
6
CONTINUOUS
10
157.2433059999999898
20
-50.4563160000000011
11
157.194642999999985
21
-50.488831999999995
0
LINE
8
BLACK
6
CONTINUOUS
10
157.194642999999985
20
-50.488831999999995
11
157.1372399999999914
21
-50.5002500000000012
0
LINE
8
BLACK
6
CONTINUOUS
10
157.1372399999999914
20
-50.5002500000000012
11
157.1372399999999914
21
-53.5002499999999941
0
LINE
8
BLACK
6
CONTINUOUS
10
157.1372399999999914
20
-53.5002499999999941
11
157.194642999999985
21
-53.5116680000000002
0
LINE
8
BLACK
6
CONTINUOUS
10
157.194642999999985
20
-53.5116680000000002
11
157.2433059999999898
21
-53.5441839999999942
0
LINE
8
BLACK
6
CONTINUOUS
10
157.2433059999999898
20
-53.5441839999999942
11
157.2758220000000051
21
-53.592846999999999
0
LINE
8
BLACK
6
CONTINUOUS
10
157.2758220000000051
20
-53.592846999999999
11
157.2872399999999971
21
-53.6502499999999998
0
LINE
8
BLACK
6
CONTINUOUS
10
157.2872399999999971
20
-53.6502499999999998
11
157.2872399999999971
21
-55.3002499999999984
0
LINE
8
BLACK
6
CONTINUOUS
10
157.2872399999999971
20
-55.3002499999999984
11
157.2758220000000051
21
-55.3576529999999991
0
LINE
8
BLACK
6
CONTINUOUS
10
157.2758220000000051
20
-55.3576529999999991
11
157.2433059999999898
21
-55.4063159999999968
0
LINE
8
BLACK
6
CONTINUOUS
10
157.2433059999999898
20
-55.4063159999999968
11
157.194642999999985
21
-55.4388319999999979
0
LINE
8
BLACK
6
CONTINUOUS
10
157.194642999999985
20
-55.4388319999999979
11
157.1372399999999914
21
-55.4502499999999969
0
LINE
8
BLACK
6
CONTINUOUS
10
157.1372399999999914
20
-55.4502499999999969
11
157.1372399999999914
21
-56.4782499999999956
0
LINE
8
BLACK
6
CONTINUOUS
10
157.1372399999999914
20
-56.4782499999999956
11
157.5147399999999891
21
-56.4782499999999956
0
LINE
8
BLACK
6
CONTINUOUS
10
157.5147399999999891
20
-56.4782499999999956
11
157.6056269999999984
21
-56.4963289999999958
0
LINE
8
BLACK
6
CONTINUOUS
10
157.6056269999999984
20
-56.4963289999999958
11
157.6826779999999815
21
-56.5478120000000004
0
LINE
8
BLACK
6
CONTINUOUS
10
157.6826779999999815
20
-56.5478120000000004
11
157.7341610000000003
21
-56.6248629999999977
0
LINE
8
BLACK
6
CONTINUOUS
10
157.7341610000000003
20
-56.6248629999999977
11
157.7522400000000005
21
-56.7157499999999999
0
LINE
8
BLACK
6
CONTINUOUS
10
157.7522400000000005
20
-56.7157499999999999
11
157.7522400000000005
21
-57.1907499999999942
0
LINE
8
BLACK
6
CONTINUOUS
10
157.7522400000000005
20
-57.1907499999999942
11
157.7341610000000003
21
-57.2816369999999964
0
LINE
8
BLACK
6
CONTINUOUS
10
157.7341610000000003
20
-57.2816369999999964
11
157.6826779999999815
21
-57.3586880000000008
0
LINE
8
BLACK
6
CONTINUOUS
10
157.6826779999999815
20
-57.3586880000000008
11
157.6056269999999984
21
-57.4101709999999983
0
LINE
8
BLACK
6
CONTINUOUS
10
157.6056269999999984
20
-57.4101709999999983
11
157.5147399999999891
21
-57.4282499999999985
0
LINE
8
BLACK
6
CONTINUOUS
10
157.5147399999999891
20
-57.4282499999999985
11
157.3647399999999834
21
-57.4282499999999985
0
LINE
8
BLACK
6
CONTINUOUS
10
157.3647399999999834
20
-57.4282499999999985
11
157.3647399999999834
21
-59.44726
0
LINE
8
BLACK
6
CONTINUOUS
10
157.3647399999999834
20
-59.44726
11
157.3618579999999838
21
-59.4765230000000003
0
LINE
8
BLACK
6
CONTINUOUS
10
157.3618579999999838
20
-59.4765230000000003
11
157.339461
21
-59.5305959999999956
0
LINE
8
BLACK
6
CONTINUOUS
10
157.339461
20
-59.5305959999999956
11
157.3362039999999809
21
-59.5345629999999986
0
LINE
8
BLACK
6
CONTINUOUS
10
157.3362039999999809
20
-59.5345629999999986
11
157.3524229999999875
21
-59.5663929999999979
0
LINE
8
BLACK
6
CONTINUOUS
10
157.3524229999999875
20
-59.5663929999999979
11
157.3719999999999857
21
-59.6899999999999977
0
LINE
8
BLACK
6
CONTINUOUS
10
157.3719999999999857
20
-59.6899999999999977
11
157.3524229999999875
21
-59.8136069999999975
0
LINE
8
BLACK
6
CONTINUOUS
10
157.3524229999999875
20
-59.8136069999999975
11
157.2956069999999897
21
-59.9251140000000007
0
LINE
8
BLACK
6
CONTINUOUS
10
157.2956069999999897
20
-59.9251140000000007
11
157.20711399999999
21
-60.0136070000000004
0
LINE
8
BLACK
6
CONTINUOUS
10
157.20711399999999
20
-60.0136070000000004
11
157.0956070000000011
21
-60.0704229999999981
0
LINE
8
BLACK
6
CONTINUOUS
10
157.0956070000000011
20
-60.0704229999999981
11
156.97199999999998
21
-60.0899999999999963
0
LINE
8
BLACK
6
CONTINUOUS
10
156.97199999999998
20
-60.0899999999999963
11
156.8483929999999873
21
-60.0704229999999981
0
LINE
8
BLACK
6
CONTINUOUS
10
156.8483929999999873
20
-60.0704229999999981
11
156.7368859999999984
21
-60.0136070000000004
0
LINE
8
BLACK
6
CONTINUOUS
10
156.7368859999999984
20
-60.0136070000000004
11
156.6483929999999987
21
-59.9251140000000007
0
LINE
8
BLACK
6
CONTINUOUS
10
156.6483929999999987
20
-59.9251140000000007
11
156.5915770000000009
21
-59.8136069999999975
0
LINE
8
BLACK
6
CONTINUOUS
10
156.5915770000000009
20
-59.8136069999999975
11
156.5720000000000027
21
-59.6899999999999977
0
LINE
8
BLACK
6
CONTINUOUS
10
156.5720000000000027
20
-59.6899999999999977
11
156.5915770000000009
21
-59.5663929999999979
0
LINE
8
BLACK
6
CONTINUOUS
10
156.5915770000000009
20
-59.5663929999999979
11
156.6483929999999987
21
-59.4548859999999948
0
LINE
8
BLACK
6
CONTINUOUS
10
156.6483929999999987
20
-59.4548859999999948
11
156.7368859999999984
21
-59.3663929999999951
0
LINE
8
BLACK
6
CONTINUOUS
10
156.7368859999999984
20
-59.3663929999999951
11
156.8483929999999873
21
-59.3095769999999973
0
LINE
8
BLACK
6
CONTINUOUS
10
156.8483929999999873
20
-59.3095769999999973
11
156.97199999999998
21
-59.2899999999999991
0
LINE
8
BLACK
6
CONTINUOUS
10
156.97199999999998
20
-59.2899999999999991
11
157.0647400000000005
21
-59.3046879999999987
0
LINE
8
BLACK
6
CONTINUOUS
10
157.0647400000000005
20
-59.3046879999999987
11
157.0647400000000005
21
-57.4282499999999985
0
LINE
8
BLACK
6
CONTINUOUS
10
157.0647400000000005
20
-57.4282499999999985
11
156.9147399999999948
21
-57.4282499999999985
0
LINE
8
BLACK
6
CONTINUOUS
10
156.9147399999999948
20
-57.4282499999999985
11
156.8238529999999855
21
-57.4101709999999983
0
LINE
8
BLACK
6
CONTINUOUS
10
156.8238529999999855
20
-57.4101709999999983
11
156.7468020000000024
21
-57.3586880000000008
0
LINE
8
BLACK
6
CONTINUOUS
10
156.7468020000000024
20
-57.3586880000000008
11
156.6953189999999836
21
-57.2816369999999964
0
LINE
8
BLACK
6
CONTINUOUS
10
156.6953189999999836
20
-57.2816369999999964
11
156.6772399999999834
21
-57.1907499999999942
0
LINE
8
BLACK
6
CONTINUOUS
10
156.6772399999999834
20
-57.1907499999999942
11
156.6772399999999834
21
-56.7157499999999999
0
LINE
8
BLACK
6
CONTINUOUS
10
156.6772399999999834
20
-56.7157499999999999
11
156.6953189999999836
21
-56.6248629999999977
0
LINE
8
BLACK
6
CONTINUOUS
10
156.6953189999999836
20
-56.6248629999999977
11
156.7468020000000024
21
-56.5478120000000004
0
LINE
8
BLACK
6
CONTINUOUS
10
156.7468020000000024
20
-56.5478120000000004
11
156.8238529999999855
21
-56.4963289999999958
0
LINE
8
BLACK
6
CONTINUOUS
10
156.8238529999999855
20
-56.4963289999999958
11
156.83723999999998
21
-56.4936659999999975
0
LINE
8
BLACK
6
CONTINUOUS
10
156.83723999999998
20
-56.4936659999999975
11
156.83723999999998
21
-55.4502499999999969
0
LINE
8
BLACK
6
CONTINUOUS
10
156.83723999999998
20
-55.4502499999999969
11
156.7798369999999863
21
-55.4388319999999979
0
LINE
8
BLACK
6
CONTINUOUS
10
156.7798369999999863
20
-55.4388319999999979
11
156.7311739999999816
21
-55.4063159999999968
0
LINE
8
BLACK
6
CONTINUOUS
10
156.7311739999999816
20
-55.4063159999999968
11
156.6986579999999947
21
-55.3576529999999991
0
LINE
8
BLACK
6
CONTINUOUS
10
156.6986579999999947
20
-55.3576529999999991
11
156.6872400000000027
21
-55.3002499999999984
0
LINE
8
BLACK
6
CONTINUOUS
10
156.6872400000000027
20
-55.3002499999999984
11
156.6872400000000027
21
-53.6502499999999998
0
LINE
8
BLACK
6
CONTINUOUS
10
156.6872400000000027
20
-53.6502499999999998
11
156.6986579999999947
21
-53.592846999999999
0
LINE
8
BLACK
6
CONTINUOUS
10
156.6986579999999947
20
-53.592846999999999
11
156.7311739999999816
21
-53.5441839999999942
0
LINE
8
BLACK
6
CONTINUOUS
10
156.7311739999999816
20
-53.5441839999999942
11
156.7798369999999863
21
-53.5116680000000002
0
LINE
8
BLACK
6
CONTINUOUS
10
156.7798369999999863
20
-53.5116680000000002
11
156.83723999999998
21
-53.5002499999999941
0
LINE
8
BLACK
6
CONTINUOUS
10
156.83723999999998
20
-53.5002499999999941
11
156.83723999999998
21
-50.5002500000000012
0
LINE
8
BLACK
6
CONTINUOUS
10
156.83723999999998
20
-50.5002500000000012
11
156.7798369999999863
21
-50.488831999999995
0
LINE
8
BLACK
6
CONTINUOUS
10
156.7798369999999863
20
-50.488831999999995
11
156.7311739999999816
21
-50.4563160000000011
0
LINE
8
BLACK
6
CONTINUOUS
10
156.7311739999999816
20
-50.4563160000000011
11
156.6986579999999947
21
-50.4076529999999963
0
LINE
8
BLACK
6
CONTINUOUS
10
156.6986579999999947
20
-50.4076529999999963
11
156.6872400000000027
21
-50.3502499999999955
0
LINE
8
BLACK
6
CONTINUOUS
10
156.6872400000000027
20
-50.3502499999999955
11
156.6872400000000027
21
-48.7002499999999969
0
LINE
8
BLACK
6
CONTINUOUS
10
156.6872400000000027
20
-48.7002499999999969
11
156.6986579999999947
21
-48.6428469999999962
0
LINE
8
BLACK
6
CONTINUOUS
10
156.6986579999999947
20
-48.6428469999999962
11
156.7311739999999816
21
-48.5941839999999985
0
LINE
8
BLACK
6
CONTINUOUS
10
156.7311739999999816
20
-48.5941839999999985
11
156.7798369999999863
21
-48.5616679999999974
0
LINE
8
BLACK
6
CONTINUOUS
10
156.7798369999999863
20
-48.5616679999999974
11
156.83723999999998
21
-48.5502499999999984
0
LINE
8
BLACK
6
CONTINUOUS
10
156.83723999999998
20
-48.5502499999999984
11
157.1372399999999914
21
-48.5502499999999984
0
LINE
8
BLACK
6
CONTINUOUS
10
157.1372399999999914
20
-48.5502499999999984
11
157.194642999999985
21
-48.5616679999999974
0
LINE
8
BLACK
6
CONTINUOUS
10
140.8838350000000048
20
-39.7630890000000008
11
140.9416709999999853
21
-39.8022899999999993
0
LINE
8
BLACK
6
CONTINUOUS
10
140.9416709999999853
20
-39.8022899999999993
11
140.9691329999999994
21
-39.866537000000001
0
LINE
8
BLACK
6
CONTINUOUS
10
140.9691329999999994
20
-39.866537000000001
11
140.9699999999999989
21
-39.8811759999999964
0
LINE
8
BLACK
6
CONTINUOUS
10
140.9699999999999989
20
-39.8811759999999964
11
140.9699999999999989
21
-47.7519999999999953
0
LINE
8
BLACK
6
CONTINUOUS
10
140.9699999999999989
20
-47.7519999999999953
11
142.3514909999999816
21
-47.7519999999999953
0
LINE
8
BLACK
6
CONTINUOUS
10
142.3514909999999816
20
-47.7519999999999953
11
142.4165279999999996
21
-47.7710969999999975
0
LINE
8
BLACK
6
CONTINUOUS
10
142.4165279999999996
20
-47.7710969999999975
11
142.4166409999999985
21
-47.7709019999999995
0
LINE
8
BLACK
6
CONTINUOUS
10
142.4166409999999985
20
-47.7709019999999995
11
142.4174449999999865
21
-47.7713660000000004
0
LINE
8
BLACK
6
CONTINUOUS
10
142.4174449999999865
20
-47.7713660000000004
11
142.4185300000000041
21
-47.771684999999998
0
LINE
8
BLACK
6
CONTINUOUS
10
142.4185300000000041
20
-47.771684999999998
11
142.4214220000000068
21
-47.7736619999999945
0
LINE
8
BLACK
6
CONTINUOUS
10
142.4214220000000068
20
-47.7736619999999945
11
142.4222660000000076
21
-47.7741490000000013
0
LINE
8
BLACK
6
CONTINUOUS
10
142.4222660000000076
20
-47.7741490000000013
11
142.5951919999999973
21
-47.8511419999999958
0
LINE
8
BLACK
6
CONTINUOUS
10
142.5951919999999973
20
-47.8511419999999958
11
142.5951969999999847
21
-47.8511439999999979
0
LINE
8
BLACK
6
CONTINUOUS
10
142.5951969999999847
20
-47.8511439999999979
11
142.7803539999999884
21
-47.8904999999999959
0
LINE
8
BLACK
6
CONTINUOUS
10
142.7803539999999884
20
-47.8904999999999959
11
142.7803549999999859
21
-47.8904999999999959
0
LINE
8
BLACK
6
CONTINUOUS
10
142.7803549999999859
20
-47.8904999999999959
11
142.9696439999999882
21
-47.8904999999999959
0
LINE
8
BLACK
6
CONTINUOUS
10
142.9696439999999882
20
-47.8904999999999959
11
142.9696459999999831
21
-47.8904999999999959
0
LINE
8
BLACK
6
CONTINUOUS
10
142.9696459999999831
20
-47.8904999999999959
11
143.1548029999999869
21
-47.8511439999999979
0
LINE
8
BLACK
6
CONTINUOUS
10
143.1548029999999869
20
-47.8511439999999979
11
143.3277300000000025
21
-47.7741509999999963
0
LINE
8
BLACK
6
CONTINUOUS
10
143.3277300000000025
20
-47.7741509999999963
11
143.3277329999999949
21
-47.7741490000000013
0
LINE
8
BLACK
6
CONTINUOUS
10
143.3277329999999949
20
-47.7741490000000013
11
143.3333590000000015
21
-47.7709019999999995
0
LINE
8
BLACK
6
CONTINUOUS
10
143.3333590000000015
20
-47.7709019999999995
11
143.3343250000000069
21
-47.7725749999999962
0
LINE
8
BLACK
6
CONTINUOUS
10
143.3343250000000069
20
-47.7725749999999962
11
143.3914389999999912
21
-47.7522019999999969
0
LINE
8
BLACK
6
CONTINUOUS
10
143.3914389999999912
20
-47.7522019999999969
11
143.39850899999999
21
-47.7519999999999953
0
LINE
8
BLACK
6
CONTINUOUS
10
143.39850899999999
20
-47.7519999999999953
11
143.6214909999999918
21
-47.7519999999999953
0
LINE
8
BLACK
6
CONTINUOUS
10
143.6214909999999918
20
-47.7519999999999953
11
143.6865279999999814
21
-47.7710969999999975
0
LINE
8
BLACK
6
CONTINUOUS
10
143.6865279999999814
20
-47.7710969999999975
11
143.6866409999999803
21
-47.7709019999999995
0
LINE
8
BLACK
6
CONTINUOUS
10
143.6866409999999803
20
-47.7709019999999995
11
143.6874449999999968
21
-47.7713660000000004
0
LINE
8
BLACK
6
CONTINUOUS
10
143.6874449999999968
20
-47.7713660000000004
11
143.6885299999999859
21
-47.771684999999998
0
LINE
8
BLACK
6
CONTINUOUS
10
143.6885299999999859
20
-47.771684999999998
11
143.6914219999999887
21
-47.7736619999999945
0
LINE
8
BLACK
6
CONTINUOUS
10
143.6914219999999887
20
-47.7736619999999945
11
143.6922659999999894
21
-47.7741490000000013
0
LINE
8
BLACK
6
CONTINUOUS
10
143.6922659999999894
20
-47.7741490000000013
11
143.8651920000000075
21
-47.8511419999999958
0
LINE
8
BLACK
6
CONTINUOUS
10
143.8651920000000075
20
-47.8511419999999958
11
143.8651969999999949
21
-47.8511439999999979
0
LINE
8
BLACK
6
CONTINUOUS
10
143.8651969999999949
20
-47.8511439999999979
11
144.0503539999999987
21
-47.8904999999999959
0
LINE
8
BLACK
6
CONTINUOUS
10
144.0503539999999987
20
-47.8904999999999959
11
144.0503549999999962
21
-47.8904999999999959
0
LINE
8
BLACK
6
CONTINUOUS
10
144.0503549999999962
20
-47.8904999999999959
11
144.2461449999999843
21
-47.8904999999999959
0
LINE
8
BLACK
6
CONTINUOUS
10
144.2461449999999843
20
-47.8904999999999959
11
144.2461449999999843
21
-47.8930269999999965
0
LINE
8
BLACK
6
CONTINUOUS
10
144.2461449999999843
20
-47.8930269999999965
11
144.3037199999999984
21
-47.9035480000000007
0
LINE
8
BLACK
6
CONTINUOUS
10
144.3037199999999984
20
-47.9035480000000007
11
144.3063860000000034
21
-47.9049309999999977
0
LINE
8
BLACK
6
CONTINUOUS
10
144.3063860000000034
20
-47.9049309999999977
11
144.3248020000000054
21
-47.9147740000000013
0
LINE
8
BLACK
6
CONTINUOUS
10
144.3248020000000054
20
-47.9147740000000013
11
144.345010000000002
21
-47.9282770000000014
0
LINE
8
BLACK
6
CONTINUOUS
10
144.345010000000002
20
-47.9282770000000014
11
144.4776659999999993
21
-48.0371449999999953
0
LINE
8
BLACK
6
CONTINUOUS
10
144.4776659999999993
20
-48.0371449999999953
11
144.4948540000000037
21
-48.0543329999999997
0
LINE
8
BLACK
6
CONTINUOUS
10
144.4948540000000037
20
-48.0543329999999997
11
144.6037220000000048
21
-48.186988999999997
0
LINE
8
BLACK
6
CONTINUOUS
10
144.6037220000000048
20
-48.186988999999997
11
144.6172269999999855
21
-48.2072009999999977
0
LINE
8
BLACK
6
CONTINUOUS
10
144.6172269999999855
20
-48.2072009999999977
11
144.6981209999999862
21
-48.3585429999999974
0
LINE
8
BLACK
6
CONTINUOUS
10
144.6981209999999862
20
-48.3585429999999974
11
144.7074240000000032
21
-48.3810009999999977
0
LINE
8
BLACK
6
CONTINUOUS
10
144.7074240000000032
20
-48.3810009999999977
11
144.7572399999999959
21
-48.5452239999999975
0
LINE
8
BLACK
6
CONTINUOUS
10
144.7572399999999959
20
-48.5452239999999975
11
144.7619819999999891
21
-48.5690649999999948
0
LINE
8
BLACK
6
CONTINUOUS
10
144.7619819999999891
20
-48.5690649999999948
11
144.7794030000000021
21
-48.7459379999999953
0
LINE
8
BLACK
6
CONTINUOUS
10
144.7794030000000021
20
-48.7459379999999953
11
144.7800000000000011
21
-48.7580919999999978
0
LINE
8
BLACK
6
CONTINUOUS
10
144.7800000000000011
20
-48.7580919999999978
11
144.7800000000000011
21
-52.1969999999999956
0
LINE
8
BLACK
6
CONTINUOUS
10
144.7800000000000011
20
-52.1969999999999956
11
148.2189070000000015
21
-52.1969999999999956
0
LINE
8
BLACK
6
CONTINUOUS
10
148.2189070000000015
20
-52.1969999999999956
11
148.2310609999999826
21
-52.1975969999999947
0
LINE
8
BLACK
6
CONTINUOUS
10
148.2310609999999826
20
-52.1975969999999947
11
148.4079409999999939
21
-52.2150180000000006
0
LINE
8
BLACK
6
CONTINUOUS
10
148.4079409999999939
20
-52.2150180000000006
11
148.4317690000000027
21
-52.2197569999999942
0
LINE
8
BLACK
6
CONTINUOUS
10
148.4317690000000027
20
-52.2197569999999942
11
148.5960010000000011
21
-52.2695760000000007
0
LINE
8
BLACK
6
CONTINUOUS
10
148.5960010000000011
20
-52.2695760000000007
11
148.6184529999999882
21
-52.2788769999999943
0
LINE
8
BLACK
6
CONTINUOUS
10
148.6184529999999882
20
-52.2788769999999943
11
148.7697979999999802
21
-52.3597719999999995
0
LINE
8
BLACK
6
CONTINUOUS
10
148.7697979999999802
20
-52.3597719999999995
11
148.7900099999999952
21
-52.3732769999999945
0
LINE
8
BLACK
6
CONTINUOUS
10
148.7900099999999952
20
-52.3732769999999945
11
148.9226659999999924
21
-52.4821449999999956
0
LINE
8
BLACK
6
CONTINUOUS
10
148.9226659999999924
20
-52.4821449999999956
11
148.9398539999999969
21
-52.499333
0
LINE
8
BLACK
6
CONTINUOUS
10
148.9398539999999969
20
-52.499333
11
149.0487219999999979
21
-52.6319889999999972
0
LINE
8
BLACK
6
CONTINUOUS
10
149.0487219999999979
20
-52.6319889999999972
11
149.0622270000000071
21
-52.652200999999998
0
LINE
8
BLACK
6
CONTINUOUS
10
149.0622270000000071
20
-52.652200999999998
11
149.1431209999999794
21
-52.8035429999999977
0
LINE
8
BLACK
6
CONTINUOUS
10
149.1431209999999794
20
-52.8035429999999977
11
149.1524239999999963
21
-52.826000999999998
0
LINE
8
BLACK
6
CONTINUOUS
10
149.1524239999999963
20
-52.826000999999998
11
149.2022399999999891
21
-52.9902239999999978
0
LINE
8
BLACK
6
CONTINUOUS
10
149.2022399999999891
20
-52.9902239999999978
11
149.2069819999999822
21
-53.0140649999999951
0
LINE
8
BLACK
6
CONTINUOUS
10
149.2069819999999822
20
-53.0140649999999951
11
149.2244029999999952
21
-53.1909379999999956
0
LINE
8
BLACK
6
CONTINUOUS
10
149.2244029999999952
20
-53.1909379999999956
11
149.2249999999999943
21
-53.2030919999999981
0
LINE
8
BLACK
6
CONTINUOUS
10
149.2249999999999943
20
-53.2030919999999981
11
149.2249999999999943
21
-54.6099999999999994
0
LINE
8
BLACK
6
CONTINUOUS
10
149.2249999999999943
20
-54.6099999999999994
11
149.7090000000000032
21
-54.6099999999999994
0
LINE
8
BLACK
6
CONTINUOUS
10
149.7090000000000032
20
-54.6099999999999994
11
149.7090000000000032
21
-54.4732489999999956
0
LINE
8
BLACK
6
CONTINUOUS
10
149.7090000000000032
20
-54.4732489999999956
11
149.7280299999999897
21
-54.3775789999999972
0
LINE
8
BLACK
6
CONTINUOUS
10
149.7280299999999897
20
-54.3775789999999972
11
149.7822229999999877
21
-54.2964729999999989
0
LINE
8
BLACK
6
CONTINUOUS
10
149.7822229999999877
20
-54.2964729999999989
11
149.8633289999999931
21
-54.2422800000000009
0
LINE
8
BLACK
6
CONTINUOUS
10
149.8633289999999931
20
-54.2422800000000009
11
149.9590000000000032
21
-54.2232509999999976
0
LINE
8
BLACK
6
CONTINUOUS
10
149.9590000000000032
20
-54.2232509999999976
11
151.2839999999999918
21
-54.2232500000000002
0
LINE
8
BLACK
6
CONTINUOUS
10
151.2839999999999918
20
-54.2232500000000002
11
151.2839999999999918
21
-52.7049999999999983
0
LINE
8
BLACK
6
CONTINUOUS
10
151.2839999999999918
20
-52.7049999999999983
11
151.2859210000000019
21
-52.685490999999999
0
LINE
8
BLACK
6
CONTINUOUS
10
151.2859210000000019
20
-52.685490999999999
11
151.3008529999999894
21
-52.649442999999998
0
LINE
8
BLACK
6
CONTINUOUS
10
151.3008529999999894
20
-52.649442999999998
11
151.3132889999999975
21
-52.6342889999999954
0
LINE
8
BLACK
6
CONTINUOUS
10
151.3132889999999975
20
-52.6342889999999954
11
151.6942889999999977
21
-52.2532899999999998
0
LINE
8
BLACK
6
CONTINUOUS
10
151.6942889999999977
20
-52.2532899999999998
11
151.7094419999999957
21
-52.2408529999999942
0
LINE
8
BLACK
6
CONTINUOUS
10
151.7094419999999957
20
-52.2408529999999942
11
151.7199999999999989
21
-52.2364789999999957
0
LINE
8
BLACK
6
CONTINUOUS
10
151.7199999999999989
20
-52.2364789999999957
11
151.745490999999987
21
-52.2259209999999996
0
LINE
8
BLACK
6
CONTINUOUS
10
151.745490999999987
20
-52.2259209999999996
11
151.7649999999999864
21
-52.2239999999999966
0
LINE
8
BLACK
6
CONTINUOUS
10
151.7649999999999864
20
-52.2239999999999966
11
154.0509999999999877
21
-52.2239999999999966
0
LINE
8
BLACK
6
CONTINUOUS
10
154.0509999999999877
20
-52.2239999999999966
11
154.0705089999999871
21
-52.2259209999999996
0
LINE
8
BLACK
6
CONTINUOUS
10
154.0705089999999871
20
-52.2259209999999996
11
154.1065569999999809
21
-52.2408529999999942
0
LINE
8
BLACK
6
CONTINUOUS
10
154.1065569999999809
20
-52.2408529999999942
11
154.1217110000000048
21
-52.2532889999999952
0
LINE
8
BLACK
6
CONTINUOUS
10
154.1217110000000048
20
-52.2532889999999952
11
154.5179509999999823
21
-52.6495290000000011
0
LINE
8
BLACK
6
CONTINUOUS
10
154.5179509999999823
20
-52.6495290000000011
11
154.5303869999999904
21
-52.6646829999999966
0
LINE
8
BLACK
6
CONTINUOUS
10
154.5303869999999904
20
-52.6646829999999966
11
154.5453190000000063
21
-52.7007309999999976
0
LINE
8
BLACK
6
CONTINUOUS
10
154.5453190000000063
20
-52.7007309999999976
11
154.547239999999988
21
-52.7202399999999969
0
LINE
8
BLACK
6
CONTINUOUS
10
154.547239999999988
20
-52.7202399999999969
11
154.547239999999988
21
-53.5002499999999941
0
LINE
8
BLACK
6
CONTINUOUS
10
154.547239999999988
20
-53.5002499999999941
11
154.5972399999999993
21
-53.5002499999999941
0
LINE
8
BLACK
6
CONTINUOUS
10
154.5972399999999993
20
-53.5002499999999941
11
154.654642999999993
21
-53.5116680000000002
0
LINE
8
BLACK
6
CONTINUOUS
10
154.654642999999993
20
-53.5116680000000002
11
154.7033059999999978
21
-53.5441839999999942
0
LINE
8
BLACK
6
CONTINUOUS
10
154.7033059999999978
20
-53.5441839999999942
11
154.7358219999999847
21
-53.592846999999999
0
LINE
8
BLACK
6
CONTINUOUS
10
154.7358219999999847
20
-53.592846999999999
11
154.747240000000005
21
-53.6502499999999998
0
LINE
8
BLACK
6
CONTINUOUS
10
154.747240000000005
20
-53.6502499999999998
11
154.747240000000005
21
-55.3002499999999984
0
LINE
8
BLACK
6
CONTINUOUS
10
154.747240000000005
20
-55.3002499999999984
11
154.7358219999999847
21
-55.3576529999999991
0
LINE
8
BLACK
6
CONTINUOUS
10
154.7358219999999847
20
-55.3576529999999991
11
154.7033059999999978
21
-55.4063159999999968
0
LINE
8
BLACK
6
CONTINUOUS
10
154.7033059999999978
20
-55.4063159999999968
11
154.654642999999993
21
-55.4388319999999979
0
LINE
8
BLACK
6
CONTINUOUS
10
154.654642999999993
20
-55.4388319999999979
11
154.5972399999999993
21
-55.4502499999999969
0
LINE
8
BLACK
6
CONTINUOUS
10
154.5972399999999993
20
-55.4502499999999969
11
154.297239999999988
21
-55.4502499999999969
0
LINE
8
BLACK
6
CONTINUOUS
10
154.297239999999988
20
-55.4502499999999969
11
154.2398369999999943
21
-55.4388319999999979
0
LINE
8
BLACK
6
CONTINUOUS
10
154.2398369999999943
20
-55.4388319999999979
11
154.1911739999999895
21
-55.4063159999999968
0
LINE
8
BLACK
6
CONTINUOUS
10
154.1911739999999895
20
-55.4063159999999968
11
154.1586580000000026
21
-55.3576529999999991
0
LINE
8
BLACK
6
CONTINUOUS
10
154.1586580000000026
20
-55.3576529999999991
11
154.1472399999999823
21
-55.3002499999999984
0
LINE
8
BLACK
6
CONTINUOUS
10
154.1472399999999823
20
-55.3002499999999984
11
154.1472399999999823
21
-53.6502499999999998
0
LINE
8
BLACK
6
CONTINUOUS
10
154.1472399999999823
20
-53.6502499999999998
11
154.1586580000000026
21
-53.592846999999999
0
LINE
8
BLACK
6
CONTINUOUS
10
154.1586580000000026
20
-53.592846999999999
11
154.1911739999999895
21
-53.5441839999999942
0
LINE
8
BLACK
6
CONTINUOUS
10
154.1911739999999895
20
-53.5441839999999942
11
154.2398369999999943
21
-53.5116680000000002
0
LINE
8
BLACK
6
CONTINUOUS
10
154.2398369999999943
20
-53.5116680000000002
11
154.297239999999988
21
-53.5002499999999941
0
LINE
8
BLACK
6
CONTINUOUS
10
154.297239999999988
20
-53.5002499999999941
11
154.3472399999999993
21
-53.5002499999999941
0
LINE
8
BLACK
6
CONTINUOUS
10
154.3472399999999993
20
-53.5002499999999941
11
154.3472399999999993
21
-52.7616619999999941
0
LINE
8
BLACK
6
CONTINUOUS
10
154.3472399999999993
20
-52.7616619999999941
11
154.0095780000000047
21
-52.4239999999999995
0
LINE
8
BLACK
6
CONTINUOUS
10
154.0095780000000047
20
-52.4239999999999995
11
151.8064210000000003
21
-52.4239999999999995
0
LINE
8
BLACK
6
CONTINUOUS
10
151.8064210000000003
20
-52.4239999999999995
11
151.4839999999999804
21
-52.746420999999998
0
LINE
8
BLACK
6
CONTINUOUS
10
151.4839999999999804
20
-52.746420999999998
11
151.4839999999999804
21
-54.2232500000000002
0
LINE
8
BLACK
6
CONTINUOUS
10
151.4839999999999804
20
-54.2232500000000002
11
152.809000999999995
21
-54.2232500000000002
0
LINE
8
BLACK
6
CONTINUOUS
10
152.809000999999995
20
-54.2232500000000002
11
152.9046709999999791
21
-54.2422800000000009
0
LINE
8
BLACK
6
CONTINUOUS
10
152.9046709999999791
20
-54.2422800000000009
11
152.9857769999999846
21
-54.2964729999999989
0
LINE
8
BLACK
6
CONTINUOUS
10
152.9857769999999846
20
-54.2964729999999989
11
153.0399699999999825
21
-54.3775789999999972
0
LINE
8
BLACK
6
CONTINUOUS
10
153.0399699999999825
20
-54.3775789999999972
11
153.058999
21
-54.4732500000000002
0
LINE
8
BLACK
6
CONTINUOUS
10
153.058999
20
-54.4732500000000002
11
153.058999
21
-54.6900309999999976
0
LINE
8
BLACK
6
CONTINUOUS
10
153.058999
20
-54.6900309999999976
11
153.0634529999999813
21
-54.6918769999999981
0
LINE
8
BLACK
6
CONTINUOUS
10
153.0634529999999813
20
-54.6918769999999981
11
153.2147980000000018
21
-54.7727719999999962
0
LINE
8
BLACK
6
CONTINUOUS
10
153.2147980000000018
20
-54.7727719999999962
11
153.2350099999999884
21
-54.7862769999999983
0
LINE
8
BLACK
6
CONTINUOUS
10
153.2350099999999884
20
-54.7862769999999983
11
153.3676659999999856
21
-54.8951449999999994
0
LINE
8
BLACK
6
CONTINUOUS
10
153.3676659999999856
20
-54.8951449999999994
11
153.38485399999999
21
-54.9123329999999967
0
LINE
8
BLACK
6
CONTINUOUS
10
153.38485399999999
20
-54.9123329999999967
11
153.4937219999999911
21
-55.0449890000000011
0
LINE
8
BLACK
6
CONTINUOUS
10
153.4937219999999911
20
-55.0449890000000011
11
153.5072270000000003
21
-55.0652009999999947
0
LINE
8
BLACK
6
CONTINUOUS
10
153.5072270000000003
20
-55.0652009999999947
11
153.588121000000001
21
-55.2165429999999944
0
LINE
8
BLACK
6
CONTINUOUS
10
153.588121000000001
20
-55.2165429999999944
11
153.5974239999999895
21
-55.2390009999999947
0
LINE
8
BLACK
6
CONTINUOUS
10
153.5974239999999895
20
-55.2390009999999947
11
153.6472399999999823
21
-55.4032239999999945
0
LINE
8
BLACK
6
CONTINUOUS
10
153.6472399999999823
20
-55.4032239999999945
11
153.6519820000000038
21
-55.4270649999999989
0
LINE
8
BLACK
6
CONTINUOUS
10
153.6519820000000038
20
-55.4270649999999989
11
153.6694029999999884
21
-55.6039379999999994
0
LINE
8
BLACK
6
CONTINUOUS
10
153.6694029999999884
20
-55.6039379999999994
11
153.6699999999999875
21
-55.6160919999999948
0
LINE
8
BLACK
6
CONTINUOUS
10
153.6699999999999875
20
-55.6160919999999948
11
153.6699999999999875
21
-56.6457319999999953
0
LINE
8
BLACK
6
CONTINUOUS
10
153.6699999999999875
20
-56.6457319999999953
11
153.669398000000001
21
-56.6579339999999974
0
LINE
8
BLACK
6
CONTINUOUS
10
153.669398000000001
20
-56.6579339999999974
11
153.6518409999999903
21
-56.8354889999999955
0
LINE
8
BLACK
6
CONTINUOUS
10
153.6518409999999903
20
-56.8354889999999955
11
153.6470620000000054
21
-56.8594189999999955
0
LINE
8
BLACK
6
CONTINUOUS
10
153.6470620000000054
20
-56.8594189999999955
11
153.5968649999999798
21
-57.0242149999999981
0
LINE
8
BLACK
6
CONTINUOUS
10
153.5968649999999798
20
-57.0242149999999981
11
153.5874919999999975
21
-57.0467459999999988
0
LINE
8
BLACK
6
CONTINUOUS
10
153.5874919999999975
20
-57.0467459999999988
11
153.5059889999999996
21
-57.1985249999999965
0
LINE
8
BLACK
6
CONTINUOUS
10
153.5059889999999996
20
-57.1985249999999965
11
153.4923849999999845
21
-57.2187839999999994
0
LINE
8
BLACK
6
CONTINUOUS
10
153.4923849999999845
20
-57.2187839999999994
11
153.3827369999999917
21
-57.3516619999999975
0
LINE
8
BLACK
6
CONTINUOUS
10
153.3827369999999917
20
-57.3516619999999975
11
153.3654279999999801
21
-57.368863999999995
0
LINE
8
BLACK
6
CONTINUOUS
10
153.3654279999999801
20
-57.368863999999995
11
153.2318809999999871
21
-57.4776939999999996
0
LINE
8
BLACK
6
CONTINUOUS
10
153.2318809999999871
20
-57.4776939999999996
11
153.2115389999999877
21
-57.4911740000000009
0
LINE
8
BLACK
6
CONTINUOUS
10
153.2115389999999877
20
-57.4911740000000009
11
153.0592629999999872
21
-57.5717429999999979
0
LINE
8
BLACK
6
CONTINUOUS
10
153.0592629999999872
20
-57.5717429999999979
11
153.0366759999999999
21
-57.5809769999999972
0
LINE
8
BLACK
6
CONTINUOUS
10
153.0366759999999999
20
-57.5809769999999972
11
152.871577000000002
21
-57.630162999999996
0
LINE
8
BLACK
6
CONTINUOUS
10
152.871577000000002
20
-57.630162999999996
11
152.8476159999999879
21
-57.6347959999999944
0
LINE
8
BLACK
6
CONTINUOUS
10
152.8476159999999879
20
-57.6347959999999944
11
152.6699539999999899
21
-57.6512619999999956
0
LINE
8
BLACK
6
CONTINUOUS
10
152.6699539999999899
20
-57.6512619999999956
11
152.657749999999993
21
-57.6517890000000008
0
LINE
8
BLACK
6
CONTINUOUS
10
152.657749999999993
20
-57.6517890000000008
11
141.0582389999999862
21
-57.5806259999999952
0
LINE
8
BLACK
6
CONTINUOUS
10
141.0582389999999862
20
-57.5806259999999952
11
133.4171230000000037
21
-57.5337479999999957
0
LINE
8
BLACK
6
CONTINUOUS
10
133.4171230000000037
20
-57.5337479999999957
11
133.4042680000000018
21
-57.5329999999999941
0
LINE
8
BLACK
6
CONTINUOUS
10
133.4042680000000018
20
-57.5329999999999941
11
133.2172129999999868
21
-57.5123180000000005
0
LINE
8
BLACK
6
CONTINUOUS
10
133.2172129999999868
20
-57.5123180000000005
11
133.1920629999999903
21
-57.50685
0
LINE
8
BLACK
6
CONTINUOUS
10
133.1920629999999903
20
-57.50685
11
133.1035109999999975
21
-57.4776939999999996
0
LINE
8
BLACK
6
CONTINUOUS
10
133.1035109999999975
20
-57.4776939999999996
11
133.0194709999999816
21
-57.4500229999999945
0
LINE
8
BLACK
6
CONTINUOUS
10
133.0194709999999816
20
-57.4500229999999945
11
132.9959889999999803
21
-57.439477999999994
0
LINE
8
BLACK
6
CONTINUOUS
10
132.9959889999999803
20
-57.439477999999994
11
132.8388459999999895
21
-57.3482389999999995
0
LINE
8
BLACK
6
CONTINUOUS
10
132.8388459999999895
20
-57.3482389999999995
11
132.8180470000000071
21
-57.3330739999999963
0
LINE
8
BLACK
6
CONTINUOUS
10
132.8180470000000071
20
-57.3330739999999963
11
132.6913600000000031
21
-57.2187839999999994
0
LINE
8
BLACK
6
CONTINUOUS
10
132.6913600000000031
20
-57.2187839999999994
11
132.6783059999999921
21
-57.2070069999999973
0
LINE
8
BLACK
6
CONTINUOUS
10
132.6783059999999921
20
-57.2070069999999973
11
132.669212999999985
21
-57.1979029999999966
0
LINE
8
BLACK
6
CONTINUOUS
10
132.669212999999985
20
-57.1979029999999966
11
131.2455829999999821
21
-55.6160919999999948
0
LINE
8
BLACK
6
CONTINUOUS
10
131.2455829999999821
20
-55.6160919999999948
11
129.8379419999999982
21
-54.0520449999999997
0
LINE
8
BLACK
6
CONTINUOUS
10
129.8379419999999982
20
-54.0520449999999997
11
129.8379359999999849
21
-54.0520390000000006
0
LINE
8
BLACK
6
CONTINUOUS
10
129.8379359999999849
20
-54.0520390000000006
11
129.837931999999995
21
-54.0520349999999965
0
LINE
8
BLACK
6
CONTINUOUS
10
129.837931999999995
20
-54.0520349999999965
11
129.8379290000000026
21
-54.052031999999997
0
LINE
8
BLACK
6
CONTINUOUS
10
129.8379290000000026
20
-54.052031999999997
11
129.539999999999992
21
-53.7209999999999965
0
LINE
8
BLACK
6
CONTINUOUS
10
129.539999999999992
20
-53.7209999999999965
11
129.0946439999999882
21
-53.7209999999999965
0
LINE
8
BLACK
6
CONTINUOUS
10
129.0946439999999882
20
-53.7209999999999965
11
122.2380659999999892
21
-53.7209999999999965
0
LINE
8
BLACK
6
CONTINUOUS
10
122.2380659999999892
20
-53.7209999999999965
11
122.1710269999999952
21
-53.701315000000001
0
LINE
8
BLACK
6
CONTINUOUS
10
122.1710269999999952
20
-53.701315000000001
11
122.1252719999999954
21
-53.6485109999999992
0
LINE
8
BLACK
6
CONTINUOUS
10
122.1252719999999954
20
-53.6485109999999992
11
122.115327999999991
21
-53.5793529999999976
0
LINE
8
BLACK
6
CONTINUOUS
10
122.115327999999991
20
-53.5793529999999976
11
122.1342409999999887
21
-53.5292029999999954
0
LINE
8
BLACK
6
CONTINUOUS
10
122.1342409999999887
20
-53.5292029999999954
11
122.3471890000000002
21
-53.2030919999999981
0
LINE
8
BLACK
6
CONTINUOUS
10
122.3471890000000002
20
-53.2030919999999981
11
122.5846829999999983
21
-52.8393909999999991
0
LINE
8
BLACK
6
CONTINUOUS
10
122.5846829999999983
20
-52.8393909999999991
11
122.587032999999991
21
-52.835924999999996
0
LINE
8
BLACK
6
CONTINUOUS
10
122.587032999999991
20
-52.835924999999996
11
123.2357449999999943
21
-51.9142439999999965
0
LINE
8
BLACK
6
CONTINUOUS
10
123.2357449999999943
20
-51.9142439999999965
11
123.2382409999999879
21
-51.9108260000000001
0
LINE
8
BLACK
6
CONTINUOUS
10
123.2382409999999879
20
-51.9108260000000001
11
123.9186429999999888
21
-51.012285999999996
0
LINE
8
BLACK
6
CONTINUOUS
10
123.9186429999999888
20
-51.012285999999996
11
123.9212479999999914
21
-51.0089669999999984
0
LINE
8
BLACK
6
CONTINUOUS
10
123.9212479999999914
20
-51.0089669999999984
11
124.6324879999999951
21
-50.1346950000000007
0
LINE
8
BLACK
6
CONTINUOUS
10
124.6324879999999951
20
-50.1346950000000007
11
124.6352619999999973
21
-50.1314039999999963
0
LINE
8
BLACK
6
CONTINUOUS
10
124.6352619999999973
20
-50.1314039999999963
11
124.7292539999999974
21
-50.0237499999999997
0
LINE
8
BLACK
6
CONTINUOUS
10
124.7292539999999974
20
-50.0237499999999997
11
125.3765149999999977
21
-49.2824090000000012
0
LINE
8
BLACK
6
CONTINUOUS
10
125.3765149999999977
20
-49.2824090000000012
11
125.3793469999999957
21
-49.2792770000000004
0
LINE
8
BLACK
6
CONTINUOUS
10
125.3793469999999957
20
-49.2792770000000004
11
126.1497150000000005
21
-48.4565899999999985
0
LINE
8
BLACK
6
CONTINUOUS
10
126.1497150000000005
20
-48.4565899999999985
11
126.1526589999999999
21
-48.4535539999999969
0
LINE
8
BLACK
6
CONTINUOUS
10
126.1526589999999999
20
-48.4535539999999969
11
126.9512059999999991
21
-47.6581759999999974
0
LINE
8
BLACK
6
CONTINUOUS
10
126.9512059999999991
20
-47.6581759999999974
11
126.9542609999999883
21
-47.6552369999999996
0
LINE
8
BLACK
6
CONTINUOUS
10
126.9542609999999883
20
-47.6552369999999996
11
127.7799779999999998
21
-46.8881719999999973
0
LINE
8
BLACK
6
CONTINUOUS
10
127.7799779999999998
20
-46.8881719999999973
11
127.783141999999998
21
-46.8853329999999957
0
LINE
8
BLACK
6
CONTINUOUS
10
127.783141999999998
20
-46.8853329999999957
11
128.6350909999999885
21
-46.1474489999999946
0
LINE
8
BLACK
6
CONTINUOUS
10
128.6350909999999885
20
-46.1474489999999946
11
128.6383519999999976
21
-46.144722999999999
0
LINE
8
BLACK
6
CONTINUOUS
10
128.6383519999999976
20
-46.144722999999999
11
129.5154330000000016
21
-45.4369749999999968
0
LINE
8
BLACK
6
CONTINUOUS
10
129.5154330000000016
20
-45.4369749999999968
11
129.5188300000000083
21
-45.4343310000000002
0
LINE
8
BLACK
6
CONTINUOUS
10
129.5188300000000083
20
-45.4343310000000002
11
130.4200329999999894
21
-44.7575319999999977
0
LINE
8
BLACK
6
CONTINUOUS
10
130.4200329999999894
20
-44.7575319999999977
11
130.4234590000000082
21
-44.7550509999999946
0
LINE
8
BLACK
6
CONTINUOUS
10
130.4234590000000082
20
-44.7550509999999946
11
131.3476990000000058
21
-44.1100190000000012
0
LINE
8
BLACK
6
CONTINUOUS
10
131.3476990000000058
20
-44.1100190000000012
11
131.3511780000000044
21
-44.1076789999999974
0
LINE
8
BLACK
6
CONTINUOUS
10
131.3511780000000044
20
-44.1076789999999974
11
132.2973580000000027
21
-43.4951819999999998
0
LINE
8
BLACK
6
CONTINUOUS
10
132.2973580000000027
20
-43.4951819999999998
11
132.3009720000000016
21
-43.4929330000000007
0
LINE
8
BLACK
6
CONTINUOUS
10
132.3009720000000016
20
-43.4929330000000007
11
133.2678099999999972
21
-42.9137979999999999
0
LINE
8
BLACK
6
CONTINUOUS
10
133.2678099999999972
20
-42.9137979999999999
11
133.2714890000000025
21
-42.9116810000000015
0
LINE
8
BLACK
6
CONTINUOUS
10
133.2714890000000025
20
-42.9116810000000015
11
134.257930999999985
21
-42.3665379999999985
0
LINE
8
BLACK
6
CONTINUOUS
10
134.257930999999985
20
-42.3665379999999985
11
134.2616919999999823
21
-42.3645429999999976
0
LINE
8
BLACK
6
CONTINUOUS
10
134.2616919999999823
20
-42.3645429999999976
11
135.2665529999999876
21
-41.8540489999999963
0
LINE
8
BLACK
6
CONTINUOUS
10
135.2665529999999876
20
-41.8540489999999963
11
135.2703089999999975
21
-41.8522229999999951
0
LINE
8
BLACK
6
CONTINUOUS
10
135.2703089999999975
20
-41.8522229999999951
11
136.2923159999999996
21
-41.3770279999999957
0
LINE
8
BLACK
6
CONTINUOUS
10
136.2923159999999996
20
-41.3770279999999957
11
136.2961760000000027
21
-41.3753139999999959
0
LINE
8
BLACK
6
CONTINUOUS
10
136.2961760000000027
20
-41.3753139999999959
11
137.3341159999999945
21
-40.9359779999999986
0
LINE
8
BLACK
6
CONTINUOUS
10
137.3341159999999945
20
-40.9359779999999986
11
137.3380679999999927
21
-40.9343859999999964
0
LINE
8
BLACK
6
CONTINUOUS
10
137.3380679999999927
20
-40.9343859999999964
11
138.3906089999999836
21
-40.5314739999999958
0
LINE
8
BLACK
6
CONTINUOUS
10
138.3906089999999836
20
-40.5314739999999958
11
138.3946179999999799
21
-40.5300189999999958
0
LINE
8
BLACK
6
CONTINUOUS
10
138.3946179999999799
20
-40.5300189999999958
11
139.4605799999999931
21
-40.1639789999999977
0
LINE
8
BLACK
6
CONTINUOUS
10
139.4605799999999931
20
-40.1639789999999977
11
139.4645930000000078
21
-40.1626779999999997
0
LINE
8
BLACK
6
CONTINUOUS
10
139.4645930000000078
20
-40.1626779999999997
11
140.5426909999999907
21
-39.8339560000000006
0
LINE
8
BLACK
6
CONTINUOUS
10
140.5426909999999907
20
-39.8339560000000006
11
140.5467339999999865
21
-39.8327999999999989
0
LINE
8
BLACK
6
CONTINUOUS
10
140.5467339999999865
20
-39.8327999999999989
11
140.8139859999999999
21
-39.7613799999999955
0
LINE
8
BLACK
6
CONTINUOUS
10
140.8139859999999999
20
-39.7613799999999955
11
140.8838350000000048
21
-39.7630890000000008
0
LINE
8
BLACK
6
CONTINUOUS
10
160.1436070000000029
20
-56.1345770000000002
11
160.2551139999999918
21
-56.1913929999999979
0
LINE
8
BLACK
6
CONTINUOUS
10
160.2551139999999918
20
-56.1913929999999979
11
160.3436069999999916
21
-56.2798859999999976
0
LINE
8
BLACK
6
CONTINUOUS
10
160.3436069999999916
20
-56.2798859999999976
11
160.4004229999999893
21
-56.3913930000000008
0
LINE
8
BLACK
6
CONTINUOUS
10
160.4004229999999893
20
-56.3913930000000008
11
160.4199999999999875
21
-56.5150000000000006
0
LINE
8
BLACK
6
CONTINUOUS
10
160.4199999999999875
20
-56.5150000000000006
11
160.4004229999999893
21
-56.6386070000000004
0
LINE
8
BLACK
6
CONTINUOUS
10
160.4004229999999893
20
-56.6386070000000004
11
160.3436069999999916
21
-56.7501139999999964
0
LINE
8
BLACK
6
CONTINUOUS
10
160.3436069999999916
20
-56.7501139999999964
11
160.2551139999999918
21
-56.8386069999999961
0
LINE
8
BLACK
6
CONTINUOUS
10
160.2551139999999918
20
-56.8386069999999961
11
160.1436070000000029
21
-56.895423000000001
0
LINE
8
BLACK
6
CONTINUOUS
10
160.1436070000000029
20
-56.895423000000001
11
160.0199999999999818
21
-56.9149999999999991
0
LINE
8
BLACK
6
CONTINUOUS
10
160.0199999999999818
20
-56.9149999999999991
11
159.8963929999999891
21
-56.895423000000001
0
LINE
8
BLACK
6
CONTINUOUS
10
159.8963929999999891
20
-56.895423000000001
11
159.7848860000000002
21
-56.8386069999999961
0
LINE
8
BLACK
6
CONTINUOUS
10
159.7848860000000002
20
-56.8386069999999961
11
159.6963930000000005
21
-56.7501139999999964
0
LINE
8
BLACK
6
CONTINUOUS
10
159.6963930000000005
20
-56.7501139999999964
11
159.6395770000000027
21
-56.6386070000000004
0
LINE
8
BLACK
6
CONTINUOUS
10
159.6395770000000027
20
-56.6386070000000004
11
159.6200000000000045
21
-56.5150000000000006
0
LINE
8
BLACK
6
CONTINUOUS
10
159.6200000000000045
20
-56.5150000000000006
11
159.6395770000000027
21
-56.3913930000000008
0
LINE
8
BLACK
6
CONTINUOUS
10
159.6395770000000027
20
-56.3913930000000008
11
159.6963930000000005
21
-56.2798859999999976
0
LINE
8
BLACK
6
CONTINUOUS
10
159.6963930000000005
20
-56.2798859999999976
11
159.7848860000000002
21
-56.1913929999999979
0
LINE
8
BLACK
6
CONTINUOUS
10
159.7848860000000002
20
-56.1913929999999979
11
159.8963929999999891
21
-56.1345770000000002
0
LINE
8
BLACK
6
CONTINUOUS
10
159.8963929999999891
20
-56.1345770000000002
11
160.0199999999999818
21
-56.1149999999999949
0
LINE
8
BLACK
6
CONTINUOUS
10
160.0199999999999818
20
-56.1149999999999949
11
160.1436070000000029
21
-56.1345770000000002
0
LINE
8
BLACK
6
CONTINUOUS
10
161.4136069999999847
20
-56.1345770000000002
11
161.5251140000000021
21
-56.1913929999999979
0
LINE
8
BLACK
6
CONTINUOUS
10
161.5251140000000021
20
-56.1913929999999979
11
161.6136070000000018
21
-56.2798859999999976
0
LINE
8
BLACK
6
CONTINUOUS
10
161.6136070000000018
20
-56.2798859999999976
11
161.6704229999999995
21
-56.3913930000000008
0
LINE
8
BLACK
6
CONTINUOUS
10
161.6704229999999995
20
-56.3913930000000008
11
161.6899999999999977
21
-56.5150000000000006
0
LINE
8
BLACK
6
CONTINUOUS
10
161.6899999999999977
20
-56.5150000000000006
11
161.6704229999999995
21
-56.6386070000000004
0
LINE
8
BLACK
6
CONTINUOUS
10
161.6704229999999995
20
-56.6386070000000004
11
161.6136070000000018
21
-56.7501139999999964
0
LINE
8
BLACK
6
CONTINUOUS
10
161.6136070000000018
20
-56.7501139999999964
11
161.5251140000000021
21
-56.8386069999999961
0
LINE
8
BLACK
6
CONTINUOUS
10
161.5251140000000021
20
-56.8386069999999961
11
161.4136069999999847
21
-56.895423000000001
0
LINE
8
BLACK
6
CONTINUOUS
10
161.4136069999999847
20
-56.895423000000001
11
161.289999999999992
21
-56.9149999999999991
0
LINE
8
BLACK
6
CONTINUOUS
10
161.289999999999992
20
-56.9149999999999991
11
161.1663929999999993
21
-56.895423000000001
0
LINE
8
BLACK
6
CONTINUOUS
10
161.1663929999999993
20
-56.895423000000001
11
161.054885999999982
21
-56.8386069999999961
0
LINE
8
BLACK
6
CONTINUOUS
10
161.054885999999982
20
-56.8386069999999961
11
160.9663929999999823
21
-56.7501139999999964
0
LINE
8
BLACK
6
CONTINUOUS
10
160.9663929999999823
20
-56.7501139999999964
11
160.9095769999999845
21
-56.6386070000000004
0
LINE
8
BLACK
6
CONTINUOUS
10
160.9095769999999845
20
-56.6386070000000004
11
160.8899999999999864
21
-56.5150000000000006
0
LINE
8
BLACK
6
CONTINUOUS
10
160.8899999999999864
20
-56.5150000000000006
11
160.9095769999999845
21
-56.3913930000000008
0
LINE
8
BLACK
6
CONTINUOUS
10
160.9095769999999845
20
-56.3913930000000008
11
160.9663929999999823
21
-56.2798859999999976
0
LINE
8
BLACK
6
CONTINUOUS
10
160.9663929999999823
20
-56.2798859999999976
11
161.054885999999982
21
-56.1913929999999979
0
LINE
8
BLACK
6
CONTINUOUS
10
161.054885999999982
20
-56.1913929999999979
11
161.1663929999999993
21
-56.1345770000000002
0
LINE
8
BLACK
6
CONTINUOUS
10
161.1663929999999993
20
-56.1345770000000002
11
161.289999999999992
21
-56.1149999999999949
0
LINE
8
BLACK
6
CONTINUOUS
10
161.289999999999992
20
-56.1149999999999949
11
161.4136069999999847
21
-56.1345770000000002
0
LINE
8
BLACK
6
CONTINUOUS
10
162.683606999999995
20
-56.1345770000000002
11
162.7951139999999839
21
-56.1913929999999979
0
LINE
8
BLACK
6
CONTINUOUS
10
162.7951139999999839
20
-56.1913929999999979
11
162.8836069999999836
21
-56.2798859999999976
0
LINE
8
BLACK
6
CONTINUOUS
10
162.8836069999999836
20
-56.2798859999999976
11
162.9404229999999814
21
-56.3913930000000008
0
LINE
8
BLACK
6
CONTINUOUS
10
162.9404229999999814
20
-56.3913930000000008
11
162.9599999999999795
21
-56.5150000000000006
0
LINE
8
BLACK
6
CONTINUOUS
10
162.9599999999999795
20
-56.5150000000000006
11
162.9404229999999814
21
-56.6386070000000004
0
LINE
8
BLACK
6
CONTINUOUS
10
162.9404229999999814
20
-56.6386070000000004
11
162.8836069999999836
21
-56.7501139999999964
0
LINE
8
BLACK
6
CONTINUOUS
10
162.8836069999999836
20
-56.7501139999999964
11
162.7951139999999839
21
-56.8386069999999961
0
LINE
8
BLACK
6
CONTINUOUS
10
162.7951139999999839
20
-56.8386069999999961
11
162.683606999999995
21
-56.895423000000001
0
LINE
8
BLACK
6
CONTINUOUS
10
162.683606999999995
20
-56.895423000000001
11
162.5600000000000023
21
-56.9149999999999991
0
LINE
8
BLACK
6
CONTINUOUS
10
162.5600000000000023
20
-56.9149999999999991
11
162.4363929999999812
21
-56.895423000000001
0
LINE
8
BLACK
6
CONTINUOUS
10
162.4363929999999812
20
-56.895423000000001
11
162.3248859999999922
21
-56.8386069999999961
0
LINE
8
BLACK
6
CONTINUOUS
10
162.3248859999999922
20
-56.8386069999999961
11
162.2363929999999925
21
-56.7501139999999964
0
LINE
8
BLACK
6
CONTINUOUS
10
162.2363929999999925
20
-56.7501139999999964
11
162.1795769999999948
21
-56.6386070000000004
0
LINE
8
BLACK
6
CONTINUOUS
10
162.1795769999999948
20
-56.6386070000000004
11
162.1599999999999966
21
-56.5150000000000006
0
LINE
8
BLACK
6
CONTINUOUS
10
162.1599999999999966
20
-56.5150000000000006
11
162.1795769999999948
21
-56.3913930000000008
0
LINE
8
BLACK
6
CONTINUOUS
10
162.1795769999999948
20
-56.3913930000000008
11
162.2363929999999925
21
-56.2798859999999976
0
LINE
8
BLACK
6
CONTINUOUS
10
162.2363929999999925
20
-56.2798859999999976
11
162.3248859999999922
21
-56.1913929999999979
0
LINE
8
BLACK
6
CONTINUOUS
10
162.3248859999999922
20
-56.1913929999999979
11
162.4363929999999812
21
-56.1345770000000002
0
LINE
8
BLACK
6
CONTINUOUS
10
162.4363929999999812
20
-56.1345770000000002
11
162.5600000000000023
21
-56.1149999999999949
0
LINE
8
BLACK
6
CONTINUOUS
10
162.5600000000000023
20
-56.1149999999999949
11
162.683606999999995
21
-56.1345770000000002
0
LINE
8
BLACK
6
CONTINUOUS
10
163.9536070000000052
20
-56.1345770000000002
11
164.0651139999999941
21
-56.1913929999999979
0
LINE
8
BLACK
6
CONTINUOUS
10
164.0651139999999941
20
-56.1913929999999979
11
164.1536069999999938
21
-56.2798859999999976
0
LINE
8
BLACK
6
CONTINUOUS
10
164.1536069999999938
20
-56.2798859999999976
11
164.2104229999999916
21
-56.3913930000000008
0
LINE
8
BLACK
6
CONTINUOUS
10
164.2104229999999916
20
-56.3913930000000008
11
164.2299999999999898
21
-56.5150000000000006
0
LINE
8
BLACK
6
CONTINUOUS
10
164.2299999999999898
20
-56.5150000000000006
11
164.2104229999999916
21
-56.6386070000000004
0
LINE
8
BLACK
6
CONTINUOUS
10
164.2104229999999916
20
-56.6386070000000004
11
164.1536069999999938
21
-56.7501139999999964
0
LINE
8
BLACK
6
CONTINUOUS
10
164.1536069999999938
20
-56.7501139999999964
11
164.0651139999999941
21
-56.8386069999999961
0
LINE
8
BLACK
6
CONTINUOUS
10
164.0651139999999941
20
-56.8386069999999961
11
163.9536070000000052
21
-56.895423000000001
0
LINE
8
BLACK
6
CONTINUOUS
10
163.9536070000000052
20
-56.895423000000001
11
163.8299999999999841
21
-56.9149999999999991
0
LINE
8
BLACK
6
CONTINUOUS
10
163.8299999999999841
20
-56.9149999999999991
11
163.7063929999999914
21
-56.895423000000001
0
LINE
8
BLACK
6
CONTINUOUS
10
163.7063929999999914
20
-56.895423000000001
11
163.5948860000000025
21
-56.8386069999999961
0
LINE
8
BLACK
6
CONTINUOUS
10
163.5948860000000025
20
-56.8386069999999961
11
163.5063930000000028
21
-56.7501139999999964
0
LINE
8
BLACK
6
CONTINUOUS
10
163.5063930000000028
20
-56.7501139999999964
11
163.449577000000005
21
-56.6386070000000004
0
LINE
8
BLACK
6
CONTINUOUS
10
163.449577000000005
20
-56.6386070000000004
11
163.4299999999999784
21
-56.5150000000000006
0
LINE
8
BLACK
6
CONTINUOUS
10
163.4299999999999784
20
-56.5150000000000006
11
163.449577000000005
21
-56.3913930000000008
0
LINE
8
BLACK
6
CONTINUOUS
10
163.449577000000005
20
-56.3913930000000008
11
163.5063930000000028
21
-56.2798859999999976
0
LINE
8
BLACK
6
CONTINUOUS
10
163.5063930000000028
20
-56.2798859999999976
11
163.5948860000000025
21
-56.1913929999999979
0
LINE
8
BLACK
6
CONTINUOUS
10
163.5948860000000025
20
-56.1913929999999979
11
163.7063929999999914
21
-56.1345770000000002
0
LINE
8
BLACK
6
CONTINUOUS
10
163.7063929999999914
20
-56.1345770000000002
11
163.8299999999999841
21
-56.1149999999999949
0
LINE
8
BLACK
6
CONTINUOUS
10
163.8299999999999841
20
-56.1149999999999949
11
163.9536070000000052
21
-56.1345770000000002
0
LINE
8
BLACK
6
CONTINUOUS
10
165.223606999999987
20
-56.1345770000000002
11
165.3351140000000044
21
-56.1913929999999979
0
LINE
8
BLACK
6
CONTINUOUS
10
165.3351140000000044
20
-56.1913929999999979
11
165.4236070000000041
21
-56.2798859999999976
0
LINE
8
BLACK
6
CONTINUOUS
10
165.4236070000000041
20
-56.2798859999999976
11
165.4804230000000018
21
-56.3913930000000008
0
LINE
8
BLACK
6
CONTINUOUS
10
165.4804230000000018
20
-56.3913930000000008
11
165.5
21
-56.5150000000000006
0
LINE
8
BLACK
6
CONTINUOUS
10
165.5
20
-56.5150000000000006
11
165.4804230000000018
21
-56.6386070000000004
0
LINE
8
BLACK
6
CONTINUOUS
10
165.4804230000000018
20
-56.6386070000000004
11
165.4236070000000041
21
-56.7501139999999964
0
LINE
8
BLACK
6
CONTINUOUS
10
165.4236070000000041
20
-56.7501139999999964
11
165.3351140000000044
21
-56.8386069999999961
0
LINE
8
BLACK
6
CONTINUOUS
10
165.3351140000000044
20
-56.8386069999999961
11
165.223606999999987
21
-56.895423000000001
0
LINE
8
BLACK
6
CONTINUOUS
10
165.223606999999987
20
-56.895423000000001
11
165.0999999999999943
21
-56.9149999999999991
0
LINE
8
BLACK
6
CONTINUOUS
10
165.0999999999999943
20
-56.9149999999999991
11
164.9763930000000016
21
-56.895423000000001
0
LINE
8
BLACK
6
CONTINUOUS
10
164.9763930000000016
20
-56.895423000000001
11
164.8648859999999843
21
-56.8386069999999961
0
LINE
8
BLACK
6
CONTINUOUS
10
164.8648859999999843
20
-56.8386069999999961
11
164.7763929999999846
21
-56.7501139999999964
0
LINE
8
BLACK
6
CONTINUOUS
10
164.7763929999999846
20
-56.7501139999999964
11
164.7195769999999868
21
-56.6386070000000004
0
LINE
8
BLACK
6
CONTINUOUS
10
164.7195769999999868
20
-56.6386070000000004
11
164.6999999999999886
21
-56.5150000000000006
0
LINE
8
BLACK
6
CONTINUOUS
10
164.6999999999999886
20
-56.5150000000000006
11
164.7195769999999868
21
-56.3913930000000008
0
LINE
8
BLACK
6
CONTINUOUS
10
164.7195769999999868
20
-56.3913930000000008
11
164.7763929999999846
21
-56.2798859999999976
0
LINE
8
BLACK
6
CONTINUOUS
10
164.7763929999999846
20
-56.2798859999999976
11
164.8648859999999843
21
-56.1913929999999979
0
LINE
8
BLACK
6
CONTINUOUS
10
164.8648859999999843
20
-56.1913929999999979
11
164.9763930000000016
21
-56.1345770000000002
0
LINE
8
BLACK
6
CONTINUOUS
10
164.9763930000000016
20
-56.1345770000000002
11
165.0999999999999943
21
-56.1149999999999949
0
LINE
8
BLACK
6
CONTINUOUS
10
165.0999999999999943
20
-56.1149999999999949
11
165.223606999999987
21
-56.1345770000000002
0
LINE
8
BLACK
6
CONTINUOUS
10
166.4936069999999972
20
-56.1345770000000002
11
166.6051139999999862
21
-56.1913929999999979
0
LINE
8
BLACK
6
CONTINUOUS
10
166.6051139999999862
20
-56.1913929999999979
11
166.6936069999999859
21
-56.2798859999999976
0
LINE
8
BLACK
6
CONTINUOUS
10
166.6936069999999859
20
-56.2798859999999976
11
166.7504229999999836
21
-56.3913930000000008
0
LINE
8
BLACK
6
CONTINUOUS
10
166.7504229999999836
20
-56.3913930000000008
11
166.7699999999999818
21
-56.5150000000000006
0
LINE
8
BLACK
6
CONTINUOUS
10
166.7699999999999818
20
-56.5150000000000006
11
166.7504229999999836
21
-56.6386070000000004
0
LINE
8
BLACK
6
CONTINUOUS
10
166.7504229999999836
20
-56.6386070000000004
11
166.6936069999999859
21
-56.7501139999999964
0
LINE
8
BLACK
6
CONTINUOUS
10
166.6936069999999859
20
-56.7501139999999964
11
166.6051139999999862
21
-56.8386069999999961
0
LINE
8
BLACK
6
CONTINUOUS
10
166.6051139999999862
20
-56.8386069999999961
11
166.4936069999999972
21
-56.895423000000001
0
LINE
8
BLACK
6
CONTINUOUS
10
166.4936069999999972
20
-56.895423000000001
11
166.3700000000000045
21
-56.9149999999999991
0
LINE
8
BLACK
6
CONTINUOUS
10
166.3700000000000045
20
-56.9149999999999991
11
166.2463929999999834
21
-56.895423000000001
0
LINE
8
BLACK
6
CONTINUOUS
10
166.2463929999999834
20
-56.895423000000001
11
166.1348859999999945
21
-56.8386069999999961
0
LINE
8
BLACK
6
CONTINUOUS
10
166.1348859999999945
20
-56.8386069999999961
11
166.0463929999999948
21
-56.7501139999999964
0
LINE
8
BLACK
6
CONTINUOUS
10
166.0463929999999948
20
-56.7501139999999964
11
165.989576999999997
21
-56.6386070000000004
0
LINE
8
BLACK
6
CONTINUOUS
10
165.989576999999997
20
-56.6386070000000004
11
165.9699999999999989
21
-56.5150000000000006
0
LINE
8
BLACK
6
CONTINUOUS
10
165.9699999999999989
20
-56.5150000000000006
11
165.989576999999997
21
-56.3913930000000008
0
LINE
8
BLACK
6
CONTINUOUS
10
165.989576999999997
20
-56.3913930000000008
11
166.0463929999999948
21
-56.2798859999999976
0
LINE
8
BLACK
6
CONTINUOUS
10
166.0463929999999948
20
-56.2798859999999976
11
166.1348859999999945
21
-56.1913929999999979
0
LINE
8
BLACK
6
CONTINUOUS
10
166.1348859999999945
20
-56.1913929999999979
11
166.2463929999999834
21
-56.1345770000000002
0
LINE
8
BLACK
6
CONTINUOUS
10
166.2463929999999834
20
-56.1345770000000002
11
166.3700000000000045
21
-56.1149999999999949
0
LINE
8
BLACK
6
CONTINUOUS
10
166.3700000000000045
20
-56.1149999999999949
11
166.4936069999999972
21
-56.1345770000000002
0
LINE
8
BLACK
6
CONTINUOUS
10
163.3186069999999859
20
-54.864576999999997
11
163.4301140000000032
21
-54.9213929999999948
0
LINE
8
BLACK
6
CONTINUOUS
10
163.4301140000000032
20
-54.9213929999999948
11
163.5186070000000029
21
-55.0098859999999945
0
LINE
8
BLACK
6
CONTINUOUS
10
163.5186070000000029
20
-55.0098859999999945
11
163.5754230000000007
21
-55.1213929999999976
0
LINE
8
BLACK
6
CONTINUOUS
10
163.5754230000000007
20
-55.1213929999999976
11
163.5949999999999989
21
-55.2449999999999974
0
LINE
8
BLACK
6
CONTINUOUS
10
163.5949999999999989
20
-55.2449999999999974
11
163.5754230000000007
21
-55.3686069999999972
0
LINE
8
BLACK
6
CONTINUOUS
10
163.5754230000000007
20
-55.3686069999999972
11
163.5186070000000029
21
-55.4801140000000004
0
LINE
8
BLACK
6
CONTINUOUS
10
163.5186070000000029
20
-55.4801140000000004
11
163.4301140000000032
21
-55.5686070000000001
0
LINE
8
BLACK
6
CONTINUOUS
10
163.4301140000000032
20
-55.5686070000000001
11
163.3186069999999859
21
-55.6254229999999978
0
LINE
8
BLACK
6
CONTINUOUS
10
163.3186069999999859
20
-55.6254229999999978
11
163.1949999999999932
21
-55.644999999999996
0
LINE
8
BLACK
6
CONTINUOUS
10
163.1949999999999932
20
-55.644999999999996
11
163.0713930000000005
21
-55.6254229999999978
0
LINE
8
BLACK
6
CONTINUOUS
10
163.0713930000000005
20
-55.6254229999999978
11
162.9598859999999831
21
-55.5686070000000001
0
LINE
8
BLACK
6
CONTINUOUS
10
162.9598859999999831
20
-55.5686070000000001
11
162.8713929999999834
21
-55.4801140000000004
0
LINE
8
BLACK
6
CONTINUOUS
10
162.8713929999999834
20
-55.4801140000000004
11
162.8145769999999857
21
-55.3686069999999972
0
LINE
8
BLACK
6
CONTINUOUS
10
162.8145769999999857
20
-55.3686069999999972
11
162.7949999999999875
21
-55.2449999999999974
0
LINE
8
BLACK
6
CONTINUOUS
10
162.7949999999999875
20
-55.2449999999999974
11
162.8145769999999857
21
-55.1213929999999976
0
LINE
8
BLACK
6
CONTINUOUS
10
162.8145769999999857
20
-55.1213929999999976
11
162.8713929999999834
21
-55.0098859999999945
0
LINE
8
BLACK
6
CONTINUOUS
10
162.8713929999999834
20
-55.0098859999999945
11
162.9598859999999831
21
-54.9213929999999948
0
LINE
8
BLACK
6
CONTINUOUS
10
162.9598859999999831
20
-54.9213929999999948
11
163.0713930000000005
21
-54.864576999999997
0
LINE
8
BLACK
6
CONTINUOUS
10
163.0713930000000005
20
-54.864576999999997
11
163.1949999999999932
21
-54.8449999999999989
0
LINE
8
BLACK
6
CONTINUOUS
10
163.1949999999999932
20
-54.8449999999999989
11
163.3186069999999859
21
-54.864576999999997
0
LINE
8
BLACK
6
CONTINUOUS
10
164.5886069999999961
20
-54.864576999999997
11
164.700113999999985
21
-54.9213929999999948
0
LINE
8
BLACK
6
CONTINUOUS
10
164.700113999999985
20
-54.9213929999999948
11
164.7886069999999847
21
-55.0098859999999945
0
LINE
8
BLACK
6
CONTINUOUS
10
164.7886069999999847
20
-55.0098859999999945
11
164.8454229999999825
21
-55.1213929999999976
0
LINE
8
BLACK
6
CONTINUOUS
10
164.8454229999999825
20
-55.1213929999999976
11
164.8649999999999807
21
-55.2449999999999974
0
LINE
8
BLACK
6
CONTINUOUS
10
164.8649999999999807
20
-55.2449999999999974
11
164.8454229999999825
21
-55.3686069999999972
0
LINE
8
BLACK
6
CONTINUOUS
10
164.8454229999999825
20
-55.3686069999999972
11
164.7886069999999847
21
-55.4801140000000004
0
LINE
8
BLACK
6
CONTINUOUS
10
164.7886069999999847
20
-55.4801140000000004
11
164.700113999999985
21
-55.5686070000000001
0
LINE
8
BLACK
6
CONTINUOUS
10
164.700113999999985
20
-55.5686070000000001
11
164.5886069999999961
21
-55.6254229999999978
0
LINE
8
BLACK
6
CONTINUOUS
10
164.5886069999999961
20
-55.6254229999999978
11
164.4650000000000034
21
-55.644999999999996
0
LINE
8
BLACK
6
CONTINUOUS
10
164.4650000000000034
20
-55.644999999999996
11
164.3413929999999823
21
-55.6254229999999978
0
LINE
8
BLACK
6
CONTINUOUS
10
164.3413929999999823
20
-55.6254229999999978
11
164.2298859999999934
21
-55.5686070000000001
0
LINE
8
BLACK
6
CONTINUOUS
10
164.2298859999999934
20
-55.5686070000000001
11
164.1413929999999937
21
-55.4801140000000004
0
LINE
8
BLACK
6
CONTINUOUS
10
164.1413929999999937
20
-55.4801140000000004
11
164.0845769999999959
21
-55.3686069999999972
0
LINE
8
BLACK
6
CONTINUOUS
10
164.0845769999999959
20
-55.3686069999999972
11
164.0649999999999977
21
-55.2449999999999974
0
LINE
8
BLACK
6
CONTINUOUS
10
164.0649999999999977
20
-55.2449999999999974
11
164.0845769999999959
21
-55.1213929999999976
0
LINE
8
BLACK
6
CONTINUOUS
10
164.0845769999999959
20
-55.1213929999999976
11
164.1413929999999937
21
-55.0098859999999945
0
LINE
8
BLACK
6
CONTINUOUS
10
164.1413929999999937
20
-55.0098859999999945
11
164.2298859999999934
21
-54.9213929999999948
0
LINE
8
BLACK
6
CONTINUOUS
10
164.2298859999999934
20
-54.9213929999999948
11
164.3413929999999823
21
-54.864576999999997
0
LINE
8
BLACK
6
CONTINUOUS
10
164.3413929999999823
20
-54.864576999999997
11
164.4650000000000034
21
-54.8449999999999989
0
LINE
8
BLACK
6
CONTINUOUS
10
164.4650000000000034
20
-54.8449999999999989
11
164.5886069999999961
21
-54.864576999999997
0
LINE
8
BLACK
6
CONTINUOUS
10
158.4646429999999953
20
-53.5116680000000002
11
158.513306
21
-53.5441839999999942
0
LINE
8
BLACK
6
CONTINUOUS
10
158.513306
20
-53.5441839999999942
11
158.5458219999999869
21
-53.592846999999999
0
LINE
8
BLACK
6
CONTINUOUS
10
158.5458219999999869
20
-53.592846999999999
11
158.5572399999999789
21
-53.6502499999999998
0
LINE
8
BLACK
6
CONTINUOUS
10
158.5572399999999789
20
-53.6502499999999998
11
158.5572399999999789
21
-55.3002499999999984
0
LINE
8
BLACK
6
CONTINUOUS
10
158.5572399999999789
20
-55.3002499999999984
11
158.5458219999999869
21
-55.3576529999999991
0
LINE
8
BLACK
6
CONTINUOUS
10
158.5458219999999869
20
-55.3576529999999991
11
158.513306
21
-55.4063159999999968
0
LINE
8
BLACK
6
CONTINUOUS
10
158.513306
20
-55.4063159999999968
11
158.4646429999999953
21
-55.4388319999999979
0
LINE
8
BLACK
6
CONTINUOUS
10
158.4646429999999953
20
-55.4388319999999979
11
158.4072400000000016
21
-55.4502499999999969
0
LINE
8
BLACK
6
CONTINUOUS
10
158.4072400000000016
20
-55.4502499999999969
11
158.1072399999999902
21
-55.4502499999999969
0
LINE
8
BLACK
6
CONTINUOUS
10
158.1072399999999902
20
-55.4502499999999969
11
158.0498369999999966
21
-55.4388319999999979
0
LINE
8
BLACK
6
CONTINUOUS
10
158.0498369999999966
20
-55.4388319999999979
11
158.0011739999999918
21
-55.4063159999999968
0
LINE
8
BLACK
6
CONTINUOUS
10
158.0011739999999918
20
-55.4063159999999968
11
157.9686580000000049
21
-55.3576529999999991
0
LINE
8
BLACK
6
CONTINUOUS
10
157.9686580000000049
20
-55.3576529999999991
11
157.9572399999999845
21
-55.3002499999999984
0
LINE
8
BLACK
6
CONTINUOUS
10
157.9572399999999845
20
-55.3002499999999984
11
157.9572399999999845
21
-53.6502499999999998
0
LINE
8
BLACK
6
CONTINUOUS
10
157.9572399999999845
20
-53.6502499999999998
11
157.9686580000000049
21
-53.592846999999999
0
LINE
8
BLACK
6
CONTINUOUS
10
157.9686580000000049
20
-53.592846999999999
11
158.0011739999999918
21
-53.5441839999999942
0
LINE
8
BLACK
6
CONTINUOUS
10
158.0011739999999918
20
-53.5441839999999942
11
158.0498369999999966
21
-53.5116680000000002
0
LINE
8
BLACK
6
CONTINUOUS
10
158.0498369999999966
20
-53.5116680000000002
11
158.1072399999999902
21
-53.5002499999999941
0
LINE
8
BLACK
6
CONTINUOUS
10
158.1072399999999902
20
-53.5002499999999941
11
158.4072400000000016
21
-53.5002499999999941
0
LINE
8
BLACK
6
CONTINUOUS
10
158.4072400000000016
20
-53.5002499999999941
11
158.4646429999999953
21
-53.5116680000000002
0
LINE
8
BLACK
6
CONTINUOUS
10
162.2497400000000027
20
-54.9407499999999942
11
160.6147399999999834
21
-54.9407499999999942
0
LINE
8
BLACK
6
CONTINUOUS
10
160.6147399999999834
20
-54.9407499999999942
11
160.6147399999999834
21
-53.3057499999999962
0
LINE
8
BLACK
6
CONTINUOUS
10
160.6147399999999834
20
-53.3057499999999962
11
162.2497400000000027
21
-53.3057499999999962
0
LINE
8
BLACK
6
CONTINUOUS
10
162.2497400000000027
20
-53.3057499999999962
11
162.2497400000000027
21
-54.9407499999999942
0
LINE
8
BLACK
6
CONTINUOUS
10
166.6947399999999959
20
-54.9407499999999942
11
165.059740000000005
21
-54.9407499999999942
0
LINE
8
BLACK
6
CONTINUOUS
10
165.059740000000005
20
-54.9407499999999942
11
165.059740000000005
21
-53.3057499999999962
0
LINE
8
BLACK
6
CONTINUOUS
10
165.059740000000005
20
-53.3057499999999962
11
166.6947399999999959
21
-53.3057499999999962
0
LINE
8
BLACK
6
CONTINUOUS
10
166.6947399999999959
20
-53.3057499999999962
11
166.6947399999999959
21
-54.9407499999999942
0
LINE
8
BLACK
6
CONTINUOUS
10
163.9536070000000052
20
-53.594577000000001
11
164.0651139999999941
21
-53.6513929999999988
0
LINE
8
BLACK
6
CONTINUOUS
10
164.0651139999999941
20
-53.6513929999999988
11
164.1536069999999938
21
-53.7398859999999985
0
LINE
8
BLACK
6
CONTINUOUS
10
164.1536069999999938
20
-53.7398859999999985
11
164.2104229999999916
21
-53.8513929999999945
0
LINE
8
BLACK
6
CONTINUOUS
10
164.2104229999999916
20
-53.8513929999999945
11
164.2299999999999898
21
-53.9749999999999943
0
LINE
8
BLACK
6
CONTINUOUS
10
164.2299999999999898
20
-53.9749999999999943
11
164.2104229999999916
21
-54.0986069999999941
0
LINE
8
BLACK
6
CONTINUOUS
10
164.2104229999999916
20
-54.0986069999999941
11
164.1536069999999938
21
-54.2101139999999972
0
LINE
8
BLACK
6
CONTINUOUS
10
164.1536069999999938
20
-54.2101139999999972
11
164.0651139999999941
21
-54.298606999999997
0
LINE
8
BLACK
6
CONTINUOUS
10
164.0651139999999941
20
-54.298606999999997
11
163.9536070000000052
21
-54.3554229999999947
0
LINE
8
BLACK
6
CONTINUOUS
10
163.9536070000000052
20
-54.3554229999999947
11
163.8299999999999841
21
-54.375
0
LINE
8
BLACK
6
CONTINUOUS
10
163.8299999999999841
20
-54.375
11
163.7063929999999914
21
-54.3554229999999947
0
LINE
8
BLACK
6
CONTINUOUS
10
163.7063929999999914
20
-54.3554229999999947
11
163.5948860000000025
21
-54.298606999999997
0
LINE
8
BLACK
6
CONTINUOUS
10
163.5948860000000025
20
-54.298606999999997
11
163.5063930000000028
21
-54.2101139999999972
0
LINE
8
BLACK
6
CONTINUOUS
10
163.5063930000000028
20
-54.2101139999999972
11
163.449577000000005
21
-54.0986069999999941
0
LINE
8
BLACK
6
CONTINUOUS
10
163.449577000000005
20
-54.0986069999999941
11
163.4299999999999784
21
-53.9749999999999943
0
LINE
8
BLACK
6
CONTINUOUS
10
163.4299999999999784
20
-53.9749999999999943
11
163.449577000000005
21
-53.8513929999999945
0
LINE
8
BLACK
6
CONTINUOUS
10
163.449577000000005
20
-53.8513929999999945
11
163.5063930000000028
21
-53.7398859999999985
0
LINE
8
BLACK
6
CONTINUOUS
10
163.5063930000000028
20
-53.7398859999999985
11
163.5948860000000025
21
-53.6513929999999988
0
LINE
8
BLACK
6
CONTINUOUS
10
163.5948860000000025
20
-53.6513929999999988
11
163.7063929999999914
21
-53.594577000000001
0
LINE
8
BLACK
6
CONTINUOUS
10
163.7063929999999914
20
-53.594577000000001
11
163.8299999999999841
21
-53.5749999999999957
0
LINE
8
BLACK
6
CONTINUOUS
10
163.8299999999999841
20
-53.5749999999999957
11
163.9536070000000052
21
-53.594577000000001
0
LINE
8
BLACK
6
CONTINUOUS
10
167.7636069999999791
20
-53.594577000000001
11
167.8751139999999964
21
-53.6513929999999988
0
LINE
8
BLACK
6
CONTINUOUS
10
167.8751139999999964
20
-53.6513929999999988
11
167.9636069999999961
21
-53.7398859999999985
0
LINE
8
BLACK
6
CONTINUOUS
10
167.9636069999999961
20
-53.7398859999999985
11
168.0204229999999939
21
-53.8513929999999945
0
LINE
8
BLACK
6
CONTINUOUS
10
168.0204229999999939
20
-53.8513929999999945
11
168.039999999999992
21
-53.9749999999999943
0
LINE
8
BLACK
6
CONTINUOUS
10
168.039999999999992
20
-53.9749999999999943
11
168.0204229999999939
21
-54.0986069999999941
0
LINE
8
BLACK
6
CONTINUOUS
10
168.0204229999999939
20
-54.0986069999999941
11
167.9636069999999961
21
-54.2101139999999972
0
LINE
8
BLACK
6
CONTINUOUS
10
167.9636069999999961
20
-54.2101139999999972
11
167.8751139999999964
21
-54.298606999999997
0
LINE
8
BLACK
6
CONTINUOUS
10
167.8751139999999964
20
-54.298606999999997
11
167.7636069999999791
21
-54.3554229999999947
0
LINE
8
BLACK
6
CONTINUOUS
10
167.7636069999999791
20
-54.3554229999999947
11
167.6399999999999864
21
-54.375
0
LINE
8
BLACK
6
CONTINUOUS
10
167.6399999999999864
20
-54.375
11
167.5163929999999937
21
-54.3554229999999947
0
LINE
8
BLACK
6
CONTINUOUS
10
167.5163929999999937
20
-54.3554229999999947
11
167.4048860000000047
21
-54.298606999999997
0
LINE
8
BLACK
6
CONTINUOUS
10
167.4048860000000047
20
-54.298606999999997
11
167.316393000000005
21
-54.2101139999999972
0
LINE
8
BLACK
6
CONTINUOUS
10
167.316393000000005
20
-54.2101139999999972
11
167.2595769999999789
21
-54.0986069999999941
0
LINE
8
BLACK
6
CONTINUOUS
10
167.2595769999999789
20
-54.0986069999999941
11
167.2399999999999807
21
-53.9749999999999943
0
LINE
8
BLACK
6
CONTINUOUS
10
167.2399999999999807
20
-53.9749999999999943
11
167.2595769999999789
21
-53.8513929999999945
0
LINE
8
BLACK
6
CONTINUOUS
10
167.2595769999999789
20
-53.8513929999999945
11
167.316393000000005
21
-53.7398859999999985
0
LINE
8
BLACK
6
CONTINUOUS
10
167.316393000000005
20
-53.7398859999999985
11
167.4048860000000047
21
-53.6513929999999988
0
LINE
8
BLACK
6
CONTINUOUS
10
167.4048860000000047
20
-53.6513929999999988
11
167.5163929999999937
21
-53.594577000000001
0
LINE
8
BLACK
6
CONTINUOUS
10
167.5163929999999937
20
-53.594577000000001
11
167.6399999999999864
21
-53.5749999999999957
0
LINE
8
BLACK
6
CONTINUOUS
10
167.6399999999999864
20
-53.5749999999999957
11
167.7636069999999791
21
-53.594577000000001
0
LINE
8
BLACK
6
CONTINUOUS
10
169.0336069999999893
20
-53.594577000000001
11
169.1451139999999782
21
-53.6513929999999988
0
LINE
8
BLACK
6
CONTINUOUS
10
169.1451139999999782
20
-53.6513929999999988
11
169.2336070000000063
21
-53.7398859999999985
0
LINE
8
BLACK
6
CONTINUOUS
10
169.2336070000000063
20
-53.7398859999999985
11
169.2904230000000041
21
-53.8513929999999945
0
LINE
8
BLACK
6
CONTINUOUS
10
169.2904230000000041
20
-53.8513929999999945
11
169.3100000000000023
21
-53.9749999999999943
0
LINE
8
BLACK
6
CONTINUOUS
10
169.3100000000000023
20
-53.9749999999999943
11
169.2904230000000041
21
-54.0986069999999941
0
LINE
8
BLACK
6
CONTINUOUS
10
169.2904230000000041
20
-54.0986069999999941
11
169.2336070000000063
21
-54.2101139999999972
0
LINE
8
BLACK
6
CONTINUOUS
10
169.2336070000000063
20
-54.2101139999999972
11
169.1451139999999782
21
-54.298606999999997
0
LINE
8
BLACK
6
CONTINUOUS
10
169.1451139999999782
20
-54.298606999999997
11
169.0336069999999893
21
-54.3554229999999947
0
LINE
8
BLACK
6
CONTINUOUS
10
169.0336069999999893
20
-54.3554229999999947
11
168.9099999999999966
21
-54.375
0
LINE
8
BLACK
6
CONTINUOUS
10
168.9099999999999966
20
-54.375
11
168.7863930000000039
21
-54.3554229999999947
0
LINE
8
BLACK
6
CONTINUOUS
10
168.7863930000000039
20
-54.3554229999999947
11
168.6748859999999866
21
-54.298606999999997
0
LINE
8
BLACK
6
CONTINUOUS
10
168.6748859999999866
20
-54.298606999999997
11
168.5863929999999868
21
-54.2101139999999972
0
LINE
8
BLACK
6
CONTINUOUS
10
168.5863929999999868
20
-54.2101139999999972
11
168.5295769999999891
21
-54.0986069999999941
0
LINE
8
BLACK
6
CONTINUOUS
10
168.5295769999999891
20
-54.0986069999999941
11
168.5099999999999909
21
-53.9749999999999943
0
LINE
8
BLACK
6
CONTINUOUS
10
168.5099999999999909
20
-53.9749999999999943
11
168.5295769999999891
21
-53.8513929999999945
0
LINE
8
BLACK
6
CONTINUOUS
10
168.5295769999999891
20
-53.8513929999999945
11
168.5863929999999868
21
-53.7398859999999985
0
LINE
8
BLACK
6
CONTINUOUS
10
168.5863929999999868
20
-53.7398859999999985
11
168.6748859999999866
21
-53.6513929999999988
0
LINE
8
BLACK
6
CONTINUOUS
10
168.6748859999999866
20
-53.6513929999999988
11
168.7863930000000039
21
-53.594577000000001
0
LINE
8
BLACK
6
CONTINUOUS
10
168.7863930000000039
20
-53.594577000000001
11
168.9099999999999966
21
-53.5749999999999957
0
LINE
8
BLACK
6
CONTINUOUS
10
168.9099999999999966
20
-53.5749999999999957
11
169.0336069999999893
21
-53.594577000000001
0
LINE
8
BLACK
6
CONTINUOUS
10
160.7786069999999938
20
-52.3245769999999979
11
160.8901139999999828
21
-52.3813929999999957
0
LINE
8
BLACK
6
CONTINUOUS
10
160.8901139999999828
20
-52.3813929999999957
11
160.9786069999999825
21
-52.4698859999999954
0
LINE
8
BLACK
6
CONTINUOUS
10
160.9786069999999825
20
-52.4698859999999954
11
161.0354229999999802
21
-52.5813929999999985
0
LINE
8
BLACK
6
CONTINUOUS
10
161.0354229999999802
20
-52.5813929999999985
11
161.0550000000000068
21
-52.7049999999999983
0
LINE
8
BLACK
6
CONTINUOUS
10
161.0550000000000068
20
-52.7049999999999983
11
161.0354229999999802
21
-52.8286069999999981
0
LINE
8
BLACK
6
CONTINUOUS
10
161.0354229999999802
20
-52.8286069999999981
11
160.9786069999999825
21
-52.9401139999999941
0
LINE
8
BLACK
6
CONTINUOUS
10
160.9786069999999825
20
-52.9401139999999941
11
160.8901139999999828
21
-53.0286070000000009
0
LINE
8
BLACK
6
CONTINUOUS
10
160.8901139999999828
20
-53.0286070000000009
11
160.7786069999999938
21
-53.0854229999999987
0
LINE
8
BLACK
6
CONTINUOUS
10
160.7786069999999938
20
-53.0854229999999987
11
160.6550000000000011
21
-53.1049999999999969
0
LINE
8
BLACK
6
CONTINUOUS
10
160.6550000000000011
20
-53.1049999999999969
11
160.53139299999998
21
-53.0854229999999987
0
LINE
8
BLACK
6
CONTINUOUS
10
160.53139299999998
20
-53.0854229999999987
11
160.4198859999999911
21
-53.0286070000000009
0
LINE
8
BLACK
6
CONTINUOUS
10
160.4198859999999911
20
-53.0286070000000009
11
160.3313929999999914
21
-52.9401139999999941
0
LINE
8
BLACK
6
CONTINUOUS
10
160.3313929999999914
20
-52.9401139999999941
11
160.2745769999999936
21
-52.8286069999999981
0
LINE
8
BLACK
6
CONTINUOUS
10
160.2745769999999936
20
-52.8286069999999981
11
160.2549999999999955
21
-52.7049999999999983
0
LINE
8
BLACK
6
CONTINUOUS
10
160.2549999999999955
20
-52.7049999999999983
11
160.2745769999999936
21
-52.5813929999999985
0
LINE
8
BLACK
6
CONTINUOUS
10
160.2745769999999936
20
-52.5813929999999985
11
160.3313929999999914
21
-52.4698859999999954
0
LINE
8
BLACK
6
CONTINUOUS
10
160.3313929999999914
20
-52.4698859999999954
11
160.4198859999999911
21
-52.3813929999999957
0
LINE
8
BLACK
6
CONTINUOUS
10
160.4198859999999911
20
-52.3813929999999957
11
160.53139299999998
21
-52.3245769999999979
0
LINE
8
BLACK
6
CONTINUOUS
10
160.53139299999998
20
-52.3245769999999979
11
160.6550000000000011
21
-52.3049999999999997
0
LINE
8
BLACK
6
CONTINUOUS
10
160.6550000000000011
20
-52.3049999999999997
11
160.7786069999999938
21
-52.3245769999999979
0
LINE
8
BLACK
6
CONTINUOUS
10
162.0486070000000041
20
-52.3245769999999979
11
162.160113999999993
21
-52.3813929999999957
0
LINE
8
BLACK
6
CONTINUOUS
10
162.160113999999993
20
-52.3813929999999957
11
162.2486069999999927
21
-52.4698859999999954
0
LINE
8
BLACK
6
CONTINUOUS
10
162.2486069999999927
20
-52.4698859999999954
11
162.3054229999999905
21
-52.5813929999999985
0
LINE
8
BLACK
6
CONTINUOUS
10
162.3054229999999905
20
-52.5813929999999985
11
162.3249999999999886
21
-52.7049999999999983
0
LINE
8
BLACK
6
CONTINUOUS
10
162.3249999999999886
20
-52.7049999999999983
11
162.3054229999999905
21
-52.8286069999999981
0
LINE
8
BLACK
6
CONTINUOUS
10
162.3054229999999905
20
-52.8286069999999981
11
162.2486069999999927
21
-52.9401139999999941
0
LINE
8
BLACK
6
CONTINUOUS
10
162.2486069999999927
20
-52.9401139999999941
11
162.160113999999993
21
-53.0286070000000009
0
LINE
8
BLACK
6
CONTINUOUS
10
162.160113999999993
20
-53.0286070000000009
11
162.0486070000000041
21
-53.0854229999999987
0
LINE
8
BLACK
6
CONTINUOUS
10
162.0486070000000041
20
-53.0854229999999987
11
161.9249999999999829
21
-53.1049999999999969
0
LINE
8
BLACK
6
CONTINUOUS
10
161.9249999999999829
20
-53.1049999999999969
11
161.8013929999999903
21
-53.0854229999999987
0
LINE
8
BLACK
6
CONTINUOUS
10
161.8013929999999903
20
-53.0854229999999987
11
161.6898860000000013
21
-53.0286070000000009
0
LINE
8
BLACK
6
CONTINUOUS
10
161.6898860000000013
20
-53.0286070000000009
11
161.6013930000000016
21
-52.9401139999999941
0
LINE
8
BLACK
6
CONTINUOUS
10
161.6013930000000016
20
-52.9401139999999941
11
161.5445770000000039
21
-52.8286069999999981
0
LINE
8
BLACK
6
CONTINUOUS
10
161.5445770000000039
20
-52.8286069999999981
11
161.5250000000000057
21
-52.7049999999999983
0
LINE
8
BLACK
6
CONTINUOUS
10
161.5250000000000057
20
-52.7049999999999983
11
161.5445770000000039
21
-52.5813929999999985
0
LINE
8
BLACK
6
CONTINUOUS
10
161.5445770000000039
20
-52.5813929999999985
11
161.6013930000000016
21
-52.4698859999999954
0
LINE
8
BLACK
6
CONTINUOUS
10
161.6013930000000016
20
-52.4698859999999954
11
161.6898860000000013
21
-52.3813929999999957
0
LINE
8
BLACK
6
CONTINUOUS
10
161.6898860000000013
20
-52.3813929999999957
11
161.8013929999999903
21
-52.3245769999999979
0
LINE
8
BLACK
6
CONTINUOUS
10
161.8013929999999903
20
-52.3245769999999979
11
161.9249999999999829
21
-52.3049999999999997
0
LINE
8
BLACK
6
CONTINUOUS
10
161.9249999999999829
20
-52.3049999999999997
11
162.0486070000000041
21
-52.3245769999999979
0
LINE
8
BLACK
6
CONTINUOUS
10
163.3186069999999859
20
-52.3245769999999979
11
163.4301140000000032
21
-52.3813929999999957
0
LINE
8
BLACK
6
CONTINUOUS
10
163.4301140000000032
20
-52.3813929999999957
11
163.5186070000000029
21
-52.4698859999999954
0
LINE
8
BLACK
6
CONTINUOUS
10
163.5186070000000029
20
-52.4698859999999954
11
163.5754230000000007
21
-52.5813929999999985
0
LINE
8
BLACK
6
CONTINUOUS
10
163.5754230000000007
20
-52.5813929999999985
11
163.5949999999999989
21
-52.7049999999999983
0
LINE
8
BLACK
6
CONTINUOUS
10
163.5949999999999989
20
-52.7049999999999983
11
163.5754230000000007
21
-52.8286069999999981
0
LINE
8
BLACK
6
CONTINUOUS
10
163.5754230000000007
20
-52.8286069999999981
11
163.5186070000000029
21
-52.9401139999999941
0
LINE
8
BLACK
6
CONTINUOUS
10
163.5186070000000029
20
-52.9401139999999941
11
163.4301140000000032
21
-53.0286070000000009
0
LINE
8
BLACK
6
CONTINUOUS
10
163.4301140000000032
20
-53.0286070000000009
11
163.3186069999999859
21
-53.0854229999999987
0
LINE
8
BLACK
6
CONTINUOUS
10
163.3186069999999859
20
-53.0854229999999987
11
163.1949999999999932
21
-53.1049999999999969
0
LINE
8
BLACK
6
CONTINUOUS
10
163.1949999999999932
20
-53.1049999999999969
11
163.0713930000000005
21
-53.0854229999999987
0
LINE
8
BLACK
6
CONTINUOUS
10
163.0713930000000005
20
-53.0854229999999987
11
162.9598859999999831
21
-53.0286070000000009
0
LINE
8
BLACK
6
CONTINUOUS
10
162.9598859999999831
20
-53.0286070000000009
11
162.8713929999999834
21
-52.9401139999999941
0
LINE
8
BLACK
6
CONTINUOUS
10
162.8713929999999834
20
-52.9401139999999941
11
162.8145769999999857
21
-52.8286069999999981
0
LINE
8
BLACK
6
CONTINUOUS
10
162.8145769999999857
20
-52.8286069999999981
11
162.7949999999999875
21
-52.7049999999999983
0
LINE
8
BLACK
6
CONTINUOUS
10
162.7949999999999875
20
-52.7049999999999983
11
162.8145769999999857
21
-52.5813929999999985
0
LINE
8
BLACK
6
CONTINUOUS
10
162.8145769999999857
20
-52.5813929999999985
11
162.8713929999999834
21
-52.4698859999999954
0
LINE
8
BLACK
6
CONTINUOUS
10
162.8713929999999834
20
-52.4698859999999954
11
162.9598859999999831
21
-52.3813929999999957
0
LINE
8
BLACK
6
CONTINUOUS
10
162.9598859999999831
20
-52.3813929999999957
11
163.0713930000000005
21
-52.3245769999999979
0
LINE
8
BLACK
6
CONTINUOUS
10
163.0713930000000005
20
-52.3245769999999979
11
163.1949999999999932
21
-52.3049999999999997
0
LINE
8
BLACK
6
CONTINUOUS
10
163.1949999999999932
20
-52.3049999999999997
11
163.3186069999999859
21
-52.3245769999999979
0
LINE
8
BLACK
6
CONTINUOUS
10
164.5886069999999961
20
-52.3245769999999979
11
164.700113999999985
21
-52.3813929999999957
0
LINE
8
BLACK
6
CONTINUOUS
10
164.700113999999985
20
-52.3813929999999957
11
164.7886069999999847
21
-52.4698859999999954
0
LINE
8
BLACK
6
CONTINUOUS
10
164.7886069999999847
20
-52.4698859999999954
11
164.8454229999999825
21
-52.5813929999999985
0
LINE
8
BLACK
6
CONTINUOUS
10
164.8454229999999825
20
-52.5813929999999985
11
164.8649999999999807
21
-52.7049999999999983
0
LINE
8
BLACK
6
CONTINUOUS
10
164.8649999999999807
20
-52.7049999999999983
11
164.8454229999999825
21
-52.8286069999999981
0
LINE
8
BLACK
6
CONTINUOUS
10
164.8454229999999825
20
-52.8286069999999981
11
164.7886069999999847
21
-52.9401139999999941
0
LINE
8
BLACK
6
CONTINUOUS
10
164.7886069999999847
20
-52.9401139999999941
11
164.700113999999985
21
-53.0286070000000009
0
LINE
8
BLACK
6
CONTINUOUS
10
164.700113999999985
20
-53.0286070000000009
11
164.5886069999999961
21
-53.0854229999999987
0
LINE
8
BLACK
6
CONTINUOUS
10
164.5886069999999961
20
-53.0854229999999987
11
164.4650000000000034
21
-53.1049999999999969
0
LINE
8
BLACK
6
CONTINUOUS
10
164.4650000000000034
20
-53.1049999999999969
11
164.3413929999999823
21
-53.0854229999999987
0
LINE
8
BLACK
6
CONTINUOUS
10
164.3413929999999823
20
-53.0854229999999987
11
164.2298859999999934
21
-53.0286070000000009
0
LINE
8
BLACK
6
CONTINUOUS
10
164.2298859999999934
20
-53.0286070000000009
11
164.1413929999999937
21
-52.9401139999999941
0
LINE
8
BLACK
6
CONTINUOUS
10
164.1413929999999937
20
-52.9401139999999941
11
164.0845769999999959
21
-52.8286069999999981
0
LINE
8
BLACK
6
CONTINUOUS
10
164.0845769999999959
20
-52.8286069999999981
11
164.0649999999999977
21
-52.7049999999999983
0
LINE
8
BLACK
6
CONTINUOUS
10
164.0649999999999977
20
-52.7049999999999983
11
164.0845769999999959
21
-52.5813929999999985
0
LINE
8
BLACK
6
CONTINUOUS
10
164.0845769999999959
20
-52.5813929999999985
11
164.1413929999999937
21
-52.4698859999999954
0
LINE
8
BLACK
6
CONTINUOUS
10
164.1413929999999937
20
-52.4698859999999954
11
164.2298859999999934
21
-52.3813929999999957
0
LINE
8
BLACK
6
CONTINUOUS
10
164.2298859999999934
20
-52.3813929999999957
11
164.3413929999999823
21
-52.3245769999999979
0
LINE
8
BLACK
6
CONTINUOUS
10
164.3413929999999823
20
-52.3245769999999979
11
164.4650000000000034
21
-52.3049999999999997
0
LINE
8
BLACK
6
CONTINUOUS
10
164.4650000000000034
20
-52.3049999999999997
11
164.5886069999999961
21
-52.3245769999999979
0
LINE
8
BLACK
6
CONTINUOUS
10
165.8586070000000063
20
-52.3245769999999979
11
165.9701139999999953
21
-52.3813929999999957
0
LINE
8
BLACK
6
CONTINUOUS
10
165.9701139999999953
20
-52.3813929999999957
11
166.058606999999995
21
-52.4698859999999954
0
LINE
8
BLACK
6
CONTINUOUS
10
166.058606999999995
20
-52.4698859999999954
11
166.1154229999999927
21
-52.5813929999999985
0
LINE
8
BLACK
6
CONTINUOUS
10
166.1154229999999927
20
-52.5813929999999985
11
166.1349999999999909
21
-52.7049999999999983
0
LINE
8
BLACK
6
CONTINUOUS
10
166.1349999999999909
20
-52.7049999999999983
11
166.1154229999999927
21
-52.8286069999999981
0
LINE
8
BLACK
6
CONTINUOUS
10
166.1154229999999927
20
-52.8286069999999981
11
166.058606999999995
21
-52.9401139999999941
0
LINE
8
BLACK
6
CONTINUOUS
10
166.058606999999995
20
-52.9401139999999941
11
165.9701139999999953
21
-53.0286070000000009
0
LINE
8
BLACK
6
CONTINUOUS
10
165.9701139999999953
20
-53.0286070000000009
11
165.8586070000000063
21
-53.0854229999999987
0
LINE
8
BLACK
6
CONTINUOUS
10
165.8586070000000063
20
-53.0854229999999987
11
165.7349999999999852
21
-53.1049999999999969
0
LINE
8
BLACK
6
CONTINUOUS
10
165.7349999999999852
20
-53.1049999999999969
11
165.6113929999999925
21
-53.0854229999999987
0
LINE
8
BLACK
6
CONTINUOUS
10
165.6113929999999925
20
-53.0854229999999987
11
165.4998860000000036
21
-53.0286070000000009
0
LINE
8
BLACK
6
CONTINUOUS
10
165.4998860000000036
20
-53.0286070000000009
11
165.4113930000000039
21
-52.9401139999999941
0
LINE
8
BLACK
6
CONTINUOUS
10
165.4113930000000039
20
-52.9401139999999941
11
165.3545770000000061
21
-52.8286069999999981
0
LINE
8
BLACK
6
CONTINUOUS
10
165.3545770000000061
20
-52.8286069999999981
11
165.3349999999999795
21
-52.7049999999999983
0
LINE
8
BLACK
6
CONTINUOUS
10
165.3349999999999795
20
-52.7049999999999983
11
165.3545770000000061
21
-52.5813929999999985
0
LINE
8
BLACK
6
CONTINUOUS
10
165.3545770000000061
20
-52.5813929999999985
11
165.4113930000000039
21
-52.4698859999999954
0
LINE
8
BLACK
6
CONTINUOUS
10
165.4113930000000039
20
-52.4698859999999954
11
165.4998860000000036
21
-52.3813929999999957
0
LINE
8
BLACK
6
CONTINUOUS
10
165.4998860000000036
20
-52.3813929999999957
11
165.6113929999999925
21
-52.3245769999999979
0
LINE
8
BLACK
6
CONTINUOUS
10
165.6113929999999925
20
-52.3245769999999979
11
165.7349999999999852
21
-52.3049999999999997
0
LINE
8
BLACK
6
CONTINUOUS
10
165.7349999999999852
20
-52.3049999999999997
11
165.8586070000000063
21
-52.3245769999999979
0
LINE
8
BLACK
6
CONTINUOUS
10
167.1286069999999881
20
-52.3245769999999979
11
167.2401140000000055
21
-52.3813929999999957
0
LINE
8
BLACK
6
CONTINUOUS
10
167.2401140000000055
20
-52.3813929999999957
11
167.3286070000000052
21
-52.4698859999999954
0
LINE
8
BLACK
6
CONTINUOUS
10
167.3286070000000052
20
-52.4698859999999954
11
167.385423000000003
21
-52.5813929999999985
0
LINE
8
BLACK
6
CONTINUOUS
10
167.385423000000003
20
-52.5813929999999985
11
167.4050000000000011
21
-52.7049999999999983
0
LINE
8
BLACK
6
CONTINUOUS
10
167.4050000000000011
20
-52.7049999999999983
11
167.385423000000003
21
-52.8286069999999981
0
LINE
8
BLACK
6
CONTINUOUS
10
167.385423000000003
20
-52.8286069999999981
11
167.3286070000000052
21
-52.9401139999999941
0
LINE
8
BLACK
6
CONTINUOUS
10
167.3286070000000052
20
-52.9401139999999941
11
167.2401140000000055
21
-53.0286070000000009
0
LINE
8
BLACK
6
CONTINUOUS
10
167.2401140000000055
20
-53.0286070000000009
11
167.1286069999999881
21
-53.0854229999999987
0
LINE
8
BLACK
6
CONTINUOUS
10
167.1286069999999881
20
-53.0854229999999987
11
167.0049999999999955
21
-53.1049999999999969
0
LINE
8
BLACK
6
CONTINUOUS
10
167.0049999999999955
20
-53.1049999999999969
11
166.8813930000000028
21
-53.0854229999999987
0
LINE
8
BLACK
6
CONTINUOUS
10
166.8813930000000028
20
-53.0854229999999987
11
166.7698859999999854
21
-53.0286070000000009
0
LINE
8
BLACK
6
CONTINUOUS
10
166.7698859999999854
20
-53.0286070000000009
11
166.6813929999999857
21
-52.9401139999999941
0
LINE
8
BLACK
6
CONTINUOUS
10
166.6813929999999857
20
-52.9401139999999941
11
166.6245769999999879
21
-52.8286069999999981
0
LINE
8
BLACK
6
CONTINUOUS
10
166.6245769999999879
20
-52.8286069999999981
11
166.6049999999999898
21
-52.7049999999999983
0
LINE
8
BLACK
6
CONTINUOUS
10
166.6049999999999898
20
-52.7049999999999983
11
166.6245769999999879
21
-52.5813929999999985
0
LINE
8
BLACK
6
CONTINUOUS
10
166.6245769999999879
20
-52.5813929999999985
11
166.6813929999999857
21
-52.4698859999999954
0
LINE
8
BLACK
6
CONTINUOUS
10
166.6813929999999857
20
-52.4698859999999954
11
166.7698859999999854
21
-52.3813929999999957
0
LINE
8
BLACK
6
CONTINUOUS
10
166.7698859999999854
20
-52.3813929999999957
11
166.8813930000000028
21
-52.3245769999999979
0
LINE
8
BLACK
6
CONTINUOUS
10
166.8813930000000028
20
-52.3245769999999979
11
167.0049999999999955
21
-52.3049999999999997
0
LINE
8
BLACK
6
CONTINUOUS
10
167.0049999999999955
20
-52.3049999999999997
11
167.1286069999999881
21
-52.3245769999999979
0
LINE
8
BLACK
6
CONTINUOUS
10
168.3986069999999984
20
-52.3245769999999979
11
168.5101139999999873
21
-52.3813929999999957
0
LINE
8
BLACK
6
CONTINUOUS
10
168.5101139999999873
20
-52.3813929999999957
11
168.598606999999987
21
-52.4698859999999954
0
LINE
8
BLACK
6
CONTINUOUS
10
168.598606999999987
20
-52.4698859999999954
11
168.6554229999999848
21
-52.5813929999999985
0
LINE
8
BLACK
6
CONTINUOUS
10
168.6554229999999848
20
-52.5813929999999985
11
168.6749999999999829
21
-52.7049999999999983
0
LINE
8
BLACK
6
CONTINUOUS
10
168.6749999999999829
20
-52.7049999999999983
11
168.6554229999999848
21
-52.8286069999999981
0
LINE
8
BLACK
6
CONTINUOUS
10
168.6554229999999848
20
-52.8286069999999981
11
168.598606999999987
21
-52.9401139999999941
0
LINE
8
BLACK
6
CONTINUOUS
10
168.598606999999987
20
-52.9401139999999941
11
168.5101139999999873
21
-53.0286070000000009
0
LINE
8
BLACK
6
CONTINUOUS
10
168.5101139999999873
20
-53.0286070000000009
11
168.3986069999999984
21
-53.0854229999999987
0
LINE
8
BLACK
6
CONTINUOUS
10
168.3986069999999984
20
-53.0854229999999987
11
168.2750000000000057
21
-53.1049999999999969
0
LINE
8
BLACK
6
CONTINUOUS
10
168.2750000000000057
20
-53.1049999999999969
11
168.1513929999999846
21
-53.0854229999999987
0
LINE
8
BLACK
6
CONTINUOUS
10
168.1513929999999846
20
-53.0854229999999987
11
168.0398859999999956
21
-53.0286070000000009
0
LINE
8
BLACK
6
CONTINUOUS
10
168.0398859999999956
20
-53.0286070000000009
11
167.9513929999999959
21
-52.9401139999999941
0
LINE
8
BLACK
6
CONTINUOUS
10
167.9513929999999959
20
-52.9401139999999941
11
167.8945769999999982
21
-52.8286069999999981
0
LINE
8
BLACK
6
CONTINUOUS
10
167.8945769999999982
20
-52.8286069999999981
11
167.875
21
-52.7049999999999983
0
LINE
8
BLACK
6
CONTINUOUS
10
167.875
20
-52.7049999999999983
11
167.8945769999999982
21
-52.5813929999999985
0
LINE
8
BLACK
6
CONTINUOUS
10
167.8945769999999982
20
-52.5813929999999985
11
167.9513929999999959
21
-52.4698859999999954
0
LINE
8
BLACK
6
CONTINUOUS
10
167.9513929999999959
20
-52.4698859999999954
11
168.0398859999999956
21
-52.3813929999999957
0
LINE
8
BLACK
6
CONTINUOUS
10
168.0398859999999956
20
-52.3813929999999957
11
168.1513929999999846
21
-52.3245769999999979
0
LINE
8
BLACK
6
CONTINUOUS
10
168.1513929999999846
20
-52.3245769999999979
11
168.2750000000000057
21
-52.3049999999999997
0
LINE
8
BLACK
6
CONTINUOUS
10
168.2750000000000057
20
-52.3049999999999997
11
168.3986069999999984
21
-52.3245769999999979
0
LINE
8
BLACK
6
CONTINUOUS
10
169.6686069999999802
20
-52.3245769999999979
11
169.7801139999999975
21
-52.3813929999999957
0
LINE
8
BLACK
6
CONTINUOUS
10
169.7801139999999975
20
-52.3813929999999957
11
169.8686069999999972
21
-52.4698859999999954
0
LINE
8
BLACK
6
CONTINUOUS
10
169.8686069999999972
20
-52.4698859999999954
11
169.925422999999995
21
-52.5813929999999985
0
LINE
8
BLACK
6
CONTINUOUS
10
169.925422999999995
20
-52.5813929999999985
11
169.9449999999999932
21
-52.7049999999999983
0
LINE
8
BLACK
6
CONTINUOUS
10
169.9449999999999932
20
-52.7049999999999983
11
169.925422999999995
21
-52.8286069999999981
0
LINE
8
BLACK
6
CONTINUOUS
10
169.925422999999995
20
-52.8286069999999981
11
169.8686069999999972
21
-52.9401139999999941
0
LINE
8
BLACK
6
CONTINUOUS
10
169.8686069999999972
20
-52.9401139999999941
11
169.7801139999999975
21
-53.0286070000000009
0
LINE
8
BLACK
6
CONTINUOUS
10
169.7801139999999975
20
-53.0286070000000009
11
169.6686069999999802
21
-53.0854229999999987
0
LINE
8
BLACK
6
CONTINUOUS
10
169.6686069999999802
20
-53.0854229999999987
11
169.5449999999999875
21
-53.1049999999999969
0
LINE
8
BLACK
6
CONTINUOUS
10
169.5449999999999875
20
-53.1049999999999969
11
169.4213929999999948
21
-53.0854229999999987
0
LINE
8
BLACK
6
CONTINUOUS
10
169.4213929999999948
20
-53.0854229999999987
11
169.3098860000000059
21
-53.0286070000000009
0
LINE
8
BLACK
6
CONTINUOUS
10
169.3098860000000059
20
-53.0286070000000009
11
169.2213930000000062
21
-52.9401139999999941
0
LINE
8
BLACK
6
CONTINUOUS
10
169.2213930000000062
20
-52.9401139999999941
11
169.16457699999998
21
-52.8286069999999981
0
LINE
8
BLACK
6
CONTINUOUS
10
169.16457699999998
20
-52.8286069999999981
11
169.1449999999999818
21
-52.7049999999999983
0
LINE
8
BLACK
6
CONTINUOUS
10
169.1449999999999818
20
-52.7049999999999983
11
169.16457699999998
21
-52.5813929999999985
0
LINE
8
BLACK
6
CONTINUOUS
10
169.16457699999998
20
-52.5813929999999985
11
169.2213930000000062
21
-52.4698859999999954
0
LINE
8
BLACK
6
CONTINUOUS
10
169.2213930000000062
20
-52.4698859999999954
11
169.3098860000000059
21
-52.3813929999999957
0
LINE
8
BLACK
6
CONTINUOUS
10
169.3098860000000059
20
-52.3813929999999957
11
169.4213929999999948
21
-52.3245769999999979
0
LINE
8
BLACK
6
CONTINUOUS
10
169.4213929999999948
20
-52.3245769999999979
11
169.5449999999999875
21
-52.3049999999999997
0
LINE
8
BLACK
6
CONTINUOUS
10
169.5449999999999875
20
-52.3049999999999997
11
169.6686069999999802
21
-52.3245769999999979
0
LINE
8
BLACK
6
CONTINUOUS
10
160.1436070000000029
20
-51.0545769999999948
11
160.2551139999999918
21
-51.1113929999999996
0
LINE
8
BLACK
6
CONTINUOUS
10
160.2551139999999918
20
-51.1113929999999996
11
160.3436069999999916
21
-51.1998859999999993
0
LINE
8
BLACK
6
CONTINUOUS
10
160.3436069999999916
20
-51.1998859999999993
11
160.4004229999999893
21
-51.3113929999999954
0
LINE
8
BLACK
6
CONTINUOUS
10
160.4004229999999893
20
-51.3113929999999954
11
160.4199999999999875
21
-51.4349999999999952
0
LINE
8
BLACK
6
CONTINUOUS
10
160.4199999999999875
20
-51.4349999999999952
11
160.4004229999999893
21
-51.558606999999995
0
LINE
8
BLACK
6
CONTINUOUS
10
160.4004229999999893
20
-51.558606999999995
11
160.3436069999999916
21
-51.6701139999999981
0
LINE
8
BLACK
6
CONTINUOUS
10
160.3436069999999916
20
-51.6701139999999981
11
160.2551139999999918
21
-51.7586069999999978
0
LINE
8
BLACK
6
CONTINUOUS
10
160.2551139999999918
20
-51.7586069999999978
11
160.1436070000000029
21
-51.8154229999999956
0
LINE
8
BLACK
6
CONTINUOUS
10
160.1436070000000029
20
-51.8154229999999956
11
160.0199999999999818
21
-51.8350000000000009
0
LINE
8
BLACK
6
CONTINUOUS
10
160.0199999999999818
20
-51.8350000000000009
11
159.8963929999999891
21
-51.8154229999999956
0
LINE
8
BLACK
6
CONTINUOUS
10
159.8963929999999891
20
-51.8154229999999956
11
159.7848860000000002
21
-51.7586069999999978
0
LINE
8
BLACK
6
CONTINUOUS
10
159.7848860000000002
20
-51.7586069999999978
11
159.6963930000000005
21
-51.6701139999999981
0
LINE
8
BLACK
6
CONTINUOUS
10
159.6963930000000005
20
-51.6701139999999981
11
159.6395770000000027
21
-51.558606999999995
0
LINE
8
BLACK
6
CONTINUOUS
10
159.6395770000000027
20
-51.558606999999995
11
159.6200000000000045
21
-51.4349999999999952
0
LINE
8
BLACK
6
CONTINUOUS
10
159.6200000000000045
20
-51.4349999999999952
11
159.6395770000000027
21
-51.3113929999999954
0
LINE
8
BLACK
6
CONTINUOUS
10
159.6395770000000027
20
-51.3113929999999954
11
159.6963930000000005
21
-51.1998859999999993
0
LINE
8
BLACK
6
CONTINUOUS
10
159.6963930000000005
20
-51.1998859999999993
11
159.7848860000000002
21
-51.1113929999999996
0
LINE
8
BLACK
6
CONTINUOUS
10
159.7848860000000002
20
-51.1113929999999996
11
159.8963929999999891
21
-51.0545769999999948
0
LINE
8
BLACK
6
CONTINUOUS
10
159.8963929999999891
20
-51.0545769999999948
11
160.0199999999999818
21
-51.0349999999999966
0
LINE
8
BLACK
6
CONTINUOUS
10
160.0199999999999818
20
-51.0349999999999966
11
160.1436070000000029
21
-51.0545769999999948
0
LINE
8
BLACK
6
CONTINUOUS
10
161.4136069999999847
20
-51.0545769999999948
11
161.5251140000000021
21
-51.1113929999999996
0
LINE
8
BLACK
6
CONTINUOUS
10
161.5251140000000021
20
-51.1113929999999996
11
161.6136070000000018
21
-51.1998859999999993
0
LINE
8
BLACK
6
CONTINUOUS
10
161.6136070000000018
20
-51.1998859999999993
11
161.6704229999999995
21
-51.3113929999999954
0
LINE
8
BLACK
6
CONTINUOUS
10
161.6704229999999995
20
-51.3113929999999954
11
161.6899999999999977
21
-51.4349999999999952
0
LINE
8
BLACK
6
CONTINUOUS
10
161.6899999999999977
20
-51.4349999999999952
11
161.6704229999999995
21
-51.558606999999995
0
LINE
8
BLACK
6
CONTINUOUS
10
161.6704229999999995
20
-51.558606999999995
11
161.6136070000000018
21
-51.6701139999999981
0
LINE
8
BLACK
6
CONTINUOUS
10
161.6136070000000018
20
-51.6701139999999981
11
161.5251140000000021
21
-51.7586069999999978
0
LINE
8
BLACK
6
CONTINUOUS
10
161.5251140000000021
20
-51.7586069999999978
11
161.4136069999999847
21
-51.8154229999999956
0
LINE
8
BLACK
6
CONTINUOUS
10
161.4136069999999847
20
-51.8154229999999956
11
161.289999999999992
21
-51.8350000000000009
0
LINE
8
BLACK
6
CONTINUOUS
10
161.289999999999992
20
-51.8350000000000009
11
161.1663929999999993
21
-51.8154229999999956
0
LINE
8
BLACK
6
CONTINUOUS
10
161.1663929999999993
20
-51.8154229999999956
11
161.054885999999982
21
-51.7586069999999978
0
LINE
8
BLACK
6
CONTINUOUS
10
161.054885999999982
20
-51.7586069999999978
11
160.9663929999999823
21
-51.6701139999999981
0
LINE
8
BLACK
6
CONTINUOUS
10
160.9663929999999823
20
-51.6701139999999981
11
160.9095769999999845
21
-51.558606999999995
0
LINE
8
BLACK
6
CONTINUOUS
10
160.9095769999999845
20
-51.558606999999995
11
160.8899999999999864
21
-51.4349999999999952
0
LINE
8
BLACK
6
CONTINUOUS
10
160.8899999999999864
20
-51.4349999999999952
11
160.9095769999999845
21
-51.3113929999999954
0
LINE
8
BLACK
6
CONTINUOUS
10
160.9095769999999845
20
-51.3113929999999954
11
160.9663929999999823
21
-51.1998859999999993
0
LINE
8
BLACK
6
CONTINUOUS
10
160.9663929999999823
20
-51.1998859999999993
11
161.054885999999982
21
-51.1113929999999996
0
LINE
8
BLACK
6
CONTINUOUS
10
161.054885999999982
20
-51.1113929999999996
11
161.1663929999999993
21
-51.0545769999999948
0
LINE
8
BLACK
6
CONTINUOUS
10
161.1663929999999993
20
-51.0545769999999948
11
161.289999999999992
21
-51.0349999999999966
0
LINE
8
BLACK
6
CONTINUOUS
10
161.289999999999992
20
-51.0349999999999966
11
161.4136069999999847
21
-51.0545769999999948
0
LINE
8
BLACK
6
CONTINUOUS
10
162.683606999999995
20
-51.0545769999999948
11
162.7951139999999839
21
-51.1113929999999996
0
LINE
8
BLACK
6
CONTINUOUS
10
162.7951139999999839
20
-51.1113929999999996
11
162.8836069999999836
21
-51.1998859999999993
0
LINE
8
BLACK
6
CONTINUOUS
10
162.8836069999999836
20
-51.1998859999999993
11
162.9404229999999814
21
-51.3113929999999954
0
LINE
8
BLACK
6
CONTINUOUS
10
162.9404229999999814
20
-51.3113929999999954
11
162.9599999999999795
21
-51.4349999999999952
0
LINE
8
BLACK
6
CONTINUOUS
10
162.9599999999999795
20
-51.4349999999999952
11
162.9404229999999814
21
-51.558606999999995
0
LINE
8
BLACK
6
CONTINUOUS
10
162.9404229999999814
20
-51.558606999999995
11
162.8836069999999836
21
-51.6701139999999981
0
LINE
8
BLACK
6
CONTINUOUS
10
162.8836069999999836
20
-51.6701139999999981
11
162.7951139999999839
21
-51.7586069999999978
0
LINE
8
BLACK
6
CONTINUOUS
10
162.7951139999999839
20
-51.7586069999999978
11
162.683606999999995
21
-51.8154229999999956
0
LINE
8
BLACK
6
CONTINUOUS
10
162.683606999999995
20
-51.8154229999999956
11
162.5600000000000023
21
-51.8350000000000009
0
LINE
8
BLACK
6
CONTINUOUS
10
162.5600000000000023
20
-51.8350000000000009
11
162.4363929999999812
21
-51.8154229999999956
0
LINE
8
BLACK
6
CONTINUOUS
10
162.4363929999999812
20
-51.8154229999999956
11
162.3248859999999922
21
-51.7586069999999978
0
LINE
8
BLACK
6
CONTINUOUS
10
162.3248859999999922
20
-51.7586069999999978
11
162.2363929999999925
21
-51.6701139999999981
0
LINE
8
BLACK
6
CONTINUOUS
10
162.2363929999999925
20
-51.6701139999999981
11
162.1795769999999948
21
-51.558606999999995
0
LINE
8
BLACK
6
CONTINUOUS
10
162.1795769999999948
20
-51.558606999999995
11
162.1599999999999966
21
-51.4349999999999952
0
LINE
8
BLACK
6
CONTINUOUS
10
162.1599999999999966
20
-51.4349999999999952
11
162.1795769999999948
21
-51.3113929999999954
0
LINE
8
BLACK
6
CONTINUOUS
10
162.1795769999999948
20
-51.3113929999999954
11
162.2363929999999925
21
-51.1998859999999993
0
LINE
8
BLACK
6
CONTINUOUS
10
162.2363929999999925
20
-51.1998859999999993
11
162.3248859999999922
21
-51.1113929999999996
0
LINE
8
BLACK
6
CONTINUOUS
10
162.3248859999999922
20
-51.1113929999999996
11
162.4363929999999812
21
-51.0545769999999948
0
LINE
8
BLACK
6
CONTINUOUS
10
162.4363929999999812
20
-51.0545769999999948
11
162.5600000000000023
21
-51.0349999999999966
0
LINE
8
BLACK
6
CONTINUOUS
10
162.5600000000000023
20
-51.0349999999999966
11
162.683606999999995
21
-51.0545769999999948
0
LINE
8
BLACK
6
CONTINUOUS
10
163.9536070000000052
20
-51.0545769999999948
11
164.0651139999999941
21
-51.1113929999999996
0
LINE
8
BLACK
6
CONTINUOUS
10
164.0651139999999941
20
-51.1113929999999996
11
164.1536069999999938
21
-51.1998859999999993
0
LINE
8
BLACK
6
CONTINUOUS
10
164.1536069999999938
20
-51.1998859999999993
11
164.2104229999999916
21
-51.3113929999999954
0
LINE
8
BLACK
6
CONTINUOUS
10
164.2104229999999916
20
-51.3113929999999954
11
164.2299999999999898
21
-51.4349999999999952
0
LINE
8
BLACK
6
CONTINUOUS
10
164.2299999999999898
20
-51.4349999999999952
11
164.2104229999999916
21
-51.558606999999995
0
LINE
8
BLACK
6
CONTINUOUS
10
164.2104229999999916
20
-51.558606999999995
11
164.1536069999999938
21
-51.6701139999999981
0
LINE
8
BLACK
6
CONTINUOUS
10
164.1536069999999938
20
-51.6701139999999981
11
164.0651139999999941
21
-51.7586069999999978
0
LINE
8
BLACK
6
CONTINUOUS
10
164.0651139999999941
20
-51.7586069999999978
11
163.9536070000000052
21
-51.8154229999999956
0
LINE
8
BLACK
6
CONTINUOUS
10
163.9536070000000052
20
-51.8154229999999956
11
163.8299999999999841
21
-51.8350000000000009
0
LINE
8
BLACK
6
CONTINUOUS
10
163.8299999999999841
20
-51.8350000000000009
11
163.7063929999999914
21
-51.8154229999999956
0
LINE
8
BLACK
6
CONTINUOUS
10
163.7063929999999914
20
-51.8154229999999956
11
163.5948860000000025
21
-51.7586069999999978
0
LINE
8
BLACK
6
CONTINUOUS
10
163.5948860000000025
20
-51.7586069999999978
11
163.5063930000000028
21
-51.6701139999999981
0
LINE
8
BLACK
6
CONTINUOUS
10
163.5063930000000028
20
-51.6701139999999981
11
163.449577000000005
21
-51.558606999999995
0
LINE
8
BLACK
6
CONTINUOUS
10
163.449577000000005
20
-51.558606999999995
11
163.4299999999999784
21
-51.4349999999999952
0
LINE
8
BLACK
6
CONTINUOUS
10
163.4299999999999784
20
-51.4349999999999952
11
163.449577000000005
21
-51.3113929999999954
0
LINE
8
BLACK
6
CONTINUOUS
10
163.449577000000005
20
-51.3113929999999954
11
163.5063930000000028
21
-51.1998859999999993
0
LINE
8
BLACK
6
CONTINUOUS
10
163.5063930000000028
20
-51.1998859999999993
11
163.5948860000000025
21
-51.1113929999999996
0
LINE
8
BLACK
6
CONTINUOUS
10
163.5948860000000025
20
-51.1113929999999996
11
163.7063929999999914
21
-51.0545769999999948
0
LINE
8
BLACK
6
CONTINUOUS
10
163.7063929999999914
20
-51.0545769999999948
11
163.8299999999999841
21
-51.0349999999999966
0
LINE
8
BLACK
6
CONTINUOUS
10
163.8299999999999841
20
-51.0349999999999966
11
163.9536070000000052
21
-51.0545769999999948
0
LINE
8
BLACK
6
CONTINUOUS
10
165.223606999999987
20
-51.0545769999999948
11
165.3351140000000044
21
-51.1113929999999996
0
LINE
8
BLACK
6
CONTINUOUS
10
165.3351140000000044
20
-51.1113929999999996
11
165.4236070000000041
21
-51.1998859999999993
0
LINE
8
BLACK
6
CONTINUOUS
10
165.4236070000000041
20
-51.1998859999999993
11
165.4804230000000018
21
-51.3113929999999954
0
LINE
8
BLACK
6
CONTINUOUS
10
165.4804230000000018
20
-51.3113929999999954
11
165.5
21
-51.4349999999999952
0
LINE
8
BLACK
6
CONTINUOUS
10
165.5
20
-51.4349999999999952
11
165.4804230000000018
21
-51.558606999999995
0
LINE
8
BLACK
6
CONTINUOUS
10
165.4804230000000018
20
-51.558606999999995
11
165.4236070000000041
21
-51.6701139999999981
0
LINE
8
BLACK
6
CONTINUOUS
10
165.4236070000000041
20
-51.6701139999999981
11
165.3351140000000044
21
-51.7586069999999978
0
LINE
8
BLACK
6
CONTINUOUS
10
165.3351140000000044
20
-51.7586069999999978
11
165.223606999999987
21
-51.8154229999999956
0
LINE
8
BLACK
6
CONTINUOUS
10
165.223606999999987
20
-51.8154229999999956
11
165.0999999999999943
21
-51.8350000000000009
0
LINE
8
BLACK
6
CONTINUOUS
10
165.0999999999999943
20
-51.8350000000000009
11
164.9763930000000016
21
-51.8154229999999956
0
LINE
8
BLACK
6
CONTINUOUS
10
164.9763930000000016
20
-51.8154229999999956
11
164.8648859999999843
21
-51.7586069999999978
0
LINE
8
BLACK
6
CONTINUOUS
10
164.8648859999999843
20
-51.7586069999999978
11
164.7763929999999846
21
-51.6701139999999981
0
LINE
8
BLACK
6
CONTINUOUS
10
164.7763929999999846
20
-51.6701139999999981
11
164.7195769999999868
21
-51.558606999999995
0
LINE
8
BLACK
6
CONTINUOUS
10
164.7195769999999868
20
-51.558606999999995
11
164.6999999999999886
21
-51.4349999999999952
0
LINE
8
BLACK
6
CONTINUOUS
10
164.6999999999999886
20
-51.4349999999999952
11
164.7195769999999868
21
-51.3113929999999954
0
LINE
8
BLACK
6
CONTINUOUS
10
164.7195769999999868
20
-51.3113929999999954
11
164.7763929999999846
21
-51.1998859999999993
0
LINE
8
BLACK
6
CONTINUOUS
10
164.7763929999999846
20
-51.1998859999999993
11
164.8648859999999843
21
-51.1113929999999996
0
LINE
8
BLACK
6
CONTINUOUS
10
164.8648859999999843
20
-51.1113929999999996
11
164.9763930000000016
21
-51.0545769999999948
0
LINE
8
BLACK
6
CONTINUOUS
10
164.9763930000000016
20
-51.0545769999999948
11
165.0999999999999943
21
-51.0349999999999966
0
LINE
8
BLACK
6
CONTINUOUS
10
165.0999999999999943
20
-51.0349999999999966
11
165.223606999999987
21
-51.0545769999999948
0
LINE
8
BLACK
6
CONTINUOUS
10
166.4936069999999972
20
-51.0545769999999948
11
166.6051139999999862
21
-51.1113929999999996
0
LINE
8
BLACK
6
CONTINUOUS
10
166.6051139999999862
20
-51.1113929999999996
11
166.6936069999999859
21
-51.1998859999999993
0
LINE
8
BLACK
6
CONTINUOUS
10
166.6936069999999859
20
-51.1998859999999993
11
166.7504229999999836
21
-51.3113929999999954
0
LINE
8
BLACK
6
CONTINUOUS
10
166.7504229999999836
20
-51.3113929999999954
11
166.7699999999999818
21
-51.4349999999999952
0
LINE
8
BLACK
6
CONTINUOUS
10
166.7699999999999818
20
-51.4349999999999952
11
166.7504229999999836
21
-51.558606999999995
0
LINE
8
BLACK
6
CONTINUOUS
10
166.7504229999999836
20
-51.558606999999995
11
166.6936069999999859
21
-51.6701139999999981
0
LINE
8
BLACK
6
CONTINUOUS
10
166.6936069999999859
20
-51.6701139999999981
11
166.6051139999999862
21
-51.7586069999999978
0
LINE
8
BLACK
6
CONTINUOUS
10
166.6051139999999862
20
-51.7586069999999978
11
166.4936069999999972
21
-51.8154229999999956
0
LINE
8
BLACK
6
CONTINUOUS
10
166.4936069999999972
20
-51.8154229999999956
11
166.3700000000000045
21
-51.8350000000000009
0
LINE
8
BLACK
6
CONTINUOUS
10
166.3700000000000045
20
-51.8350000000000009
11
166.2463929999999834
21
-51.8154229999999956
0
LINE
8
BLACK
6
CONTINUOUS
10
166.2463929999999834
20
-51.8154229999999956
11
166.1348859999999945
21
-51.7586069999999978
0
LINE
8
BLACK
6
CONTINUOUS
10
166.1348859999999945
20
-51.7586069999999978
11
166.0463929999999948
21
-51.6701139999999981
0
LINE
8
BLACK
6
CONTINUOUS
10
166.0463929999999948
20
-51.6701139999999981
11
165.989576999999997
21
-51.558606999999995
0
LINE
8
BLACK
6
CONTINUOUS
10
165.989576999999997
20
-51.558606999999995
11
165.9699999999999989
21
-51.4349999999999952
0
LINE
8
BLACK
6
CONTINUOUS
10
165.9699999999999989
20
-51.4349999999999952
11
165.989576999999997
21
-51.3113929999999954
0
LINE
8
BLACK
6
CONTINUOUS
10
165.989576999999997
20
-51.3113929999999954
11
166.0463929999999948
21
-51.1998859999999993
0
LINE
8
BLACK
6
CONTINUOUS
10
166.0463929999999948
20
-51.1998859999999993
11
166.1348859999999945
21
-51.1113929999999996
0
LINE
8
BLACK
6
CONTINUOUS
10
166.1348859999999945
20
-51.1113929999999996
11
166.2463929999999834
21
-51.0545769999999948
0
LINE
8
BLACK
6
CONTINUOUS
10
166.2463929999999834
20
-51.0545769999999948
11
166.3700000000000045
21
-51.0349999999999966
0
LINE
8
BLACK
6
CONTINUOUS
10
166.3700000000000045
20
-51.0349999999999966
11
166.4936069999999972
21
-51.0545769999999948
0
LINE
8
BLACK
6
CONTINUOUS
10
167.7636069999999791
20
-51.0545769999999948
11
167.8751139999999964
21
-51.1113929999999996
0
LINE
8
BLACK
6
CONTINUOUS
10
167.8751139999999964
20
-51.1113929999999996
11
167.9636069999999961
21
-51.1998859999999993
0
LINE
8
BLACK
6
CONTINUOUS
10
167.9636069999999961
20
-51.1998859999999993
11
168.0204229999999939
21
-51.3113929999999954
0
LINE
8
BLACK
6
CONTINUOUS
10
168.0204229999999939
20
-51.3113929999999954
11
168.039999999999992
21
-51.4349999999999952
0
LINE
8
BLACK
6
CONTINUOUS
10
168.039999999999992
20
-51.4349999999999952
11
168.0204229999999939
21
-51.558606999999995
0
LINE
8
BLACK
6
CONTINUOUS
10
168.0204229999999939
20
-51.558606999999995
11
167.9636069999999961
21
-51.6701139999999981
0
LINE
8
BLACK
6
CONTINUOUS
10
167.9636069999999961
20
-51.6701139999999981
11
167.8751139999999964
21
-51.7586069999999978
0
LINE
8
BLACK
6
CONTINUOUS
10
167.8751139999999964
20
-51.7586069999999978
11
167.7636069999999791
21
-51.8154229999999956
0
LINE
8
BLACK
6
CONTINUOUS
10
167.7636069999999791
20
-51.8154229999999956
11
167.6399999999999864
21
-51.8350000000000009
0
LINE
8
BLACK
6
CONTINUOUS
10
167.6399999999999864
20
-51.8350000000000009
11
167.5163929999999937
21
-51.8154229999999956
0
LINE
8
BLACK
6
CONTINUOUS
10
167.5163929999999937
20
-51.8154229999999956
11
167.4048860000000047
21
-51.7586069999999978
0
LINE
8
BLACK
6
CONTINUOUS
10
167.4048860000000047
20
-51.7586069999999978
11
167.316393000000005
21
-51.6701139999999981
0
LINE
8
BLACK
6
CONTINUOUS
10
167.316393000000005
20
-51.6701139999999981
11
167.2595769999999789
21
-51.558606999999995
0
LINE
8
BLACK
6
CONTINUOUS
10
167.2595769999999789
20
-51.558606999999995
11
167.2399999999999807
21
-51.4349999999999952
0
LINE
8
BLACK
6
CONTINUOUS
10
167.2399999999999807
20
-51.4349999999999952
11
167.2595769999999789
21
-51.3113929999999954
0
LINE
8
BLACK
6
CONTINUOUS
10
167.2595769999999789
20
-51.3113929999999954
11
167.316393000000005
21
-51.1998859999999993
0
LINE
8
BLACK
6
CONTINUOUS
10
167.316393000000005
20
-51.1998859999999993
11
167.4048860000000047
21
-51.1113929999999996
0
LINE
8
BLACK
6
CONTINUOUS
10
167.4048860000000047
20
-51.1113929999999996
11
167.5163929999999937
21
-51.0545769999999948
0
LINE
8
BLACK
6
CONTINUOUS
10
167.5163929999999937
20
-51.0545769999999948
11
167.6399999999999864
21
-51.0349999999999966
0
LINE
8
BLACK
6
CONTINUOUS
10
167.6399999999999864
20
-51.0349999999999966
11
167.7636069999999791
21
-51.0545769999999948
0
LINE
8
BLACK
6
CONTINUOUS
10
169.0336069999999893
20
-51.0545769999999948
11
169.1451139999999782
21
-51.1113929999999996
0
LINE
8
BLACK
6
CONTINUOUS
10
169.1451139999999782
20
-51.1113929999999996
11
169.2336070000000063
21
-51.1998859999999993
0
LINE
8
BLACK
6
CONTINUOUS
10
169.2336070000000063
20
-51.1998859999999993
11
169.2904230000000041
21
-51.3113929999999954
0
LINE
8
BLACK
6
CONTINUOUS
10
169.2904230000000041
20
-51.3113929999999954
11
169.3100000000000023
21
-51.4349999999999952
0
LINE
8
BLACK
6
CONTINUOUS
10
169.3100000000000023
20
-51.4349999999999952
11
169.2904230000000041
21
-51.558606999999995
0
LINE
8
BLACK
6
CONTINUOUS
10
169.2904230000000041
20
-51.558606999999995
11
169.2336070000000063
21
-51.6701139999999981
0
LINE
8
BLACK
6
CONTINUOUS
10
169.2336070000000063
20
-51.6701139999999981
11
169.1451139999999782
21
-51.7586069999999978
0
LINE
8
BLACK
6
CONTINUOUS
10
169.1451139999999782
20
-51.7586069999999978
11
169.0336069999999893
21
-51.8154229999999956
0
LINE
8
BLACK
6
CONTINUOUS
10
169.0336069999999893
20
-51.8154229999999956
11
168.9099999999999966
21
-51.8350000000000009
0
LINE
8
BLACK
6
CONTINUOUS
10
168.9099999999999966
20
-51.8350000000000009
11
168.7863930000000039
21
-51.8154229999999956
0
LINE
8
BLACK
6
CONTINUOUS
10
168.7863930000000039
20
-51.8154229999999956
11
168.6748859999999866
21
-51.7586069999999978
0
LINE
8
BLACK
6
CONTINUOUS
10
168.6748859999999866
20
-51.7586069999999978
11
168.5863929999999868
21
-51.6701139999999981
0
LINE
8
BLACK
6
CONTINUOUS
10
168.5863929999999868
20
-51.6701139999999981
11
168.5295769999999891
21
-51.558606999999995
0
LINE
8
BLACK
6
CONTINUOUS
10
168.5295769999999891
20
-51.558606999999995
11
168.5099999999999909
21
-51.4349999999999952
0
LINE
8
BLACK
6
CONTINUOUS
10
168.5099999999999909
20
-51.4349999999999952
11
168.5295769999999891
21
-51.3113929999999954
0
LINE
8
BLACK
6
CONTINUOUS
10
168.5295769999999891
20
-51.3113929999999954
11
168.5863929999999868
21
-51.1998859999999993
0
LINE
8
BLACK
6
CONTINUOUS
10
168.5863929999999868
20
-51.1998859999999993
11
168.6748859999999866
21
-51.1113929999999996
0
LINE
8
BLACK
6
CONTINUOUS
10
168.6748859999999866
20
-51.1113929999999996
11
168.7863930000000039
21
-51.0545769999999948
0
LINE
8
BLACK
6
CONTINUOUS
10
168.7863930000000039
20
-51.0545769999999948
11
168.9099999999999966
21
-51.0349999999999966
0
LINE
8
BLACK
6
CONTINUOUS
10
168.9099999999999966
20
-51.0349999999999966
11
169.0336069999999893
21
-51.0545769999999948
0
LINE
8
BLACK
6
CONTINUOUS
10
150.6079819999999927
20
-38.6005859999999998
11
150.6122629999999845
21
-38.6007350000000002
0
LINE
8
BLACK
6
CONTINUOUS
10
150.6122629999999845
20
-38.6007350000000002
11
151.7377630000000011
21
-38.6595699999999951
0
LINE
8
BLACK
6
CONTINUOUS
10
151.7377630000000011
20
-38.6595699999999951
11
151.7419940000000054
21
-38.6598649999999964
0
LINE
8
BLACK
6
CONTINUOUS
10
151.7419940000000054
20
-38.6598649999999964
11
152.8648019999999974
21
-38.7578479999999956
0
LINE
8
BLACK
6
CONTINUOUS
10
152.8648019999999974
20
-38.7578479999999956
11
152.8690639999999803
21
-38.7582960000000014
0
LINE
8
BLACK
6
CONTINUOUS
10
152.8690639999999803
20
-38.7582960000000014
11
153.9877089999999953
21
-38.8952969999999993
0
LINE
8
BLACK
6
CONTINUOUS
10
153.9877089999999953
20
-38.8952969999999993
11
153.9919209999999907
21
-38.8958869999999948
0
LINE
8
BLACK
6
CONTINUOUS
10
153.9919209999999907
20
-38.8958869999999948
11
155.1051909999999907
21
-39.0717579999999955
0
LINE
8
BLACK
6
CONTINUOUS
10
155.1051909999999907
20
-39.0717579999999955
11
155.1093520000000012
21
-39.0724899999999948
0
LINE
8
BLACK
6
CONTINUOUS
10
155.1093520000000012
20
-39.0724899999999948
11
156.2157919999999933
21
-39.2870029999999986
0
LINE
8
BLACK
6
CONTINUOUS
10
156.2157919999999933
20
-39.2870029999999986
11
156.2199699999999893
21
-39.2878879999999953
0
LINE
8
BLACK
6
CONTINUOUS
10
156.2199699999999893
20
-39.2878879999999953
11
157.3182889999999929
21
-39.5407900000000012
0
LINE
8
BLACK
6
CONTINUOUS
10
157.3182889999999929
20
-39.5407900000000012
11
157.322384999999997
21
-39.5418079999999961
0
LINE
8
BLACK
6
CONTINUOUS
10
157.322384999999997
20
-39.5418079999999961
11
157.3880159999999933
21
-39.5593469999999954
0
LINE
8
BLACK
6
CONTINUOUS
10
157.3880159999999933
20
-39.5593469999999954
11
157.4476990000000001
21
-39.5956729999999979
0
LINE
8
BLACK
6
CONTINUOUS
10
157.4476990000000001
20
-39.5956729999999979
11
157.4782699999999807
21
-39.6584999999999965
0
LINE
8
BLACK
6
CONTINUOUS
10
157.4782699999999807
20
-39.6584999999999965
11
157.4799999999999898
21
-39.6791429999999963
0
LINE
8
BLACK
6
CONTINUOUS
10
157.4799999999999898
20
-39.6791429999999963
11
157.4799999999999898
21
-46.4919069999999977
0
LINE
8
BLACK
6
CONTINUOUS
10
157.4799999999999898
20
-46.4919069999999977
11
157.4794029999999907
21
-46.5040610000000001
0
LINE
8
BLACK
6
CONTINUOUS
10
157.4794029999999907
20
-46.5040610000000001
11
157.4619820000000061
21
-46.6809340000000006
0
LINE
8
BLACK
6
CONTINUOUS
10
157.4619820000000061
20
-46.6809340000000006
11
157.4572399999999845
21
-46.7047749999999979
0
LINE
8
BLACK
6
CONTINUOUS
10
157.4572399999999845
20
-46.7047749999999979
11
157.4074239999999918
21
-46.8689979999999977
0
LINE
8
BLACK
6
CONTINUOUS
10
157.4074239999999918
20
-46.8689979999999977
11
157.3981210000000033
21
-46.891455999999998
0
LINE
8
BLACK
6
CONTINUOUS
10
157.3981210000000033
20
-46.891455999999998
11
157.3172270000000026
21
-47.0427979999999977
0
LINE
8
BLACK
6
CONTINUOUS
10
157.3172270000000026
20
-47.0427979999999977
11
157.3037219999999934
21
-47.0630099999999985
0
LINE
8
BLACK
6
CONTINUOUS
10
157.3037219999999934
20
-47.0630099999999985
11
157.1948539999999923
21
-47.1956659999999957
0
LINE
8
BLACK
6
CONTINUOUS
10
157.1948539999999923
20
-47.1956659999999957
11
157.1776659999999879
21
-47.2128540000000001
0
LINE
8
BLACK
6
CONTINUOUS
10
157.1776659999999879
20
-47.2128540000000001
11
157.1728319999999997
21
-47.2168199999999985
0
LINE
8
BLACK
6
CONTINUOUS
10
157.1728319999999997
20
-47.2168199999999985
11
157.1686069999999802
21
-47.2251139999999978
0
LINE
8
BLACK
6
CONTINUOUS
10
157.1686069999999802
20
-47.2251139999999978
11
157.0801139999999805
21
-47.3136069999999975
0
LINE
8
BLACK
6
CONTINUOUS
10
157.0801139999999805
20
-47.3136069999999975
11
156.9686069999999916
21
-47.3704229999999953
0
LINE
8
BLACK
6
CONTINUOUS
10
156.9686069999999916
20
-47.3704229999999953
11
156.9548839999999927
21
-47.3725959999999944
0
LINE
8
BLACK
6
CONTINUOUS
10
156.9548839999999927
20
-47.3725959999999944
11
156.8734560000000045
21
-47.4161209999999969
0
LINE
8
BLACK
6
CONTINUOUS
10
156.8734560000000045
20
-47.4161209999999969
11
156.8509980000000041
21
-47.4254239999999996
0
LINE
8
BLACK
6
CONTINUOUS
10
156.8509980000000041
20
-47.4254239999999996
11
156.686774999999983
21
-47.4752399999999994
0
LINE
8
BLACK
6
CONTINUOUS
10
156.686774999999983
20
-47.4752399999999994
11
156.662934000000007
21
-47.4799819999999997
0
LINE
8
BLACK
6
CONTINUOUS
10
156.662934000000007
20
-47.4799819999999997
11
156.4860610000000065
21
-47.4974029999999985
0
LINE
8
BLACK
6
CONTINUOUS
10
156.4860610000000065
20
-47.4974029999999985
11
156.473906999999997
21
-47.4979999999999976
0
LINE
8
BLACK
6
CONTINUOUS
10
156.473906999999997
20
-47.4979999999999976
11
153.6699999999999875
21
-47.4979999999999976
0
LINE
8
BLACK
6
CONTINUOUS
10
153.6699999999999875
20
-47.4979999999999976
11
153.6699999999999875
21
-48.3869989999999959
0
LINE
8
BLACK
6
CONTINUOUS
10
153.6699999999999875
20
-48.3869989999999959
11
153.6699999999999875
21
-48.3870000000000005
0
LINE
8
BLACK
6
CONTINUOUS
10
153.6699999999999875
20
-48.3870000000000005
11
153.6492749999999887
21
-48.5709379999999982
0
LINE
8
BLACK
6
CONTINUOUS
10
153.6492749999999887
20
-48.5709379999999982
11
153.6430959999999857
21
-48.5980089999999976
0
LINE
8
BLACK
6
CONTINUOUS
10
153.6430959999999857
20
-48.5980089999999976
11
153.5865759999999796
21
-48.7595329999999976
0
LINE
8
BLACK
6
CONTINUOUS
10
153.5865759999999796
20
-48.7595329999999976
11
153.5745289999999841
21
-48.7845499999999959
0
LINE
8
BLACK
6
CONTINUOUS
10
153.5745289999999841
20
-48.7845499999999959
11
153.4834799999999859
21
-48.9294529999999952
0
LINE
8
BLACK
6
CONTINUOUS
10
153.4834799999999859
20
-48.9294529999999952
11
153.4661669999999845
21
-48.9511619999999965
0
LINE
8
BLACK
6
CONTINUOUS
10
153.4661669999999845
20
-48.9511619999999965
11
153.3451619999999878
21
-49.0721670000000003
0
LINE
8
BLACK
6
CONTINUOUS
10
153.3451619999999878
20
-49.0721670000000003
11
153.3234530000000007
21
-49.0894799999999947
0
LINE
8
BLACK
6
CONTINUOUS
10
153.3234530000000007
20
-49.0894799999999947
11
153.1785500000000013
21
-49.1805289999999999
0
LINE
8
BLACK
6
CONTINUOUS
10
153.1785500000000013
20
-49.1805289999999999
11
153.1535329999999817
21
-49.1925759999999954
0
LINE
8
BLACK
6
CONTINUOUS
10
153.1535329999999817
20
-49.1925759999999954
11
153.058999
21
-49.2256539999999987
0
LINE
8
BLACK
6
CONTINUOUS
10
153.058999
20
-49.2256539999999987
11
153.0589999999999975
21
-49.2732509999999948
0
LINE
8
BLACK
6
CONTINUOUS
10
153.0589999999999975
20
-49.2732509999999948
11
153.0399699999999825
21
-49.3689210000000003
0
LINE
8
BLACK
6
CONTINUOUS
10
153.0399699999999825
20
-49.3689210000000003
11
152.9857769999999846
21
-49.4500269999999986
0
LINE
8
BLACK
6
CONTINUOUS
10
152.9857769999999846
20
-49.4500269999999986
11
152.9046709999999791
21
-49.5042199999999966
0
LINE
8
BLACK
6
CONTINUOUS
10
152.9046709999999791
20
-49.5042199999999966
11
152.8089999999999975
21
-49.5232489999999999
0
LINE
8
BLACK
6
CONTINUOUS
10
152.8089999999999975
20
-49.5232489999999999
11
151.4839999999999804
21
-49.5232489999999999
0
LINE
8
BLACK
6
CONTINUOUS
10
151.4839999999999804
20
-49.5232489999999999
11
151.4839999999999804
21
-51.0125779999999978
0
LINE
8
BLACK
6
CONTINUOUS
10
151.4839999999999804
20
-51.0125779999999978
11
151.8064210000000003
21
-51.3350000000000009
0
LINE
8
BLACK
6
CONTINUOUS
10
151.8064210000000003
20
-51.3350000000000009
11
153.8825779999999952
21
-51.3350000000000009
0
LINE
8
BLACK
6
CONTINUOUS
10
153.8825779999999952
20
-51.3350000000000009
11
154.3472399999999993
21
-50.8703379999999967
0
LINE
8
BLACK
6
CONTINUOUS
10
154.3472399999999993
20
-50.8703379999999967
11
154.3472399999999993
21
-50.5002500000000012
0
LINE
8
BLACK
6
CONTINUOUS
10
154.3472399999999993
20
-50.5002500000000012
11
154.297239999999988
21
-50.5002500000000012
0
LINE
8
BLACK
6
CONTINUOUS
10
154.297239999999988
20
-50.5002500000000012
11
154.2398369999999943
21
-50.488831999999995
0
LINE
8
BLACK
6
CONTINUOUS
10
154.2398369999999943
20
-50.488831999999995
11
154.1911739999999895
21
-50.4563160000000011
0
LINE
8
BLACK
6
CONTINUOUS
10
154.1911739999999895
20
-50.4563160000000011
11
154.1586580000000026
21
-50.4076529999999963
0
LINE
8
BLACK
6
CONTINUOUS
10
154.1586580000000026
20
-50.4076529999999963
11
154.1472399999999823
21
-50.3502499999999955
0
LINE
8
BLACK
6
CONTINUOUS
10
154.1472399999999823
20
-50.3502499999999955
11
154.1472399999999823
21
-48.7002499999999969
0
LINE
8
BLACK
6
CONTINUOUS
10
154.1472399999999823
20
-48.7002499999999969
11
154.1586580000000026
21
-48.6428469999999962
0
LINE
8
BLACK
6
CONTINUOUS
10
154.1586580000000026
20
-48.6428469999999962
11
154.1911739999999895
21
-48.5941839999999985
0
LINE
8
BLACK
6
CONTINUOUS
10
154.1911739999999895
20
-48.5941839999999985
11
154.2398369999999943
21
-48.5616679999999974
0
LINE
8
BLACK
6
CONTINUOUS
10
154.2398369999999943
20
-48.5616679999999974
11
154.297239999999988
21
-48.5502499999999984
0
LINE
8
BLACK
6
CONTINUOUS
10
154.297239999999988
20
-48.5502499999999984
11
154.5972399999999993
21
-48.5502499999999984
0
LINE
8
BLACK
6
CONTINUOUS
10
154.5972399999999993
20
-48.5502499999999984
11
154.654642999999993
21
-48.5616679999999974
0
LINE
8
BLACK
6
CONTINUOUS
10
154.654642999999993
20
-48.5616679999999974
11
154.7033059999999978
21
-48.5941839999999985
0
LINE
8
BLACK
6
CONTINUOUS
10
154.7033059999999978
20
-48.5941839999999985
11
154.7358219999999847
21
-48.6428469999999962
0
LINE
8
BLACK
6
CONTINUOUS
10
154.7358219999999847
20
-48.6428469999999962
11
154.747240000000005
21
-48.7002499999999969
0
LINE
8
BLACK
6
CONTINUOUS
10
154.747240000000005
20
-48.7002499999999969
11
154.747240000000005
21
-50.3502499999999955
0
LINE
8
BLACK
6
CONTINUOUS
10
154.747240000000005
20
-50.3502499999999955
11
154.7358219999999847
21
-50.4076529999999963
0
LINE
8
BLACK
6
CONTINUOUS
10
154.7358219999999847
20
-50.4076529999999963
11
154.7033059999999978
21
-50.4563160000000011
0
LINE
8
BLACK
6
CONTINUOUS
10
154.7033059999999978
20
-50.4563160000000011
11
154.654642999999993
21
-50.488831999999995
0
LINE
8
BLACK
6
CONTINUOUS
10
154.654642999999993
20
-50.488831999999995
11
154.5972399999999993
21
-50.5002500000000012
0
LINE
8
BLACK
6
CONTINUOUS
10
154.5972399999999993
20
-50.5002500000000012
11
154.547239999999988
21
-50.5002500000000012
0
LINE
8
BLACK
6
CONTINUOUS
10
154.547239999999988
20
-50.5002500000000012
11
154.547239999999988
21
-50.911760000000001
0
LINE
8
BLACK
6
CONTINUOUS
10
154.547239999999988
20
-50.911760000000001
11
154.5453190000000063
21
-50.9312690000000003
0
LINE
8
BLACK
6
CONTINUOUS
10
154.5453190000000063
20
-50.9312690000000003
11
154.5303869999999904
21
-50.9673169999999942
0
LINE
8
BLACK
6
CONTINUOUS
10
154.5303869999999904
20
-50.9673169999999942
11
154.5179509999999823
21
-50.9824709999999968
0
LINE
8
BLACK
6
CONTINUOUS
10
154.5179509999999823
20
-50.9824709999999968
11
153.9947109999999952
21
-51.505710999999998
0
LINE
8
BLACK
6
CONTINUOUS
10
153.9947109999999952
20
-51.505710999999998
11
153.9795569999999998
21
-51.518146999999999
0
LINE
8
BLACK
6
CONTINUOUS
10
153.9795569999999998
20
-51.518146999999999
11
153.9435090000000059
21
-51.5330790000000007
0
LINE
8
BLACK
6
CONTINUOUS
10
153.9435090000000059
20
-51.5330790000000007
11
153.9240000000000066
21
-51.5349999999999966
0
LINE
8
BLACK
6
CONTINUOUS
10
153.9240000000000066
20
-51.5349999999999966
11
151.7649999999999864
21
-51.5349999999999966
0
LINE
8
BLACK
6
CONTINUOUS
10
151.7649999999999864
20
-51.5349999999999966
11
151.745490999999987
21
-51.5330790000000007
0
LINE
8
BLACK
6
CONTINUOUS
10
151.745490999999987
20
-51.5330790000000007
11
151.7199999999999989
21
-51.5225200000000001
0
LINE
8
BLACK
6
CONTINUOUS
10
151.7199999999999989
20
-51.5225200000000001
11
151.7094419999999957
21
-51.518146999999999
0
LINE
8
BLACK
6
CONTINUOUS
10
151.7094419999999957
20
-51.518146999999999
11
151.6942889999999977
21
-51.5057100000000005
0
LINE
8
BLACK
6
CONTINUOUS
10
151.6942889999999977
20
-51.5057100000000005
11
151.3132889999999975
21
-51.1247109999999978
0
LINE
8
BLACK
6
CONTINUOUS
10
151.3132889999999975
20
-51.1247109999999978
11
151.3008529999999894
21
-51.1095569999999952
0
LINE
8
BLACK
6
CONTINUOUS
10
151.3008529999999894
20
-51.1095569999999952
11
151.2859210000000019
21
-51.0735089999999943
0
LINE
8
BLACK
6
CONTINUOUS
10
151.2859210000000019
20
-51.0735089999999943
11
151.2839999999999918
21
-51.0539999999999949
0
LINE
8
BLACK
6
CONTINUOUS
10
151.2839999999999918
20
-51.0539999999999949
11
151.2839999999999918
21
-49.5232489999999999
0
LINE
8
BLACK
6
CONTINUOUS
10
151.2839999999999918
20
-49.5232489999999999
11
149.9589990000000057
21
-49.5232499999999973
0
LINE
8
BLACK
6
CONTINUOUS
10
149.9589990000000057
20
-49.5232499999999973
11
149.8633289999999931
21
-49.5042199999999966
0
LINE
8
BLACK
6
CONTINUOUS
10
149.8633289999999931
20
-49.5042199999999966
11
149.7822229999999877
21
-49.4500269999999986
0
LINE
8
BLACK
6
CONTINUOUS
10
149.7822229999999877
20
-49.4500269999999986
11
149.7280299999999897
21
-49.3689210000000003
0
LINE
8
BLACK
6
CONTINUOUS
10
149.7280299999999897
20
-49.3689210000000003
11
149.7095479999999839
21
-49.2759999999999962
0
LINE
8
BLACK
6
CONTINUOUS
10
149.7095479999999839
20
-49.2759999999999962
11
149.2249999999999943
21
-49.2759999999999962
0
LINE
8
BLACK
6
CONTINUOUS
10
149.2249999999999943
20
-49.2759999999999962
11
149.2249999999999943
21
-50.2759999999999962
0
LINE
8
BLACK
6
CONTINUOUS
10
149.2249999999999943
20
-50.2759999999999962
11
149.2249999999999943
21
-50.2760029999999958
0
LINE
8
BLACK
6
CONTINUOUS
10
149.2249999999999943
20
-50.2760029999999958
11
149.2249999999999943
21
-50.6829070000000002
0
LINE
8
BLACK
6
CONTINUOUS
10
149.2249999999999943
20
-50.6829070000000002
11
149.2244029999999952
21
-50.6950609999999955
0
LINE
8
BLACK
6
CONTINUOUS
10
149.2244029999999952
20
-50.6950609999999955
11
149.2069819999999822
21
-50.871933999999996
0
LINE
8
BLACK
6
CONTINUOUS
10
149.2069819999999822
20
-50.871933999999996
11
149.2022399999999891
21
-50.8957750000000004
0
LINE
8
BLACK
6
CONTINUOUS
10
149.2022399999999891
20
-50.8957750000000004
11
149.1524239999999963
21
-51.0599980000000002
0
LINE
8
BLACK
6
CONTINUOUS
10
149.1524239999999963
20
-51.0599980000000002
11
149.1431209999999794
21
-51.0824560000000005
0
LINE
8
BLACK
6
CONTINUOUS
10
149.1431209999999794
20
-51.0824560000000005
11
149.0622270000000071
21
-51.2337980000000002
0
LINE
8
BLACK
6
CONTINUOUS
10
149.0622270000000071
20
-51.2337980000000002
11
149.0487219999999979
21
-51.254010000000001
0
LINE
8
BLACK
6
CONTINUOUS
10
149.0487219999999979
20
-51.254010000000001
11
148.9398539999999969
21
-51.3866659999999982
0
LINE
8
BLACK
6
CONTINUOUS
10
148.9398539999999969
20
-51.3866659999999982
11
148.9226659999999924
21
-51.4038539999999955
0
LINE
8
BLACK
6
CONTINUOUS
10
148.9226659999999924
20
-51.4038539999999955
11
148.7900099999999952
21
-51.5127219999999966
0
LINE
8
BLACK
6
CONTINUOUS
10
148.7900099999999952
20
-51.5127219999999966
11
148.7697979999999802
21
-51.5262269999999987
0
LINE
8
BLACK
6
CONTINUOUS
10
148.7697979999999802
20
-51.5262269999999987
11
148.6184559999999806
21
-51.6071209999999994
0
LINE
8
BLACK
6
CONTINUOUS
10
148.6184559999999806
20
-51.6071209999999994
11
148.5959979999999803
21
-51.616423999999995
0
LINE
8
BLACK
6
CONTINUOUS
10
148.5959979999999803
20
-51.616423999999995
11
148.4317749999999876
21
-51.6662399999999948
0
LINE
8
BLACK
6
CONTINUOUS
10
148.4317749999999876
20
-51.6662399999999948
11
148.4079339999999831
21
-51.6709819999999951
0
LINE
8
BLACK
6
CONTINUOUS
10
148.4079339999999831
20
-51.6709819999999951
11
148.2310609999999826
21
-51.688403000000001
0
LINE
8
BLACK
6
CONTINUOUS
10
148.2310609999999826
20
-51.688403000000001
11
148.2189070000000015
21
-51.6890000000000001
0
LINE
8
BLACK
6
CONTINUOUS
10
148.2189070000000015
20
-51.6890000000000001
11
146.0400929999999846
21
-51.6890000000000001
0
LINE
8
BLACK
6
CONTINUOUS
10
146.0400929999999846
20
-51.6890000000000001
11
146.0279390000000035
21
-51.688403000000001
0
LINE
8
BLACK
6
CONTINUOUS
10
146.0279390000000035
20
-51.688403000000001
11
145.8510650000000055
21
-51.6709819999999951
0
LINE
8
BLACK
6
CONTINUOUS
10
145.8510650000000055
20
-51.6709819999999951
11
145.8272240000000011
21
-51.6662399999999948
0
LINE
8
BLACK
6
CONTINUOUS
10
145.8272240000000011
20
-51.6662399999999948
11
145.66300099999998
21
-51.616423999999995
0
LINE
8
BLACK
6
CONTINUOUS
10
145.66300099999998
20
-51.616423999999995
11
145.6405429999999797
21
-51.6071209999999994
0
LINE
8
BLACK
6
CONTINUOUS
10
145.6405429999999797
20
-51.6071209999999994
11
145.48920099999998
21
-51.5262269999999987
0
LINE
8
BLACK
6
CONTINUOUS
10
145.48920099999998
20
-51.5262269999999987
11
145.4689889999999934
21
-51.5127219999999966
0
LINE
8
BLACK
6
CONTINUOUS
10
145.4689889999999934
20
-51.5127219999999966
11
145.3363339999999937
21
-51.4038550000000001
0
LINE
8
BLACK
6
CONTINUOUS
10
145.3363339999999937
20
-51.4038550000000001
11
145.3191429999999968
21
-51.3866639999999961
0
LINE
8
BLACK
6
CONTINUOUS
10
145.3191429999999968
20
-51.3866639999999961
11
145.3136439999999823
21
-51.3799629999999965
0
LINE
8
BLACK
6
CONTINUOUS
10
145.3136439999999823
20
-51.3799629999999965
11
145.2863329999999848
21
-51.315652
0
LINE
8
BLACK
6
CONTINUOUS
10
145.2863329999999848
20
-51.315652
11
145.2854999999999848
21
-51.3013009999999952
0
LINE
8
BLACK
6
CONTINUOUS
10
145.2854999999999848
20
-51.3013009999999952
11
145.2854999999999848
21
-48.758108
0
LINE
8
BLACK
6
CONTINUOUS
10
145.2854999999999848
20
-48.758108
11
145.2854999999999848
21
-48.7580919999999978
0
LINE
8
BLACK
6
CONTINUOUS
10
145.2854999999999848
20
-48.7580919999999978
11
145.2848909999999876
21
-48.7332919999999987
0
LINE
8
BLACK
6
CONTINUOUS
10
145.2848909999999876
20
-48.7332919999999987
11
145.2842939999999885
21
-48.7211379999999963
0
LINE
8
BLACK
6
CONTINUOUS
10
145.2842939999999885
20
-48.7211379999999963
11
145.2824689999999919
21
-48.6963889999999964
0
LINE
8
BLACK
6
CONTINUOUS
10
145.2824689999999919
20
-48.6963889999999964
11
145.2650480000000073
21
-48.5195159999999959
0
LINE
8
BLACK
6
CONTINUOUS
10
145.2650480000000073
20
-48.5195159999999959
11
145.2577699999999936
21
-48.4704519999999945
0
LINE
8
BLACK
6
CONTINUOUS
10
145.2577699999999936
20
-48.4704519999999945
11
145.2530280000000005
21
-48.4466109999999972
0
LINE
8
BLACK
6
CONTINUOUS
10
145.2530280000000005
20
-48.4466109999999972
11
145.2409739999999942
21
-48.3984859999999983
0
LINE
8
BLACK
6
CONTINUOUS
10
145.2409739999999942
20
-48.3984859999999983
11
145.1911580000000015
21
-48.2342629999999986
0
LINE
8
BLACK
6
CONTINUOUS
10
145.1911580000000015
20
-48.2342629999999986
11
145.1744410000000016
21
-48.1875439999999955
0
LINE
8
BLACK
6
CONTINUOUS
10
145.1744410000000016
20
-48.1875439999999955
11
145.1651379999999847
21
-48.1650859999999952
0
LINE
8
BLACK
6
CONTINUOUS
10
145.1651379999999847
20
-48.1650859999999952
11
145.1439320000000066
21
-48.1202520000000007
0
LINE
8
BLACK
6
CONTINUOUS
10
145.1439320000000066
20
-48.1202520000000007
11
145.0630380000000059
21
-47.968910000000001
0
LINE
8
BLACK
6
CONTINUOUS
10
145.0630380000000059
20
-47.968910000000001
11
145.0375369999999862
21
-47.9263639999999995
0
LINE
8
BLACK
6
CONTINUOUS
10
145.0375369999999862
20
-47.9263639999999995
11
145.0339999999999918
21
-47.9210700000000003
0
LINE
8
BLACK
6
CONTINUOUS
10
145.0339999999999918
20
-47.9210700000000003
11
145.0339999999999918
21
-47.4979999999999976
0
LINE
8
BLACK
6
CONTINUOUS
10
145.0339999999999918
20
-47.4979999999999976
11
144.6109329999999886
21
-47.4979999999999976
0
LINE
8
BLACK
6
CONTINUOUS
10
144.6109329999999886
20
-47.4979999999999976
11
144.6056549999999845
21
-47.4944729999999993
0
LINE
8
BLACK
6
CONTINUOUS
10
144.6056549999999845
20
-47.4944729999999993
11
144.6056470000000047
21
-47.4944689999999952
0
LINE
8
BLACK
6
CONTINUOUS
10
144.6056470000000047
20
-47.4944689999999952
11
144.5814770000000067
21
-47.4799819999999997
0
LINE
8
BLACK
6
CONTINUOUS
10
144.5814770000000067
20
-47.4799819999999997
11
144.563083000000006
21
-47.4689569999999961
0
LINE
8
BLACK
6
CONTINUOUS
10
144.563083000000006
20
-47.4689569999999961
11
144.544667000000004
21
-47.4591139999999996
0
LINE
8
BLACK
6
CONTINUOUS
10
144.544667000000004
20
-47.4591139999999996
11
144.5432999999999879
21
-47.4583939999999984
0
LINE
8
BLACK
6
CONTINUOUS
10
144.5432999999999879
20
-47.4583939999999984
11
144.5391549999999938
21
-47.4562109999999961
0
LINE
8
BLACK
6
CONTINUOUS
10
144.5391549999999938
20
-47.4562109999999961
11
144.5364569999999844
21
-47.4548119999999969
0
LINE
8
BLACK
6
CONTINUOUS
10
144.5364569999999844
20
-47.4548119999999969
11
144.5310029999999983
21
-47.4520259999999965
0
LINE
8
BLACK
6
CONTINUOUS
10
144.5310029999999983
20
-47.4520259999999965
11
144.5309979999999825
21
-47.452022999999997
0
LINE
8
BLACK
6
CONTINUOUS
10
144.5309979999999825
20
-47.452022999999997
11
144.3945889999999963
21
-47.4062819999999974
0
LINE
8
BLACK
6
CONTINUOUS
10
144.3945889999999963
20
-47.4062819999999974
11
144.394582999999983
21
-47.4062809999999999
0
LINE
8
BLACK
6
CONTINUOUS
10
144.394582999999983
20
-47.4062809999999999
11
144.3108200000000068
21
-47.3909739999999999
0
LINE
8
BLACK
6
CONTINUOUS
10
144.3108200000000068
20
-47.3909739999999999
11
144.3078859999999963
21
-47.3919429999999977
0
LINE
8
BLACK
6
CONTINUOUS
10
144.3078859999999963
20
-47.3919429999999977
11
144.2861359999999991
21
-47.3907489999999996
0
LINE
8
BLACK
6
CONTINUOUS
10
144.2861359999999991
20
-47.3907489999999996
11
144.2461480000000051
21
-47.384999999999998
0
LINE
8
BLACK
6
CONTINUOUS
10
144.2461480000000051
20
-47.384999999999998
11
144.2461449999999843
21
-47.384999999999998
0
LINE
8
BLACK
6
CONTINUOUS
10
144.2461449999999843
20
-47.384999999999998
11
144.1765690000000006
21
-47.384999999999998
0
LINE
8
BLACK
6
CONTINUOUS
10
144.1765690000000006
20
-47.384999999999998
11
144.1449999999999818
21
-47.3900000000000006
0
LINE
8
BLACK
6
CONTINUOUS
10
144.1449999999999818
20
-47.3900000000000006
11
144.1073399999999936
21
-47.3840349999999972
0
LINE
8
BLACK
6
CONTINUOUS
10
144.1073399999999936
20
-47.3840349999999972
11
144.0907369999999901
21
-47.3822899999999976
0
LINE
8
BLACK
6
CONTINUOUS
10
144.0907369999999901
20
-47.3822899999999976
11
144.0744159999999852
21
-47.3788199999999975
0
LINE
8
BLACK
6
CONTINUOUS
10
144.0744159999999852
20
-47.3788199999999975
11
144.0213929999999891
21
-47.3704229999999953
0
LINE
8
BLACK
6
CONTINUOUS
10
144.0213929999999891
20
-47.3704229999999953
11
143.9735560000000021
21
-47.3460479999999961
0
LINE
8
BLACK
6
CONTINUOUS
10
143.9735560000000021
20
-47.3460479999999961
11
143.8862509999999872
21
-47.3071769999999958
0
LINE
8
BLACK
6
CONTINUOUS
10
143.8862509999999872
20
-47.3071769999999958
11
143.8824299999999994
21
-47.3053979999999967
0
LINE
8
BLACK
6
CONTINUOUS
10
143.8824299999999994
20
-47.3053979999999967
11
143.8752619999999922
21
-47.3019099999999995
0
LINE
8
BLACK
6
CONTINUOUS
10
143.8752619999999922
20
-47.3019099999999995
11
143.8750650000000064
21
-47.3018390000000011
0
LINE
8
BLACK
6
CONTINUOUS
10
143.8750650000000064
20
-47.3018390000000011
11
143.8666939999999954
21
-47.2984699999999947
0
LINE
8
BLACK
6
CONTINUOUS
10
143.8666939999999954
20
-47.2984699999999947
11
143.8640539999999817
21
-47.2972940000000008
0
LINE
8
BLACK
6
CONTINUOUS
10
143.8640539999999817
20
-47.2972940000000008
11
143.8624149999999986
21
-47.2959010000000006
0
LINE
8
BLACK
6
CONTINUOUS
10
143.8624149999999986
20
-47.2959010000000006
11
143.8296349999999961
21
-47.2862749999999963
0
LINE
8
BLACK
6
CONTINUOUS
10
143.8296349999999961
20
-47.2862749999999963
11
143.8295959999999809
21
-47.2862639999999956
0
LINE
8
BLACK
6
CONTINUOUS
10
143.8295959999999809
20
-47.2862639999999956
11
143.7809699999999964
21
-47.2719680000000011
0
LINE
8
BLACK
6
CONTINUOUS
10
143.7809699999999964
20
-47.2719680000000011
11
143.7807889999999986
21
-47.2719319999999996
0
LINE
8
BLACK
6
CONTINUOUS
10
143.7807889999999986
20
-47.2719319999999996
11
143.7660610000000077
21
-47.2676079999999956
0
LINE
8
BLACK
6
CONTINUOUS
10
143.7660610000000077
20
-47.2676079999999956
11
143.7644650000000013
21
-47.2671080000000003
0
LINE
8
BLACK
6
CONTINUOUS
10
143.7644650000000013
20
-47.2671080000000003
11
143.7639049999999941
21
-47.2669749999999951
0
LINE
8
BLACK
6
CONTINUOUS
10
143.7639049999999941
20
-47.2669749999999951
11
143.6214909999999918
21
-47.2464999999999975
0
LINE
8
BLACK
6
CONTINUOUS
10
143.6214909999999918
20
-47.2464999999999975
11
143.39850899999999
21
-47.2464999999999975
0
LINE
8
BLACK
6
CONTINUOUS
10
143.39850899999999
20
-47.2464999999999975
11
143.3984789999999805
21
-47.2464999999999975
0
LINE
8
BLACK
6
CONTINUOUS
10
143.3984789999999805
20
-47.2464999999999975
11
143.3840869999999938
21
-47.2467049999999986
0
LINE
8
BLACK
6
CONTINUOUS
10
143.3840869999999938
20
-47.2467049999999986
11
143.376987999999983
21
-47.2469079999999977
0
LINE
8
BLACK
6
CONTINUOUS
10
143.376987999999983
20
-47.2469079999999977
11
143.3626239999999825
21
-47.247523000000001
0
LINE
8
BLACK
6
CONTINUOUS
10
143.3626239999999825
20
-47.247523000000001
11
143.22160599999998
21
-47.2760849999999948
0
LINE
8
BLACK
6
CONTINUOUS
10
143.22160599999998
20
-47.2760849999999948
11
143.1930409999999938
21
-47.2862749999999963
0
LINE
8
BLACK
6
CONTINUOUS
10
143.1930409999999938
20
-47.2862749999999963
11
143.1644909999999982
21
-47.2964589999999987
0
LINE
8
BLACK
6
CONTINUOUS
10
143.1644909999999982
20
-47.2964589999999987
11
143.1643069999999796
21
-47.2965249999999955
0
LINE
8
BLACK
6
CONTINUOUS
10
143.1643069999999796
20
-47.2965249999999955
11
143.1567009999999982
21
-47.2969590000000011
0
LINE
8
BLACK
6
CONTINUOUS
10
143.1567009999999982
20
-47.2969590000000011
11
143.1352799999999945
21
-47.3064959999999957
0
LINE
8
BLACK
6
CONTINUOUS
10
143.1352799999999945
20
-47.3064959999999957
11
143.1281170000000031
21
-47.3093629999999976
0
LINE
8
BLACK
6
CONTINUOUS
10
143.1281170000000031
20
-47.3093629999999976
11
143.124336999999997
21
-47.3113689999999991
0
LINE
8
BLACK
6
CONTINUOUS
10
143.124336999999997
20
-47.3113689999999991
11
143.046449999999993
21
-47.3460449999999966
0
LINE
8
BLACK
6
CONTINUOUS
10
143.046449999999993
20
-47.3460449999999966
11
142.9986069999999927
21
-47.3704229999999953
0
LINE
8
BLACK
6
CONTINUOUS
10
142.9986069999999927
20
-47.3704229999999953
11
142.9455719999999985
21
-47.3788219999999995
0
LINE
8
BLACK
6
CONTINUOUS
10
142.9455719999999985
20
-47.3788219999999995
11
142.9292619999999943
21
-47.3822899999999976
0
LINE
8
BLACK
6
CONTINUOUS
10
142.9292619999999943
20
-47.3822899999999976
11
142.9126629999999807
21
-47.3840339999999998
0
LINE
8
BLACK
6
CONTINUOUS
10
142.9126629999999807
20
-47.3840339999999998
11
142.875
21
-47.3900000000000006
0
LINE
8
BLACK
6
CONTINUOUS
10
142.875
20
-47.3900000000000006
11
142.8373399999999833
21
-47.3840349999999972
0
LINE
8
BLACK
6
CONTINUOUS
10
142.8373399999999833
20
-47.3840349999999972
11
142.8207369999999798
21
-47.3822899999999976
0
LINE
8
BLACK
6
CONTINUOUS
10
142.8207369999999798
20
-47.3822899999999976
11
142.8044160000000034
21
-47.3788199999999975
0
LINE
8
BLACK
6
CONTINUOUS
10
142.8044160000000034
20
-47.3788199999999975
11
142.7513930000000073
21
-47.3704229999999953
0
LINE
8
BLACK
6
CONTINUOUS
10
142.7513930000000073
20
-47.3704229999999953
11
142.7035559999999919
21
-47.3460479999999961
0
LINE
8
BLACK
6
CONTINUOUS
10
142.7035559999999919
20
-47.3460479999999961
11
142.6162510000000054
21
-47.3071769999999958
0
LINE
8
BLACK
6
CONTINUOUS
10
142.6162510000000054
20
-47.3071769999999958
11
142.6124299999999891
21
-47.3053979999999967
0
LINE
8
BLACK
6
CONTINUOUS
10
142.6124299999999891
20
-47.3053979999999967
11
142.605261999999982
21
-47.3019099999999995
0
LINE
8
BLACK
6
CONTINUOUS
10
142.605261999999982
20
-47.3019099999999995
11
142.6050649999999962
21
-47.3018390000000011
0
LINE
8
BLACK
6
CONTINUOUS
10
142.6050649999999962
20
-47.3018390000000011
11
142.5966939999999852
21
-47.2984699999999947
0
LINE
8
BLACK
6
CONTINUOUS
10
142.5966939999999852
20
-47.2984699999999947
11
142.5940539999999999
21
-47.2972940000000008
0
LINE
8
BLACK
6
CONTINUOUS
10
142.5940539999999999
20
-47.2972940000000008
11
142.5924149999999884
21
-47.2959010000000006
0
LINE
8
BLACK
6
CONTINUOUS
10
142.5924149999999884
20
-47.2959010000000006
11
142.5596349999999859
21
-47.2862749999999963
0
LINE
8
BLACK
6
CONTINUOUS
10
142.5596349999999859
20
-47.2862749999999963
11
142.5595959999999991
21
-47.2862639999999956
0
LINE
8
BLACK
6
CONTINUOUS
10
142.5595959999999991
20
-47.2862639999999956
11
142.5109699999999862
21
-47.2719680000000011
0
LINE
8
BLACK
6
CONTINUOUS
10
142.5109699999999862
20
-47.2719680000000011
11
142.5107889999999884
21
-47.2719319999999996
0
LINE
8
BLACK
6
CONTINUOUS
10
142.5107889999999884
20
-47.2719319999999996
11
142.4960609999999974
21
-47.2676079999999956
0
LINE
8
BLACK
6
CONTINUOUS
10
142.4960609999999974
20
-47.2676079999999956
11
142.4944649999999911
21
-47.2671080000000003
0
LINE
8
BLACK
6
CONTINUOUS
10
142.4944649999999911
20
-47.2671080000000003
11
142.4939049999999838
21
-47.2669749999999951
0
LINE
8
BLACK
6
CONTINUOUS
10
142.4939049999999838
20
-47.2669749999999951
11
142.3514909999999816
21
-47.2464999999999975
0
LINE
8
BLACK
6
CONTINUOUS
10
142.3514909999999816
20
-47.2464999999999975
11
141.6116989999999873
21
-47.2464999999999975
0
LINE
8
BLACK
6
CONTINUOUS
10
141.6116989999999873
20
-47.2464999999999975
11
141.5446599999999933
21
-47.2268149999999949
0
LINE
8
BLACK
6
CONTINUOUS
10
141.5446599999999933
20
-47.2268149999999949
11
141.5330370000000073
21
-47.218356
0
LINE
8
BLACK
6
CONTINUOUS
10
141.5330370000000073
20
-47.218356
11
141.5263359999999864
21
-47.2128569999999996
0
LINE
8
BLACK
6
CONTINUOUS
10
141.5263359999999864
20
-47.2128569999999996
11
141.5091409999999996
21
-47.1956610000000012
0
LINE
8
BLACK
6
CONTINUOUS
10
141.5091409999999996
20
-47.1956610000000012
11
141.5036429999999825
21
-47.188960999999999
0
LINE
8
BLACK
6
CONTINUOUS
10
141.5036429999999825
20
-47.188960999999999
11
141.4763329999999826
21
-47.1246499999999955
0
LINE
8
BLACK
6
CONTINUOUS
10
141.4763329999999826
20
-47.1246499999999955
11
141.4754999999999825
21
-47.1103009999999998
0
LINE
8
BLACK
6
CONTINUOUS
10
141.4754999999999825
20
-47.1103009999999998
11
141.4754999999999825
21
-39.8811800000000005
0
LINE
8
BLACK
6
CONTINUOUS
10
141.4754999999999825
20
-39.8811800000000005
11
141.4746159999999975
21
-39.8512819999999977
0
LINE
8
BLACK
6
CONTINUOUS
10
141.4746159999999975
20
-39.8512819999999977
11
141.473748999999998
21
-39.8366559999999978
0
LINE
8
BLACK
6
CONTINUOUS
10
141.473748999999998
20
-39.8366559999999978
11
141.473748999999998
21
-39.8366509999999963
0
LINE
8
BLACK
6
CONTINUOUS
10
141.473748999999998
20
-39.8366509999999963
11
141.4710979999999836
21
-39.8068559999999962
0
LINE
8
BLACK
6
CONTINUOUS
10
141.4710979999999836
20
-39.8068559999999962
11
141.447968000000003
21
-39.7203069999999983
0
LINE
8
BLACK
6
CONTINUOUS
10
141.447968000000003
20
-39.7203069999999983
11
141.4496749999999849
21
-39.6504599999999954
0
LINE
8
BLACK
6
CONTINUOUS
10
141.4496749999999849
20
-39.6504599999999954
11
141.4888750000000073
21
-39.5926229999999961
0
LINE
8
BLACK
6
CONTINUOUS
10
141.4888750000000073
20
-39.5926229999999961
11
141.5357449999999915
21
-39.5684970000000007
0
LINE
8
BLACK
6
CONTINUOUS
10
141.5357449999999915
20
-39.5684970000000007
11
141.6356269999999995
21
-39.5418049999999965
0
LINE
8
BLACK
6
CONTINUOUS
10
141.6356269999999995
20
-39.5418049999999965
11
141.639696999999984
21
-39.5407930000000007
0
LINE
8
BLACK
6
CONTINUOUS
10
141.639696999999984
20
-39.5407930000000007
11
142.7380409999999813
21
-39.2878849999999957
0
LINE
8
BLACK
6
CONTINUOUS
10
142.7380409999999813
20
-39.2878849999999957
11
142.7421949999999811
21
-39.2870050000000006
0
LINE
8
BLACK
6
CONTINUOUS
10
142.7421949999999811
20
-39.2870050000000006
11
143.8486560000000054
21
-39.0724879999999999
0
LINE
8
BLACK
6
CONTINUOUS
10
143.8486560000000054
20
-39.0724879999999999
11
143.8527990000000045
21
-39.0717590000000001
0
LINE
8
BLACK
6
CONTINUOUS
10
143.8527990000000045
20
-39.0717590000000001
11
144.96608599999999
21
-38.8958859999999973
0
LINE
8
BLACK
6
CONTINUOUS
10
144.96608599999999
20
-38.8958859999999973
11
144.9702829999999949
21
-38.8952979999999968
0
LINE
8
BLACK
6
CONTINUOUS
10
144.9702829999999949
20
-38.8952979999999968
11
146.0889410000000055
21
-38.7582949999999968
0
LINE
8
BLACK
6
CONTINUOUS
10
146.0889410000000055
20
-38.7582949999999968
11
146.0931909999999903
21
-38.7578490000000002
0
LINE
8
BLACK
6
CONTINUOUS
10
146.0931909999999903
20
-38.7578490000000002
11
147.2160089999999855
21
-38.6598649999999964
0
LINE
8
BLACK
6
CONTINUOUS
10
147.2160089999999855
20
-38.6598649999999964
11
147.2202319999999816
21
-38.6595699999999951
0
LINE
8
BLACK
6
CONTINUOUS
10
147.2202319999999816
20
-38.6595699999999951
11
148.345737999999983
21
-38.6007350000000002
0
LINE
8
BLACK
6
CONTINUOUS
10
148.345737999999983
20
-38.6007350000000002
11
148.3500149999999849
21
-38.6005859999999998
0
LINE
8
BLACK
6
CONTINUOUS
10
148.3500149999999849
20
-38.6005859999999998
11
149.4768750000000068
21
-38.5809670000000011
0
LINE
8
BLACK
6
CONTINUOUS
10
149.4768750000000068
20
-38.5809670000000011
11
149.4811249999999916
21
-38.5809670000000011
0
LINE
8
BLACK
6
CONTINUOUS
10
149.4811249999999916
20
-38.5809670000000011
11
150.6079819999999927
21
-38.6005859999999998
0
LINE
8
BLACK
6
CONTINUOUS
10
163.3186069999999859
20
-49.7845769999999987
11
163.4301140000000032
21
-49.8413929999999965
0
LINE
8
BLACK
6
CONTINUOUS
10
163.4301140000000032
20
-49.8413929999999965
11
163.5186070000000029
21
-49.9298859999999962
0
LINE
8
BLACK
6
CONTINUOUS
10
163.5186070000000029
20
-49.9298859999999962
11
163.5754230000000007
21
-50.0413929999999993
0
LINE
8
BLACK
6
CONTINUOUS
10
163.5754230000000007
20
-50.0413929999999993
11
163.5949999999999989
21
-50.1649999999999991
0
LINE
8
BLACK
6
CONTINUOUS
10
163.5949999999999989
20
-50.1649999999999991
11
163.5754230000000007
21
-50.2886069999999989
0
LINE
8
BLACK
6
CONTINUOUS
10
163.5754230000000007
20
-50.2886069999999989
11
163.5186070000000029
21
-50.400113999999995
0
LINE
8
BLACK
6
CONTINUOUS
10
163.5186070000000029
20
-50.400113999999995
11
163.4301140000000032
21
-50.4886069999999947
0
LINE
8
BLACK
6
CONTINUOUS
10
163.4301140000000032
20
-50.4886069999999947
11
163.3186069999999859
21
-50.5454229999999995
0
LINE
8
BLACK
6
CONTINUOUS
10
163.3186069999999859
20
-50.5454229999999995
11
163.1949999999999932
21
-50.5649999999999977
0
LINE
8
BLACK
6
CONTINUOUS
10
163.1949999999999932
20
-50.5649999999999977
11
163.0713930000000005
21
-50.5454229999999995
0
LINE
8
BLACK
6
CONTINUOUS
10
163.0713930000000005
20
-50.5454229999999995
11
162.9598859999999831
21
-50.4886069999999947
0
LINE
8
BLACK
6
CONTINUOUS
10
162.9598859999999831
20
-50.4886069999999947
11
162.8713929999999834
21
-50.400113999999995
0
LINE
8
BLACK
6
CONTINUOUS
10
162.8713929999999834
20
-50.400113999999995
11
162.8145769999999857
21
-50.2886069999999989
0
LINE
8
BLACK
6
CONTINUOUS
10
162.8145769999999857
20
-50.2886069999999989
11
162.7949999999999875
21
-50.1649999999999991
0
LINE
8
BLACK
6
CONTINUOUS
10
162.7949999999999875
20
-50.1649999999999991
11
162.8145769999999857
21
-50.0413929999999993
0
LINE
8
BLACK
6
CONTINUOUS
10
162.8145769999999857
20
-50.0413929999999993
11
162.8713929999999834
21
-49.9298859999999962
0
LINE
8
BLACK
6
CONTINUOUS
10
162.8713929999999834
20
-49.9298859999999962
11
162.9598859999999831
21
-49.8413929999999965
0
LINE
8
BLACK
6
CONTINUOUS
10
162.9598859999999831
20
-49.8413929999999965
11
163.0713930000000005
21
-49.7845769999999987
0
LINE
8
BLACK
6
CONTINUOUS
10
163.0713930000000005
20
-49.7845769999999987
11
163.1949999999999932
21
-49.7650000000000006
0
LINE
8
BLACK
6
CONTINUOUS
10
163.1949999999999932
20
-49.7650000000000006
11
163.3186069999999859
21
-49.7845769999999987
0
LINE
8
BLACK
6
CONTINUOUS
10
164.5886069999999961
20
-49.7845769999999987
11
164.700113999999985
21
-49.8413929999999965
0
LINE
8
BLACK
6
CONTINUOUS
10
164.700113999999985
20
-49.8413929999999965
11
164.7886069999999847
21
-49.9298859999999962
0
LINE
8
BLACK
6
CONTINUOUS
10
164.7886069999999847
20
-49.9298859999999962
11
164.8454229999999825
21
-50.0413929999999993
0
LINE
8
BLACK
6
CONTINUOUS
10
164.8454229999999825
20
-50.0413929999999993
11
164.8649999999999807
21
-50.1649999999999991
0
LINE
8
BLACK
6
CONTINUOUS
10
164.8649999999999807
20
-50.1649999999999991
11
164.8454229999999825
21
-50.2886069999999989
0
LINE
8
BLACK
6
CONTINUOUS
10
164.8454229999999825
20
-50.2886069999999989
11
164.7886069999999847
21
-50.400113999999995
0
LINE
8
BLACK
6
CONTINUOUS
10
164.7886069999999847
20
-50.400113999999995
11
164.700113999999985
21
-50.4886069999999947
0
LINE
8
BLACK
6
CONTINUOUS
10
164.700113999999985
20
-50.4886069999999947
11
164.5886069999999961
21
-50.5454229999999995
0
LINE
8
BLACK
6
CONTINUOUS
10
164.5886069999999961
20
-50.5454229999999995
11
164.4650000000000034
21
-50.5649999999999977
0
LINE
8
BLACK
6
CONTINUOUS
10
164.4650000000000034
20
-50.5649999999999977
11
164.3413929999999823
21
-50.5454229999999995
0
LINE
8
BLACK
6
CONTINUOUS
10
164.3413929999999823
20
-50.5454229999999995
11
164.2298859999999934
21
-50.4886069999999947
0
LINE
8
BLACK
6
CONTINUOUS
10
164.2298859999999934
20
-50.4886069999999947
11
164.1413929999999937
21
-50.400113999999995
0
LINE
8
BLACK
6
CONTINUOUS
10
164.1413929999999937
20
-50.400113999999995
11
164.0845769999999959
21
-50.2886069999999989
0
LINE
8
BLACK
6
CONTINUOUS
10
164.0845769999999959
20
-50.2886069999999989
11
164.0649999999999977
21
-50.1649999999999991
0
LINE
8
BLACK
6
CONTINUOUS
10
164.0649999999999977
20
-50.1649999999999991
11
164.0845769999999959
21
-50.0413929999999993
0
LINE
8
BLACK
6
CONTINUOUS
10
164.0845769999999959
20
-50.0413929999999993
11
164.1413929999999937
21
-49.9298859999999962
0
LINE
8
BLACK
6
CONTINUOUS
10
164.1413929999999937
20
-49.9298859999999962
11
164.2298859999999934
21
-49.8413929999999965
0
LINE
8
BLACK
6
CONTINUOUS
10
164.2298859999999934
20
-49.8413929999999965
11
164.3413929999999823
21
-49.7845769999999987
0
LINE
8
BLACK
6
CONTINUOUS
10
164.3413929999999823
20
-49.7845769999999987
11
164.4650000000000034
21
-49.7650000000000006
0
LINE
8
BLACK
6
CONTINUOUS
10
164.4650000000000034
20
-49.7650000000000006
11
164.5886069999999961
21
-49.7845769999999987
0
LINE
8
BLACK
6
CONTINUOUS
10
168.3986069999999984
20
-49.7845769999999987
11
168.5101139999999873
21
-49.8413929999999965
0
LINE
8
BLACK
6
CONTINUOUS
10
168.5101139999999873
20
-49.8413929999999965
11
168.598606999999987
21
-49.9298859999999962
0
LINE
8
BLACK
6
CONTINUOUS
10
168.598606999999987
20
-49.9298859999999962
11
168.6554229999999848
21
-50.0413929999999993
0
LINE
8
BLACK
6
CONTINUOUS
10
168.6554229999999848
20
-50.0413929999999993
11
168.6749999999999829
21
-50.1649999999999991
0
LINE
8
BLACK
6
CONTINUOUS
10
168.6749999999999829
20
-50.1649999999999991
11
168.6554229999999848
21
-50.2886069999999989
0
LINE
8
BLACK
6
CONTINUOUS
10
168.6554229999999848
20
-50.2886069999999989
11
168.598606999999987
21
-50.400113999999995
0
LINE
8
BLACK
6
CONTINUOUS
10
168.598606999999987
20
-50.400113999999995
11
168.5101139999999873
21
-50.4886069999999947
0
LINE
8
BLACK
6
CONTINUOUS
10
168.5101139999999873
20
-50.4886069999999947
11
168.3986069999999984
21
-50.5454229999999995
0
LINE
8
BLACK
6
CONTINUOUS
10
168.3986069999999984
20
-50.5454229999999995
11
168.2750000000000057
21
-50.5649999999999977
0
LINE
8
BLACK
6
CONTINUOUS
10
168.2750000000000057
20
-50.5649999999999977
11
168.1513929999999846
21
-50.5454229999999995
0
LINE
8
BLACK
6
CONTINUOUS
10
168.1513929999999846
20
-50.5454229999999995
11
168.0398859999999956
21
-50.4886069999999947
0
LINE
8
BLACK
6
CONTINUOUS
10
168.0398859999999956
20
-50.4886069999999947
11
167.9513929999999959
21
-50.400113999999995
0
LINE
8
BLACK
6
CONTINUOUS
10
167.9513929999999959
20
-50.400113999999995
11
167.8945769999999982
21
-50.2886069999999989
0
LINE
8
BLACK
6
CONTINUOUS
10
167.8945769999999982
20
-50.2886069999999989
11
167.875
21
-50.1649999999999991
0
LINE
8
BLACK
6
CONTINUOUS
10
167.875
20
-50.1649999999999991
11
167.8945769999999982
21
-50.0413929999999993
0
LINE
8
BLACK
6
CONTINUOUS
10
167.8945769999999982
20
-50.0413929999999993
11
167.9513929999999959
21
-49.9298859999999962
0
LINE
8
BLACK
6
CONTINUOUS
10
167.9513929999999959
20
-49.9298859999999962
11
168.0398859999999956
21
-49.8413929999999965
0
LINE
8
BLACK
6
CONTINUOUS
10
168.0398859999999956
20
-49.8413929999999965
11
168.1513929999999846
21
-49.7845769999999987
0
LINE
8
BLACK
6
CONTINUOUS
10
168.1513929999999846
20
-49.7845769999999987
11
168.2750000000000057
21
-49.7650000000000006
0
LINE
8
BLACK
6
CONTINUOUS
10
168.2750000000000057
20
-49.7650000000000006
11
168.3986069999999984
21
-49.7845769999999987
0
LINE
8
BLACK
6
CONTINUOUS
10
161.6141509999999926
20
-48.8262459999999976
11
161.7869399999999871
21
-48.8867079999999987
0
LINE
8
BLACK
6
CONTINUOUS
10
161.7869399999999871
20
-48.8867079999999987
11
161.9419429999999807
21
-48.9841029999999975
0
LINE
8
BLACK
6
CONTINUOUS
10
161.9419429999999807
20
-48.9841029999999975
11
162.0713869999999872
21
-49.113546999999997
0
LINE
8
BLACK
6
CONTINUOUS
10
162.0713869999999872
20
-49.113546999999997
11
162.1687819999999931
21
-49.2685499999999976
0
LINE
8
BLACK
6
CONTINUOUS
10
162.1687819999999931
20
-49.2685499999999976
11
162.2292439999999942
21
-49.4413389999999993
0
LINE
8
BLACK
6
CONTINUOUS
10
162.2292439999999942
20
-49.4413389999999993
11
162.2497400000000027
21
-49.6232499999999987
0
LINE
8
BLACK
6
CONTINUOUS
10
162.2497400000000027
20
-49.6232499999999987
11
162.2292439999999942
21
-49.8051609999999982
0
LINE
8
BLACK
6
CONTINUOUS
10
162.2292439999999942
20
-49.8051609999999982
11
162.1687819999999931
21
-49.9779499999999999
0
LINE
8
BLACK
6
CONTINUOUS
10
162.1687819999999931
20
-49.9779499999999999
11
162.0713869999999872
21
-50.1329530000000005
0
LINE
8
BLACK
6
CONTINUOUS
10
162.0713869999999872
20
-50.1329530000000005
11
161.9419429999999807
21
-50.262397
0
LINE
8
BLACK
6
CONTINUOUS
10
161.9419429999999807
20
-50.262397
11
161.7869399999999871
21
-50.3597919999999988
0
LINE
8
BLACK
6
CONTINUOUS
10
161.7869399999999871
20
-50.3597919999999988
11
161.6141509999999926
21
-50.4202539999999999
0
LINE
8
BLACK
6
CONTINUOUS
10
161.6141509999999926
20
-50.4202539999999999
11
161.4322399999999789
21
-50.4407499999999942
0
LINE
8
BLACK
6
CONTINUOUS
10
161.4322399999999789
20
-50.4407499999999942
11
161.2503289999999936
21
-50.4202539999999999
0
LINE
8
BLACK
6
CONTINUOUS
10
161.2503289999999936
20
-50.4202539999999999
11
161.0775399999999991
21
-50.3597919999999988
0
LINE
8
BLACK
6
CONTINUOUS
10
161.0775399999999991
20
-50.3597919999999988
11
160.9225370000000055
21
-50.262397
0
LINE
8
BLACK
6
CONTINUOUS
10
160.9225370000000055
20
-50.262397
11
160.7930929999999989
21
-50.1329530000000005
0
LINE
8
BLACK
6
CONTINUOUS
10
160.7930929999999989
20
-50.1329530000000005
11
160.695697999999993
21
-49.9779499999999999
0
LINE
8
BLACK
6
CONTINUOUS
10
160.695697999999993
20
-49.9779499999999999
11
160.6352359999999919
21
-49.8051609999999982
0
LINE
8
BLACK
6
CONTINUOUS
10
160.6352359999999919
20
-49.8051609999999982
11
160.6147399999999834
21
-49.6232499999999987
0
LINE
8
BLACK
6
CONTINUOUS
10
160.6147399999999834
20
-49.6232499999999987
11
160.6352359999999919
21
-49.4413389999999993
0
LINE
8
BLACK
6
CONTINUOUS
10
160.6352359999999919
20
-49.4413389999999993
11
160.695697999999993
21
-49.2685499999999976
0
LINE
8
BLACK
6
CONTINUOUS
10
160.695697999999993
20
-49.2685499999999976
11
160.7930929999999989
21
-49.113546999999997
0
LINE
8
BLACK
6
CONTINUOUS
10
160.7930929999999989
20
-49.113546999999997
11
160.9225370000000055
21
-48.9841029999999975
0
LINE
8
BLACK
6
CONTINUOUS
10
160.9225370000000055
20
-48.9841029999999975
11
161.0775399999999991
21
-48.8867079999999987
0
LINE
8
BLACK
6
CONTINUOUS
10
161.0775399999999991
20
-48.8867079999999987
11
161.2503289999999936
21
-48.8262459999999976
0
LINE
8
BLACK
6
CONTINUOUS
10
161.2503289999999936
20
-48.8262459999999976
11
161.4322399999999789
21
-48.8057499999999962
0
LINE
8
BLACK
6
CONTINUOUS
10
161.4322399999999789
20
-48.8057499999999962
11
161.6141509999999926
21
-48.8262459999999976
0
LINE
8
BLACK
6
CONTINUOUS
10
166.0591509999999857
20
-48.8262459999999976
11
166.2319399999999803
21
-48.8867079999999987
0
LINE
8
BLACK
6
CONTINUOUS
10
166.2319399999999803
20
-48.8867079999999987
11
166.3869430000000023
21
-48.9841029999999975
0
LINE
8
BLACK
6
CONTINUOUS
10
166.3869430000000023
20
-48.9841029999999975
11
166.5163869999999804
21
-49.113546999999997
0
LINE
8
BLACK
6
CONTINUOUS
10
166.5163869999999804
20
-49.113546999999997
11
166.6137819999999863
21
-49.2685499999999976
0
LINE
8
BLACK
6
CONTINUOUS
10
166.6137819999999863
20
-49.2685499999999976
11
166.6742439999999874
21
-49.4413389999999993
0
LINE
8
BLACK
6
CONTINUOUS
10
166.6742439999999874
20
-49.4413389999999993
11
166.6947399999999959
21
-49.6232499999999987
0
LINE
8
BLACK
6
CONTINUOUS
10
166.6947399999999959
20
-49.6232499999999987
11
166.6742439999999874
21
-49.8051609999999982
0
LINE
8
BLACK
6
CONTINUOUS
10
166.6742439999999874
20
-49.8051609999999982
11
166.6137819999999863
21
-49.9779499999999999
0
LINE
8
BLACK
6
CONTINUOUS
10
166.6137819999999863
20
-49.9779499999999999
11
166.5163869999999804
21
-50.1329530000000005
0
LINE
8
BLACK
6
CONTINUOUS
10
166.5163869999999804
20
-50.1329530000000005
11
166.3869430000000023
21
-50.262397
0
LINE
8
BLACK
6
CONTINUOUS
10
166.3869430000000023
20
-50.262397
11
166.2319399999999803
21
-50.3597919999999988
0
LINE
8
BLACK
6
CONTINUOUS
10
166.2319399999999803
20
-50.3597919999999988
11
166.0591509999999857
21
-50.4202539999999999
0
LINE
8
BLACK
6
CONTINUOUS
10
166.0591509999999857
20
-50.4202539999999999
11
165.8772400000000005
21
-50.4407499999999942
0
LINE
8
BLACK
6
CONTINUOUS
10
165.8772400000000005
20
-50.4407499999999942
11
165.6953289999999868
21
-50.4202539999999999
0
LINE
8
BLACK
6
CONTINUOUS
10
165.6953289999999868
20
-50.4202539999999999
11
165.5225399999999922
21
-50.3597919999999988
0
LINE
8
BLACK
6
CONTINUOUS
10
165.5225399999999922
20
-50.3597919999999988
11
165.3675369999999987
21
-50.262397
0
LINE
8
BLACK
6
CONTINUOUS
10
165.3675369999999987
20
-50.262397
11
165.2380929999999921
21
-50.1329530000000005
0
LINE
8
BLACK
6
CONTINUOUS
10
165.2380929999999921
20
-50.1329530000000005
11
165.1406979999999862
21
-49.9779499999999999
0
LINE
8
BLACK
6
CONTINUOUS
10
165.1406979999999862
20
-49.9779499999999999
11
165.0802359999999851
21
-49.8051609999999982
0
LINE
8
BLACK
6
CONTINUOUS
10
165.0802359999999851
20
-49.8051609999999982
11
165.059740000000005
21
-49.6232499999999987
0
LINE
8
BLACK
6
CONTINUOUS
10
165.059740000000005
20
-49.6232499999999987
11
165.0802359999999851
21
-49.4413389999999993
0
LINE
8
BLACK
6
CONTINUOUS
10
165.0802359999999851
20
-49.4413389999999993
11
165.1406979999999862
21
-49.2685499999999976
0
LINE
8
BLACK
6
CONTINUOUS
10
165.1406979999999862
20
-49.2685499999999976
11
165.2380929999999921
21
-49.113546999999997
0
LINE
8
BLACK
6
CONTINUOUS
10
165.2380929999999921
20
-49.113546999999997
11
165.3675369999999987
21
-48.9841029999999975
0
LINE
8
BLACK
6
CONTINUOUS
10
165.3675369999999987
20
-48.9841029999999975
11
165.5225399999999922
21
-48.8867079999999987
0
LINE
8
BLACK
6
CONTINUOUS
10
165.5225399999999922
20
-48.8867079999999987
11
165.6953289999999868
21
-48.8262459999999976
0
LINE
8
BLACK
6
CONTINUOUS
10
165.6953289999999868
20
-48.8262459999999976
11
165.8772400000000005
21
-48.8057499999999962
0
LINE
8
BLACK
6
CONTINUOUS
10
165.8772400000000005
20
-48.8057499999999962
11
166.0591509999999857
21
-48.8262459999999976
0
LINE
8
BLACK
6
CONTINUOUS
10
160.1436070000000029
20
-48.5145769999999956
11
160.2551139999999918
21
-48.5713930000000005
0
LINE
8
BLACK
6
CONTINUOUS
10
160.2551139999999918
20
-48.5713930000000005
11
160.3436069999999916
21
-48.6598860000000002
0
LINE
8
BLACK
6
CONTINUOUS
10
160.3436069999999916
20
-48.6598860000000002
11
160.4004229999999893
21
-48.7713929999999962
0
LINE
8
BLACK
6
CONTINUOUS
10
160.4004229999999893
20
-48.7713929999999962
11
160.4199999999999875
21
-48.894999999999996
0
LINE
8
BLACK
6
CONTINUOUS
10
160.4199999999999875
20
-48.894999999999996
11
160.4004229999999893
21
-49.0186069999999958
0
LINE
8
BLACK
6
CONTINUOUS
10
160.4004229999999893
20
-49.0186069999999958
11
160.3436069999999916
21
-49.130113999999999
0
LINE
8
BLACK
6
CONTINUOUS
10
160.3436069999999916
20
-49.130113999999999
11
160.2551139999999918
21
-49.2186069999999987
0
LINE
8
BLACK
6
CONTINUOUS
10
160.2551139999999918
20
-49.2186069999999987
11
160.1436070000000029
21
-49.2754229999999964
0
LINE
8
BLACK
6
CONTINUOUS
10
160.1436070000000029
20
-49.2754229999999964
11
160.0199999999999818
21
-49.2949999999999946
0
LINE
8
BLACK
6
CONTINUOUS
10
160.0199999999999818
20
-49.2949999999999946
11
159.8963929999999891
21
-49.2754229999999964
0
LINE
8
BLACK
6
CONTINUOUS
10
159.8963929999999891
20
-49.2754229999999964
11
159.7848860000000002
21
-49.2186069999999987
0
LINE
8
BLACK
6
CONTINUOUS
10
159.7848860000000002
20
-49.2186069999999987
11
159.6963930000000005
21
-49.130113999999999
0
LINE
8
BLACK
6
CONTINUOUS
10
159.6963930000000005
20
-49.130113999999999
11
159.6395770000000027
21
-49.0186069999999958
0
LINE
8
BLACK
6
CONTINUOUS
10
159.6395770000000027
20
-49.0186069999999958
11
159.6200000000000045
21
-48.894999999999996
0
LINE
8
BLACK
6
CONTINUOUS
10
159.6200000000000045
20
-48.894999999999996
11
159.6395770000000027
21
-48.7713929999999962
0
LINE
8
BLACK
6
CONTINUOUS
10
159.6395770000000027
20
-48.7713929999999962
11
159.6963930000000005
21
-48.6598860000000002
0
LINE
8
BLACK
6
CONTINUOUS
10
159.6963930000000005
20
-48.6598860000000002
11
159.7848860000000002
21
-48.5713930000000005
0
LINE
8
BLACK
6
CONTINUOUS
10
159.7848860000000002
20
-48.5713930000000005
11
159.8963929999999891
21
-48.5145769999999956
0
LINE
8
BLACK
6
CONTINUOUS
10
159.8963929999999891
20
-48.5145769999999956
11
160.0199999999999818
21
-48.4949999999999974
0
LINE
8
BLACK
6
CONTINUOUS
10
160.0199999999999818
20
-48.4949999999999974
11
160.1436070000000029
21
-48.5145769999999956
0
LINE
8
BLACK
6
CONTINUOUS
10
163.9536070000000052
20
-48.5145769999999956
11
164.0651139999999941
21
-48.5713930000000005
0
LINE
8
BLACK
6
CONTINUOUS
10
164.0651139999999941
20
-48.5713930000000005
11
164.1536069999999938
21
-48.6598860000000002
0
LINE
8
BLACK
6
CONTINUOUS
10
164.1536069999999938
20
-48.6598860000000002
11
164.2104229999999916
21
-48.7713929999999962
0
LINE
8
BLACK
6
CONTINUOUS
10
164.2104229999999916
20
-48.7713929999999962
11
164.2299999999999898
21
-48.894999999999996
0
LINE
8
BLACK
6
CONTINUOUS
10
164.2299999999999898
20
-48.894999999999996
11
164.2104229999999916
21
-49.0186069999999958
0
LINE
8
BLACK
6
CONTINUOUS
10
164.2104229999999916
20
-49.0186069999999958
11
164.1536069999999938
21
-49.130113999999999
0
LINE
8
BLACK
6
CONTINUOUS
10
164.1536069999999938
20
-49.130113999999999
11
164.0651139999999941
21
-49.2186069999999987
0
LINE
8
BLACK
6
CONTINUOUS
10
164.0651139999999941
20
-49.2186069999999987
11
163.9536070000000052
21
-49.2754229999999964
0
LINE
8
BLACK
6
CONTINUOUS
10
163.9536070000000052
20
-49.2754229999999964
11
163.8299999999999841
21
-49.2949999999999946
0
LINE
8
BLACK
6
CONTINUOUS
10
163.8299999999999841
20
-49.2949999999999946
11
163.7063929999999914
21
-49.2754229999999964
0
LINE
8
BLACK
6
CONTINUOUS
10
163.7063929999999914
20
-49.2754229999999964
11
163.5948860000000025
21
-49.2186069999999987
0
LINE
8
BLACK
6
CONTINUOUS
10
163.5948860000000025
20
-49.2186069999999987
11
163.5063930000000028
21
-49.130113999999999
0
LINE
8
BLACK
6
CONTINUOUS
10
163.5063930000000028
20
-49.130113999999999
11
163.449577000000005
21
-49.0186069999999958
0
LINE
8
BLACK
6
CONTINUOUS
10
163.449577000000005
20
-49.0186069999999958
11
163.4299999999999784
21
-48.894999999999996
0
LINE
8
BLACK
6
CONTINUOUS
10
163.4299999999999784
20
-48.894999999999996
11
163.449577000000005
21
-48.7713929999999962
0
LINE
8
BLACK
6
CONTINUOUS
10
163.449577000000005
20
-48.7713929999999962
11
163.5063930000000028
21
-48.6598860000000002
0
LINE
8
BLACK
6
CONTINUOUS
10
163.5063930000000028
20
-48.6598860000000002
11
163.5948860000000025
21
-48.5713930000000005
0
LINE
8
BLACK
6
CONTINUOUS
10
163.5948860000000025
20
-48.5713930000000005
11
163.7063929999999914
21
-48.5145769999999956
0
LINE
8
BLACK
6
CONTINUOUS
10
163.7063929999999914
20
-48.5145769999999956
11
163.8299999999999841
21
-48.4949999999999974
0
LINE
8
BLACK
6
CONTINUOUS
10
163.8299999999999841
20
-48.4949999999999974
11
163.9536070000000052
21
-48.5145769999999956
0
LINE
8
BLACK
6
CONTINUOUS
10
167.7636069999999791
20
-48.5145769999999956
11
167.8751139999999964
21
-48.5713930000000005
0
LINE
8
BLACK
6
CONTINUOUS
10
167.8751139999999964
20
-48.5713930000000005
11
167.9636069999999961
21
-48.6598860000000002
0
LINE
8
BLACK
6
CONTINUOUS
10
167.9636069999999961
20
-48.6598860000000002
11
168.0204229999999939
21
-48.7713929999999962
0
LINE
8
BLACK
6
CONTINUOUS
10
168.0204229999999939
20
-48.7713929999999962
11
168.039999999999992
21
-48.894999999999996
0
LINE
8
BLACK
6
CONTINUOUS
10
168.039999999999992
20
-48.894999999999996
11
168.0204229999999939
21
-49.0186069999999958
0
LINE
8
BLACK
6
CONTINUOUS
10
168.0204229999999939
20
-49.0186069999999958
11
167.9636069999999961
21
-49.130113999999999
0
LINE
8
BLACK
6
CONTINUOUS
10
167.9636069999999961
20
-49.130113999999999
11
167.8751139999999964
21
-49.2186069999999987
0
LINE
8
BLACK
6
CONTINUOUS
10
167.8751139999999964
20
-49.2186069999999987
11
167.7636069999999791
21
-49.2754229999999964
0
LINE
8
BLACK
6
CONTINUOUS
10
167.7636069999999791
20
-49.2754229999999964
11
167.6399999999999864
21
-49.2949999999999946
0
LINE
8
BLACK
6
CONTINUOUS
10
167.6399999999999864
20
-49.2949999999999946
11
167.5163929999999937
21
-49.2754229999999964
0
LINE
8
BLACK
6
CONTINUOUS
10
167.5163929999999937
20
-49.2754229999999964
11
167.4048860000000047
21
-49.2186069999999987
0
LINE
8
BLACK
6
CONTINUOUS
10
167.4048860000000047
20
-49.2186069999999987
11
167.316393000000005
21
-49.130113999999999
0
LINE
8
BLACK
6
CONTINUOUS
10
167.316393000000005
20
-49.130113999999999
11
167.2595769999999789
21
-49.0186069999999958
0
LINE
8
BLACK
6
CONTINUOUS
10
167.2595769999999789
20
-49.0186069999999958
11
167.2399999999999807
21
-48.894999999999996
0
LINE
8
BLACK
6
CONTINUOUS
10
167.2399999999999807
20
-48.894999999999996
11
167.2595769999999789
21
-48.7713929999999962
0
LINE
8
BLACK
6
CONTINUOUS
10
167.2595769999999789
20
-48.7713929999999962
11
167.316393000000005
21
-48.6598860000000002
0
LINE
8
BLACK
6
CONTINUOUS
10
167.316393000000005
20
-48.6598860000000002
11
167.4048860000000047
21
-48.5713930000000005
0
LINE
8
BLACK
6
CONTINUOUS
10
167.4048860000000047
20
-48.5713930000000005
11
167.5163929999999937
21
-48.5145769999999956
0
LINE
8
BLACK
6
CONTINUOUS
10
167.5163929999999937
20
-48.5145769999999956
11
167.6399999999999864
21
-48.4949999999999974
0
LINE
8
BLACK
6
CONTINUOUS
10
167.6399999999999864
20
-48.4949999999999974
11
167.7636069999999791
21
-48.5145769999999956
0
LINE
8
BLACK
6
CONTINUOUS
10
169.0336069999999893
20
-48.5145769999999956
11
169.1451139999999782
21
-48.5713930000000005
0
LINE
8
BLACK
6
CONTINUOUS
10
169.1451139999999782
20
-48.5713930000000005
11
169.2336070000000063
21
-48.6598860000000002
0
LINE
8
BLACK
6
CONTINUOUS
10
169.2336070000000063
20
-48.6598860000000002
11
169.2904230000000041
21
-48.7713929999999962
0
LINE
8
BLACK
6
CONTINUOUS
10
169.2904230000000041
20
-48.7713929999999962
11
169.3100000000000023
21
-48.894999999999996
0
LINE
8
BLACK
6
CONTINUOUS
10
169.3100000000000023
20
-48.894999999999996
11
169.2904230000000041
21
-49.0186069999999958
0
LINE
8
BLACK
6
CONTINUOUS
10
169.2904230000000041
20
-49.0186069999999958
11
169.2336070000000063
21
-49.130113999999999
0
LINE
8
BLACK
6
CONTINUOUS
10
169.2336070000000063
20
-49.130113999999999
11
169.1451139999999782
21
-49.2186069999999987
0
LINE
8
BLACK
6
CONTINUOUS
10
169.1451139999999782
20
-49.2186069999999987
11
169.0336069999999893
21
-49.2754229999999964
0
LINE
8
BLACK
6
CONTINUOUS
10
169.0336069999999893
20
-49.2754229999999964
11
168.9099999999999966
21
-49.2949999999999946
0
LINE
8
BLACK
6
CONTINUOUS
10
168.9099999999999966
20
-49.2949999999999946
11
168.7863930000000039
21
-49.2754229999999964
0
LINE
8
BLACK
6
CONTINUOUS
10
168.7863930000000039
20
-49.2754229999999964
11
168.6748859999999866
21
-49.2186069999999987
0
LINE
8
BLACK
6
CONTINUOUS
10
168.6748859999999866
20
-49.2186069999999987
11
168.5863929999999868
21
-49.130113999999999
0
LINE
8
BLACK
6
CONTINUOUS
10
168.5863929999999868
20
-49.130113999999999
11
168.5295769999999891
21
-49.0186069999999958
0
LINE
8
BLACK
6
CONTINUOUS
10
168.5295769999999891
20
-49.0186069999999958
11
168.5099999999999909
21
-48.894999999999996
0
LINE
8
BLACK
6
CONTINUOUS
10
168.5099999999999909
20
-48.894999999999996
11
168.5295769999999891
21
-48.7713929999999962
0
LINE
8
BLACK
6
CONTINUOUS
10
168.5295769999999891
20
-48.7713929999999962
11
168.5863929999999868
21
-48.6598860000000002
0
LINE
8
BLACK
6
CONTINUOUS
10
168.5863929999999868
20
-48.6598860000000002
11
168.6748859999999866
21
-48.5713930000000005
0
LINE
8
BLACK
6
CONTINUOUS
10
168.6748859999999866
20
-48.5713930000000005
11
168.7863930000000039
21
-48.5145769999999956
0
LINE
8
BLACK
6
CONTINUOUS
10
168.7863930000000039
20
-48.5145769999999956
11
168.9099999999999966
21
-48.4949999999999974
0
LINE
8
BLACK
6
CONTINUOUS
10
168.9099999999999966
20
-48.4949999999999974
11
169.0336069999999893
21
-48.5145769999999956
0
LINE
8
BLACK
6
CONTINUOUS
10
159.5086069999999836
20
-47.2445769999999996
11
159.6201140000000009
21
-47.3013929999999974
0
LINE
8
BLACK
6
CONTINUOUS
10
159.6201140000000009
20
-47.3013929999999974
11
159.7086070000000007
21
-47.3898859999999971
0
LINE
8
BLACK
6
CONTINUOUS
10
159.7086070000000007
20
-47.3898859999999971
11
159.7654229999999984
21
-47.5013930000000002
0
LINE
8
BLACK
6
CONTINUOUS
10
159.7654229999999984
20
-47.5013930000000002
11
159.7849999999999966
21
-47.625
0
LINE
8
BLACK
6
CONTINUOUS
10
159.7849999999999966
20
-47.625
11
159.7654229999999984
21
-47.7486069999999998
0
LINE
8
BLACK
6
CONTINUOUS
10
159.7654229999999984
20
-47.7486069999999998
11
159.7086070000000007
21
-47.8601139999999958
0
LINE
8
BLACK
6
CONTINUOUS
10
159.7086070000000007
20
-47.8601139999999958
11
159.6201140000000009
21
-47.9486069999999955
0
LINE
8
BLACK
6
CONTINUOUS
10
159.6201140000000009
20
-47.9486069999999955
11
159.5086069999999836
21
-48.0054230000000004
0
LINE
8
BLACK
6
CONTINUOUS
10
159.5086069999999836
20
-48.0054230000000004
11
159.3849999999999909
21
-48.0249999999999986
0
LINE
8
BLACK
6
CONTINUOUS
10
159.3849999999999909
20
-48.0249999999999986
11
159.2613929999999982
21
-48.0054230000000004
0
LINE
8
BLACK
6
CONTINUOUS
10
159.2613929999999982
20
-48.0054230000000004
11
159.1498859999999809
21
-47.9486069999999955
0
LINE
8
BLACK
6
CONTINUOUS
10
159.1498859999999809
20
-47.9486069999999955
11
159.0613929999999812
21
-47.8601139999999958
0
LINE
8
BLACK
6
CONTINUOUS
10
159.0613929999999812
20
-47.8601139999999958
11
159.0045769999999834
21
-47.7486069999999998
0
LINE
8
BLACK
6
CONTINUOUS
10
159.0045769999999834
20
-47.7486069999999998
11
158.9849999999999852
21
-47.625
0
LINE
8
BLACK
6
CONTINUOUS
10
158.9849999999999852
20
-47.625
11
159.0045769999999834
21
-47.5013930000000002
0
LINE
8
BLACK
6
CONTINUOUS
10
159.0045769999999834
20
-47.5013930000000002
11
159.0613929999999812
21
-47.3898859999999971
0
LINE
8
BLACK
6
CONTINUOUS
10
159.0613929999999812
20
-47.3898859999999971
11
159.1498859999999809
21
-47.3013929999999974
0
LINE
8
BLACK
6
CONTINUOUS
10
159.1498859999999809
20
-47.3013929999999974
11
159.2613929999999982
21
-47.2445769999999996
0
LINE
8
BLACK
6
CONTINUOUS
10
159.2613929999999982
20
-47.2445769999999996
11
159.3849999999999909
21
-47.2249999999999943
0
LINE
8
BLACK
6
CONTINUOUS
10
159.3849999999999909
20
-47.2249999999999943
11
159.5086069999999836
21
-47.2445769999999996
0
LINE
8
BLACK
6
CONTINUOUS
10
160.7786069999999938
20
-47.2445769999999996
11
160.8901139999999828
21
-47.3013929999999974
0
LINE
8
BLACK
6
CONTINUOUS
10
160.8901139999999828
20
-47.3013929999999974
11
160.9786069999999825
21
-47.3898859999999971
0
LINE
8
BLACK
6
CONTINUOUS
10
160.9786069999999825
20
-47.3898859999999971
11
161.0354229999999802
21
-47.5013930000000002
0
LINE
8
BLACK
6
CONTINUOUS
10
161.0354229999999802
20
-47.5013930000000002
11
161.0550000000000068
21
-47.625
0
LINE
8
BLACK
6
CONTINUOUS
10
161.0550000000000068
20
-47.625
11
161.0354229999999802
21
-47.7486069999999998
0
LINE
8
BLACK
6
CONTINUOUS
10
161.0354229999999802
20
-47.7486069999999998
11
160.9786069999999825
21
-47.8601139999999958
0
LINE
8
BLACK
6
CONTINUOUS
10
160.9786069999999825
20
-47.8601139999999958
11
160.8901139999999828
21
-47.9486069999999955
0
LINE
8
BLACK
6
CONTINUOUS
10
160.8901139999999828
20
-47.9486069999999955
11
160.7786069999999938
21
-48.0054230000000004
0
LINE
8
BLACK
6
CONTINUOUS
10
160.7786069999999938
20
-48.0054230000000004
11
160.6550000000000011
21
-48.0249999999999986
0
LINE
8
BLACK
6
CONTINUOUS
10
160.6550000000000011
20
-48.0249999999999986
11
160.53139299999998
21
-48.0054230000000004
0
LINE
8
BLACK
6
CONTINUOUS
10
160.53139299999998
20
-48.0054230000000004
11
160.4198859999999911
21
-47.9486069999999955
0
LINE
8
BLACK
6
CONTINUOUS
10
160.4198859999999911
20
-47.9486069999999955
11
160.3313929999999914
21
-47.8601139999999958
0
LINE
8
BLACK
6
CONTINUOUS
10
160.3313929999999914
20
-47.8601139999999958
11
160.2745769999999936
21
-47.7486069999999998
0
LINE
8
BLACK
6
CONTINUOUS
10
160.2745769999999936
20
-47.7486069999999998
11
160.2549999999999955
21
-47.625
0
LINE
8
BLACK
6
CONTINUOUS
10
160.2549999999999955
20
-47.625
11
160.2745769999999936
21
-47.5013930000000002
0
LINE
8
BLACK
6
CONTINUOUS
10
160.2745769999999936
20
-47.5013930000000002
11
160.3313929999999914
21
-47.3898859999999971
0
LINE
8
BLACK
6
CONTINUOUS
10
160.3313929999999914
20
-47.3898859999999971
11
160.4198859999999911
21
-47.3013929999999974
0
LINE
8
BLACK
6
CONTINUOUS
10
160.4198859999999911
20
-47.3013929999999974
11
160.53139299999998
21
-47.2445769999999996
0
LINE
8
BLACK
6
CONTINUOUS
10
160.53139299999998
20
-47.2445769999999996
11
160.6550000000000011
21
-47.2249999999999943
0
LINE
8
BLACK
6
CONTINUOUS
10
160.6550000000000011
20
-47.2249999999999943
11
160.7786069999999938
21
-47.2445769999999996
0
LINE
8
BLACK
6
CONTINUOUS
10
162.0486070000000041
20
-47.2445769999999996
11
162.160113999999993
21
-47.3013929999999974
0
LINE
8
BLACK
6
CONTINUOUS
10
162.160113999999993
20
-47.3013929999999974
11
162.2486069999999927
21
-47.3898859999999971
0
LINE
8
BLACK
6
CONTINUOUS
10
162.2486069999999927
20
-47.3898859999999971
11
162.3054229999999905
21
-47.5013930000000002
0
LINE
8
BLACK
6
CONTINUOUS
10
162.3054229999999905
20
-47.5013930000000002
11
162.3249999999999886
21
-47.625
0
LINE
8
BLACK
6
CONTINUOUS
10
162.3249999999999886
20
-47.625
11
162.3054229999999905
21
-47.7486069999999998
0
LINE
8
BLACK
6
CONTINUOUS
10
162.3054229999999905
20
-47.7486069999999998
11
162.2486069999999927
21
-47.8601139999999958
0
LINE
8
BLACK
6
CONTINUOUS
10
162.2486069999999927
20
-47.8601139999999958
11
162.160113999999993
21
-47.9486069999999955
0
LINE
8
BLACK
6
CONTINUOUS
10
162.160113999999993
20
-47.9486069999999955
11
162.0486070000000041
21
-48.0054230000000004
0
LINE
8
BLACK
6
CONTINUOUS
10
162.0486070000000041
20
-48.0054230000000004
11
161.9249999999999829
21
-48.0249999999999986
0
LINE
8
BLACK
6
CONTINUOUS
10
161.9249999999999829
20
-48.0249999999999986
11
161.8013929999999903
21
-48.0054230000000004
0
LINE
8
BLACK
6
CONTINUOUS
10
161.8013929999999903
20
-48.0054230000000004
11
161.6898860000000013
21
-47.9486069999999955
0
LINE
8
BLACK
6
CONTINUOUS
10
161.6898860000000013
20
-47.9486069999999955
11
161.6013930000000016
21
-47.8601139999999958
0
LINE
8
BLACK
6
CONTINUOUS
10
161.6013930000000016
20
-47.8601139999999958
11
161.5445770000000039
21
-47.7486069999999998
0
LINE
8
BLACK
6
CONTINUOUS
10
161.5445770000000039
20
-47.7486069999999998
11
161.5250000000000057
21
-47.625
0
LINE
8
BLACK
6
CONTINUOUS
10
161.5250000000000057
20
-47.625
11
161.5445770000000039
21
-47.5013930000000002
0
LINE
8
BLACK
6
CONTINUOUS
10
161.5445770000000039
20
-47.5013930000000002
11
161.6013930000000016
21
-47.3898859999999971
0
LINE
8
BLACK
6
CONTINUOUS
10
161.6013930000000016
20
-47.3898859999999971
11
161.6898860000000013
21
-47.3013929999999974
0
LINE
8
BLACK
6
CONTINUOUS
10
161.6898860000000013
20
-47.3013929999999974
11
161.8013929999999903
21
-47.2445769999999996
0
LINE
8
BLACK
6
CONTINUOUS
10
161.8013929999999903
20
-47.2445769999999996
11
161.9249999999999829
21
-47.2249999999999943
0
LINE
8
BLACK
6
CONTINUOUS
10
161.9249999999999829
20
-47.2249999999999943
11
162.0486070000000041
21
-47.2445769999999996
0
LINE
8
BLACK
6
CONTINUOUS
10
163.3186069999999859
20
-47.2445769999999996
11
163.4301140000000032
21
-47.3013929999999974
0
LINE
8
BLACK
6
CONTINUOUS
10
163.4301140000000032
20
-47.3013929999999974
11
163.5186070000000029
21
-47.3898859999999971
0
LINE
8
BLACK
6
CONTINUOUS
10
163.5186070000000029
20
-47.3898859999999971
11
163.5754230000000007
21
-47.5013930000000002
0
LINE
8
BLACK
6
CONTINUOUS
10
163.5754230000000007
20
-47.5013930000000002
11
163.5949999999999989
21
-47.625
0
LINE
8
BLACK
6
CONTINUOUS
10
163.5949999999999989
20
-47.625
11
163.5754230000000007
21
-47.7486069999999998
0
LINE
8
BLACK
6
CONTINUOUS
10
163.5754230000000007
20
-47.7486069999999998
11
163.5186070000000029
21
-47.8601139999999958
0
LINE
8
BLACK
6
CONTINUOUS
10
163.5186070000000029
20
-47.8601139999999958
11
163.4301140000000032
21
-47.9486069999999955
0
LINE
8
BLACK
6
CONTINUOUS
10
163.4301140000000032
20
-47.9486069999999955
11
163.3186069999999859
21
-48.0054230000000004
0
LINE
8
BLACK
6
CONTINUOUS
10
163.3186069999999859
20
-48.0054230000000004
11
163.1949999999999932
21
-48.0249999999999986
0
LINE
8
BLACK
6
CONTINUOUS
10
163.1949999999999932
20
-48.0249999999999986
11
163.0713930000000005
21
-48.0054230000000004
0
LINE
8
BLACK
6
CONTINUOUS
10
163.0713930000000005
20
-48.0054230000000004
11
162.9598859999999831
21
-47.9486069999999955
0
LINE
8
BLACK
6
CONTINUOUS
10
162.9598859999999831
20
-47.9486069999999955
11
162.8713929999999834
21
-47.8601139999999958
0
LINE
8
BLACK
6
CONTINUOUS
10
162.8713929999999834
20
-47.8601139999999958
11
162.8145769999999857
21
-47.7486069999999998
0
LINE
8
BLACK
6
CONTINUOUS
10
162.8145769999999857
20
-47.7486069999999998
11
162.7949999999999875
21
-47.625
0
LINE
8
BLACK
6
CONTINUOUS
10
162.7949999999999875
20
-47.625
11
162.8145769999999857
21
-47.5013930000000002
0
LINE
8
BLACK
6
CONTINUOUS
10
162.8145769999999857
20
-47.5013930000000002
11
162.8713929999999834
21
-47.3898859999999971
0
LINE
8
BLACK
6
CONTINUOUS
10
162.8713929999999834
20
-47.3898859999999971
11
162.9598859999999831
21
-47.3013929999999974
0
LINE
8
BLACK
6
CONTINUOUS
10
162.9598859999999831
20
-47.3013929999999974
11
163.0713930000000005
21
-47.2445769999999996
0
LINE
8
BLACK
6
CONTINUOUS
10
163.0713930000000005
20
-47.2445769999999996
11
163.1949999999999932
21
-47.2249999999999943
0
LINE
8
BLACK
6
CONTINUOUS
10
163.1949999999999932
20
-47.2249999999999943
11
163.3186069999999859
21
-47.2445769999999996
0
LINE
8
BLACK
6
CONTINUOUS
10
164.5886069999999961
20
-47.2445769999999996
11
164.700113999999985
21
-47.3013929999999974
0
LINE
8
BLACK
6
CONTINUOUS
10
164.700113999999985
20
-47.3013929999999974
11
164.7886069999999847
21
-47.3898859999999971
0
LINE
8
BLACK
6
CONTINUOUS
10
164.7886069999999847
20
-47.3898859999999971
11
164.8454229999999825
21
-47.5013930000000002
0
LINE
8
BLACK
6
CONTINUOUS
10
164.8454229999999825
20
-47.5013930000000002
11
164.8649999999999807
21
-47.625
0
LINE
8
BLACK
6
CONTINUOUS
10
164.8649999999999807
20
-47.625
11
164.8454229999999825
21
-47.7486069999999998
0
LINE
8
BLACK
6
CONTINUOUS
10
164.8454229999999825
20
-47.7486069999999998
11
164.7886069999999847
21
-47.8601139999999958
0
LINE
8
BLACK
6
CONTINUOUS
10
164.7886069999999847
20
-47.8601139999999958
11
164.700113999999985
21
-47.9486069999999955
0
LINE
8
BLACK
6
CONTINUOUS
10
164.700113999999985
20
-47.9486069999999955
11
164.5886069999999961
21
-48.0054230000000004
0
LINE
8
BLACK
6
CONTINUOUS
10
164.5886069999999961
20
-48.0054230000000004
11
164.4650000000000034
21
-48.0249999999999986
0
LINE
8
BLACK
6
CONTINUOUS
10
164.4650000000000034
20
-48.0249999999999986
11
164.3413929999999823
21
-48.0054230000000004
0
LINE
8
BLACK
6
CONTINUOUS
10
164.3413929999999823
20
-48.0054230000000004
11
164.2298859999999934
21
-47.9486069999999955
0
LINE
8
BLACK
6
CONTINUOUS
10
164.2298859999999934
20
-47.9486069999999955
11
164.1413929999999937
21
-47.8601139999999958
0
LINE
8
BLACK
6
CONTINUOUS
10
164.1413929999999937
20
-47.8601139999999958
11
164.0845769999999959
21
-47.7486069999999998
0
LINE
8
BLACK
6
CONTINUOUS
10
164.0845769999999959
20
-47.7486069999999998
11
164.0649999999999977
21
-47.625
0
LINE
8
BLACK
6
CONTINUOUS
10
164.0649999999999977
20
-47.625
11
164.0845769999999959
21
-47.5013930000000002
0
LINE
8
BLACK
6
CONTINUOUS
10
164.0845769999999959
20
-47.5013930000000002
11
164.1413929999999937
21
-47.3898859999999971
0
LINE
8
BLACK
6
CONTINUOUS
10
164.1413929999999937
20
-47.3898859999999971
11
164.2298859999999934
21
-47.3013929999999974
0
LINE
8
BLACK
6
CONTINUOUS
10
164.2298859999999934
20
-47.3013929999999974
11
164.3413929999999823
21
-47.2445769999999996
0
LINE
8
BLACK
6
CONTINUOUS
10
164.3413929999999823
20
-47.2445769999999996
11
164.4650000000000034
21
-47.2249999999999943
0
LINE
8
BLACK
6
CONTINUOUS
10
164.4650000000000034
20
-47.2249999999999943
11
164.5886069999999961
21
-47.2445769999999996
0
LINE
8
BLACK
6
CONTINUOUS
10
165.8586070000000063
20
-47.2445769999999996
11
165.9701139999999953
21
-47.3013929999999974
0
LINE
8
BLACK
6
CONTINUOUS
10
165.9701139999999953
20
-47.3013929999999974
11
166.058606999999995
21
-47.3898859999999971
0
LINE
8
BLACK
6
CONTINUOUS
10
166.058606999999995
20
-47.3898859999999971
11
166.1154229999999927
21
-47.5013930000000002
0
LINE
8
BLACK
6
CONTINUOUS
10
166.1154229999999927
20
-47.5013930000000002
11
166.1349999999999909
21
-47.625
0
LINE
8
BLACK
6
CONTINUOUS
10
166.1349999999999909
20
-47.625
11
166.1154229999999927
21
-47.7486069999999998
0
LINE
8
BLACK
6
CONTINUOUS
10
166.1154229999999927
20
-47.7486069999999998
11
166.058606999999995
21
-47.8601139999999958
0
LINE
8
BLACK
6
CONTINUOUS
10
166.058606999999995
20
-47.8601139999999958
11
165.9701139999999953
21
-47.9486069999999955
0
LINE
8
BLACK
6
CONTINUOUS
10
165.9701139999999953
20
-47.9486069999999955
11
165.8586070000000063
21
-48.0054230000000004
0
LINE
8
BLACK
6
CONTINUOUS
10
165.8586070000000063
20
-48.0054230000000004
11
165.7349999999999852
21
-48.0249999999999986
0
LINE
8
BLACK
6
CONTINUOUS
10
165.7349999999999852
20
-48.0249999999999986
11
165.6113929999999925
21
-48.0054230000000004
0
LINE
8
BLACK
6
CONTINUOUS
10
165.6113929999999925
20
-48.0054230000000004
11
165.4998860000000036
21
-47.9486069999999955
0
LINE
8
BLACK
6
CONTINUOUS
10
165.4998860000000036
20
-47.9486069999999955
11
165.4113930000000039
21
-47.8601139999999958
0
LINE
8
BLACK
6
CONTINUOUS
10
165.4113930000000039
20
-47.8601139999999958
11
165.3545770000000061
21
-47.7486069999999998
0
LINE
8
BLACK
6
CONTINUOUS
10
165.3545770000000061
20
-47.7486069999999998
11
165.3349999999999795
21
-47.625
0
LINE
8
BLACK
6
CONTINUOUS
10
165.3349999999999795
20
-47.625
11
165.3545770000000061
21
-47.5013930000000002
0
LINE
8
BLACK
6
CONTINUOUS
10
165.3545770000000061
20
-47.5013930000000002
11
165.4113930000000039
21
-47.3898859999999971
0
LINE
8
BLACK
6
CONTINUOUS
10
165.4113930000000039
20
-47.3898859999999971
11
165.4998860000000036
21
-47.3013929999999974
0
LINE
8
BLACK
6
CONTINUOUS
10
165.4998860000000036
20
-47.3013929999999974
11
165.6113929999999925
21
-47.2445769999999996
0
LINE
8
BLACK
6
CONTINUOUS
10
165.6113929999999925
20
-47.2445769999999996
11
165.7349999999999852
21
-47.2249999999999943
0
LINE
8
BLACK
6
CONTINUOUS
10
165.7349999999999852
20
-47.2249999999999943
11
165.8586070000000063
21
-47.2445769999999996
0
LINE
8
BLACK
6
CONTINUOUS
10
167.1286069999999881
20
-47.2445769999999996
11
167.2401140000000055
21
-47.3013929999999974
0
LINE
8
BLACK
6
CONTINUOUS
10
167.2401140000000055
20
-47.3013929999999974
11
167.3286070000000052
21
-47.3898859999999971
0
LINE
8
BLACK
6
CONTINUOUS
10
167.3286070000000052
20
-47.3898859999999971
11
167.385423000000003
21
-47.5013930000000002
0
LINE
8
BLACK
6
CONTINUOUS
10
167.385423000000003
20
-47.5013930000000002
11
167.4050000000000011
21
-47.625
0
LINE
8
BLACK
6
CONTINUOUS
10
167.4050000000000011
20
-47.625
11
167.385423000000003
21
-47.7486069999999998
0
LINE
8
BLACK
6
CONTINUOUS
10
167.385423000000003
20
-47.7486069999999998
11
167.3286070000000052
21
-47.8601139999999958
0
LINE
8
BLACK
6
CONTINUOUS
10
167.3286070000000052
20
-47.8601139999999958
11
167.2401140000000055
21
-47.9486069999999955
0
LINE
8
BLACK
6
CONTINUOUS
10
167.2401140000000055
20
-47.9486069999999955
11
167.1286069999999881
21
-48.0054230000000004
0
LINE
8
BLACK
6
CONTINUOUS
10
167.1286069999999881
20
-48.0054230000000004
11
167.0049999999999955
21
-48.0249999999999986
0
LINE
8
BLACK
6
CONTINUOUS
10
167.0049999999999955
20
-48.0249999999999986
11
166.8813930000000028
21
-48.0054230000000004
0
LINE
8
BLACK
6
CONTINUOUS
10
166.8813930000000028
20
-48.0054230000000004
11
166.7698859999999854
21
-47.9486069999999955
0
LINE
8
BLACK
6
CONTINUOUS
10
166.7698859999999854
20
-47.9486069999999955
11
166.6813929999999857
21
-47.8601139999999958
0
LINE
8
BLACK
6
CONTINUOUS
10
166.6813929999999857
20
-47.8601139999999958
11
166.6245769999999879
21
-47.7486069999999998
0
LINE
8
BLACK
6
CONTINUOUS
10
166.6245769999999879
20
-47.7486069999999998
11
166.6049999999999898
21
-47.625
0
LINE
8
BLACK
6
CONTINUOUS
10
166.6049999999999898
20
-47.625
11
166.6245769999999879
21
-47.5013930000000002
0
LINE
8
BLACK
6
CONTINUOUS
10
166.6245769999999879
20
-47.5013930000000002
11
166.6813929999999857
21
-47.3898859999999971
0
LINE
8
BLACK
6
CONTINUOUS
10
166.6813929999999857
20
-47.3898859999999971
11
166.7698859999999854
21
-47.3013929999999974
0
LINE
8
BLACK
6
CONTINUOUS
10
166.7698859999999854
20
-47.3013929999999974
11
166.8813930000000028
21
-47.2445769999999996
0
LINE
8
BLACK
6
CONTINUOUS
10
166.8813930000000028
20
-47.2445769999999996
11
167.0049999999999955
21
-47.2249999999999943
0
LINE
8
BLACK
6
CONTINUOUS
10
167.0049999999999955
20
-47.2249999999999943
11
167.1286069999999881
21
-47.2445769999999996
0
LINE
8
BLACK
6
CONTINUOUS
10
168.3986069999999984
20
-47.2445769999999996
11
168.5101139999999873
21
-47.3013929999999974
0
LINE
8
BLACK
6
CONTINUOUS
10
168.5101139999999873
20
-47.3013929999999974
11
168.598606999999987
21
-47.3898859999999971
0
LINE
8
BLACK
6
CONTINUOUS
10
168.598606999999987
20
-47.3898859999999971
11
168.6554229999999848
21
-47.5013930000000002
0
LINE
8
BLACK
6
CONTINUOUS
10
168.6554229999999848
20
-47.5013930000000002
11
168.6749999999999829
21
-47.625
0
LINE
8
BLACK
6
CONTINUOUS
10
168.6749999999999829
20
-47.625
11
168.6554229999999848
21
-47.7486069999999998
0
LINE
8
BLACK
6
CONTINUOUS
10
168.6554229999999848
20
-47.7486069999999998
11
168.598606999999987
21
-47.8601139999999958
0
LINE
8
BLACK
6
CONTINUOUS
10
168.598606999999987
20
-47.8601139999999958
11
168.5101139999999873
21
-47.9486069999999955
0
LINE
8
BLACK
6
CONTINUOUS
10
168.5101139999999873
20
-47.9486069999999955
11
168.3986069999999984
21
-48.0054230000000004
0
LINE
8
BLACK
6
CONTINUOUS
10
168.3986069999999984
20
-48.0054230000000004
11
168.2750000000000057
21
-48.0249999999999986
0
LINE
8
BLACK
6
CONTINUOUS
10
168.2750000000000057
20
-48.0249999999999986
11
168.1513929999999846
21
-48.0054230000000004
0
LINE
8
BLACK
6
CONTINUOUS
10
168.1513929999999846
20
-48.0054230000000004
11
168.0398859999999956
21
-47.9486069999999955
0
LINE
8
BLACK
6
CONTINUOUS
10
168.0398859999999956
20
-47.9486069999999955
11
167.9513929999999959
21
-47.8601139999999958
0
LINE
8
BLACK
6
CONTINUOUS
10
167.9513929999999959
20
-47.8601139999999958
11
167.8945769999999982
21
-47.7486069999999998
0
LINE
8
BLACK
6
CONTINUOUS
10
167.8945769999999982
20
-47.7486069999999998
11
167.875
21
-47.625
0
LINE
8
BLACK
6
CONTINUOUS
10
167.875
20
-47.625
11
167.8945769999999982
21
-47.5013930000000002
0
LINE
8
BLACK
6
CONTINUOUS
10
167.8945769999999982
20
-47.5013930000000002
11
167.9513929999999959
21
-47.3898859999999971
0
LINE
8
BLACK
6
CONTINUOUS
10
167.9513929999999959
20
-47.3898859999999971
11
168.0398859999999956
21
-47.3013929999999974
0
LINE
8
BLACK
6
CONTINUOUS
10
168.0398859999999956
20
-47.3013929999999974
11
168.1513929999999846
21
-47.2445769999999996
0
LINE
8
BLACK
6
CONTINUOUS
10
168.1513929999999846
20
-47.2445769999999996
11
168.2750000000000057
21
-47.2249999999999943
0
LINE
8
BLACK
6
CONTINUOUS
10
168.2750000000000057
20
-47.2249999999999943
11
168.3986069999999984
21
-47.2445769999999996
0
LINE
8
BLACK
6
CONTINUOUS
10
158.8736069999999927
20
-45.9745769999999965
11
158.9851139999999816
21
-46.0313930000000013
0
LINE
8
BLACK
6
CONTINUOUS
10
158.9851139999999816
20
-46.0313930000000013
11
159.0736069999999813
21
-46.119886000000001
0
LINE
8
BLACK
6
CONTINUOUS
10
159.0736069999999813
20
-46.119886000000001
11
159.1304229999999791
21
-46.2313929999999971
0
LINE
8
BLACK
6
CONTINUOUS
10
159.1304229999999791
20
-46.2313929999999971
11
159.1500000000000057
21
-46.3549999999999969
0
LINE
8
BLACK
6
CONTINUOUS
10
159.1500000000000057
20
-46.3549999999999969
11
159.1304229999999791
21
-46.4786069999999967
0
LINE
8
BLACK
6
CONTINUOUS
10
159.1304229999999791
20
-46.4786069999999967
11
159.0736069999999813
21
-46.5901139999999998
0
LINE
8
BLACK
6
CONTINUOUS
10
159.0736069999999813
20
-46.5901139999999998
11
158.9851139999999816
21
-46.6786069999999995
0
LINE
8
BLACK
6
CONTINUOUS
10
158.9851139999999816
20
-46.6786069999999995
11
158.8736069999999927
21
-46.7354229999999973
0
LINE
8
BLACK
6
CONTINUOUS
10
158.8736069999999927
20
-46.7354229999999973
11
158.75
21
-46.7549999999999955
0
LINE
8
BLACK
6
CONTINUOUS
10
158.75
20
-46.7549999999999955
11
158.6263929999999789
21
-46.7354229999999973
0
LINE
8
BLACK
6
CONTINUOUS
10
158.6263929999999789
20
-46.7354229999999973
11
158.51488599999999
21
-46.6786069999999995
0
LINE
8
BLACK
6
CONTINUOUS
10
158.51488599999999
20
-46.6786069999999995
11
158.4263929999999903
21
-46.5901139999999998
0
LINE
8
BLACK
6
CONTINUOUS
10
158.4263929999999903
20
-46.5901139999999998
11
158.3695769999999925
21
-46.4786069999999967
0
LINE
8
BLACK
6
CONTINUOUS
10
158.3695769999999925
20
-46.4786069999999967
11
158.3499999999999943
21
-46.3549999999999969
0
LINE
8
BLACK
6
CONTINUOUS
10
158.3499999999999943
20
-46.3549999999999969
11
158.3695769999999925
21
-46.2313929999999971
0
LINE
8
BLACK
6
CONTINUOUS
10
158.3695769999999925
20
-46.2313929999999971
11
158.4263929999999903
21
-46.119886000000001
0
LINE
8
BLACK
6
CONTINUOUS
10
158.4263929999999903
20
-46.119886000000001
11
158.51488599999999
21
-46.0313930000000013
0
LINE
8
BLACK
6
CONTINUOUS
10
158.51488599999999
20
-46.0313930000000013
11
158.6263929999999789
21
-45.9745769999999965
0
LINE
8
BLACK
6
CONTINUOUS
10
158.6263929999999789
20
-45.9745769999999965
11
158.75
21
-45.9549999999999983
0
LINE
8
BLACK
6
CONTINUOUS
10
158.75
20
-45.9549999999999983
11
158.8736069999999927
21
-45.9745769999999965
0
LINE
8
BLACK
6
CONTINUOUS
10
160.1436070000000029
20
-45.9745769999999965
11
160.2551139999999918
21
-46.0313930000000013
0
LINE
8
BLACK
6
CONTINUOUS
10
160.2551139999999918
20
-46.0313930000000013
11
160.3436069999999916
21
-46.119886000000001
0
LINE
8
BLACK
6
CONTINUOUS
10
160.3436069999999916
20
-46.119886000000001
11
160.4004229999999893
21
-46.2313929999999971
0
LINE
8
BLACK
6
CONTINUOUS
10
160.4004229999999893
20
-46.2313929999999971
11
160.4199999999999875
21
-46.3549999999999969
0
LINE
8
BLACK
6
CONTINUOUS
10
160.4199999999999875
20
-46.3549999999999969
11
160.4004229999999893
21
-46.4786069999999967
0
LINE
8
BLACK
6
CONTINUOUS
10
160.4004229999999893
20
-46.4786069999999967
11
160.3436069999999916
21
-46.5901139999999998
0
LINE
8
BLACK
6
CONTINUOUS
10
160.3436069999999916
20
-46.5901139999999998
11
160.2551139999999918
21
-46.6786069999999995
0
LINE
8
BLACK
6
CONTINUOUS
10
160.2551139999999918
20
-46.6786069999999995
11
160.1436070000000029
21
-46.7354229999999973
0
LINE
8
BLACK
6
CONTINUOUS
10
160.1436070000000029
20
-46.7354229999999973
11
160.0199999999999818
21
-46.7549999999999955
0
LINE
8
BLACK
6
CONTINUOUS
10
160.0199999999999818
20
-46.7549999999999955
11
159.8963929999999891
21
-46.7354229999999973
0
LINE
8
BLACK
6
CONTINUOUS
10
159.8963929999999891
20
-46.7354229999999973
11
159.7848860000000002
21
-46.6786069999999995
0
LINE
8
BLACK
6
CONTINUOUS
10
159.7848860000000002
20
-46.6786069999999995
11
159.6963930000000005
21
-46.5901139999999998
0
LINE
8
BLACK
6
CONTINUOUS
10
159.6963930000000005
20
-46.5901139999999998
11
159.6395770000000027
21
-46.4786069999999967
0
LINE
8
BLACK
6
CONTINUOUS
10
159.6395770000000027
20
-46.4786069999999967
11
159.6200000000000045
21
-46.3549999999999969
0
LINE
8
BLACK
6
CONTINUOUS
10
159.6200000000000045
20
-46.3549999999999969
11
159.6395770000000027
21
-46.2313929999999971
0
LINE
8
BLACK
6
CONTINUOUS
10
159.6395770000000027
20
-46.2313929999999971
11
159.6963930000000005
21
-46.119886000000001
0
LINE
8
BLACK
6
CONTINUOUS
10
159.6963930000000005
20
-46.119886000000001
11
159.7848860000000002
21
-46.0313930000000013
0
LINE
8
BLACK
6
CONTINUOUS
10
159.7848860000000002
20
-46.0313930000000013
11
159.8963929999999891
21
-45.9745769999999965
0
LINE
8
BLACK
6
CONTINUOUS
10
159.8963929999999891
20
-45.9745769999999965
11
160.0199999999999818
21
-45.9549999999999983
0
LINE
8
BLACK
6
CONTINUOUS
10
160.0199999999999818
20
-45.9549999999999983
11
160.1436070000000029
21
-45.9745769999999965
0
LINE
8
BLACK
6
CONTINUOUS
10
161.4136069999999847
20
-45.9745769999999965
11
161.5251140000000021
21
-46.0313930000000013
0
LINE
8
BLACK
6
CONTINUOUS
10
161.5251140000000021
20
-46.0313930000000013
11
161.6136070000000018
21
-46.119886000000001
0
LINE
8
BLACK
6
CONTINUOUS
10
161.6136070000000018
20
-46.119886000000001
11
161.6704229999999995
21
-46.2313929999999971
0
LINE
8
BLACK
6
CONTINUOUS
10
161.6704229999999995
20
-46.2313929999999971
11
161.6899999999999977
21
-46.3549999999999969
0
LINE
8
BLACK
6
CONTINUOUS
10
161.6899999999999977
20
-46.3549999999999969
11
161.6704229999999995
21
-46.4786069999999967
0
LINE
8
BLACK
6
CONTINUOUS
10
161.6704229999999995
20
-46.4786069999999967
11
161.6136070000000018
21
-46.5901139999999998
0
LINE
8
BLACK
6
CONTINUOUS
10
161.6136070000000018
20
-46.5901139999999998
11
161.5251140000000021
21
-46.6786069999999995
0
LINE
8
BLACK
6
CONTINUOUS
10
161.5251140000000021
20
-46.6786069999999995
11
161.4136069999999847
21
-46.7354229999999973
0
LINE
8
BLACK
6
CONTINUOUS
10
161.4136069999999847
20
-46.7354229999999973
11
161.289999999999992
21
-46.7549999999999955
0
LINE
8
BLACK
6
CONTINUOUS
10
161.289999999999992
20
-46.7549999999999955
11
161.1663929999999993
21
-46.7354229999999973
0
LINE
8
BLACK
6
CONTINUOUS
10
161.1663929999999993
20
-46.7354229999999973
11
161.054885999999982
21
-46.6786069999999995
0
LINE
8
BLACK
6
CONTINUOUS
10
161.054885999999982
20
-46.6786069999999995
11
160.9663929999999823
21
-46.5901139999999998
0
LINE
8
BLACK
6
CONTINUOUS
10
160.9663929999999823
20
-46.5901139999999998
11
160.9095769999999845
21
-46.4786069999999967
0
LINE
8
BLACK
6
CONTINUOUS
10
160.9095769999999845
20
-46.4786069999999967
11
160.8899999999999864
21
-46.3549999999999969
0
LINE
8
BLACK
6
CONTINUOUS
10
160.8899999999999864
20
-46.3549999999999969
11
160.9095769999999845
21
-46.2313929999999971
0
LINE
8
BLACK
6
CONTINUOUS
10
160.9095769999999845
20
-46.2313929999999971
11
160.9663929999999823
21
-46.119886000000001
0
LINE
8
BLACK
6
CONTINUOUS
10
160.9663929999999823
20
-46.119886000000001
11
161.054885999999982
21
-46.0313930000000013
0
LINE
8
BLACK
6
CONTINUOUS
10
161.054885999999982
20
-46.0313930000000013
11
161.1663929999999993
21
-45.9745769999999965
0
LINE
8
BLACK
6
CONTINUOUS
10
161.1663929999999993
20
-45.9745769999999965
11
161.289999999999992
21
-45.9549999999999983
0
LINE
8
BLACK
6
CONTINUOUS
10
161.289999999999992
20
-45.9549999999999983
11
161.4136069999999847
21
-45.9745769999999965
0
LINE
8
BLACK
6
CONTINUOUS
10
162.683606999999995
20
-45.9745769999999965
11
162.7951139999999839
21
-46.0313930000000013
0
LINE
8
BLACK
6
CONTINUOUS
10
162.7951139999999839
20
-46.0313930000000013
11
162.8836069999999836
21
-46.119886000000001
0
LINE
8
BLACK
6
CONTINUOUS
10
162.8836069999999836
20
-46.119886000000001
11
162.9404229999999814
21
-46.2313929999999971
0
LINE
8
BLACK
6
CONTINUOUS
10
162.9404229999999814
20
-46.2313929999999971
11
162.9599999999999795
21
-46.3549999999999969
0
LINE
8
BLACK
6
CONTINUOUS
10
162.9599999999999795
20
-46.3549999999999969
11
162.9404229999999814
21
-46.4786069999999967
0
LINE
8
BLACK
6
CONTINUOUS
10
162.9404229999999814
20
-46.4786069999999967
11
162.8836069999999836
21
-46.5901139999999998
0
LINE
8
BLACK
6
CONTINUOUS
10
162.8836069999999836
20
-46.5901139999999998
11
162.7951139999999839
21
-46.6786069999999995
0
LINE
8
BLACK
6
CONTINUOUS
10
162.7951139999999839
20
-46.6786069999999995
11
162.683606999999995
21
-46.7354229999999973
0
LINE
8
BLACK
6
CONTINUOUS
10
162.683606999999995
20
-46.7354229999999973
11
162.5600000000000023
21
-46.7549999999999955
0
LINE
8
BLACK
6
CONTINUOUS
10
162.5600000000000023
20
-46.7549999999999955
11
162.4363929999999812
21
-46.7354229999999973
0
LINE
8
BLACK
6
CONTINUOUS
10
162.4363929999999812
20
-46.7354229999999973
11
162.3248859999999922
21
-46.6786069999999995
0
LINE
8
BLACK
6
CONTINUOUS
10
162.3248859999999922
20
-46.6786069999999995
11
162.2363929999999925
21
-46.5901139999999998
0
LINE
8
BLACK
6
CONTINUOUS
10
162.2363929999999925
20
-46.5901139999999998
11
162.1795769999999948
21
-46.4786069999999967
0
LINE
8
BLACK
6
CONTINUOUS
10
162.1795769999999948
20
-46.4786069999999967
11
162.1599999999999966
21
-46.3549999999999969
0
LINE
8
BLACK
6
CONTINUOUS
10
162.1599999999999966
20
-46.3549999999999969
11
162.1795769999999948
21
-46.2313929999999971
0
LINE
8
BLACK
6
CONTINUOUS
10
162.1795769999999948
20
-46.2313929999999971
11
162.2363929999999925
21
-46.119886000000001
0
LINE
8
BLACK
6
CONTINUOUS
10
162.2363929999999925
20
-46.119886000000001
11
162.3248859999999922
21
-46.0313930000000013
0
LINE
8
BLACK
6
CONTINUOUS
10
162.3248859999999922
20
-46.0313930000000013
11
162.4363929999999812
21
-45.9745769999999965
0
LINE
8
BLACK
6
CONTINUOUS
10
162.4363929999999812
20
-45.9745769999999965
11
162.5600000000000023
21
-45.9549999999999983
0
LINE
8
BLACK
6
CONTINUOUS
10
162.5600000000000023
20
-45.9549999999999983
11
162.683606999999995
21
-45.9745769999999965
0
LINE
8
BLACK
6
CONTINUOUS
10
163.9536070000000052
20
-45.9745769999999965
11
164.0651139999999941
21
-46.0313930000000013
0
LINE
8
BLACK
6
CONTINUOUS
10
164.0651139999999941
20
-46.0313930000000013
11
164.1536069999999938
21
-46.119886000000001
0
LINE
8
BLACK
6
CONTINUOUS
10
164.1536069999999938
20
-46.119886000000001
11
164.2104229999999916
21
-46.2313929999999971
0
LINE
8
BLACK
6
CONTINUOUS
10
164.2104229999999916
20
-46.2313929999999971
11
164.2299999999999898
21
-46.3549999999999969
0
LINE
8
BLACK
6
CONTINUOUS
10
164.2299999999999898
20
-46.3549999999999969
11
164.2104229999999916
21
-46.4786069999999967
0
LINE
8
BLACK
6
CONTINUOUS
10
164.2104229999999916
20
-46.4786069999999967
11
164.1536069999999938
21
-46.5901139999999998
0
LINE
8
BLACK
6
CONTINUOUS
10
164.1536069999999938
20
-46.5901139999999998
11
164.0651139999999941
21
-46.6786069999999995
0
LINE
8
BLACK
6
CONTINUOUS
10
164.0651139999999941
20
-46.6786069999999995
11
163.9536070000000052
21
-46.7354229999999973
0
LINE
8
BLACK
6
CONTINUOUS
10
163.9536070000000052
20
-46.7354229999999973
11
163.8299999999999841
21
-46.7549999999999955
0
LINE
8
BLACK
6
CONTINUOUS
10
163.8299999999999841
20
-46.7549999999999955
11
163.7063929999999914
21
-46.7354229999999973
0
LINE
8
BLACK
6
CONTINUOUS
10
163.7063929999999914
20
-46.7354229999999973
11
163.5948860000000025
21
-46.6786069999999995
0
LINE
8
BLACK
6
CONTINUOUS
10
163.5948860000000025
20
-46.6786069999999995
11
163.5063930000000028
21
-46.5901139999999998
0
LINE
8
BLACK
6
CONTINUOUS
10
163.5063930000000028
20
-46.5901139999999998
11
163.449577000000005
21
-46.4786069999999967
0
LINE
8
BLACK
6
CONTINUOUS
10
163.449577000000005
20
-46.4786069999999967
11
163.4299999999999784
21
-46.3549999999999969
0
LINE
8
BLACK
6
CONTINUOUS
10
163.4299999999999784
20
-46.3549999999999969
11
163.449577000000005
21
-46.2313929999999971
0
LINE
8
BLACK
6
CONTINUOUS
10
163.449577000000005
20
-46.2313929999999971
11
163.5063930000000028
21
-46.119886000000001
0
LINE
8
BLACK
6
CONTINUOUS
10
163.5063930000000028
20
-46.119886000000001
11
163.5948860000000025
21
-46.0313930000000013
0
LINE
8
BLACK
6
CONTINUOUS
10
163.5948860000000025
20
-46.0313930000000013
11
163.7063929999999914
21
-45.9745769999999965
0
LINE
8
BLACK
6
CONTINUOUS
10
163.7063929999999914
20
-45.9745769999999965
11
163.8299999999999841
21
-45.9549999999999983
0
LINE
8
BLACK
6
CONTINUOUS
10
163.8299999999999841
20
-45.9549999999999983
11
163.9536070000000052
21
-45.9745769999999965
0
LINE
8
BLACK
6
CONTINUOUS
10
165.223606999999987
20
-45.9745769999999965
11
165.3351140000000044
21
-46.0313930000000013
0
LINE
8
BLACK
6
CONTINUOUS
10
165.3351140000000044
20
-46.0313930000000013
11
165.4236070000000041
21
-46.119886000000001
0
LINE
8
BLACK
6
CONTINUOUS
10
165.4236070000000041
20
-46.119886000000001
11
165.4804230000000018
21
-46.2313929999999971
0
LINE
8
BLACK
6
CONTINUOUS
10
165.4804230000000018
20
-46.2313929999999971
11
165.5
21
-46.3549999999999969
0
LINE
8
BLACK
6
CONTINUOUS
10
165.5
20
-46.3549999999999969
11
165.4804230000000018
21
-46.4786069999999967
0
LINE
8
BLACK
6
CONTINUOUS
10
165.4804230000000018
20
-46.4786069999999967
11
165.4236070000000041
21
-46.5901139999999998
0
LINE
8
BLACK
6
CONTINUOUS
10
165.4236070000000041
20
-46.5901139999999998
11
165.3351140000000044
21
-46.6786069999999995
0
LINE
8
BLACK
6
CONTINUOUS
10
165.3351140000000044
20
-46.6786069999999995
11
165.223606999999987
21
-46.7354229999999973
0
LINE
8
BLACK
6
CONTINUOUS
10
165.223606999999987
20
-46.7354229999999973
11
165.0999999999999943
21
-46.7549999999999955
0
LINE
8
BLACK
6
CONTINUOUS
10
165.0999999999999943
20
-46.7549999999999955
11
164.9763930000000016
21
-46.7354229999999973
0
LINE
8
BLACK
6
CONTINUOUS
10
164.9763930000000016
20
-46.7354229999999973
11
164.8648859999999843
21
-46.6786069999999995
0
LINE
8
BLACK
6
CONTINUOUS
10
164.8648859999999843
20
-46.6786069999999995
11
164.7763929999999846
21
-46.5901139999999998
0
LINE
8
BLACK
6
CONTINUOUS
10
164.7763929999999846
20
-46.5901139999999998
11
164.7195769999999868
21
-46.4786069999999967
0
LINE
8
BLACK
6
CONTINUOUS
10
164.7195769999999868
20
-46.4786069999999967
11
164.6999999999999886
21
-46.3549999999999969
0
LINE
8
BLACK
6
CONTINUOUS
10
164.6999999999999886
20
-46.3549999999999969
11
164.7195769999999868
21
-46.2313929999999971
0
LINE
8
BLACK
6
CONTINUOUS
10
164.7195769999999868
20
-46.2313929999999971
11
164.7763929999999846
21
-46.119886000000001
0
LINE
8
BLACK
6
CONTINUOUS
10
164.7763929999999846
20
-46.119886000000001
11
164.8648859999999843
21
-46.0313930000000013
0
LINE
8
BLACK
6
CONTINUOUS
10
164.8648859999999843
20
-46.0313930000000013
11
164.9763930000000016
21
-45.9745769999999965
0
LINE
8
BLACK
6
CONTINUOUS
10
164.9763930000000016
20
-45.9745769999999965
11
165.0999999999999943
21
-45.9549999999999983
0
LINE
8
BLACK
6
CONTINUOUS
10
165.0999999999999943
20
-45.9549999999999983
11
165.223606999999987
21
-45.9745769999999965
0
LINE
8
BLACK
6
CONTINUOUS
10
166.4936069999999972
20
-45.9745769999999965
11
166.6051139999999862
21
-46.0313930000000013
0
LINE
8
BLACK
6
CONTINUOUS
10
166.6051139999999862
20
-46.0313930000000013
11
166.6936069999999859
21
-46.119886000000001
0
LINE
8
BLACK
6
CONTINUOUS
10
166.6936069999999859
20
-46.119886000000001
11
166.7504229999999836
21
-46.2313929999999971
0
LINE
8
BLACK
6
CONTINUOUS
10
166.7504229999999836
20
-46.2313929999999971
11
166.7699999999999818
21
-46.3549999999999969
0
LINE
8
BLACK
6
CONTINUOUS
10
166.7699999999999818
20
-46.3549999999999969
11
166.7504229999999836
21
-46.4786069999999967
0
LINE
8
BLACK
6
CONTINUOUS
10
166.7504229999999836
20
-46.4786069999999967
11
166.6936069999999859
21
-46.5901139999999998
0
LINE
8
BLACK
6
CONTINUOUS
10
166.6936069999999859
20
-46.5901139999999998
11
166.6051139999999862
21
-46.6786069999999995
0
LINE
8
BLACK
6
CONTINUOUS
10
166.6051139999999862
20
-46.6786069999999995
11
166.4936069999999972
21
-46.7354229999999973
0
LINE
8
BLACK
6
CONTINUOUS
10
166.4936069999999972
20
-46.7354229999999973
11
166.3700000000000045
21
-46.7549999999999955
0
LINE
8
BLACK
6
CONTINUOUS
10
166.3700000000000045
20
-46.7549999999999955
11
166.2463929999999834
21
-46.7354229999999973
0
LINE
8
BLACK
6
CONTINUOUS
10
166.2463929999999834
20
-46.7354229999999973
11
166.1348859999999945
21
-46.6786069999999995
0
LINE
8
BLACK
6
CONTINUOUS
10
166.1348859999999945
20
-46.6786069999999995
11
166.0463929999999948
21
-46.5901139999999998
0
LINE
8
BLACK
6
CONTINUOUS
10
166.0463929999999948
20
-46.5901139999999998
11
165.989576999999997
21
-46.4786069999999967
0
LINE
8
BLACK
6
CONTINUOUS
10
165.989576999999997
20
-46.4786069999999967
11
165.9699999999999989
21
-46.3549999999999969
0
LINE
8
BLACK
6
CONTINUOUS
10
165.9699999999999989
20
-46.3549999999999969
11
165.989576999999997
21
-46.2313929999999971
0
LINE
8
BLACK
6
CONTINUOUS
10
165.989576999999997
20
-46.2313929999999971
11
166.0463929999999948
21
-46.119886000000001
0
LINE
8
BLACK
6
CONTINUOUS
10
166.0463929999999948
20
-46.119886000000001
11
166.1348859999999945
21
-46.0313930000000013
0
LINE
8
BLACK
6
CONTINUOUS
10
166.1348859999999945
20
-46.0313930000000013
11
166.2463929999999834
21
-45.9745769999999965
0
LINE
8
BLACK
6
CONTINUOUS
10
166.2463929999999834
20
-45.9745769999999965
11
166.3700000000000045
21
-45.9549999999999983
0
LINE
8
BLACK
6
CONTINUOUS
10
166.3700000000000045
20
-45.9549999999999983
11
166.4936069999999972
21
-45.9745769999999965
0
LINE
8
BLACK
6
CONTINUOUS
10
167.7636069999999791
20
-45.9745769999999965
11
167.8751139999999964
21
-46.0313930000000013
0
LINE
8
BLACK
6
CONTINUOUS
10
167.8751139999999964
20
-46.0313930000000013
11
167.9636069999999961
21
-46.119886000000001
0
LINE
8
BLACK
6
CONTINUOUS
10
167.9636069999999961
20
-46.119886000000001
11
168.0204229999999939
21
-46.2313929999999971
0
LINE
8
BLACK
6
CONTINUOUS
10
168.0204229999999939
20
-46.2313929999999971
11
168.039999999999992
21
-46.3549999999999969
0
LINE
8
BLACK
6
CONTINUOUS
10
168.039999999999992
20
-46.3549999999999969
11
168.0204229999999939
21
-46.4786069999999967
0
LINE
8
BLACK
6
CONTINUOUS
10
168.0204229999999939
20
-46.4786069999999967
11
167.9636069999999961
21
-46.5901139999999998
0
LINE
8
BLACK
6
CONTINUOUS
10
167.9636069999999961
20
-46.5901139999999998
11
167.8751139999999964
21
-46.6786069999999995
0
LINE
8
BLACK
6
CONTINUOUS
10
167.8751139999999964
20
-46.6786069999999995
11
167.7636069999999791
21
-46.7354229999999973
0
LINE
8
BLACK
6
CONTINUOUS
10
167.7636069999999791
20
-46.7354229999999973
11
167.6399999999999864
21
-46.7549999999999955
0
LINE
8
BLACK
6
CONTINUOUS
10
167.6399999999999864
20
-46.7549999999999955
11
167.5163929999999937
21
-46.7354229999999973
0
LINE
8
BLACK
6
CONTINUOUS
10
167.5163929999999937
20
-46.7354229999999973
11
167.4048860000000047
21
-46.6786069999999995
0
LINE
8
BLACK
6
CONTINUOUS
10
167.4048860000000047
20
-46.6786069999999995
11
167.316393000000005
21
-46.5901139999999998
0
LINE
8
BLACK
6
CONTINUOUS
10
167.316393000000005
20
-46.5901139999999998
11
167.2595769999999789
21
-46.4786069999999967
0
LINE
8
BLACK
6
CONTINUOUS
10
167.2595769999999789
20
-46.4786069999999967
11
167.2399999999999807
21
-46.3549999999999969
0
LINE
8
BLACK
6
CONTINUOUS
10
167.2399999999999807
20
-46.3549999999999969
11
167.2595769999999789
21
-46.2313929999999971
0
LINE
8
BLACK
6
CONTINUOUS
10
167.2595769999999789
20
-46.2313929999999971
11
167.316393000000005
21
-46.119886000000001
0
LINE
8
BLACK
6
CONTINUOUS
10
167.316393000000005
20
-46.119886000000001
11
167.4048860000000047
21
-46.0313930000000013
0
LINE
8
BLACK
6
CONTINUOUS
10
167.4048860000000047
20
-46.0313930000000013
11
167.5163929999999937
21
-45.9745769999999965
0
LINE
8
BLACK
6
CONTINUOUS
10
167.5163929999999937
20
-45.9745769999999965
11
167.6399999999999864
21
-45.9549999999999983
0
LINE
8
BLACK
6
CONTINUOUS
10
167.6399999999999864
20
-45.9549999999999983
11
167.7636069999999791
21
-45.9745769999999965
0
LINE
8
BLACK
6
CONTINUOUS
10
159.5086069999999836
20
-44.7045770000000005
11
159.6201140000000009
21
-44.7613929999999982
0
LINE
8
BLACK
6
CONTINUOUS
10
159.6201140000000009
20
-44.7613929999999982
11
159.7086070000000007
21
-44.8498859999999979
0
LINE
8
BLACK
6
CONTINUOUS
10
159.7086070000000007
20
-44.8498859999999979
11
159.7654229999999984
21
-44.9613930000000011
0
LINE
8
BLACK
6
CONTINUOUS
10
159.7654229999999984
20
-44.9613930000000011
11
159.7849999999999966
21
-45.0850000000000009
0
LINE
8
BLACK
6
CONTINUOUS
10
159.7849999999999966
20
-45.0850000000000009
11
159.7654229999999984
21
-45.2086070000000007
0
LINE
8
BLACK
6
CONTINUOUS
10
159.7654229999999984
20
-45.2086070000000007
11
159.7086070000000007
21
-45.3201139999999967
0
LINE
8
BLACK
6
CONTINUOUS
10
159.7086070000000007
20
-45.3201139999999967
11
159.6201140000000009
21
-45.4086069999999964
0
LINE
8
BLACK
6
CONTINUOUS
10
159.6201140000000009
20
-45.4086069999999964
11
159.5086069999999836
21
-45.4654230000000013
0
LINE
8
BLACK
6
CONTINUOUS
10
159.5086069999999836
20
-45.4654230000000013
11
159.3849999999999909
21
-45.4849999999999994
0
LINE
8
BLACK
6
CONTINUOUS
10
159.3849999999999909
20
-45.4849999999999994
11
159.2613929999999982
21
-45.4654230000000013
0
LINE
8
BLACK
6
CONTINUOUS
10
159.2613929999999982
20
-45.4654230000000013
11
159.1498859999999809
21
-45.4086069999999964
0
LINE
8
BLACK
6
CONTINUOUS
10
159.1498859999999809
20
-45.4086069999999964
11
159.0613929999999812
21
-45.3201139999999967
0
LINE
8
BLACK
6
CONTINUOUS
10
159.0613929999999812
20
-45.3201139999999967
11
159.0045769999999834
21
-45.2086070000000007
0
LINE
8
BLACK
6
CONTINUOUS
10
159.0045769999999834
20
-45.2086070000000007
11
158.9849999999999852
21
-45.0850000000000009
0
LINE
8
BLACK
6
CONTINUOUS
10
158.9849999999999852
20
-45.0850000000000009
11
159.0045769999999834
21
-44.9613930000000011
0
LINE
8
BLACK
6
CONTINUOUS
10
159.0045769999999834
20
-44.9613930000000011
11
159.0613929999999812
21
-44.8498859999999979
0
LINE
8
BLACK
6
CONTINUOUS
10
159.0613929999999812
20
-44.8498859999999979
11
159.1498859999999809
21
-44.7613929999999982
0
LINE
8
BLACK
6
CONTINUOUS
10
159.1498859999999809
20
-44.7613929999999982
11
159.2613929999999982
21
-44.7045770000000005
0
LINE
8
BLACK
6
CONTINUOUS
10
159.2613929999999982
20
-44.7045770000000005
11
159.3849999999999909
21
-44.6849999999999952
0
LINE
8
BLACK
6
CONTINUOUS
10
159.3849999999999909
20
-44.6849999999999952
11
159.5086069999999836
21
-44.7045770000000005
0
LINE
8
BLACK
6
CONTINUOUS
10
160.7786069999999938
20
-44.7045770000000005
11
160.8901139999999828
21
-44.7613929999999982
0
LINE
8
BLACK
6
CONTINUOUS
10
160.8901139999999828
20
-44.7613929999999982
11
160.9786069999999825
21
-44.8498859999999979
0
LINE
8
BLACK
6
CONTINUOUS
10
160.9786069999999825
20
-44.8498859999999979
11
161.0354229999999802
21
-44.9613930000000011
0
LINE
8
BLACK
6
CONTINUOUS
10
161.0354229999999802
20
-44.9613930000000011
11
161.0550000000000068
21
-45.0850000000000009
0
LINE
8
BLACK
6
CONTINUOUS
10
161.0550000000000068
20
-45.0850000000000009
11
161.0354229999999802
21
-45.2086070000000007
0
LINE
8
BLACK
6
CONTINUOUS
10
161.0354229999999802
20
-45.2086070000000007
11
160.9786069999999825
21
-45.3201139999999967
0
LINE
8
BLACK
6
CONTINUOUS
10
160.9786069999999825
20
-45.3201139999999967
11
160.8901139999999828
21
-45.4086069999999964
0
LINE
8
BLACK
6
CONTINUOUS
10
160.8901139999999828
20
-45.4086069999999964
11
160.7786069999999938
21
-45.4654230000000013
0
LINE
8
BLACK
6
CONTINUOUS
10
160.7786069999999938
20
-45.4654230000000013
11
160.6550000000000011
21
-45.4849999999999994
0
LINE
8
BLACK
6
CONTINUOUS
10
160.6550000000000011
20
-45.4849999999999994
11
160.53139299999998
21
-45.4654230000000013
0
LINE
8
BLACK
6
CONTINUOUS
10
160.53139299999998
20
-45.4654230000000013
11
160.4198859999999911
21
-45.4086069999999964
0
LINE
8
BLACK
6
CONTINUOUS
10
160.4198859999999911
20
-45.4086069999999964
11
160.3313929999999914
21
-45.3201139999999967
0
LINE
8
BLACK
6
CONTINUOUS
10
160.3313929999999914
20
-45.3201139999999967
11
160.2745769999999936
21
-45.2086070000000007
0
LINE
8
BLACK
6
CONTINUOUS
10
160.2745769999999936
20
-45.2086070000000007
11
160.2549999999999955
21
-45.0850000000000009
0
LINE
8
BLACK
6
CONTINUOUS
10
160.2549999999999955
20
-45.0850000000000009
11
160.2745769999999936
21
-44.9613930000000011
0
LINE
8
BLACK
6
CONTINUOUS
10
160.2745769999999936
20
-44.9613930000000011
11
160.3313929999999914
21
-44.8498859999999979
0
LINE
8
BLACK
6
CONTINUOUS
10
160.3313929999999914
20
-44.8498859999999979
11
160.4198859999999911
21
-44.7613929999999982
0
LINE
8
BLACK
6
CONTINUOUS
10
160.4198859999999911
20
-44.7613929999999982
11
160.53139299999998
21
-44.7045770000000005
0
LINE
8
BLACK
6
CONTINUOUS
10
160.53139299999998
20
-44.7045770000000005
11
160.6550000000000011
21
-44.6849999999999952
0
LINE
8
BLACK
6
CONTINUOUS
10
160.6550000000000011
20
-44.6849999999999952
11
160.7786069999999938
21
-44.7045770000000005
0
LINE
8
BLACK
6
CONTINUOUS
10
162.0486070000000041
20
-44.7045770000000005
11
162.160113999999993
21
-44.7613929999999982
0
LINE
8
BLACK
6
CONTINUOUS
10
162.160113999999993
20
-44.7613929999999982
11
162.2486069999999927
21
-44.8498859999999979
0
LINE
8
BLACK
6
CONTINUOUS
10
162.2486069999999927
20
-44.8498859999999979
11
162.3054229999999905
21
-44.9613930000000011
0
LINE
8
BLACK
6
CONTINUOUS
10
162.3054229999999905
20
-44.9613930000000011
11
162.3249999999999886
21
-45.0850000000000009
0
LINE
8
BLACK
6
CONTINUOUS
10
162.3249999999999886
20
-45.0850000000000009
11
162.3054229999999905
21
-45.2086070000000007
0
LINE
8
BLACK
6
CONTINUOUS
10
162.3054229999999905
20
-45.2086070000000007
11
162.2486069999999927
21
-45.3201139999999967
0
LINE
8
BLACK
6
CONTINUOUS
10
162.2486069999999927
20
-45.3201139999999967
11
162.160113999999993
21
-45.4086069999999964
0
LINE
8
BLACK
6
CONTINUOUS
10
162.160113999999993
20
-45.4086069999999964
11
162.0486070000000041
21
-45.4654230000000013
0
LINE
8
BLACK
6
CONTINUOUS
10
162.0486070000000041
20
-45.4654230000000013
11
161.9249999999999829
21
-45.4849999999999994
0
LINE
8
BLACK
6
CONTINUOUS
10
161.9249999999999829
20
-45.4849999999999994
11
161.8013929999999903
21
-45.4654230000000013
0
LINE
8
BLACK
6
CONTINUOUS
10
161.8013929999999903
20
-45.4654230000000013
11
161.6898860000000013
21
-45.4086069999999964
0
LINE
8
BLACK
6
CONTINUOUS
10
161.6898860000000013
20
-45.4086069999999964
11
161.6013930000000016
21
-45.3201139999999967
0
LINE
8
BLACK
6
CONTINUOUS
10
161.6013930000000016
20
-45.3201139999999967
11
161.5445770000000039
21
-45.2086070000000007
0
LINE
8
BLACK
6
CONTINUOUS
10
161.5445770000000039
20
-45.2086070000000007
11
161.5250000000000057
21
-45.0850000000000009
0
LINE
8
BLACK
6
CONTINUOUS
10
161.5250000000000057
20
-45.0850000000000009
11
161.5445770000000039
21
-44.9613930000000011
0
LINE
8
BLACK
6
CONTINUOUS
10
161.5445770000000039
20
-44.9613930000000011
11
161.6013930000000016
21
-44.8498859999999979
0
LINE
8
BLACK
6
CONTINUOUS
10
161.6013930000000016
20
-44.8498859999999979
11
161.6898860000000013
21
-44.7613929999999982
0
LINE
8
BLACK
6
CONTINUOUS
10
161.6898860000000013
20
-44.7613929999999982
11
161.8013929999999903
21
-44.7045770000000005
0
LINE
8
BLACK
6
CONTINUOUS
10
161.8013929999999903
20
-44.7045770000000005
11
161.9249999999999829
21
-44.6849999999999952
0
LINE
8
BLACK
6
CONTINUOUS
10
161.9249999999999829
20
-44.6849999999999952
11
162.0486070000000041
21
-44.7045770000000005
0
LINE
8
BLACK
6
CONTINUOUS
10
163.3186069999999859
20
-44.7045770000000005
11
163.4301140000000032
21
-44.7613929999999982
0
LINE
8
BLACK
6
CONTINUOUS
10
163.4301140000000032
20
-44.7613929999999982
11
163.5186070000000029
21
-44.8498859999999979
0
LINE
8
BLACK
6
CONTINUOUS
10
163.5186070000000029
20
-44.8498859999999979
11
163.5754230000000007
21
-44.9613930000000011
0
LINE
8
BLACK
6
CONTINUOUS
10
163.5754230000000007
20
-44.9613930000000011
11
163.5949999999999989
21
-45.0850000000000009
0
LINE
8
BLACK
6
CONTINUOUS
10
163.5949999999999989
20
-45.0850000000000009
11
163.5754230000000007
21
-45.2086070000000007
0
LINE
8
BLACK
6
CONTINUOUS
10
163.5754230000000007
20
-45.2086070000000007
11
163.5186070000000029
21
-45.3201139999999967
0
LINE
8
BLACK
6
CONTINUOUS
10
163.5186070000000029
20
-45.3201139999999967
11
163.4301140000000032
21
-45.4086069999999964
0
LINE
8
BLACK
6
CONTINUOUS
10
163.4301140000000032
20
-45.4086069999999964
11
163.3186069999999859
21
-45.4654230000000013
0
LINE
8
BLACK
6
CONTINUOUS
10
163.3186069999999859
20
-45.4654230000000013
11
163.1949999999999932
21
-45.4849999999999994
0
LINE
8
BLACK
6
CONTINUOUS
10
163.1949999999999932
20
-45.4849999999999994
11
163.0713930000000005
21
-45.4654230000000013
0
LINE
8
BLACK
6
CONTINUOUS
10
163.0713930000000005
20
-45.4654230000000013
11
162.9598859999999831
21
-45.4086069999999964
0
LINE
8
BLACK
6
CONTINUOUS
10
162.9598859999999831
20
-45.4086069999999964
11
162.8713929999999834
21
-45.3201139999999967
0
LINE
8
BLACK
6
CONTINUOUS
10
162.8713929999999834
20
-45.3201139999999967
11
162.8145769999999857
21
-45.2086070000000007
0
LINE
8
BLACK
6
CONTINUOUS
10
162.8145769999999857
20
-45.2086070000000007
11
162.7949999999999875
21
-45.0850000000000009
0
LINE
8
BLACK
6
CONTINUOUS
10
162.7949999999999875
20
-45.0850000000000009
11
162.8145769999999857
21
-44.9613930000000011
0
LINE
8
BLACK
6
CONTINUOUS
10
162.8145769999999857
20
-44.9613930000000011
11
162.8713929999999834
21
-44.8498859999999979
0
LINE
8
BLACK
6
CONTINUOUS
10
162.8713929999999834
20
-44.8498859999999979
11
162.9598859999999831
21
-44.7613929999999982
0
LINE
8
BLACK
6
CONTINUOUS
10
162.9598859999999831
20
-44.7613929999999982
11
163.0713930000000005
21
-44.7045770000000005
0
LINE
8
BLACK
6
CONTINUOUS
10
163.0713930000000005
20
-44.7045770000000005
11
163.1949999999999932
21
-44.6849999999999952
0
LINE
8
BLACK
6
CONTINUOUS
10
163.1949999999999932
20
-44.6849999999999952
11
163.3186069999999859
21
-44.7045770000000005
0
LINE
8
BLACK
6
CONTINUOUS
10
164.5886069999999961
20
-44.7045770000000005
11
164.700113999999985
21
-44.7613929999999982
0
LINE
8
BLACK
6
CONTINUOUS
10
164.700113999999985
20
-44.7613929999999982
11
164.7886069999999847
21
-44.8498859999999979
0
LINE
8
BLACK
6
CONTINUOUS
10
164.7886069999999847
20
-44.8498859999999979
11
164.8454229999999825
21
-44.9613930000000011
0
LINE
8
BLACK
6
CONTINUOUS
10
164.8454229999999825
20
-44.9613930000000011
11
164.8649999999999807
21
-45.0850000000000009
0
LINE
8
BLACK
6
CONTINUOUS
10
164.8649999999999807
20
-45.0850000000000009
11
164.8454229999999825
21
-45.2086070000000007
0
LINE
8
BLACK
6
CONTINUOUS
10
164.8454229999999825
20
-45.2086070000000007
11
164.7886069999999847
21
-45.3201139999999967
0
LINE
8
BLACK
6
CONTINUOUS
10
164.7886069999999847
20
-45.3201139999999967
11
164.700113999999985
21
-45.4086069999999964
0
LINE
8
BLACK
6
CONTINUOUS
10
164.700113999999985
20
-45.4086069999999964
11
164.5886069999999961
21
-45.4654230000000013
0
LINE
8
BLACK
6
CONTINUOUS
10
164.5886069999999961
20
-45.4654230000000013
11
164.4650000000000034
21
-45.4849999999999994
0
LINE
8
BLACK
6
CONTINUOUS
10
164.4650000000000034
20
-45.4849999999999994
11
164.3413929999999823
21
-45.4654230000000013
0
LINE
8
BLACK
6
CONTINUOUS
10
164.3413929999999823
20
-45.4654230000000013
11
164.2298859999999934
21
-45.4086069999999964
0
LINE
8
BLACK
6
CONTINUOUS
10
164.2298859999999934
20
-45.4086069999999964
11
164.1413929999999937
21
-45.3201139999999967
0
LINE
8
BLACK
6
CONTINUOUS
10
164.1413929999999937
20
-45.3201139999999967
11
164.0845769999999959
21
-45.2086070000000007
0
LINE
8
BLACK
6
CONTINUOUS
10
164.0845769999999959
20
-45.2086070000000007
11
164.0649999999999977
21
-45.0850000000000009
0
LINE
8
BLACK
6
CONTINUOUS
10
164.0649999999999977
20
-45.0850000000000009
11
164.0845769999999959
21
-44.9613930000000011
0
LINE
8
BLACK
6
CONTINUOUS
10
164.0845769999999959
20
-44.9613930000000011
11
164.1413929999999937
21
-44.8498859999999979
0
LINE
8
BLACK
6
CONTINUOUS
10
164.1413929999999937
20
-44.8498859999999979
11
164.2298859999999934
21
-44.7613929999999982
0
LINE
8
BLACK
6
CONTINUOUS
10
164.2298859999999934
20
-44.7613929999999982
11
164.3413929999999823
21
-44.7045770000000005
0
LINE
8
BLACK
6
CONTINUOUS
10
164.3413929999999823
20
-44.7045770000000005
11
164.4650000000000034
21
-44.6849999999999952
0
LINE
8
BLACK
6
CONTINUOUS
10
164.4650000000000034
20
-44.6849999999999952
11
164.5886069999999961
21
-44.7045770000000005
0
LINE
8
BLACK
6
CONTINUOUS
10
165.8586070000000063
20
-44.7045770000000005
11
165.9701139999999953
21
-44.7613929999999982
0
LINE
8
BLACK
6
CONTINUOUS
10
165.9701139999999953
20
-44.7613929999999982
11
166.058606999999995
21
-44.8498859999999979
0
LINE
8
BLACK
6
CONTINUOUS
10
166.058606999999995
20
-44.8498859999999979
11
166.1154229999999927
21
-44.9613930000000011
0
LINE
8
BLACK
6
CONTINUOUS
10
166.1154229999999927
20
-44.9613930000000011
11
166.1349999999999909
21
-45.0850000000000009
0
LINE
8
BLACK
6
CONTINUOUS
10
166.1349999999999909
20
-45.0850000000000009
11
166.1154229999999927
21
-45.2086070000000007
0
LINE
8
BLACK
6
CONTINUOUS
10
166.1154229999999927
20
-45.2086070000000007
11
166.058606999999995
21
-45.3201139999999967
0
LINE
8
BLACK
6
CONTINUOUS
10
166.058606999999995
20
-45.3201139999999967
11
165.9701139999999953
21
-45.4086069999999964
0
LINE
8
BLACK
6
CONTINUOUS
10
165.9701139999999953
20
-45.4086069999999964
11
165.8586070000000063
21
-45.4654230000000013
0
LINE
8
BLACK
6
CONTINUOUS
10
165.8586070000000063
20
-45.4654230000000013
11
165.7349999999999852
21
-45.4849999999999994
0
LINE
8
BLACK
6
CONTINUOUS
10
165.7349999999999852
20
-45.4849999999999994
11
165.6113929999999925
21
-45.4654230000000013
0
LINE
8
BLACK
6
CONTINUOUS
10
165.6113929999999925
20
-45.4654230000000013
11
165.4998860000000036
21
-45.4086069999999964
0
LINE
8
BLACK
6
CONTINUOUS
10
165.4998860000000036
20
-45.4086069999999964
11
165.4113930000000039
21
-45.3201139999999967
0
LINE
8
BLACK
6
CONTINUOUS
10
165.4113930000000039
20
-45.3201139999999967
11
165.3545770000000061
21
-45.2086070000000007
0
LINE
8
BLACK
6
CONTINUOUS
10
165.3545770000000061
20
-45.2086070000000007
11
165.3349999999999795
21
-45.0850000000000009
0
LINE
8
BLACK
6
CONTINUOUS
10
165.3349999999999795
20
-45.0850000000000009
11
165.3545770000000061
21
-44.9613930000000011
0
LINE
8
BLACK
6
CONTINUOUS
10
165.3545770000000061
20
-44.9613930000000011
11
165.4113930000000039
21
-44.8498859999999979
0
LINE
8
BLACK
6
CONTINUOUS
10
165.4113930000000039
20
-44.8498859999999979
11
165.4998860000000036
21
-44.7613929999999982
0
LINE
8
BLACK
6
CONTINUOUS
10
165.4998860000000036
20
-44.7613929999999982
11
165.6113929999999925
21
-44.7045770000000005
0
LINE
8
BLACK
6
CONTINUOUS
10
165.6113929999999925
20
-44.7045770000000005
11
165.7349999999999852
21
-44.6849999999999952
0
LINE
8
BLACK
6
CONTINUOUS
10
165.7349999999999852
20
-44.6849999999999952
11
165.8586070000000063
21
-44.7045770000000005
0
LINE
8
BLACK
6
CONTINUOUS
10
167.1286069999999881
20
-44.7045770000000005
11
167.2401140000000055
21
-44.7613929999999982
0
LINE
8
BLACK
6
CONTINUOUS
10
167.2401140000000055
20
-44.7613929999999982
11
167.3286070000000052
21
-44.8498859999999979
0
LINE
8
BLACK
6
CONTINUOUS
10
167.3286070000000052
20
-44.8498859999999979
11
167.385423000000003
21
-44.9613930000000011
0
LINE
8
BLACK
6
CONTINUOUS
10
167.385423000000003
20
-44.9613930000000011
11
167.4050000000000011
21
-45.0850000000000009
0
LINE
8
BLACK
6
CONTINUOUS
10
167.4050000000000011
20
-45.0850000000000009
11
167.385423000000003
21
-45.2086070000000007
0
LINE
8
BLACK
6
CONTINUOUS
10
167.385423000000003
20
-45.2086070000000007
11
167.3286070000000052
21
-45.3201139999999967
0
LINE
8
BLACK
6
CONTINUOUS
10
167.3286070000000052
20
-45.3201139999999967
11
167.2401140000000055
21
-45.4086069999999964
0
LINE
8
BLACK
6
CONTINUOUS
10
167.2401140000000055
20
-45.4086069999999964
11
167.1286069999999881
21
-45.4654230000000013
0
LINE
8
BLACK
6
CONTINUOUS
10
167.1286069999999881
20
-45.4654230000000013
11
167.0049999999999955
21
-45.4849999999999994
0
LINE
8
BLACK
6
CONTINUOUS
10
167.0049999999999955
20
-45.4849999999999994
11
166.8813930000000028
21
-45.4654230000000013
0
LINE
8
BLACK
6
CONTINUOUS
10
166.8813930000000028
20
-45.4654230000000013
11
166.7698859999999854
21
-45.4086069999999964
0
LINE
8
BLACK
6
CONTINUOUS
10
166.7698859999999854
20
-45.4086069999999964
11
166.6813929999999857
21
-45.3201139999999967
0
LINE
8
BLACK
6
CONTINUOUS
10
166.6813929999999857
20
-45.3201139999999967
11
166.6245769999999879
21
-45.2086070000000007
0
LINE
8
BLACK
6
CONTINUOUS
10
166.6245769999999879
20
-45.2086070000000007
11
166.6049999999999898
21
-45.0850000000000009
0
LINE
8
BLACK
6
CONTINUOUS
10
166.6049999999999898
20
-45.0850000000000009
11
166.6245769999999879
21
-44.9613930000000011
0
LINE
8
BLACK
6
CONTINUOUS
10
166.6245769999999879
20
-44.9613930000000011
11
166.6813929999999857
21
-44.8498859999999979
0
LINE
8
BLACK
6
CONTINUOUS
10
166.6813929999999857
20
-44.8498859999999979
11
166.7698859999999854
21
-44.7613929999999982
0
LINE
8
BLACK
6
CONTINUOUS
10
166.7698859999999854
20
-44.7613929999999982
11
166.8813930000000028
21
-44.7045770000000005
0
LINE
8
BLACK
6
CONTINUOUS
10
166.8813930000000028
20
-44.7045770000000005
11
167.0049999999999955
21
-44.6849999999999952
0
LINE
8
BLACK
6
CONTINUOUS
10
167.0049999999999955
20
-44.6849999999999952
11
167.1286069999999881
21
-44.7045770000000005
0
CIRCLE
8
BLACK
10
156.3522399999999948
20
-73.0822500000000019
40
0.2
0
CIRCLE
8
BLACK
10
140.4619999999999891
20
-65.5319999999999965
40
0.2
0
CIRCLE
8
BLACK
10
152.1459999999999866
20
-76.7079999999999984
40
0.2
0
CIRCLE
8
BLACK
10
149.3672399999999811
20
-87.8142500000000013
40
0.2
0
CIRCLE
8
BLACK
10
147.2082399999999893
20
-65.2082499999999925
40
0.2
0
CIRCLE
8
BLACK
10
144.0180000000000007
20
-66.8019999999999925
40
0.2
0
CIRCLE
8
BLACK
10
139.1920000000000073
20
-72.6439999999999912
40
0.2
0
CIRCLE
8
BLACK
10
146.304000000000002
20
-76.7079999999999984
40
0.2
0
CIRCLE
8
BLACK
10
142.2552399999999864
20
-81.4642499999999927
40
0.2
0
CIRCLE
8
BLACK
10
145.2879999999999825
20
-61.7219999999999942
40
0.2
0
CIRCLE
8
BLACK
10
155.1939999999999884
20
-59.6899999999999977
40
0.2
0
CIRCLE
8
BLACK
10
140.7248469999999827
20
-63.7449879999999993
40
0.2
0
CIRCLE
8
BLACK
10
156.4792400000000043
20
-81.210250000000002
40
0.2
0
CIRCLE
8
BLACK
10
161.0360000000000014
20
-72.3900000000000006
40
0.2
0
CIRCLE
8
BLACK
10
135.2549999999999955
20
-62.4839999999999947
40
0.2
0
CIRCLE
8
BLACK
10
145.5572400000000073
20
-79.1782499999999914
40
0.2
0
CIRCLE
8
BLACK
10
153.1772399999999834
20
-79.1782499999999914
40
0.2
0
CIRCLE
8
BLACK
10
149.3672399999999811
20
-85.7822499999999906
40
0.2
0
CIRCLE
8
BLACK
10
143.398239999999987
20
-77.9082499999999953
40
0.2
0
CIRCLE
8
BLACK
10
139.1920000000000073
20
-71.3739999999999952
40
0.2
0
CIRCLE
8
BLACK
10
161.0360000000000014
20
-71.1199999999999903
40
0.2
0
CIRCLE
8
BLACK
10
156.97199999999998
20
-59.6899999999999977
40
0.2
0
CIRCLE
8
BLACK
10
151.6532399999999825
20
-82.2262499999999932
40
0.2
0
CIRCLE
8
BLACK
10
147.0812399999999798
20
-82.2262499999999932
40
0.2
0
CIRCLE
8
BLACK
10
155.7019999999999982
20
-62.9919999999999973
40
0.2
0
CIRCLE
8
BLACK
10
161.7980000000000018
20
-69.0879999999999939
40
0.2
0
CIRCLE
8
BLACK
10
177.7999999999999829
20
-63.5
40
0.2
0
CIRCLE
8
BLACK
10
176.5300000000000011
20
-58.4199999999999946
40
0.2
0
CIRCLE
8
BLACK
10
170.8149999999999977
20
-62.2299999999999969
40
0.2
0
CIRCLE
8
BLACK
10
177.7999999999999829
20
-60.9599999999999937
40
0.2
0
CIRCLE
8
BLACK
10
173.9899999999999807
20
-60.9599999999999937
40
0.2
0
CIRCLE
8
BLACK
10
172.0849999999999795
20
-62.2299999999999969
40
0.2
0
CIRCLE
8
BLACK
10
175.2599999999999909
20
-55.8799999999999955
40
0.2
0
CIRCLE
8
BLACK
10
180.3400000000000034
20
-63.5
40
0.2
0
CIRCLE
8
BLACK
10
177.164999999999992
20
-57.1499999999999986
40
0.2
0
CIRCLE
8
BLACK
10
174.625
20
-62.2299999999999969
40
0.2
0
CIRCLE
8
BLACK
10
179.0699999999999932
20
-63.5
40
0.2
0
CIRCLE
8
BLACK
10
175.2599999999999909
20
-60.9599999999999937
40
0.2
0
CIRCLE
8
BLACK
10
179.7049999999999841
20
-62.2299999999999969
40
0.2
0
CIRCLE
8
BLACK
10
179.0699999999999932
20
-60.9599999999999937
40
0.2
0
CIRCLE
8
BLACK
10
175.8949999999999818
20
-57.1499999999999986
40
0.2
0
CIRCLE
8
BLACK
10
176.5300000000000011
20
-63.5
40
0.2
0
CIRCLE
8
BLACK
10
168.9099999999999966
20
-60.9599999999999937
40
0.2
0
CIRCLE
8
BLACK
10
176.5300000000000011
20
-55.8799999999999955
40
0.2
0
CIRCLE
8
BLACK
10
168.2750000000000057
20
-62.2299999999999969
40
0.2
0
CIRCLE
8
BLACK
10
175.8949999999999818
20
-59.6899999999999977
40
0.2
0
CIRCLE
8
BLACK
10
175.8949999999999818
20
-62.2299999999999969
40
0.2
0
CIRCLE
8
BLACK
10
176.5300000000000011
20
-60.9599999999999937
40
0.2
0
CIRCLE
8
BLACK
10
177.7999999999999829
20
-58.4199999999999946
40
0.2
0
CIRCLE
8
BLACK
10
173.3549999999999898
20
-62.2299999999999969
40
0.2
0
CIRCLE
8
BLACK
10
177.164999999999992
20
-62.2299999999999969
40
0.2
0
CIRCLE
8
BLACK
10
178.4350000000000023
20
-62.2299999999999969
40
0.2
0
CIRCLE
8
BLACK
10
169.5449999999999875
20
-62.2299999999999969
40
0.2
0
CIRCLE
8
BLACK
10
178.4350000000000023
20
-59.6899999999999977
40
0.2
0
CIRCLE
8
BLACK
10
177.164999999999992
20
-59.6899999999999977
40
0.2
0
CIRCLE
8
BLACK
10
172.0849999999999795
20
-81.2800000000000011
40
0.2
0
CIRCLE
8
BLACK
10
169.5449999999999875
20
-76.2000000000000028
40
0.2
0
CIRCLE
8
BLACK
10
175.8949999999999818
20
-76.2000000000000028
40
0.2
0
CIRCLE
8
BLACK
10
177.7999999999999829
20
-74.9299999999999926
40
0.2
0
CIRCLE
8
BLACK
10
168.2750000000000057
20
-71.1199999999999903
40
0.2
0
CIRCLE
8
BLACK
10
177.7999999999999829
20
-69.8499999999999943
40
0.2
0
CIRCLE
8
BLACK
10
171.4499999999999886
20
-80.0099999999999909
40
0.2
0
CIRCLE
8
BLACK
10
177.7999999999999829
20
-72.3900000000000006
40
0.2
0
CIRCLE
8
BLACK
10
179.7049999999999841
20
-71.1199999999999903
40
0.2
0
CIRCLE
8
BLACK
10
178.4350000000000023
20
-81.2800000000000011
40
0.2
0
CIRCLE
8
BLACK
10
175.8949999999999818
20
-71.1199999999999903
40
0.2
0
CIRCLE
8
BLACK
10
177.7999999999999829
20
-82.5499999999999972
40
0.2
0
CIRCLE
8
BLACK
10
176.5300000000000011
20
-72.3900000000000006
40
0.2
0
CIRCLE
8
BLACK
10
179.0699999999999932
20
-69.8499999999999943
40
0.2
0
CIRCLE
8
BLACK
10
180.3400000000000034
20
-77.4699999999999989
40
0.2
0
CIRCLE
8
BLACK
10
172.7199999999999989
20
-74.9299999999999926
40
0.2
0
CIRCLE
8
BLACK
10
180.9749999999999943
20
-76.2000000000000028
40
0.2
0
CIRCLE
8
BLACK
10
180.3400000000000034
20
-72.3900000000000006
40
0.2
0
CIRCLE
8
BLACK
10
168.9099999999999966
20
-80.0099999999999909
40
0.2
0
CIRCLE
8
BLACK
10
177.7999999999999829
20
-80.0099999999999909
40
0.2
0
CIRCLE
8
BLACK
10
176.5300000000000011
20
-77.4699999999999989
40
0.2
0
CIRCLE
8
BLACK
10
177.7999999999999829
20
-77.4699999999999989
40
0.2
0
CIRCLE
8
BLACK
10
175.8949999999999818
20
-81.2800000000000011
40
0.2
0
CIRCLE
8
BLACK
10
171.4499999999999886
20
-72.3900000000000006
40
0.2
0
CIRCLE
8
BLACK
10
179.0699999999999932
20
-82.5499999999999972
40
0.2
0
CIRCLE
8
BLACK
10
170.1799999999999784
20
-80.0099999999999909
40
0.2
0
CIRCLE
8
BLACK
10
179.0699999999999932
20
-80.0099999999999909
40
0.2
0
CIRCLE
8
BLACK
10
172.0849999999999795
20
-71.1199999999999903
40
0.2
0
CIRCLE
8
BLACK
10
177.164999999999992
20
-73.6599999999999966
40
0.2
0
CIRCLE
8
BLACK
10
172.0849999999999795
20
-73.6599999999999966
40
0.2
0
CIRCLE
8
BLACK
10
170.8149999999999977
20
-73.6599999999999966
40
0.2
0
CIRCLE
8
BLACK
10
179.0699999999999932
20
-77.4699999999999989
40
0.2
0
CIRCLE
8
BLACK
10
180.9749999999999943
20
-73.6599999999999966
40
0.2
0
CIRCLE
8
BLACK
10
169.5449999999999875
20
-71.1199999999999903
40
0.2
0
CIRCLE
8
BLACK
10
177.164999999999992
20
-71.1199999999999903
40
0.2
0
CIRCLE
8
BLACK
10
174.625
20
-76.2000000000000028
40
0.2
0
CIRCLE
8
BLACK
10
175.2599999999999909
20
-74.9299999999999926
40
0.2
0
CIRCLE
8
BLACK
10
175.8949999999999818
20
-73.6599999999999966
40
0.2
0
CIRCLE
8
BLACK
10
170.8149999999999977
20
-78.7399999999999949
40
0.2
0
CIRCLE
8
BLACK
10
173.9899999999999807
20
-74.9299999999999926
40
0.2
0
CIRCLE
8
BLACK
10
179.0699999999999932
20
-74.9299999999999926
40
0.2
0
CIRCLE
8
BLACK
10
172.0849999999999795
20
-78.7399999999999949
40
0.2
0
CIRCLE
8
BLACK
10
176.5300000000000011
20
-74.9299999999999926
40
0.2
0
CIRCLE
8
BLACK
10
171.4499999999999886
20
-82.5499999999999972
40
0.2
0
CIRCLE
8
BLACK
10
176.5300000000000011
20
-80.0099999999999909
40
0.2
0
CIRCLE
8
BLACK
10
175.8949999999999818
20
-78.7399999999999949
40
0.2
0
CIRCLE
8
BLACK
10
170.8149999999999977
20
-71.1199999999999903
40
0.2
0
CIRCLE
8
BLACK
10
178.4350000000000023
20
-76.2000000000000028
40
0.2
0
CIRCLE
8
BLACK
10
170.1799999999999784
20
-74.9299999999999926
40
0.2
0
CIRCLE
8
BLACK
10
180.3400000000000034
20
-74.9299999999999926
40
0.2
0
CIRCLE
8
BLACK
10
170.8149999999999977
20
-81.2800000000000011
40
0.2
0
CIRCLE
8
BLACK
10
178.4350000000000023
20
-73.6599999999999966
40
0.2
0
CIRCLE
8
BLACK
10
180.9749999999999943
20
-71.1199999999999903
40
0.2
0
CIRCLE
8
BLACK
10
174.625
20
-71.1199999999999903
40
0.2
0
CIRCLE
8
BLACK
10
179.7049999999999841
20
-81.2800000000000011
40
0.2
0
CIRCLE
8
BLACK
10
173.3549999999999898
20
-76.2000000000000028
40
0.2
0
CIRCLE
8
BLACK
10
179.7049999999999841
20
-73.6599999999999966
40
0.2
0
CIRCLE
8
BLACK
10
175.2599999999999909
20
-72.3900000000000006
40
0.2
0
CIRCLE
8
BLACK
10
177.164999999999992
20
-78.7399999999999949
40
0.2
0
CIRCLE
8
BLACK
10
175.2599999999999909
20
-82.5499999999999972
40
0.2
0
CIRCLE
8
BLACK
10
172.7199999999999989
20
-72.3900000000000006
40
0.2
0
CIRCLE
8
BLACK
10
180.3400000000000034
20
-69.8499999999999943
40
0.2
0
CIRCLE
8
BLACK
10
168.9099999999999966
20
-74.9299999999999926
40
0.2
0
CIRCLE
8
BLACK
10
176.5300000000000011
20
-69.8499999999999943
40
0.2
0
CIRCLE
8
BLACK
10
177.164999999999992
20
-76.2000000000000028
40
0.2
0
CIRCLE
8
BLACK
10
179.7049999999999841
20
-78.7399999999999949
40
0.2
0
CIRCLE
8
BLACK
10
177.164999999999992
20
-81.2800000000000011
40
0.2
0
CIRCLE
8
BLACK
10
171.4499999999999886
20
-77.4699999999999989
40
0.2
0
CIRCLE
8
BLACK
10
175.2599999999999909
20
-80.0099999999999909
40
0.2
0
CIRCLE
8
BLACK
10
173.9899999999999807
20
-80.0099999999999909
40
0.2
0
CIRCLE
8
BLACK
10
172.7199999999999989
20
-80.0099999999999909
40
0.2
0
CIRCLE
8
BLACK
10
178.4350000000000023
20
-71.1199999999999903
40
0.2
0
CIRCLE
8
BLACK
10
179.7049999999999841
20
-76.2000000000000028
40
0.2
0
CIRCLE
8
BLACK
10
172.0849999999999795
20
-76.2000000000000028
40
0.2
0
CIRCLE
8
BLACK
10
171.4499999999999886
20
-74.9299999999999926
40
0.2
0
CIRCLE
8
BLACK
10
173.3549999999999898
20
-71.1199999999999903
40
0.2
0
CIRCLE
8
BLACK
10
178.4350000000000023
20
-78.7399999999999949
40
0.2
0
CIRCLE
8
BLACK
10
170.1799999999999784
20
-72.3900000000000006
40
0.2
0
CIRCLE
8
BLACK
10
170.8149999999999977
20
-76.2000000000000028
40
0.2
0
CIRCLE
8
BLACK
10
179.0699999999999932
20
-72.3900000000000006
40
0.2
0
CIRCLE
8
BLACK
10
176.5300000000000011
20
-82.5499999999999972
40
0.2
0
CIRCLE
8
BLACK
10
150.4950000000000045
20
-47.2439999999999998
40
0.2
0
CIRCLE
8
BLACK
10
146.6850000000000023
20
-46.9899999999999949
40
0.2
0
CIRCLE
8
BLACK
10
149.2249999999999943
20
-47.2439999999999998
40
0.2
0
CIRCLE
8
BLACK
10
152.4000000000000057
20
-45.7199999999999989
40
0.2
0
CIRCLE
8
BLACK
10
156.8449999999999989
20
-46.9899999999999949
40
0.2
0
CIRCLE
8
BLACK
10
145.414999999999992
20
-44.4499999999999957
40
0.2
0
CIRCLE
8
BLACK
10
156.2099999999999795
20
-43.1799999999999997
40
0.2
0
CIRCLE
8
BLACK
10
154.9399999999999977
20
-45.7199999999999989
40
0.2
0
CIRCLE
8
BLACK
10
153.0349999999999966
20
-44.4499999999999957
40
0.2
0
CIRCLE
8
BLACK
10
144.7800000000000011
20
-43.1799999999999997
40
0.2
0
CIRCLE
8
BLACK
10
145.414999999999992
20
-41.9099999999999966
40
0.2
0
CIRCLE
8
BLACK
10
156.2099999999999795
20
-45.7199999999999989
40
0.2
0
CIRCLE
8
BLACK
10
154.3050000000000068
20
-46.9899999999999949
40
0.2
0
CIRCLE
8
BLACK
10
155.5749999999999886
20
-46.9899999999999949
40
0.2
0
CIRCLE
8
BLACK
10
144.1449999999999818
20
-44.4499999999999957
40
0.2
0
CIRCLE
8
BLACK
10
146.0499999999999829
20
-45.7199999999999989
40
0.2
0
CIRCLE
8
BLACK
10
153.0349999999999966
20
-46.9899999999999949
40
0.2
0
CIRCLE
8
BLACK
10
153.6699999999999875
20
-45.7199999999999989
40
0.2
0
CIRCLE
8
BLACK
10
143.5099999999999909
20
-43.1799999999999997
40
0.2
0
CIRCLE
8
BLACK
10
151.7649999999999864
20
-46.9899999999999949
40
0.2
0
CIRCLE
8
BLACK
10
143.5099999999999909
20
-45.7199999999999989
40
0.2
0
CIRCLE
8
BLACK
10
144.7800000000000011
20
-45.7199999999999989
40
0.2
0
CIRCLE
8
BLACK
10
142.875
20
-44.4499999999999957
40
0.2
0
CIRCLE
8
BLACK
10
155.5749999999999886
20
-44.4499999999999957
40
0.2
0
CIRCLE
8
BLACK
10
154.3050000000000068
20
-41.9099999999999966
40
0.2
0
CIRCLE
8
BLACK
10
147.9549999999999841
20
-47.2439999999999998
40
0.2
0
CIRCLE
8
BLACK
10
155.5749999999999886
20
-41.9099999999999966
40
0.2
0
CIRCLE
8
BLACK
10
142.2399999999999807
20
-43.1799999999999997
40
0.2
0
CIRCLE
8
BLACK
10
144.1449999999999818
20
-46.9899999999999949
40
0.2
0
CIRCLE
8
BLACK
10
153.0349999999999966
20
-41.9099999999999966
40
0.2
0
CIRCLE
8
BLACK
10
154.9399999999999977
20
-43.1799999999999997
40
0.2
0
CIRCLE
8
BLACK
10
145.414999999999992
20
-46.9899999999999949
40
0.2
0
CIRCLE
8
BLACK
10
154.3050000000000068
20
-44.4499999999999957
40
0.2
0
CIRCLE
8
BLACK
10
156.8449999999999989
20
-44.4499999999999957
40
0.2
0
CIRCLE
8
BLACK
10
156.8449999999999989
20
-41.9099999999999966
40
0.2
0
CIRCLE
8
BLACK
10
142.2399999999999807
20
-45.7199999999999989
40
0.2
0
CIRCLE
8
BLACK
10
142.875
20
-41.9099999999999966
40
0.2
0
CIRCLE
8
BLACK
10
142.875
20
-46.9899999999999949
40
0.2
0
CIRCLE
8
BLACK
10
153.6699999999999875
20
-43.1799999999999997
40
0.2
0
CIRCLE
8
BLACK
10
144.1449999999999818
20
-41.9099999999999966
40
0.2
0
CIRCLE
8
BLACK
10
162.5600000000000023
20
-51.4349999999999952
40
0.2
0
CIRCLE
8
BLACK
10
140.3349999999999795
20
-53.9749999999999943
40
0.2
0
CIRCLE
8
BLACK
10
144.1449999999999818
20
-48.894999999999996
40
0.2
0
CIRCLE
8
BLACK
10
139.6999999999999886
20
-52.7049999999999983
40
0.2
0
CIRCLE
8
BLACK
10
163.8299999999999841
20
-46.3549999999999969
40
0.2
0
CIRCLE
8
BLACK
10
168.9099999999999966
20
-48.894999999999996
40
0.2
0
CIRCLE
8
BLACK
10
150.4950000000000045
20
-56.5150000000000006
40
0.2
0
CIRCLE
8
BLACK
10
137.1599999999999966
20
-47.625
40
0.2
0
CIRCLE
8
BLACK
10
138.4300000000000068
20
-47.625
40
0.2
0
CIRCLE
8
BLACK
10
135.2549999999999955
20
-48.894999999999996
40
0.2
0
CIRCLE
8
BLACK
10
135.2549999999999955
20
-56.5150000000000006
40
0.2
0
CIRCLE
8
BLACK
10
163.8299999999999841
20
-53.9749999999999943
40
0.2
0
CIRCLE
8
BLACK
10
163.8299999999999841
20
-51.4349999999999952
40
0.2
0
CIRCLE
8
BLACK
10
160.6550000000000011
20
-47.625
40
0.2
0
CIRCLE
8
BLACK
10
167.6399999999999864
20
-46.3549999999999969
40
0.2
0
CIRCLE
8
BLACK
10
160.6550000000000011
20
-45.0850000000000009
40
0.2
0
CIRCLE
8
BLACK
10
146.6850000000000023
20
-56.5150000000000006
40
0.2
0
CIRCLE
8
BLACK
10
130.8100000000000023
20
-52.7049999999999983
40
0.2
0
CIRCLE
8
BLACK
10
166.3700000000000045
20
-46.3549999999999969
40
0.2
0
CIRCLE
8
BLACK
10
142.2399999999999807
20
-52.7049999999999983
40
0.2
0
CIRCLE
8
BLACK
10
139.0649999999999977
20
-53.9749999999999943
40
0.2
0
CIRCLE
8
BLACK
10
141.6049999999999898
20
-48.894999999999996
40
0.2
0
CIRCLE
8
BLACK
10
163.1949999999999932
20
-55.2449999999999974
40
0.2
0
CIRCLE
8
BLACK
10
142.2399999999999807
20
-55.2449999999999974
40
0.2
0
CIRCLE
8
BLACK
10
161.289999999999992
20
-46.3549999999999969
40
0.2
0
CIRCLE
8
BLACK
10
163.1949999999999932
20
-52.7049999999999983
40
0.2
0
CIRCLE
8
BLACK
10
165.7349999999999852
20
-52.7049999999999983
40
0.2
0
CIRCLE
8
BLACK
10
140.3349999999999795
20
-48.894999999999996
40
0.2
0
CIRCLE
8
BLACK
10
161.289999999999992
20
-51.4349999999999952
40
0.2
0
CIRCLE
8
BLACK
10
139.0649999999999977
20
-56.5150000000000006
40
0.2
0
CIRCLE
8
BLACK
10
168.2750000000000057
20
-50.1649999999999991
40
0.2
0
CIRCLE
8
BLACK
10
164.4650000000000034
20
-45.0850000000000009
40
0.2
0
CIRCLE
8
BLACK
10
133.3499999999999943
20
-47.625
40
0.2
0
CIRCLE
8
BLACK
10
163.8299999999999841
20
-56.5150000000000006
40
0.2
0
CIRCLE
8
BLACK
10
136.5250000000000057
20
-51.4349999999999952
40
0.2
0
CIRCLE
8
BLACK
10
139.6999999999999886
20
-47.625
40
0.2
0
CIRCLE
8
BLACK
10
132.7150000000000034
20
-51.4349999999999952
40
0.2
0
CIRCLE
8
BLACK
10
136.5250000000000057
20
-56.5150000000000006
40
0.2
0
CIRCLE
8
BLACK
10
131.4449999999999932
20
-53.9749999999999943
40
0.2
0
CIRCLE
8
BLACK
10
165.7349999999999852
20
-47.625
40
0.2
0
CIRCLE
8
BLACK
10
161.289999999999992
20
-56.5150000000000006
40
0.2
0
CIRCLE
8
BLACK
10
141.6049999999999898
20
-51.4349999999999952
40
0.2
0
CIRCLE
8
BLACK
10
164.4650000000000034
20
-55.2449999999999974
40
0.2
0
CIRCLE
8
BLACK
10
144.7800000000000011
20
-55.2449999999999974
40
0.2
0
CIRCLE
8
BLACK
10
167.0049999999999955
20
-47.625
40
0.2
0
CIRCLE
8
BLACK
10
161.9249999999999829
20
-52.7049999999999983
40
0.2
0
CIRCLE
8
BLACK
10
164.4650000000000034
20
-52.7049999999999983
40
0.2
0
CIRCLE
8
BLACK
10
142.875
20
-56.5150000000000006
40
0.2
0
CIRCLE
8
BLACK
10
163.1949999999999932
20
-45.0850000000000009
40
0.2
0
CIRCLE
8
BLACK
10
139.0649999999999977
20
-48.894999999999996
40
0.2
0
CIRCLE
8
BLACK
10
140.3349999999999795
20
-56.5150000000000006
40
0.2
0
CIRCLE
8
BLACK
10
134.6200000000000045
20
-50.1649999999999991
40
0.2
0
CIRCLE
8
BLACK
10
167.6399999999999864
20
-51.4349999999999952
40
0.2
0
CIRCLE
8
BLACK
10
143.5099999999999909
20
-55.2449999999999974
40
0.2
0
CIRCLE
8
BLACK
10
151.7649999999999864
20
-56.5150000000000006
40
0.2
0
CIRCLE
8
BLACK
10
163.1949999999999932
20
-50.1649999999999991
40
0.2
0
CIRCLE
8
BLACK
10
139.6999999999999886
20
-55.2449999999999974
40
0.2
0
CIRCLE
8
BLACK
10
141.6049999999999898
20
-56.5150000000000006
40
0.2
0
CIRCLE
8
BLACK
10
149.2249999999999943
20
-56.5150000000000006
40
0.2
0
CIRCLE
8
BLACK
10
134.6200000000000045
20
-52.7049999999999983
40
0.2
0
CIRCLE
8
BLACK
10
140.9699999999999989
20
-55.2449999999999974
40
0.2
0
CIRCLE
8
BLACK
10
147.9549999999999841
20
-56.5150000000000006
40
0.2
0
CIRCLE
8
BLACK
10
134.6200000000000045
20
-55.2449999999999974
40
0.2
0
CIRCLE
8
BLACK
10
167.0049999999999955
20
-52.7049999999999983
40
0.2
0
CIRCLE
8
BLACK
10
133.3499999999999943
20
-52.7049999999999983
40
0.2
0
CIRCLE
8
BLACK
10
153.0349999999999966
20
-56.5150000000000006
40
0.2
0
CIRCLE
8
BLACK
10
165.7349999999999852
20
-45.0850000000000009
40
0.2
0
CIRCLE
8
BLACK
10
161.9249999999999829
20
-47.625
40
0.2
0
CIRCLE
8
BLACK
10
142.2399999999999807
20
-50.1649999999999991
40
0.2
0
CIRCLE
8
BLACK
10
138.4300000000000068
20
-55.2449999999999974
40
0.2
0
CIRCLE
8
BLACK
10
139.0649999999999977
20
-51.4349999999999952
40
0.2
0
CIRCLE
8
BLACK
10
169.5449999999999875
20
-52.7049999999999983
40
0.2
0
CIRCLE
8
BLACK
10
161.9249999999999829
20
-45.0850000000000009
40
0.2
0
CIRCLE
8
BLACK
10
133.9849999999999852
20
-56.5150000000000006
40
0.2
0
CIRCLE
8
BLACK
10
159.3849999999999909
20
-47.625
40
0.2
0
CIRCLE
8
BLACK
10
166.3700000000000045
20
-56.5150000000000006
40
0.2
0
CIRCLE
8
BLACK
10
160.6550000000000011
20
-52.7049999999999983
40
0.2
0
CIRCLE
8
BLACK
10
144.1449999999999818
20
-51.4349999999999952
40
0.2
0
CIRCLE
8
BLACK
10
160.0199999999999818
20
-51.4349999999999952
40
0.2
0
CIRCLE
8
BLACK
10
137.1599999999999966
20
-52.7049999999999983
40
0.2
0
CIRCLE
8
BLACK
10
140.9699999999999989
20
-52.7049999999999983
40
0.2
0
CIRCLE
8
BLACK
10
135.8899999999999864
20
-55.2449999999999974
40
0.2
0
CIRCLE
8
BLACK
10
168.9099999999999966
20
-51.4349999999999952
40
0.2
0
CIRCLE
8
BLACK
10
164.4650000000000034
20
-50.1649999999999991
40
0.2
0
CIRCLE
8
BLACK
10
140.9699999999999989
20
-50.1649999999999991
40
0.2
0
CIRCLE
8
BLACK
10
141.6049999999999898
20
-53.9749999999999943
40
0.2
0
CIRCLE
8
BLACK
10
143.5099999999999909
20
-52.7049999999999983
40
0.2
0
CIRCLE
8
BLACK
10
144.1449999999999818
20
-56.5150000000000006
40
0.2
0
CIRCLE
8
BLACK
10
160.0199999999999818
20
-46.3549999999999969
40
0.2
0
CIRCLE
8
BLACK
10
160.0199999999999818
20
-56.5150000000000006
40
0.2
0
CIRCLE
8
BLACK
10
142.875
20
-53.9749999999999943
40
0.2
0
CIRCLE
8
BLACK
10
167.6399999999999864
20
-48.894999999999996
40
0.2
0
CIRCLE
8
BLACK
10
162.5600000000000023
20
-46.3549999999999969
40
0.2
0
CIRCLE
8
BLACK
10
164.4650000000000034
20
-47.625
40
0.2
0
CIRCLE
8
BLACK
10
168.9099999999999966
20
-53.9749999999999943
40
0.2
0
CIRCLE
8
BLACK
10
133.9849999999999852
20
-51.4349999999999952
40
0.2
0
CIRCLE
8
BLACK
10
168.2750000000000057
20
-52.7049999999999983
40
0.2
0
CIRCLE
8
BLACK
10
139.6999999999999886
20
-50.1649999999999991
40
0.2
0
CIRCLE
8
BLACK
10
135.8899999999999864
20
-50.1649999999999991
40
0.2
0
CIRCLE
8
BLACK
10
142.875
20
-48.894999999999996
40
0.2
0
CIRCLE
8
BLACK
10
135.2549999999999955
20
-51.4349999999999952
40
0.2
0
CIRCLE
8
BLACK
10
140.3349999999999795
20
-51.4349999999999952
40
0.2
0
CIRCLE
8
BLACK
10
144.1449999999999818
20
-53.9749999999999943
40
0.2
0
CIRCLE
8
BLACK
10
166.3700000000000045
20
-51.4349999999999952
40
0.2
0
CIRCLE
8
BLACK
10
132.0799999999999841
20
-52.7049999999999983
40
0.2
0
CIRCLE
8
BLACK
10
137.7949999999999875
20
-56.5150000000000006
40
0.2
0
CIRCLE
8
BLACK
10
165.0999999999999943
20
-56.5150000000000006
40
0.2
0
CIRCLE
8
BLACK
10
143.5099999999999909
20
-50.1649999999999991
40
0.2
0
CIRCLE
8
BLACK
10
167.0049999999999955
20
-45.0850000000000009
40
0.2
0
CIRCLE
8
BLACK
10
137.7949999999999875
20
-51.4349999999999952
40
0.2
0
CIRCLE
8
BLACK
10
163.8299999999999841
20
-48.894999999999996
40
0.2
0
CIRCLE
8
BLACK
10
134.6200000000000045
20
-47.625
40
0.2
0
CIRCLE
8
BLACK
10
135.8899999999999864
20
-47.625
40
0.2
0
CIRCLE
8
BLACK
10
167.6399999999999864
20
-53.9749999999999943
40
0.2
0
CIRCLE
8
BLACK
10
162.5600000000000023
20
-56.5150000000000006
40
0.2
0
CIRCLE
8
BLACK
10
145.414999999999992
20
-56.5150000000000006
40
0.2
0
CIRCLE
8
BLACK
10
138.4300000000000068
20
-52.7049999999999983
40
0.2
0
CIRCLE
8
BLACK
10
135.2549999999999955
20
-53.9749999999999943
40
0.2
0
CIRCLE
8
BLACK
10
163.1949999999999932
20
-47.625
40
0.2
0
CIRCLE
8
BLACK
10
142.875
20
-51.4349999999999952
40
0.2
0
CIRCLE
8
BLACK
10
165.0999999999999943
20
-51.4349999999999952
40
0.2
0
CIRCLE
8
BLACK
10
135.8899999999999864
20
-52.7049999999999983
40
0.2
0
CIRCLE
8
BLACK
10
160.0199999999999818
20
-48.894999999999996
40
0.2
0
CIRCLE
8
BLACK
10
168.2750000000000057
20
-47.625
40
0.2
0
CIRCLE
8
BLACK
10
159.3849999999999909
20
-45.0850000000000009
40
0.2
0
CIRCLE
8
BLACK
10
165.0999999999999943
20
-46.3549999999999969
40
0.2
0
CIRCLE
8
BLACK
10
158.75
20
-46.3549999999999969
40
0.2
0
CIRCLE
8
BLACK
10
124.4599999999999937
20
-60.9599999999999937
40
0.2
0
CIRCLE
8
BLACK
10
119.3799999999999955
20
-60.9599999999999937
40
0.2
0
CIRCLE
8
BLACK
10
120.0150000000000006
20
-62.2299999999999969
40
0.2
0
CIRCLE
8
BLACK
10
128.9050000000000011
20
-62.2299999999999969
40
0.2
0
CIRCLE
8
BLACK
10
121.2849999999999966
20
-62.2299999999999969
40
0.2
0
CIRCLE
8
BLACK
10
121.9199999999999875
20
-63.5
40
0.2
0
CIRCLE
8
BLACK
10
120.6499999999999915
20
-58.4199999999999946
40
0.2
0
CIRCLE
8
BLACK
10
121.9199999999999875
20
-60.9599999999999937
40
0.2
0
CIRCLE
8
BLACK
10
123.1899999999999977
20
-60.9599999999999937
40
0.2
0
CIRCLE
8
BLACK
10
118.7449999999999903
20
-62.2299999999999969
40
0.2
0
CIRCLE
8
BLACK
10
120.6499999999999915
20
-63.5
40
0.2
0
CIRCLE
8
BLACK
10
119.3799999999999955
20
-63.5
40
0.2
0
CIRCLE
8
BLACK
10
121.2849999999999966
20
-57.1499999999999986
40
0.2
0
CIRCLE
8
BLACK
10
120.6499999999999915
20
-60.9599999999999937
40
0.2
0
CIRCLE
8
BLACK
10
123.8249999999999886
20
-59.6899999999999977
40
0.2
0
CIRCLE
8
BLACK
10
120.0150000000000006
20
-59.6899999999999977
40
0.2
0
CIRCLE
8
BLACK
10
122.5549999999999926
20
-59.6899999999999977
40
0.2
0
CIRCLE
8
BLACK
10
122.5549999999999926
20
-57.1499999999999986
40
0.2
0
CIRCLE
8
BLACK
10
121.2849999999999966
20
-59.6899999999999977
40
0.2
0
CIRCLE
8
BLACK
10
123.8249999999999886
20
-62.2299999999999969
40
0.2
0
CIRCLE
8
BLACK
10
123.1899999999999977
20
-55.8799999999999955
40
0.2
0
CIRCLE
8
BLACK
10
127.6349999999999909
20
-62.2299999999999969
40
0.2
0
CIRCLE
8
BLACK
10
130.1749999999999829
20
-62.2299999999999969
40
0.2
0
CIRCLE
8
BLACK
10
121.9199999999999875
20
-55.8799999999999955
40
0.2
0
CIRCLE
8
BLACK
10
123.1899999999999977
20
-58.4199999999999946
40
0.2
0
CIRCLE
8
BLACK
10
125.0949999999999989
20
-62.2299999999999969
40
0.2
0
CIRCLE
8
BLACK
10
129.539999999999992
20
-60.9599999999999937
40
0.2
0
CIRCLE
8
BLACK
10
126.3649999999999949
20
-62.2299999999999969
40
0.2
0
CIRCLE
8
BLACK
10
122.5549999999999926
20
-62.2299999999999969
40
0.2
0
CIRCLE
8
BLACK
10
121.9199999999999875
20
-58.4199999999999946
40
0.2
0
CIRCLE
8
BLACK
10
128.2699999999999818
20
-83.1850000000000023
40
0.2
0
CIRCLE
8
BLACK
10
118.1099999999999994
20
-73.0249999999999915
40
0.2
0
CIRCLE
8
BLACK
10
117.4749999999999943
20
-71.7549999999999955
40
0.2
0
CIRCLE
8
BLACK
10
128.2699999999999818
20
-80.644999999999996
40
0.2
0
CIRCLE
8
BLACK
10
119.3799999999999955
20
-73.0249999999999915
40
0.2
0
CIRCLE
8
BLACK
10
118.7449999999999903
20
-76.8349999999999937
40
0.2
0
CIRCLE
8
BLACK
10
127.6349999999999909
20
-74.2950000000000017
40
0.2
0
CIRCLE
8
BLACK
10
123.1899999999999977
20
-83.1850000000000023
40
0.2
0
CIRCLE
8
BLACK
10
120.6499999999999915
20
-70.4849999999999994
40
0.2
0
CIRCLE
8
BLACK
10
125.0949999999999989
20
-71.7549999999999955
40
0.2
0
CIRCLE
8
BLACK
10
126.3649999999999949
20
-81.914999999999992
40
0.2
0
CIRCLE
8
BLACK
10
125.7299999999999898
20
-80.644999999999996
40
0.2
0
CIRCLE
8
BLACK
10
127.
20
-73.0249999999999915
40
0.2
0
CIRCLE
8
BLACK
10
119.3799999999999955
20
-78.1049999999999898
40
0.2
0
CIRCLE
8
BLACK
10
121.2849999999999966
20
-81.914999999999992
40
0.2
0
CIRCLE
8
BLACK
10
126.3649999999999949
20
-71.7549999999999955
40
0.2
0
CIRCLE
8
BLACK
10
121.9199999999999875
20
-78.1049999999999898
40
0.2
0
CIRCLE
8
BLACK
10
127.6349999999999909
20
-71.7549999999999955
40
0.2
0
CIRCLE
8
BLACK
10
121.9199999999999875
20
-73.0249999999999915
40
0.2
0
CIRCLE
8
BLACK
10
120.0150000000000006
20
-71.7549999999999955
40
0.2
0
CIRCLE
8
BLACK
10
121.2849999999999966
20
-74.2950000000000017
40
0.2
0
CIRCLE
8
BLACK
10
130.1749999999999829
20
-71.7549999999999955
40
0.2
0
CIRCLE
8
BLACK
10
126.3649999999999949
20
-76.8349999999999937
40
0.2
0
CIRCLE
8
BLACK
10
120.0150000000000006
20
-74.2950000000000017
40
0.2
0
CIRCLE
8
BLACK
10
125.7299999999999898
20
-75.5649999999999977
40
0.2
0
CIRCLE
8
BLACK
10
122.5549999999999926
20
-74.2950000000000017
40
0.2
0
CIRCLE
8
BLACK
10
122.5549999999999926
20
-71.7549999999999955
40
0.2
0
CIRCLE
8
BLACK
10
121.9199999999999875
20
-80.644999999999996
40
0.2
0
CIRCLE
8
BLACK
10
130.8100000000000023
20
-75.5649999999999977
40
0.2
0
CIRCLE
8
BLACK
10
123.1899999999999977
20
-78.1049999999999898
40
0.2
0
CIRCLE
8
BLACK
10
129.539999999999992
20
-80.644999999999996
40
0.2
0
CIRCLE
8
BLACK
10
126.3649999999999949
20
-79.375
40
0.2
0
CIRCLE
8
BLACK
10
120.0150000000000006
20
-79.375
40
0.2
0
CIRCLE
8
BLACK
10
127.
20
-83.1850000000000023
40
0.2
0
CIRCLE
8
BLACK
10
124.4599999999999937
20
-75.5649999999999977
40
0.2
0
CIRCLE
8
BLACK
10
120.6499999999999915
20
-80.644999999999996
40
0.2
0
CIRCLE
8
BLACK
10
121.9199999999999875
20
-75.5649999999999977
40
0.2
0
CIRCLE
8
BLACK
10
121.9199999999999875
20
-70.4849999999999994
40
0.2
0
CIRCLE
8
BLACK
10
127.
20
-80.644999999999996
40
0.2
0
CIRCLE
8
BLACK
10
127.
20
-78.1049999999999898
40
0.2
0
CIRCLE
8
BLACK
10
122.5549999999999926
20
-79.375
40
0.2
0
CIRCLE
8
BLACK
10
127.6349999999999909
20
-81.914999999999992
40
0.2
0
CIRCLE
8
BLACK
10
124.4599999999999937
20
-80.644999999999996
40
0.2
0
CIRCLE
8
BLACK
10
127.6349999999999909
20
-79.375
40
0.2
0
CIRCLE
8
BLACK
10
119.3799999999999955
20
-75.5649999999999977
40
0.2
0
CIRCLE
8
BLACK
10
120.0150000000000006
20
-76.8349999999999937
40
0.2
0
CIRCLE
8
BLACK
10
130.8100000000000023
20
-80.644999999999996
40
0.2
0
CIRCLE
8
BLACK
10
123.1899999999999977
20
-80.644999999999996
40
0.2
0
CIRCLE
8
BLACK
10
122.5549999999999926
20
-81.914999999999992
40
0.2
0
CIRCLE
8
BLACK
10
118.1099999999999994
20
-70.4849999999999994
40
0.2
0
CIRCLE
8
BLACK
10
122.5549999999999926
20
-76.8349999999999937
40
0.2
0
CIRCLE
8
BLACK
10
120.6499999999999915
20
-75.5649999999999977
40
0.2
0
CIRCLE
8
BLACK
10
130.1749999999999829
20
-79.375
40
0.2
0
CIRCLE
8
BLACK
10
127.6349999999999909
20
-76.8349999999999937
40
0.2
0
CIRCLE
8
BLACK
10
120.6499999999999915
20
-73.0249999999999915
40
0.2
0
CIRCLE
8
BLACK
10
118.7449999999999903
20
-74.2950000000000017
40
0.2
0
CIRCLE
8
BLACK
10
120.6499999999999915
20
-78.1049999999999898
40
0.2
0
CIRCLE
8
BLACK
10
127.
20
-75.5649999999999977
40
0.2
0
CIRCLE
8
BLACK
10
128.2699999999999818
20
-75.5649999999999977
40
0.2
0
CIRCLE
8
BLACK
10
121.9199999999999875
20
-83.1850000000000023
40
0.2
0
CIRCLE
8
BLACK
10
123.1899999999999977
20
-73.0249999999999915
40
0.2
0
CIRCLE
8
BLACK
10
129.539999999999992
20
-75.5649999999999977
40
0.2
0
CIRCLE
8
BLACK
10
126.3649999999999949
20
-74.2950000000000017
40
0.2
0
CIRCLE
8
BLACK
10
123.8249999999999886
20
-71.7549999999999955
40
0.2
0
CIRCLE
8
BLACK
10
128.9050000000000011
20
-79.375
40
0.2
0
CIRCLE
8
BLACK
10
128.9050000000000011
20
-71.7549999999999955
40
0.2
0
CIRCLE
8
BLACK
10
121.2849999999999966
20
-76.8349999999999937
40
0.2
0
CIRCLE
8
BLACK
10
121.2849999999999966
20
-79.375
40
0.2
0
CIRCLE
8
BLACK
10
123.1899999999999977
20
-75.5649999999999977
40
0.2
0
CIRCLE
8
BLACK
10
118.7449999999999903
20
-71.7549999999999955
40
0.2
0
CIRCLE
8
BLACK
10
123.8249999999999886
20
-79.375
40
0.2
0
CIRCLE
8
BLACK
10
121.2849999999999966
20
-71.7549999999999955
40
0.2
0
CIRCLE
8
BLACK
10
119.3799999999999955
20
-70.4849999999999994
40
0.2
0
ARC
8
BLACK
10
173.4819999999999993
20
-90.8049999999999926
40
2.4263315931669358
50
-90.00000000
51
-42.87890360
0
LINE
8
BLACK
6
CONTINUOUS
10
173.4819999999999993
20
-93.2313309999999973
11
125.4759999999999991
21
-93.2313309999999973
0
ARC
8
BLACK
10
149.478999999999985
20
-71.07427899999999
40
33.4938494939271081
50
-399.67094232
51
-140.32905768
0
ARC
8
BLACK
10
125.4759999999999991
20
-90.8049999999999926
40
2.4263309999999998
50
-137.12109640
51
-90.00000000
  0
ENDSEC
  0
EOF
