  0
SECTION
  2
HEADER
  9
$ANGBASE
  50
0.0
  9
$ANGDIR
  70
1
  9
$MEASUREMENT
  70
1
  0
ENDSEC
  0
SECTION
  2
TABLES
  0
TABLE
  2
LTYPE
  70
4
  0
LTYPE
  5
40F
  2
CONTINUOUS
  70
0
  3
Solid line
  72
65
  73
0
  40
0.0
  0
LTYPE
  5
410
  2
DASHDOT
 70
0
  3
Dash Dot ____ _ ____ _
 72
65
 73
4
 40
2.0
 49
1.25
 49
-0.25
 49
0.25
 49
-0.25
  0
LTYPE
  5
411
  2
DASHED
 70
0
  3
Dashed __ __ __ __ __
 72
65
 73
2
 40
0.75
 49
0.5
 49
-0.25
  0
LTYPE
  5
43B
  2
DOTTED
 70
0
  3
Dotted .  .  .  .
 72
65
 73
2
 40
0.2
 49
0.0
 49
-0.2
  0
ENDTAB
  0
TABLE
  2
STYLE
  70
4
  0
STYLE
  2
KICAD
  70
0
  40
0
  41
1
  42
1
  50
0
  71
0
  3
isocp.shx
  0
STYLE
  2
KICADB
  70
0
  40
0
  41
1
  42
1
  50
0
  71
0
  3
isocp.shx
  0
STYLE
  2
KICADI
  70
0
  40
0
  41
1
  42
1
  50
15
  71
0
  3
isocp.shx
  0
STYLE
  2
KICADBI
  70
0
  40
0
  41
1
  42
1
  50
15
  71
0
  3
isocp.shx
  0
ENDTAB
  0
TABLE
  2
LAYER
  70
1
  0
LAYER
  2
BLACK
  70
0
  62
7
  6
CONTINUOUS
  0
ENDTAB
  0
ENDSEC
  0
SECTION
  2
ENTITIES
0
ARC
8
BLACK
10
173.4819999999999993
20
-90.8049999999999926
40
2.4263315931669358
50
-90.00000000
51
-42.87890360
0
LINE
8
BLACK
6
CONTINUOUS
10
173.4819999999999993
20
-93.2313309999999973
11
125.4759999999999991
21
-93.2313309999999973
0
ARC
8
BLACK
10
149.478999999999985
20
-71.07427899999999
40
33.4938494939271081
50
-399.67094232
51
-140.32905768
0
ARC
8
BLACK
10
125.4759999999999991
20
-90.8049999999999926
40
2.4263309999999998
50
-137.12109640
51
-90.00000000
0
LINE
8
BLACK
6
CONTINUOUS
10
117.2749999999999915
20
-71.5549999999999926
11
117.6749999999999972
21
-71.9549999999999983
0
LINE
8
BLACK
6
CONTINUOUS
10
117.6749999999999972
20
-71.5549999999999926
11
117.2749999999999915
21
-71.9549999999999983
0
LINE
8
BLACK
6
CONTINUOUS
10
117.9099999999999966
20
-70.2849999999999966
11
118.3099999999999881
21
-70.6850000000000023
0
LINE
8
BLACK
6
CONTINUOUS
10
118.3099999999999881
20
-70.2849999999999966
11
117.9099999999999966
21
-70.6850000000000023
0
LINE
8
BLACK
6
CONTINUOUS
10
117.9099999999999966
20
-72.8250000000000028
11
118.3099999999999881
21
-73.2249999999999943
0
LINE
8
BLACK
6
CONTINUOUS
10
118.3099999999999881
20
-72.8250000000000028
11
117.9099999999999966
21
-73.2249999999999943
0
LINE
8
BLACK
6
CONTINUOUS
10
118.5450000000000017
20
-62.029999999999994
11
118.9449999999999932
21
-62.4299999999999997
0
LINE
8
BLACK
6
CONTINUOUS
10
118.9449999999999932
20
-62.029999999999994
11
118.5450000000000017
21
-62.4299999999999997
0
LINE
8
BLACK
6
CONTINUOUS
10
118.5450000000000017
20
-71.5549999999999926
11
118.9449999999999932
21
-71.9549999999999983
0
LINE
8
BLACK
6
CONTINUOUS
10
118.9449999999999932
20
-71.5549999999999926
11
118.5450000000000017
21
-71.9549999999999983
0
LINE
8
BLACK
6
CONTINUOUS
10
118.5450000000000017
20
-74.0949999999999989
11
118.9449999999999932
21
-74.4949999999999903
0
LINE
8
BLACK
6
CONTINUOUS
10
118.9449999999999932
20
-74.0949999999999989
11
118.5450000000000017
21
-74.4949999999999903
0
LINE
8
BLACK
6
CONTINUOUS
10
118.5450000000000017
20
-76.6349999999999909
11
118.9449999999999932
21
-77.0349999999999966
0
LINE
8
BLACK
6
CONTINUOUS
10
118.9449999999999932
20
-76.6349999999999909
11
118.5450000000000017
21
-77.0349999999999966
0
LINE
8
BLACK
6
CONTINUOUS
10
119.1799999999999926
20
-60.759999999999998
11
119.5799999999999983
21
-61.1599999999999966
0
LINE
8
BLACK
6
CONTINUOUS
10
119.5799999999999983
20
-60.759999999999998
11
119.1799999999999926
21
-61.1599999999999966
0
LINE
8
BLACK
6
CONTINUOUS
10
119.1799999999999926
20
-63.2999999999999972
11
119.5799999999999983
21
-63.6999999999999957
0
LINE
8
BLACK
6
CONTINUOUS
10
119.5799999999999983
20
-63.2999999999999972
11
119.1799999999999926
21
-63.6999999999999957
0
LINE
8
BLACK
6
CONTINUOUS
10
119.1799999999999926
20
-70.2849999999999966
11
119.5799999999999983
21
-70.6850000000000023
0
LINE
8
BLACK
6
CONTINUOUS
10
119.5799999999999983
20
-70.2849999999999966
11
119.1799999999999926
21
-70.6850000000000023
0
LINE
8
BLACK
6
CONTINUOUS
10
119.1799999999999926
20
-72.8250000000000028
11
119.5799999999999983
21
-73.2249999999999943
0
LINE
8
BLACK
6
CONTINUOUS
10
119.5799999999999983
20
-72.8250000000000028
11
119.1799999999999926
21
-73.2249999999999943
0
LINE
8
BLACK
6
CONTINUOUS
10
119.1799999999999926
20
-75.3649999999999949
11
119.5799999999999983
21
-75.7650000000000006
0
LINE
8
BLACK
6
CONTINUOUS
10
119.5799999999999983
20
-75.3649999999999949
11
119.1799999999999926
21
-75.7650000000000006
0
LINE
8
BLACK
6
CONTINUOUS
10
119.1799999999999926
20
-77.9050000000000011
11
119.5799999999999983
21
-78.3049999999999926
0
LINE
8
BLACK
6
CONTINUOUS
10
119.5799999999999983
20
-77.9050000000000011
11
119.1799999999999926
21
-78.3049999999999926
0
LINE
8
BLACK
6
CONTINUOUS
10
119.8149999999999977
20
-59.4899999999999949
11
120.2149999999999892
21
-59.8900000000000006
0
LINE
8
BLACK
6
CONTINUOUS
10
120.2149999999999892
20
-59.4899999999999949
11
119.8149999999999977
21
-59.8900000000000006
0
LINE
8
BLACK
6
CONTINUOUS
10
119.8149999999999977
20
-62.029999999999994
11
120.2149999999999892
21
-62.4299999999999997
0
LINE
8
BLACK
6
CONTINUOUS
10
120.2149999999999892
20
-62.029999999999994
11
119.8149999999999977
21
-62.4299999999999997
0
LINE
8
BLACK
6
CONTINUOUS
10
119.8149999999999977
20
-71.5549999999999926
11
120.2149999999999892
21
-71.9549999999999983
0
LINE
8
BLACK
6
CONTINUOUS
10
120.2149999999999892
20
-71.5549999999999926
11
119.8149999999999977
21
-71.9549999999999983
0
LINE
8
BLACK
6
CONTINUOUS
10
119.8149999999999977
20
-74.0949999999999989
11
120.2149999999999892
21
-74.4949999999999903
0
LINE
8
BLACK
6
CONTINUOUS
10
120.2149999999999892
20
-74.0949999999999989
11
119.8149999999999977
21
-74.4949999999999903
0
LINE
8
BLACK
6
CONTINUOUS
10
119.8149999999999977
20
-76.6349999999999909
11
120.2149999999999892
21
-77.0349999999999966
0
LINE
8
BLACK
6
CONTINUOUS
10
120.2149999999999892
20
-76.6349999999999909
11
119.8149999999999977
21
-77.0349999999999966
0
LINE
8
BLACK
6
CONTINUOUS
10
119.8149999999999977
20
-79.1749999999999972
11
120.2149999999999892
21
-79.5750000000000028
0
LINE
8
BLACK
6
CONTINUOUS
10
120.2149999999999892
20
-79.1749999999999972
11
119.8149999999999977
21
-79.5750000000000028
0
LINE
8
BLACK
6
CONTINUOUS
10
120.4499999999999886
20
-58.2199999999999989
11
120.8499999999999943
21
-58.6199999999999974
0
LINE
8
BLACK
6
CONTINUOUS
10
120.8499999999999943
20
-58.2199999999999989
11
120.4499999999999886
21
-58.6199999999999974
0
LINE
8
BLACK
6
CONTINUOUS
10
120.4499999999999886
20
-60.759999999999998
11
120.8499999999999943
21
-61.1599999999999966
0
LINE
8
BLACK
6
CONTINUOUS
10
120.8499999999999943
20
-60.759999999999998
11
120.4499999999999886
21
-61.1599999999999966
0
LINE
8
BLACK
6
CONTINUOUS
10
120.4499999999999886
20
-63.2999999999999972
11
120.8499999999999943
21
-63.6999999999999957
0
LINE
8
BLACK
6
CONTINUOUS
10
120.8499999999999943
20
-63.2999999999999972
11
120.4499999999999886
21
-63.6999999999999957
0
LINE
8
BLACK
6
CONTINUOUS
10
120.4499999999999886
20
-70.2849999999999966
11
120.8499999999999943
21
-70.6850000000000023
0
LINE
8
BLACK
6
CONTINUOUS
10
120.8499999999999943
20
-70.2849999999999966
11
120.4499999999999886
21
-70.6850000000000023
0
LINE
8
BLACK
6
CONTINUOUS
10
120.4499999999999886
20
-72.8250000000000028
11
120.8499999999999943
21
-73.2249999999999943
0
LINE
8
BLACK
6
CONTINUOUS
10
120.8499999999999943
20
-72.8250000000000028
11
120.4499999999999886
21
-73.2249999999999943
0
LINE
8
BLACK
6
CONTINUOUS
10
120.4499999999999886
20
-75.3649999999999949
11
120.8499999999999943
21
-75.7650000000000006
0
LINE
8
BLACK
6
CONTINUOUS
10
120.8499999999999943
20
-75.3649999999999949
11
120.4499999999999886
21
-75.7650000000000006
0
LINE
8
BLACK
6
CONTINUOUS
10
120.4499999999999886
20
-77.9050000000000011
11
120.8499999999999943
21
-78.3049999999999926
0
LINE
8
BLACK
6
CONTINUOUS
10
120.8499999999999943
20
-77.9050000000000011
11
120.4499999999999886
21
-78.3049999999999926
0
LINE
8
BLACK
6
CONTINUOUS
10
120.4499999999999886
20
-80.4449999999999932
11
120.8499999999999943
21
-80.8449999999999989
0
LINE
8
BLACK
6
CONTINUOUS
10
120.8499999999999943
20
-80.4449999999999932
11
120.4499999999999886
21
-80.8449999999999989
0
LINE
8
BLACK
6
CONTINUOUS
10
121.0849999999999937
20
-56.9499999999999957
11
121.4849999999999994
21
-57.3499999999999943
0
LINE
8
BLACK
6
CONTINUOUS
10
121.4849999999999994
20
-56.9499999999999957
11
121.0849999999999937
21
-57.3499999999999943
0
LINE
8
BLACK
6
CONTINUOUS
10
121.0849999999999937
20
-59.4899999999999949
11
121.4849999999999994
21
-59.8900000000000006
0
LINE
8
BLACK
6
CONTINUOUS
10
121.4849999999999994
20
-59.4899999999999949
11
121.0849999999999937
21
-59.8900000000000006
0
LINE
8
BLACK
6
CONTINUOUS
10
121.0849999999999937
20
-62.029999999999994
11
121.4849999999999994
21
-62.4299999999999997
0
LINE
8
BLACK
6
CONTINUOUS
10
121.4849999999999994
20
-62.029999999999994
11
121.0849999999999937
21
-62.4299999999999997
0
LINE
8
BLACK
6
CONTINUOUS
10
121.0849999999999937
20
-71.5549999999999926
11
121.4849999999999994
21
-71.9549999999999983
0
LINE
8
BLACK
6
CONTINUOUS
10
121.4849999999999994
20
-71.5549999999999926
11
121.0849999999999937
21
-71.9549999999999983
0
LINE
8
BLACK
6
CONTINUOUS
10
121.0849999999999937
20
-74.0949999999999989
11
121.4849999999999994
21
-74.4949999999999903
0
LINE
8
BLACK
6
CONTINUOUS
10
121.4849999999999994
20
-74.0949999999999989
11
121.0849999999999937
21
-74.4949999999999903
0
LINE
8
BLACK
6
CONTINUOUS
10
121.0849999999999937
20
-76.6349999999999909
11
121.4849999999999994
21
-77.0349999999999966
0
LINE
8
BLACK
6
CONTINUOUS
10
121.4849999999999994
20
-76.6349999999999909
11
121.0849999999999937
21
-77.0349999999999966
0
LINE
8
BLACK
6
CONTINUOUS
10
121.0849999999999937
20
-79.1749999999999972
11
121.4849999999999994
21
-79.5750000000000028
0
LINE
8
BLACK
6
CONTINUOUS
10
121.4849999999999994
20
-79.1749999999999972
11
121.0849999999999937
21
-79.5750000000000028
0
LINE
8
BLACK
6
CONTINUOUS
10
121.0849999999999937
20
-81.7149999999999892
11
121.4849999999999994
21
-82.1149999999999949
0
LINE
8
BLACK
6
CONTINUOUS
10
121.4849999999999994
20
-81.7149999999999892
11
121.0849999999999937
21
-82.1149999999999949
0
LINE
8
BLACK
6
CONTINUOUS
10
121.7199999999999989
20
-55.6799999999999997
11
122.1199999999999903
21
-56.0799999999999983
0
LINE
8
BLACK
6
CONTINUOUS
10
122.1199999999999903
20
-55.6799999999999997
11
121.7199999999999989
21
-56.0799999999999983
0
LINE
8
BLACK
6
CONTINUOUS
10
121.7199999999999989
20
-58.2199999999999989
11
122.1199999999999903
21
-58.6199999999999974
0
LINE
8
BLACK
6
CONTINUOUS
10
122.1199999999999903
20
-58.2199999999999989
11
121.7199999999999989
21
-58.6199999999999974
0
LINE
8
BLACK
6
CONTINUOUS
10
121.7199999999999989
20
-60.759999999999998
11
122.1199999999999903
21
-61.1599999999999966
0
LINE
8
BLACK
6
CONTINUOUS
10
122.1199999999999903
20
-60.759999999999998
11
121.7199999999999989
21
-61.1599999999999966
0
LINE
8
BLACK
6
CONTINUOUS
10
121.7199999999999989
20
-63.2999999999999972
11
122.1199999999999903
21
-63.6999999999999957
0
LINE
8
BLACK
6
CONTINUOUS
10
122.1199999999999903
20
-63.2999999999999972
11
121.7199999999999989
21
-63.6999999999999957
0
LINE
8
BLACK
6
CONTINUOUS
10
121.7199999999999989
20
-70.2849999999999966
11
122.1199999999999903
21
-70.6850000000000023
0
LINE
8
BLACK
6
CONTINUOUS
10
122.1199999999999903
20
-70.2849999999999966
11
121.7199999999999989
21
-70.6850000000000023
0
LINE
8
BLACK
6
CONTINUOUS
10
121.7199999999999989
20
-72.8250000000000028
11
122.1199999999999903
21
-73.2249999999999943
0
LINE
8
BLACK
6
CONTINUOUS
10
122.1199999999999903
20
-72.8250000000000028
11
121.7199999999999989
21
-73.2249999999999943
0
LINE
8
BLACK
6
CONTINUOUS
10
121.7199999999999989
20
-75.3649999999999949
11
122.1199999999999903
21
-75.7650000000000006
0
LINE
8
BLACK
6
CONTINUOUS
10
122.1199999999999903
20
-75.3649999999999949
11
121.7199999999999989
21
-75.7650000000000006
0
LINE
8
BLACK
6
CONTINUOUS
10
121.7199999999999989
20
-77.9050000000000011
11
122.1199999999999903
21
-78.3049999999999926
0
LINE
8
BLACK
6
CONTINUOUS
10
122.1199999999999903
20
-77.9050000000000011
11
121.7199999999999989
21
-78.3049999999999926
0
LINE
8
BLACK
6
CONTINUOUS
10
121.7199999999999989
20
-80.4449999999999932
11
122.1199999999999903
21
-80.8449999999999989
0
LINE
8
BLACK
6
CONTINUOUS
10
122.1199999999999903
20
-80.4449999999999932
11
121.7199999999999989
21
-80.8449999999999989
0
LINE
8
BLACK
6
CONTINUOUS
10
121.7199999999999989
20
-82.9849999999999994
11
122.1199999999999903
21
-83.3849999999999909
0
LINE
8
BLACK
6
CONTINUOUS
10
122.1199999999999903
20
-82.9849999999999994
11
121.7199999999999989
21
-83.3849999999999909
0
LINE
8
BLACK
6
CONTINUOUS
10
122.3549999999999898
20
-56.9499999999999957
11
122.7549999999999955
21
-57.3499999999999943
0
LINE
8
BLACK
6
CONTINUOUS
10
122.7549999999999955
20
-56.9499999999999957
11
122.3549999999999898
21
-57.3499999999999943
0
LINE
8
BLACK
6
CONTINUOUS
10
122.3549999999999898
20
-59.4899999999999949
11
122.7549999999999955
21
-59.8900000000000006
0
LINE
8
BLACK
6
CONTINUOUS
10
122.7549999999999955
20
-59.4899999999999949
11
122.3549999999999898
21
-59.8900000000000006
0
LINE
8
BLACK
6
CONTINUOUS
10
122.3549999999999898
20
-62.029999999999994
11
122.7549999999999955
21
-62.4299999999999997
0
LINE
8
BLACK
6
CONTINUOUS
10
122.7549999999999955
20
-62.029999999999994
11
122.3549999999999898
21
-62.4299999999999997
0
LINE
8
BLACK
6
CONTINUOUS
10
122.3549999999999898
20
-71.5549999999999926
11
122.7549999999999955
21
-71.9549999999999983
0
LINE
8
BLACK
6
CONTINUOUS
10
122.7549999999999955
20
-71.5549999999999926
11
122.3549999999999898
21
-71.9549999999999983
0
LINE
8
BLACK
6
CONTINUOUS
10
122.3549999999999898
20
-74.0949999999999989
11
122.7549999999999955
21
-74.4949999999999903
0
LINE
8
BLACK
6
CONTINUOUS
10
122.7549999999999955
20
-74.0949999999999989
11
122.3549999999999898
21
-74.4949999999999903
0
LINE
8
BLACK
6
CONTINUOUS
10
122.3549999999999898
20
-76.6349999999999909
11
122.7549999999999955
21
-77.0349999999999966
0
LINE
8
BLACK
6
CONTINUOUS
10
122.7549999999999955
20
-76.6349999999999909
11
122.3549999999999898
21
-77.0349999999999966
0
LINE
8
BLACK
6
CONTINUOUS
10
122.3549999999999898
20
-79.1749999999999972
11
122.7549999999999955
21
-79.5750000000000028
0
LINE
8
BLACK
6
CONTINUOUS
10
122.7549999999999955
20
-79.1749999999999972
11
122.3549999999999898
21
-79.5750000000000028
0
LINE
8
BLACK
6
CONTINUOUS
10
122.3549999999999898
20
-81.7149999999999892
11
122.7549999999999955
21
-82.1149999999999949
0
LINE
8
BLACK
6
CONTINUOUS
10
122.7549999999999955
20
-81.7149999999999892
11
122.3549999999999898
21
-82.1149999999999949
0
LINE
8
BLACK
6
CONTINUOUS
10
122.9899999999999949
20
-55.6799999999999997
11
123.3900000000000006
21
-56.0799999999999983
0
LINE
8
BLACK
6
CONTINUOUS
10
123.3900000000000006
20
-55.6799999999999997
11
122.9899999999999949
21
-56.0799999999999983
0
LINE
8
BLACK
6
CONTINUOUS
10
122.9899999999999949
20
-58.2199999999999989
11
123.3900000000000006
21
-58.6199999999999974
0
LINE
8
BLACK
6
CONTINUOUS
10
123.3900000000000006
20
-58.2199999999999989
11
122.9899999999999949
21
-58.6199999999999974
0
LINE
8
BLACK
6
CONTINUOUS
10
122.9899999999999949
20
-60.759999999999998
11
123.3900000000000006
21
-61.1599999999999966
0
LINE
8
BLACK
6
CONTINUOUS
10
123.3900000000000006
20
-60.759999999999998
11
122.9899999999999949
21
-61.1599999999999966
0
LINE
8
BLACK
6
CONTINUOUS
10
122.9899999999999949
20
-72.8250000000000028
11
123.3900000000000006
21
-73.2249999999999943
0
LINE
8
BLACK
6
CONTINUOUS
10
123.3900000000000006
20
-72.8250000000000028
11
122.9899999999999949
21
-73.2249999999999943
0
LINE
8
BLACK
6
CONTINUOUS
10
122.9899999999999949
20
-75.3649999999999949
11
123.3900000000000006
21
-75.7650000000000006
0
LINE
8
BLACK
6
CONTINUOUS
10
123.3900000000000006
20
-75.3649999999999949
11
122.9899999999999949
21
-75.7650000000000006
0
LINE
8
BLACK
6
CONTINUOUS
10
122.9899999999999949
20
-77.9050000000000011
11
123.3900000000000006
21
-78.3049999999999926
0
LINE
8
BLACK
6
CONTINUOUS
10
123.3900000000000006
20
-77.9050000000000011
11
122.9899999999999949
21
-78.3049999999999926
0
LINE
8
BLACK
6
CONTINUOUS
10
122.9899999999999949
20
-80.4449999999999932
11
123.3900000000000006
21
-80.8449999999999989
0
LINE
8
BLACK
6
CONTINUOUS
10
123.3900000000000006
20
-80.4449999999999932
11
122.9899999999999949
21
-80.8449999999999989
0
LINE
8
BLACK
6
CONTINUOUS
10
122.9899999999999949
20
-82.9849999999999994
11
123.3900000000000006
21
-83.3849999999999909
0
LINE
8
BLACK
6
CONTINUOUS
10
123.3900000000000006
20
-82.9849999999999994
11
122.9899999999999949
21
-83.3849999999999909
0
LINE
8
BLACK
6
CONTINUOUS
10
123.625
20
-59.4899999999999949
11
124.0249999999999915
21
-59.8900000000000006
0
LINE
8
BLACK
6
CONTINUOUS
10
124.0249999999999915
20
-59.4899999999999949
11
123.625
21
-59.8900000000000006
0
LINE
8
BLACK
6
CONTINUOUS
10
123.625
20
-62.029999999999994
11
124.0249999999999915
21
-62.4299999999999997
0
LINE
8
BLACK
6
CONTINUOUS
10
124.0249999999999915
20
-62.029999999999994
11
123.625
21
-62.4299999999999997
0
LINE
8
BLACK
6
CONTINUOUS
10
123.625
20
-71.5549999999999926
11
124.0249999999999915
21
-71.9549999999999983
0
LINE
8
BLACK
6
CONTINUOUS
10
124.0249999999999915
20
-71.5549999999999926
11
123.625
21
-71.9549999999999983
0
LINE
8
BLACK
6
CONTINUOUS
10
123.625
20
-79.1749999999999972
11
124.0249999999999915
21
-79.5750000000000028
0
LINE
8
BLACK
6
CONTINUOUS
10
124.0249999999999915
20
-79.1749999999999972
11
123.625
21
-79.5750000000000028
0
LINE
8
BLACK
6
CONTINUOUS
10
124.2599999999999909
20
-60.759999999999998
11
124.6599999999999966
21
-61.1599999999999966
0
LINE
8
BLACK
6
CONTINUOUS
10
124.6599999999999966
20
-60.759999999999998
11
124.2599999999999909
21
-61.1599999999999966
0
LINE
8
BLACK
6
CONTINUOUS
10
124.2599999999999909
20
-75.3649999999999949
11
124.6599999999999966
21
-75.7650000000000006
0
LINE
8
BLACK
6
CONTINUOUS
10
124.6599999999999966
20
-75.3649999999999949
11
124.2599999999999909
21
-75.7650000000000006
0
LINE
8
BLACK
6
CONTINUOUS
10
124.2599999999999909
20
-80.4449999999999932
11
124.6599999999999966
21
-80.8449999999999989
0
LINE
8
BLACK
6
CONTINUOUS
10
124.6599999999999966
20
-80.4449999999999932
11
124.2599999999999909
21
-80.8449999999999989
0
LINE
8
BLACK
6
CONTINUOUS
10
124.894999999999996
20
-62.029999999999994
11
125.2949999999999875
21
-62.4299999999999997
0
LINE
8
BLACK
6
CONTINUOUS
10
125.2949999999999875
20
-62.029999999999994
11
124.894999999999996
21
-62.4299999999999997
0
LINE
8
BLACK
6
CONTINUOUS
10
124.894999999999996
20
-71.5549999999999926
11
125.2949999999999875
21
-71.9549999999999983
0
LINE
8
BLACK
6
CONTINUOUS
10
125.2949999999999875
20
-71.5549999999999926
11
124.894999999999996
21
-71.9549999999999983
0
LINE
8
BLACK
6
CONTINUOUS
10
125.5300000000000011
20
-75.3649999999999949
11
125.9299999999999926
21
-75.7650000000000006
0
LINE
8
BLACK
6
CONTINUOUS
10
125.9299999999999926
20
-75.3649999999999949
11
125.5300000000000011
21
-75.7650000000000006
0
LINE
8
BLACK
6
CONTINUOUS
10
125.5300000000000011
20
-80.4449999999999932
11
125.9299999999999926
21
-80.8449999999999989
0
LINE
8
BLACK
6
CONTINUOUS
10
125.9299999999999926
20
-80.4449999999999932
11
125.5300000000000011
21
-80.8449999999999989
0
LINE
8
BLACK
6
CONTINUOUS
10
126.164999999999992
20
-62.029999999999994
11
126.5649999999999977
21
-62.4299999999999997
0
LINE
8
BLACK
6
CONTINUOUS
10
126.5649999999999977
20
-62.029999999999994
11
126.164999999999992
21
-62.4299999999999997
0
LINE
8
BLACK
6
CONTINUOUS
10
126.164999999999992
20
-71.5549999999999926
11
126.5649999999999977
21
-71.9549999999999983
0
LINE
8
BLACK
6
CONTINUOUS
10
126.5649999999999977
20
-71.5549999999999926
11
126.164999999999992
21
-71.9549999999999983
0
LINE
8
BLACK
6
CONTINUOUS
10
126.164999999999992
20
-74.0949999999999989
11
126.5649999999999977
21
-74.4949999999999903
0
LINE
8
BLACK
6
CONTINUOUS
10
126.5649999999999977
20
-74.0949999999999989
11
126.164999999999992
21
-74.4949999999999903
0
LINE
8
BLACK
6
CONTINUOUS
10
126.164999999999992
20
-76.6349999999999909
11
126.5649999999999977
21
-77.0349999999999966
0
LINE
8
BLACK
6
CONTINUOUS
10
126.5649999999999977
20
-76.6349999999999909
11
126.164999999999992
21
-77.0349999999999966
0
LINE
8
BLACK
6
CONTINUOUS
10
126.164999999999992
20
-79.1749999999999972
11
126.5649999999999977
21
-79.5750000000000028
0
LINE
8
BLACK
6
CONTINUOUS
10
126.5649999999999977
20
-79.1749999999999972
11
126.164999999999992
21
-79.5750000000000028
0
LINE
8
BLACK
6
CONTINUOUS
10
126.164999999999992
20
-81.7149999999999892
11
126.5649999999999977
21
-82.1149999999999949
0
LINE
8
BLACK
6
CONTINUOUS
10
126.5649999999999977
20
-81.7149999999999892
11
126.164999999999992
21
-82.1149999999999949
0
LINE
8
BLACK
6
CONTINUOUS
10
126.7999999999999972
20
-72.8250000000000028
11
127.1999999999999886
21
-73.2249999999999943
0
LINE
8
BLACK
6
CONTINUOUS
10
127.1999999999999886
20
-72.8250000000000028
11
126.7999999999999972
21
-73.2249999999999943
0
LINE
8
BLACK
6
CONTINUOUS
10
126.7999999999999972
20
-75.3649999999999949
11
127.1999999999999886
21
-75.7650000000000006
0
LINE
8
BLACK
6
CONTINUOUS
10
127.1999999999999886
20
-75.3649999999999949
11
126.7999999999999972
21
-75.7650000000000006
0
LINE
8
BLACK
6
CONTINUOUS
10
126.7999999999999972
20
-77.9050000000000011
11
127.1999999999999886
21
-78.3049999999999926
0
LINE
8
BLACK
6
CONTINUOUS
10
127.1999999999999886
20
-77.9050000000000011
11
126.7999999999999972
21
-78.3049999999999926
0
LINE
8
BLACK
6
CONTINUOUS
10
126.7999999999999972
20
-80.4449999999999932
11
127.1999999999999886
21
-80.8449999999999989
0
LINE
8
BLACK
6
CONTINUOUS
10
127.1999999999999886
20
-80.4449999999999932
11
126.7999999999999972
21
-80.8449999999999989
0
LINE
8
BLACK
6
CONTINUOUS
10
126.7999999999999972
20
-82.9849999999999994
11
127.1999999999999886
21
-83.3849999999999909
0
LINE
8
BLACK
6
CONTINUOUS
10
127.1999999999999886
20
-82.9849999999999994
11
126.7999999999999972
21
-83.3849999999999909
0
LINE
8
BLACK
6
CONTINUOUS
10
127.4349999999999881
20
-62.029999999999994
11
127.8349999999999937
21
-62.4299999999999997
0
LINE
8
BLACK
6
CONTINUOUS
10
127.8349999999999937
20
-62.029999999999994
11
127.4349999999999881
21
-62.4299999999999997
0
LINE
8
BLACK
6
CONTINUOUS
10
127.4349999999999881
20
-71.5549999999999926
11
127.8349999999999937
21
-71.9549999999999983
0
LINE
8
BLACK
6
CONTINUOUS
10
127.8349999999999937
20
-71.5549999999999926
11
127.4349999999999881
21
-71.9549999999999983
0
LINE
8
BLACK
6
CONTINUOUS
10
127.4349999999999881
20
-74.0949999999999989
11
127.8349999999999937
21
-74.4949999999999903
0
LINE
8
BLACK
6
CONTINUOUS
10
127.8349999999999937
20
-74.0949999999999989
11
127.4349999999999881
21
-74.4949999999999903
0
LINE
8
BLACK
6
CONTINUOUS
10
127.4349999999999881
20
-76.6349999999999909
11
127.8349999999999937
21
-77.0349999999999966
0
LINE
8
BLACK
6
CONTINUOUS
10
127.8349999999999937
20
-76.6349999999999909
11
127.4349999999999881
21
-77.0349999999999966
0
LINE
8
BLACK
6
CONTINUOUS
10
127.4349999999999881
20
-79.1749999999999972
11
127.8349999999999937
21
-79.5750000000000028
0
LINE
8
BLACK
6
CONTINUOUS
10
127.8349999999999937
20
-79.1749999999999972
11
127.4349999999999881
21
-79.5750000000000028
0
LINE
8
BLACK
6
CONTINUOUS
10
127.4349999999999881
20
-81.7149999999999892
11
127.8349999999999937
21
-82.1149999999999949
0
LINE
8
BLACK
6
CONTINUOUS
10
127.8349999999999937
20
-81.7149999999999892
11
127.4349999999999881
21
-82.1149999999999949
0
LINE
8
BLACK
6
CONTINUOUS
10
128.0699999999999932
20
-75.3649999999999949
11
128.4699999999999989
21
-75.7650000000000006
0
LINE
8
BLACK
6
CONTINUOUS
10
128.4699999999999989
20
-75.3649999999999949
11
128.0699999999999932
21
-75.7650000000000006
0
LINE
8
BLACK
6
CONTINUOUS
10
128.0699999999999932
20
-80.4449999999999932
11
128.4699999999999989
21
-80.8449999999999989
0
LINE
8
BLACK
6
CONTINUOUS
10
128.4699999999999989
20
-80.4449999999999932
11
128.0699999999999932
21
-80.8449999999999989
0
LINE
8
BLACK
6
CONTINUOUS
10
128.0699999999999932
20
-82.9849999999999994
11
128.4699999999999989
21
-83.3849999999999909
0
LINE
8
BLACK
6
CONTINUOUS
10
128.4699999999999989
20
-82.9849999999999994
11
128.0699999999999932
21
-83.3849999999999909
0
LINE
8
BLACK
6
CONTINUOUS
10
128.7049999999999841
20
-62.029999999999994
11
129.1049999999999898
21
-62.4299999999999997
0
LINE
8
BLACK
6
CONTINUOUS
10
129.1049999999999898
20
-62.029999999999994
11
128.7049999999999841
21
-62.4299999999999997
0
LINE
8
BLACK
6
CONTINUOUS
10
128.7049999999999841
20
-71.5549999999999926
11
129.1049999999999898
21
-71.9549999999999983
0
LINE
8
BLACK
6
CONTINUOUS
10
129.1049999999999898
20
-71.5549999999999926
11
128.7049999999999841
21
-71.9549999999999983
0
LINE
8
BLACK
6
CONTINUOUS
10
128.7049999999999841
20
-79.1749999999999972
11
129.1049999999999898
21
-79.5750000000000028
0
LINE
8
BLACK
6
CONTINUOUS
10
129.1049999999999898
20
-79.1749999999999972
11
128.7049999999999841
21
-79.5750000000000028
0
LINE
8
BLACK
6
CONTINUOUS
10
129.3400000000000034
20
-60.759999999999998
11
129.7399999999999807
21
-61.1599999999999966
0
LINE
8
BLACK
6
CONTINUOUS
10
129.7399999999999807
20
-60.759999999999998
11
129.3400000000000034
21
-61.1599999999999966
0
LINE
8
BLACK
6
CONTINUOUS
10
129.3400000000000034
20
-75.3649999999999949
11
129.7399999999999807
21
-75.7650000000000006
0
LINE
8
BLACK
6
CONTINUOUS
10
129.7399999999999807
20
-75.3649999999999949
11
129.3400000000000034
21
-75.7650000000000006
0
LINE
8
BLACK
6
CONTINUOUS
10
129.3400000000000034
20
-80.4449999999999932
11
129.7399999999999807
21
-80.8449999999999989
0
LINE
8
BLACK
6
CONTINUOUS
10
129.7399999999999807
20
-80.4449999999999932
11
129.3400000000000034
21
-80.8449999999999989
0
LINE
8
BLACK
6
CONTINUOUS
10
129.9749999999999943
20
-62.029999999999994
11
130.375
21
-62.4299999999999997
0
LINE
8
BLACK
6
CONTINUOUS
10
130.375
20
-62.029999999999994
11
129.9749999999999943
21
-62.4299999999999997
0
LINE
8
BLACK
6
CONTINUOUS
10
129.9749999999999943
20
-71.5549999999999926
11
130.375
21
-71.9549999999999983
0
LINE
8
BLACK
6
CONTINUOUS
10
130.375
20
-71.5549999999999926
11
129.9749999999999943
21
-71.9549999999999983
0
LINE
8
BLACK
6
CONTINUOUS
10
129.9749999999999943
20
-79.1749999999999972
11
130.375
21
-79.5750000000000028
0
LINE
8
BLACK
6
CONTINUOUS
10
130.375
20
-79.1749999999999972
11
129.9749999999999943
21
-79.5750000000000028
0
LINE
8
BLACK
6
CONTINUOUS
10
130.6099999999999852
20
-52.5049999999999955
11
131.0099999999999909
21
-52.9050000000000011
0
LINE
8
BLACK
6
CONTINUOUS
10
131.0099999999999909
20
-52.5049999999999955
11
130.6099999999999852
21
-52.9050000000000011
0
LINE
8
BLACK
6
CONTINUOUS
10
130.6099999999999852
20
-75.3649999999999949
11
131.0099999999999909
21
-75.7650000000000006
0
LINE
8
BLACK
6
CONTINUOUS
10
131.0099999999999909
20
-75.3649999999999949
11
130.6099999999999852
21
-75.7650000000000006
0
LINE
8
BLACK
6
CONTINUOUS
10
130.6099999999999852
20
-80.4449999999999932
11
131.0099999999999909
21
-80.8449999999999989
0
LINE
8
BLACK
6
CONTINUOUS
10
131.0099999999999909
20
-80.4449999999999932
11
130.6099999999999852
21
-80.8449999999999989
0
LINE
8
BLACK
6
CONTINUOUS
10
131.2450000000000045
20
-53.7749999999999986
11
131.6449999999999818
21
-54.1749999999999972
0
LINE
8
BLACK
6
CONTINUOUS
10
131.6449999999999818
20
-53.7749999999999986
11
131.2450000000000045
21
-54.1749999999999972
0
LINE
8
BLACK
6
CONTINUOUS
10
131.8799999999999955
20
-52.5049999999999955
11
132.2800000000000011
21
-52.9050000000000011
0
LINE
8
BLACK
6
CONTINUOUS
10
132.2800000000000011
20
-52.5049999999999955
11
131.8799999999999955
21
-52.9050000000000011
0
LINE
8
BLACK
6
CONTINUOUS
10
132.5149999999999864
20
-51.2349999999999994
11
132.914999999999992
21
-51.634999999999998
0
LINE
8
BLACK
6
CONTINUOUS
10
132.914999999999992
20
-51.2349999999999994
11
132.5149999999999864
21
-51.634999999999998
0
LINE
8
BLACK
6
CONTINUOUS
10
133.1500000000000057
20
-47.4249999999999972
11
133.5499999999999829
21
-47.8249999999999957
0
LINE
8
BLACK
6
CONTINUOUS
10
133.5499999999999829
20
-47.4249999999999972
11
133.1500000000000057
21
-47.8249999999999957
0
LINE
8
BLACK
6
CONTINUOUS
10
133.1500000000000057
20
-52.5049999999999955
11
133.5499999999999829
21
-52.9050000000000011
0
LINE
8
BLACK
6
CONTINUOUS
10
133.5499999999999829
20
-52.5049999999999955
11
133.1500000000000057
21
-52.9050000000000011
0
LINE
8
BLACK
6
CONTINUOUS
10
133.7849999999999966
20
-51.2349999999999994
11
134.1850000000000023
21
-51.634999999999998
0
LINE
8
BLACK
6
CONTINUOUS
10
134.1850000000000023
20
-51.2349999999999994
11
133.7849999999999966
21
-51.634999999999998
0
LINE
8
BLACK
6
CONTINUOUS
10
133.7849999999999966
20
-56.3149999999999977
11
134.1850000000000023
21
-56.7149999999999963
0
LINE
8
BLACK
6
CONTINUOUS
10
134.1850000000000023
20
-56.3149999999999977
11
133.7849999999999966
21
-56.7149999999999963
0
LINE
8
BLACK
6
CONTINUOUS
10
134.4199999999999875
20
-47.4249999999999972
11
134.8199999999999932
21
-47.8249999999999957
0
LINE
8
BLACK
6
CONTINUOUS
10
134.8199999999999932
20
-47.4249999999999972
11
134.4199999999999875
21
-47.8249999999999957
0
LINE
8
BLACK
6
CONTINUOUS
10
134.4199999999999875
20
-49.9649999999999963
11
134.8199999999999932
21
-50.3649999999999949
0
LINE
8
BLACK
6
CONTINUOUS
10
134.8199999999999932
20
-49.9649999999999963
11
134.4199999999999875
21
-50.3649999999999949
0
LINE
8
BLACK
6
CONTINUOUS
10
134.4199999999999875
20
-52.5049999999999955
11
134.8199999999999932
21
-52.9050000000000011
0
LINE
8
BLACK
6
CONTINUOUS
10
134.8199999999999932
20
-52.5049999999999955
11
134.4199999999999875
21
-52.9050000000000011
0
LINE
8
BLACK
6
CONTINUOUS
10
134.4199999999999875
20
-55.0449999999999946
11
134.8199999999999932
21
-55.4450000000000003
0
LINE
8
BLACK
6
CONTINUOUS
10
134.8199999999999932
20
-55.0449999999999946
11
134.4199999999999875
21
-55.4450000000000003
0
LINE
8
BLACK
6
CONTINUOUS
10
135.0550000000000068
20
-48.6950000000000003
11
135.4549999999999841
21
-49.0949999999999989
0
LINE
8
BLACK
6
CONTINUOUS
10
135.4549999999999841
20
-48.6950000000000003
11
135.0550000000000068
21
-49.0949999999999989
0
LINE
8
BLACK
6
CONTINUOUS
10
135.0550000000000068
20
-51.2349999999999994
11
135.4549999999999841
21
-51.634999999999998
0
LINE
8
BLACK
6
CONTINUOUS
10
135.4549999999999841
20
-51.2349999999999994
11
135.0550000000000068
21
-51.634999999999998
0
LINE
8
BLACK
6
CONTINUOUS
10
135.0550000000000068
20
-53.7749999999999986
11
135.4549999999999841
21
-54.1749999999999972
0
LINE
8
BLACK
6
CONTINUOUS
10
135.4549999999999841
20
-53.7749999999999986
11
135.0550000000000068
21
-54.1749999999999972
0
LINE
8
BLACK
6
CONTINUOUS
10
135.0550000000000068
20
-56.3149999999999977
11
135.4549999999999841
21
-56.7149999999999963
0
LINE
8
BLACK
6
CONTINUOUS
10
135.4549999999999841
20
-56.3149999999999977
11
135.0550000000000068
21
-56.7149999999999963
0
LINE
8
BLACK
6
CONTINUOUS
10
135.0550000000000068
20
-62.2839999999999989
11
135.4549999999999841
21
-62.6839999999999975
0
LINE
8
BLACK
6
CONTINUOUS
10
135.4549999999999841
20
-62.2839999999999989
11
135.0550000000000068
21
-62.6839999999999975
0
LINE
8
BLACK
6
CONTINUOUS
10
135.6899999999999977
20
-47.4249999999999972
11
136.0900000000000034
21
-47.8249999999999957
0
LINE
8
BLACK
6
CONTINUOUS
10
136.0900000000000034
20
-47.4249999999999972
11
135.6899999999999977
21
-47.8249999999999957
0
LINE
8
BLACK
6
CONTINUOUS
10
135.6899999999999977
20
-49.9649999999999963
11
136.0900000000000034
21
-50.3649999999999949
0
LINE
8
BLACK
6
CONTINUOUS
10
136.0900000000000034
20
-49.9649999999999963
11
135.6899999999999977
21
-50.3649999999999949
0
LINE
8
BLACK
6
CONTINUOUS
10
135.6899999999999977
20
-52.5049999999999955
11
136.0900000000000034
21
-52.9050000000000011
0
LINE
8
BLACK
6
CONTINUOUS
10
136.0900000000000034
20
-52.5049999999999955
11
135.6899999999999977
21
-52.9050000000000011
0
LINE
8
BLACK
6
CONTINUOUS
10
135.6899999999999977
20
-55.0449999999999946
11
136.0900000000000034
21
-55.4450000000000003
0
LINE
8
BLACK
6
CONTINUOUS
10
136.0900000000000034
20
-55.0449999999999946
11
135.6899999999999977
21
-55.4450000000000003
0
LINE
8
BLACK
6
CONTINUOUS
10
136.3249999999999886
20
-51.2349999999999994
11
136.7249999999999943
21
-51.634999999999998
0
LINE
8
BLACK
6
CONTINUOUS
10
136.7249999999999943
20
-51.2349999999999994
11
136.3249999999999886
21
-51.634999999999998
0
LINE
8
BLACK
6
CONTINUOUS
10
136.3249999999999886
20
-56.3149999999999977
11
136.7249999999999943
21
-56.7149999999999963
0
LINE
8
BLACK
6
CONTINUOUS
10
136.7249999999999943
20
-56.3149999999999977
11
136.3249999999999886
21
-56.7149999999999963
0
LINE
8
BLACK
6
CONTINUOUS
10
136.960000000000008
20
-47.4249999999999972
11
137.3599999999999852
21
-47.8249999999999957
0
LINE
8
BLACK
6
CONTINUOUS
10
137.3599999999999852
20
-47.4249999999999972
11
136.960000000000008
21
-47.8249999999999957
0
LINE
8
BLACK
6
CONTINUOUS
10
136.960000000000008
20
-52.5049999999999955
11
137.3599999999999852
21
-52.9050000000000011
0
LINE
8
BLACK
6
CONTINUOUS
10
137.3599999999999852
20
-52.5049999999999955
11
136.960000000000008
21
-52.9050000000000011
0
LINE
8
BLACK
6
CONTINUOUS
10
137.5949999999999989
20
-51.2349999999999994
11
137.9950000000000045
21
-51.634999999999998
0
LINE
8
BLACK
6
CONTINUOUS
10
137.9950000000000045
20
-51.2349999999999994
11
137.5949999999999989
21
-51.634999999999998
0
LINE
8
BLACK
6
CONTINUOUS
10
137.5949999999999989
20
-56.3149999999999977
11
137.9950000000000045
21
-56.7149999999999963
0
LINE
8
BLACK
6
CONTINUOUS
10
137.9950000000000045
20
-56.3149999999999977
11
137.5949999999999989
21
-56.7149999999999963
0
LINE
8
BLACK
6
CONTINUOUS
10
138.2299999999999898
20
-47.4249999999999972
11
138.6299999999999955
21
-47.8249999999999957
0
LINE
8
BLACK
6
CONTINUOUS
10
138.6299999999999955
20
-47.4249999999999972
11
138.2299999999999898
21
-47.8249999999999957
0
LINE
8
BLACK
6
CONTINUOUS
10
138.2299999999999898
20
-52.5049999999999955
11
138.6299999999999955
21
-52.9050000000000011
0
LINE
8
BLACK
6
CONTINUOUS
10
138.6299999999999955
20
-52.5049999999999955
11
138.2299999999999898
21
-52.9050000000000011
0
LINE
8
BLACK
6
CONTINUOUS
10
138.2299999999999898
20
-55.0449999999999946
11
138.6299999999999955
21
-55.4450000000000003
0
LINE
8
BLACK
6
CONTINUOUS
10
138.6299999999999955
20
-55.0449999999999946
11
138.2299999999999898
21
-55.4450000000000003
0
LINE
8
BLACK
6
CONTINUOUS
10
138.8649999999999807
20
-48.6950000000000003
11
139.2649999999999864
21
-49.0949999999999989
0
LINE
8
BLACK
6
CONTINUOUS
10
139.2649999999999864
20
-48.6950000000000003
11
138.8649999999999807
21
-49.0949999999999989
0
LINE
8
BLACK
6
CONTINUOUS
10
138.8649999999999807
20
-51.2349999999999994
11
139.2649999999999864
21
-51.634999999999998
0
LINE
8
BLACK
6
CONTINUOUS
10
139.2649999999999864
20
-51.2349999999999994
11
138.8649999999999807
21
-51.634999999999998
0
LINE
8
BLACK
6
CONTINUOUS
10
138.8649999999999807
20
-53.7749999999999986
11
139.2649999999999864
21
-54.1749999999999972
0
LINE
8
BLACK
6
CONTINUOUS
10
139.2649999999999864
20
-53.7749999999999986
11
138.8649999999999807
21
-54.1749999999999972
0
LINE
8
BLACK
6
CONTINUOUS
10
138.8649999999999807
20
-56.3149999999999977
11
139.2649999999999864
21
-56.7149999999999963
0
LINE
8
BLACK
6
CONTINUOUS
10
139.2649999999999864
20
-56.3149999999999977
11
138.8649999999999807
21
-56.7149999999999963
0
LINE
8
BLACK
6
CONTINUOUS
10
138.9919999999999902
20
-71.1739999999999924
11
139.3919999999999959
21
-71.5739999999999981
0
LINE
8
BLACK
6
CONTINUOUS
10
139.3919999999999959
20
-71.1739999999999924
11
138.9919999999999902
21
-71.5739999999999981
0
LINE
8
BLACK
6
CONTINUOUS
10
138.9919999999999902
20
-72.4440000000000026
11
139.3919999999999959
21
-72.8439999999999941
0
LINE
8
BLACK
6
CONTINUOUS
10
139.3919999999999959
20
-72.4440000000000026
11
138.9919999999999902
21
-72.8439999999999941
0
LINE
8
BLACK
6
CONTINUOUS
10
139.5
20
-47.4249999999999972
11
139.9000000000000057
21
-47.8249999999999957
0
LINE
8
BLACK
6
CONTINUOUS
10
139.9000000000000057
20
-47.4249999999999972
11
139.5
21
-47.8249999999999957
0
LINE
8
BLACK
6
CONTINUOUS
10
139.5
20
-49.9649999999999963
11
139.9000000000000057
21
-50.3649999999999949
0
LINE
8
BLACK
6
CONTINUOUS
10
139.9000000000000057
20
-49.9649999999999963
11
139.5
21
-50.3649999999999949
0
LINE
8
BLACK
6
CONTINUOUS
10
139.5
20
-52.5049999999999955
11
139.9000000000000057
21
-52.9050000000000011
0
LINE
8
BLACK
6
CONTINUOUS
10
139.9000000000000057
20
-52.5049999999999955
11
139.5
21
-52.9050000000000011
0
LINE
8
BLACK
6
CONTINUOUS
10
139.5
20
-55.0449999999999946
11
139.9000000000000057
21
-55.4450000000000003
0
LINE
8
BLACK
6
CONTINUOUS
10
139.9000000000000057
20
-55.0449999999999946
11
139.5
21
-55.4450000000000003
0
LINE
8
BLACK
6
CONTINUOUS
10
140.1349999999999909
20
-48.6950000000000003
11
140.5349999999999966
21
-49.0949999999999989
0
LINE
8
BLACK
6
CONTINUOUS
10
140.5349999999999966
20
-48.6950000000000003
11
140.1349999999999909
21
-49.0949999999999989
0
LINE
8
BLACK
6
CONTINUOUS
10
140.1349999999999909
20
-51.2349999999999994
11
140.5349999999999966
21
-51.634999999999998
0
LINE
8
BLACK
6
CONTINUOUS
10
140.5349999999999966
20
-51.2349999999999994
11
140.1349999999999909
21
-51.634999999999998
0
LINE
8
BLACK
6
CONTINUOUS
10
140.1349999999999909
20
-53.7749999999999986
11
140.5349999999999966
21
-54.1749999999999972
0
LINE
8
BLACK
6
CONTINUOUS
10
140.5349999999999966
20
-53.7749999999999986
11
140.1349999999999909
21
-54.1749999999999972
0
LINE
8
BLACK
6
CONTINUOUS
10
140.1349999999999909
20
-56.3149999999999977
11
140.5349999999999966
21
-56.7149999999999963
0
LINE
8
BLACK
6
CONTINUOUS
10
140.5349999999999966
20
-56.3149999999999977
11
140.1349999999999909
21
-56.7149999999999963
0
LINE
8
BLACK
6
CONTINUOUS
10
140.2620000000000005
20
-65.3319999999999936
11
140.6620000000000061
21
-65.7319999999999993
0
LINE
8
BLACK
6
CONTINUOUS
10
140.6620000000000061
20
-65.3319999999999936
11
140.2620000000000005
21
-65.7319999999999993
0
LINE
8
BLACK
6
CONTINUOUS
10
140.5248469999999941
20
-63.5449879999999965
11
140.9248469999999998
21
-63.9449879999999951
0
LINE
8
BLACK
6
CONTINUOUS
10
140.9248469999999998
20
-63.5449879999999965
11
140.5248469999999941
21
-63.9449879999999951
0
LINE
8
BLACK
6
CONTINUOUS
10
140.7699999999999818
20
-49.9649999999999963
11
141.1699999999999875
21
-50.3649999999999949
0
LINE
8
BLACK
6
CONTINUOUS
10
141.1699999999999875
20
-49.9649999999999963
11
140.7699999999999818
21
-50.3649999999999949
0
LINE
8
BLACK
6
CONTINUOUS
10
140.7699999999999818
20
-52.5049999999999955
11
141.1699999999999875
21
-52.9050000000000011
0
LINE
8
BLACK
6
CONTINUOUS
10
141.1699999999999875
20
-52.5049999999999955
11
140.7699999999999818
21
-52.9050000000000011
0
LINE
8
BLACK
6
CONTINUOUS
10
140.7699999999999818
20
-55.0449999999999946
11
141.1699999999999875
21
-55.4450000000000003
0
LINE
8
BLACK
6
CONTINUOUS
10
141.1699999999999875
20
-55.0449999999999946
11
140.7699999999999818
21
-55.4450000000000003
0
LINE
8
BLACK
6
CONTINUOUS
10
141.4050000000000011
20
-48.6950000000000003
11
141.8050000000000068
21
-49.0949999999999989
0
LINE
8
BLACK
6
CONTINUOUS
10
141.8050000000000068
20
-48.6950000000000003
11
141.4050000000000011
21
-49.0949999999999989
0
LINE
8
BLACK
6
CONTINUOUS
10
141.4050000000000011
20
-51.2349999999999994
11
141.8050000000000068
21
-51.634999999999998
0
LINE
8
BLACK
6
CONTINUOUS
10
141.8050000000000068
20
-51.2349999999999994
11
141.4050000000000011
21
-51.634999999999998
0
LINE
8
BLACK
6
CONTINUOUS
10
141.4050000000000011
20
-53.7749999999999986
11
141.8050000000000068
21
-54.1749999999999972
0
LINE
8
BLACK
6
CONTINUOUS
10
141.8050000000000068
20
-53.7749999999999986
11
141.4050000000000011
21
-54.1749999999999972
0
LINE
8
BLACK
6
CONTINUOUS
10
141.4050000000000011
20
-56.3149999999999977
11
141.8050000000000068
21
-56.7149999999999963
0
LINE
8
BLACK
6
CONTINUOUS
10
141.8050000000000068
20
-56.3149999999999977
11
141.4050000000000011
21
-56.7149999999999963
0
LINE
8
BLACK
6
CONTINUOUS
10
142.039999999999992
20
-42.9799999999999969
11
142.4399999999999977
21
-43.3799999999999955
0
LINE
8
BLACK
6
CONTINUOUS
10
142.4399999999999977
20
-42.9799999999999969
11
142.039999999999992
21
-43.3799999999999955
0
LINE
8
BLACK
6
CONTINUOUS
10
142.039999999999992
20
-45.519999999999996
11
142.4399999999999977
21
-45.9199999999999946
0
LINE
8
BLACK
6
CONTINUOUS
10
142.4399999999999977
20
-45.519999999999996
11
142.039999999999992
21
-45.9199999999999946
0
LINE
8
BLACK
6
CONTINUOUS
10
142.039999999999992
20
-49.9649999999999963
11
142.4399999999999977
21
-50.3649999999999949
0
LINE
8
BLACK
6
CONTINUOUS
10
142.4399999999999977
20
-49.9649999999999963
11
142.039999999999992
21
-50.3649999999999949
0
LINE
8
BLACK
6
CONTINUOUS
10
142.039999999999992
20
-52.5049999999999955
11
142.4399999999999977
21
-52.9050000000000011
0
LINE
8
BLACK
6
CONTINUOUS
10
142.4399999999999977
20
-52.5049999999999955
11
142.039999999999992
21
-52.9050000000000011
0
LINE
8
BLACK
6
CONTINUOUS
10
142.039999999999992
20
-55.0449999999999946
11
142.4399999999999977
21
-55.4450000000000003
0
LINE
8
BLACK
6
CONTINUOUS
10
142.4399999999999977
20
-55.0449999999999946
11
142.039999999999992
21
-55.4450000000000003
0
LINE
8
BLACK
6
CONTINUOUS
10
142.0552399999999977
20
-81.2642499999999899
11
142.4552400000000034
21
-81.6642499999999956
0
LINE
8
BLACK
6
CONTINUOUS
10
142.4552400000000034
20
-81.2642499999999899
11
142.0552399999999977
21
-81.6642499999999956
0
LINE
8
BLACK
6
CONTINUOUS
10
142.6749999999999829
20
-41.7100000000000009
11
143.0749999999999886
21
-42.1099999999999994
0
LINE
8
BLACK
6
CONTINUOUS
10
143.0749999999999886
20
-41.7100000000000009
11
142.6749999999999829
21
-42.1099999999999994
0
LINE
8
BLACK
6
CONTINUOUS
10
142.6749999999999829
20
-44.25
11
143.0749999999999886
21
-44.6499999999999986
0
LINE
8
BLACK
6
CONTINUOUS
10
143.0749999999999886
20
-44.25
11
142.6749999999999829
21
-44.6499999999999986
0
LINE
8
BLACK
6
CONTINUOUS
10
142.6749999999999829
20
-46.7899999999999991
11
143.0749999999999886
21
-47.1899999999999977
0
LINE
8
BLACK
6
CONTINUOUS
10
143.0749999999999886
20
-46.7899999999999991
11
142.6749999999999829
21
-47.1899999999999977
0
LINE
8
BLACK
6
CONTINUOUS
10
142.6749999999999829
20
-48.6950000000000003
11
143.0749999999999886
21
-49.0949999999999989
0
LINE
8
BLACK
6
CONTINUOUS
10
143.0749999999999886
20
-48.6950000000000003
11
142.6749999999999829
21
-49.0949999999999989
0
LINE
8
BLACK
6
CONTINUOUS
10
142.6749999999999829
20
-51.2349999999999994
11
143.0749999999999886
21
-51.634999999999998
0
LINE
8
BLACK
6
CONTINUOUS
10
143.0749999999999886
20
-51.2349999999999994
11
142.6749999999999829
21
-51.634999999999998
0
LINE
8
BLACK
6
CONTINUOUS
10
142.6749999999999829
20
-53.7749999999999986
11
143.0749999999999886
21
-54.1749999999999972
0
LINE
8
BLACK
6
CONTINUOUS
10
143.0749999999999886
20
-53.7749999999999986
11
142.6749999999999829
21
-54.1749999999999972
0
LINE
8
BLACK
6
CONTINUOUS
10
142.6749999999999829
20
-56.3149999999999977
11
143.0749999999999886
21
-56.7149999999999963
0
LINE
8
BLACK
6
CONTINUOUS
10
143.0749999999999886
20
-56.3149999999999977
11
142.6749999999999829
21
-56.7149999999999963
0
LINE
8
BLACK
6
CONTINUOUS
10
143.1982399999999984
20
-77.7082499999999925
11
143.5982400000000041
21
-78.1082499999999982
0
LINE
8
BLACK
6
CONTINUOUS
10
143.5982400000000041
20
-77.7082499999999925
11
143.1982399999999984
21
-78.1082499999999982
0
LINE
8
BLACK
6
CONTINUOUS
10
143.3100000000000023
20
-42.9799999999999969
11
143.7099999999999795
21
-43.3799999999999955
0
LINE
8
BLACK
6
CONTINUOUS
10
143.7099999999999795
20
-42.9799999999999969
11
143.3100000000000023
21
-43.3799999999999955
0
LINE
8
BLACK
6
CONTINUOUS
10
143.3100000000000023
20
-45.519999999999996
11
143.7099999999999795
21
-45.9199999999999946
0
LINE
8
BLACK
6
CONTINUOUS
10
143.7099999999999795
20
-45.519999999999996
11
143.3100000000000023
21
-45.9199999999999946
0
LINE
8
BLACK
6
CONTINUOUS
10
143.3100000000000023
20
-49.9649999999999963
11
143.7099999999999795
21
-50.3649999999999949
0
LINE
8
BLACK
6
CONTINUOUS
10
143.7099999999999795
20
-49.9649999999999963
11
143.3100000000000023
21
-50.3649999999999949
0
LINE
8
BLACK
6
CONTINUOUS
10
143.3100000000000023
20
-52.5049999999999955
11
143.7099999999999795
21
-52.9050000000000011
0
LINE
8
BLACK
6
CONTINUOUS
10
143.7099999999999795
20
-52.5049999999999955
11
143.3100000000000023
21
-52.9050000000000011
0
LINE
8
BLACK
6
CONTINUOUS
10
143.3100000000000023
20
-55.0449999999999946
11
143.7099999999999795
21
-55.4450000000000003
0
LINE
8
BLACK
6
CONTINUOUS
10
143.7099999999999795
20
-55.0449999999999946
11
143.3100000000000023
21
-55.4450000000000003
0
LINE
8
BLACK
6
CONTINUOUS
10
143.8179999999999836
20
-66.6020000000000039
11
144.2179999999999893
21
-67.0019999999999953
0
LINE
8
BLACK
6
CONTINUOUS
10
144.2179999999999893
20
-66.6020000000000039
11
143.8179999999999836
21
-67.0019999999999953
0
LINE
8
BLACK
6
CONTINUOUS
10
143.9449999999999932
20
-41.7100000000000009
11
144.3449999999999989
21
-42.1099999999999994
0
LINE
8
BLACK
6
CONTINUOUS
10
144.3449999999999989
20
-41.7100000000000009
11
143.9449999999999932
21
-42.1099999999999994
0
LINE
8
BLACK
6
CONTINUOUS
10
143.9449999999999932
20
-44.25
11
144.3449999999999989
21
-44.6499999999999986
0
LINE
8
BLACK
6
CONTINUOUS
10
144.3449999999999989
20
-44.25
11
143.9449999999999932
21
-44.6499999999999986
0
LINE
8
BLACK
6
CONTINUOUS
10
143.9449999999999932
20
-46.7899999999999991
11
144.3449999999999989
21
-47.1899999999999977
0
LINE
8
BLACK
6
CONTINUOUS
10
144.3449999999999989
20
-46.7899999999999991
11
143.9449999999999932
21
-47.1899999999999977
0
LINE
8
BLACK
6
CONTINUOUS
10
143.9449999999999932
20
-48.6950000000000003
11
144.3449999999999989
21
-49.0949999999999989
0
LINE
8
BLACK
6
CONTINUOUS
10
144.3449999999999989
20
-48.6950000000000003
11
143.9449999999999932
21
-49.0949999999999989
0
LINE
8
BLACK
6
CONTINUOUS
10
143.9449999999999932
20
-51.2349999999999994
11
144.3449999999999989
21
-51.634999999999998
0
LINE
8
BLACK
6
CONTINUOUS
10
144.3449999999999989
20
-51.2349999999999994
11
143.9449999999999932
21
-51.634999999999998
0
LINE
8
BLACK
6
CONTINUOUS
10
143.9449999999999932
20
-53.7749999999999986
11
144.3449999999999989
21
-54.1749999999999972
0
LINE
8
BLACK
6
CONTINUOUS
10
144.3449999999999989
20
-53.7749999999999986
11
143.9449999999999932
21
-54.1749999999999972
0
LINE
8
BLACK
6
CONTINUOUS
10
143.9449999999999932
20
-56.3149999999999977
11
144.3449999999999989
21
-56.7149999999999963
0
LINE
8
BLACK
6
CONTINUOUS
10
144.3449999999999989
20
-56.3149999999999977
11
143.9449999999999932
21
-56.7149999999999963
0
LINE
8
BLACK
6
CONTINUOUS
10
144.5799999999999841
20
-42.9799999999999969
11
144.9799999999999898
21
-43.3799999999999955
0
LINE
8
BLACK
6
CONTINUOUS
10
144.9799999999999898
20
-42.9799999999999969
11
144.5799999999999841
21
-43.3799999999999955
0
LINE
8
BLACK
6
CONTINUOUS
10
144.5799999999999841
20
-45.519999999999996
11
144.9799999999999898
21
-45.9199999999999946
0
LINE
8
BLACK
6
CONTINUOUS
10
144.9799999999999898
20
-45.519999999999996
11
144.5799999999999841
21
-45.9199999999999946
0
LINE
8
BLACK
6
CONTINUOUS
10
144.5799999999999841
20
-55.0449999999999946
11
144.9799999999999898
21
-55.4450000000000003
0
LINE
8
BLACK
6
CONTINUOUS
10
144.9799999999999898
20
-55.0449999999999946
11
144.5799999999999841
21
-55.4450000000000003
0
LINE
8
BLACK
6
CONTINUOUS
10
145.0879999999999939
20
-61.5219999999999985
11
145.4879999999999995
21
-61.921999999999997
0
LINE
8
BLACK
6
CONTINUOUS
10
145.4879999999999995
20
-61.5219999999999985
11
145.0879999999999939
21
-61.921999999999997
0
LINE
8
BLACK
6
CONTINUOUS
10
145.2150000000000034
20
-41.7100000000000009
11
145.6149999999999807
21
-42.1099999999999994
0
LINE
8
BLACK
6
CONTINUOUS
10
145.6149999999999807
20
-41.7100000000000009
11
145.2150000000000034
21
-42.1099999999999994
0
LINE
8
BLACK
6
CONTINUOUS
10
145.2150000000000034
20
-44.25
11
145.6149999999999807
21
-44.6499999999999986
0
LINE
8
BLACK
6
CONTINUOUS
10
145.6149999999999807
20
-44.25
11
145.2150000000000034
21
-44.6499999999999986
0
LINE
8
BLACK
6
CONTINUOUS
10
145.2150000000000034
20
-46.7899999999999991
11
145.6149999999999807
21
-47.1899999999999977
0
LINE
8
BLACK
6
CONTINUOUS
10
145.6149999999999807
20
-46.7899999999999991
11
145.2150000000000034
21
-47.1899999999999977
0
LINE
8
BLACK
6
CONTINUOUS
10
145.2150000000000034
20
-56.3149999999999977
11
145.6149999999999807
21
-56.7149999999999963
0
LINE
8
BLACK
6
CONTINUOUS
10
145.6149999999999807
20
-56.3149999999999977
11
145.2150000000000034
21
-56.7149999999999963
0
LINE
8
BLACK
6
CONTINUOUS
10
145.3572399999999902
20
-78.9782500000000027
11
145.7572399999999959
21
-79.3782499999999942
0
LINE
8
BLACK
6
CONTINUOUS
10
145.7572399999999959
20
-78.9782500000000027
11
145.3572399999999902
21
-79.3782499999999942
0
LINE
8
BLACK
6
CONTINUOUS
10
145.8499999999999943
20
-45.519999999999996
11
146.25
21
-45.9199999999999946
0
LINE
8
BLACK
6
CONTINUOUS
10
146.25
20
-45.519999999999996
11
145.8499999999999943
21
-45.9199999999999946
0
LINE
8
BLACK
6
CONTINUOUS
10
146.103999999999985
20
-76.5079999999999956
11
146.5039999999999907
21
-76.9080000000000013
0
LINE
8
BLACK
6
CONTINUOUS
10
146.5039999999999907
20
-76.5079999999999956
11
146.103999999999985
21
-76.9080000000000013
0
LINE
8
BLACK
6
CONTINUOUS
10
146.4849999999999852
20
-46.7899999999999991
11
146.8849999999999909
21
-47.1899999999999977
0
LINE
8
BLACK
6
CONTINUOUS
10
146.8849999999999909
20
-46.7899999999999991
11
146.4849999999999852
21
-47.1899999999999977
0
LINE
8
BLACK
6
CONTINUOUS
10
146.4849999999999852
20
-56.3149999999999977
11
146.8849999999999909
21
-56.7149999999999963
0
LINE
8
BLACK
6
CONTINUOUS
10
146.8849999999999909
20
-56.3149999999999977
11
146.4849999999999852
21
-56.7149999999999963
0
LINE
8
BLACK
6
CONTINUOUS
10
146.8812399999999911
20
-82.0262499999999903
11
147.2812399999999968
21
-82.426249999999996
0
LINE
8
BLACK
6
CONTINUOUS
10
147.2812399999999968
20
-82.0262499999999903
11
146.8812399999999911
21
-82.426249999999996
0
LINE
8
BLACK
6
CONTINUOUS
10
147.0082400000000007
20
-65.0082500000000039
11
147.4082400000000064
21
-65.4082499999999953
0
LINE
8
BLACK
6
CONTINUOUS
10
147.4082400000000064
20
-65.0082500000000039
11
147.0082400000000007
21
-65.4082499999999953
0
LINE
8
BLACK
6
CONTINUOUS
10
147.7549999999999955
20
-47.0439999999999969
11
148.1550000000000011
21
-47.4439999999999955
0
LINE
8
BLACK
6
CONTINUOUS
10
148.1550000000000011
20
-47.0439999999999969
11
147.7549999999999955
21
-47.4439999999999955
0
LINE
8
BLACK
6
CONTINUOUS
10
147.7549999999999955
20
-56.3149999999999977
11
148.1550000000000011
21
-56.7149999999999963
0
LINE
8
BLACK
6
CONTINUOUS
10
148.1550000000000011
20
-56.3149999999999977
11
147.7549999999999955
21
-56.7149999999999963
0
LINE
8
BLACK
6
CONTINUOUS
10
149.0250000000000057
20
-47.0439999999999969
11
149.4249999999999829
21
-47.4439999999999955
0
LINE
8
BLACK
6
CONTINUOUS
10
149.4249999999999829
20
-47.0439999999999969
11
149.0250000000000057
21
-47.4439999999999955
0
LINE
8
BLACK
6
CONTINUOUS
10
149.0250000000000057
20
-56.3149999999999977
11
149.4249999999999829
21
-56.7149999999999963
0
LINE
8
BLACK
6
CONTINUOUS
10
149.4249999999999829
20
-56.3149999999999977
11
149.0250000000000057
21
-56.7149999999999963
0
LINE
8
BLACK
6
CONTINUOUS
10
149.1672399999999925
20
-85.5822500000000019
11
149.5672399999999982
21
-85.9822499999999934
0
LINE
8
BLACK
6
CONTINUOUS
10
149.5672399999999982
20
-85.5822500000000019
11
149.1672399999999925
21
-85.9822499999999934
0
LINE
8
BLACK
6
CONTINUOUS
10
149.1672399999999925
20
-87.6142499999999984
11
149.5672399999999982
21
-88.0142499999999899
0
LINE
8
BLACK
6
CONTINUOUS
10
149.5672399999999982
20
-87.6142499999999984
11
149.1672399999999925
21
-88.0142499999999899
0
LINE
8
BLACK
6
CONTINUOUS
10
150.2949999999999875
20
-47.0439999999999969
11
150.6949999999999932
21
-47.4439999999999955
0
LINE
8
BLACK
6
CONTINUOUS
10
150.6949999999999932
20
-47.0439999999999969
11
150.2949999999999875
21
-47.4439999999999955
0
LINE
8
BLACK
6
CONTINUOUS
10
150.2949999999999875
20
-56.3149999999999977
11
150.6949999999999932
21
-56.7149999999999963
0
LINE
8
BLACK
6
CONTINUOUS
10
150.6949999999999932
20
-56.3149999999999977
11
150.2949999999999875
21
-56.7149999999999963
0
LINE
8
BLACK
6
CONTINUOUS
10
151.4532399999999939
20
-82.0262499999999903
11
151.8532399999999996
21
-82.426249999999996
0
LINE
8
BLACK
6
CONTINUOUS
10
151.8532399999999996
20
-82.0262499999999903
11
151.4532399999999939
21
-82.426249999999996
0
LINE
8
BLACK
6
CONTINUOUS
10
151.5649999999999977
20
-46.7899999999999991
11
151.9650000000000034
21
-47.1899999999999977
0
LINE
8
BLACK
6
CONTINUOUS
10
151.9650000000000034
20
-46.7899999999999991
11
151.5649999999999977
21
-47.1899999999999977
0
LINE
8
BLACK
6
CONTINUOUS
10
151.5649999999999977
20
-56.3149999999999977
11
151.9650000000000034
21
-56.7149999999999963
0
LINE
8
BLACK
6
CONTINUOUS
10
151.9650000000000034
20
-56.3149999999999977
11
151.5649999999999977
21
-56.7149999999999963
0
LINE
8
BLACK
6
CONTINUOUS
10
151.945999999999998
20
-76.5079999999999956
11
152.3460000000000036
21
-76.9080000000000013
0
LINE
8
BLACK
6
CONTINUOUS
10
152.3460000000000036
20
-76.5079999999999956
11
151.945999999999998
21
-76.9080000000000013
0
LINE
8
BLACK
6
CONTINUOUS
10
152.1999999999999886
20
-45.519999999999996
11
152.5999999999999943
21
-45.9199999999999946
0
LINE
8
BLACK
6
CONTINUOUS
10
152.5999999999999943
20
-45.519999999999996
11
152.1999999999999886
21
-45.9199999999999946
0
LINE
8
BLACK
6
CONTINUOUS
10
152.8349999999999795
20
-41.7100000000000009
11
153.2349999999999852
21
-42.1099999999999994
0
LINE
8
BLACK
6
CONTINUOUS
10
153.2349999999999852
20
-41.7100000000000009
11
152.8349999999999795
21
-42.1099999999999994
0
LINE
8
BLACK
6
CONTINUOUS
10
152.8349999999999795
20
-44.25
11
153.2349999999999852
21
-44.6499999999999986
0
LINE
8
BLACK
6
CONTINUOUS
10
153.2349999999999852
20
-44.25
11
152.8349999999999795
21
-44.6499999999999986
0
LINE
8
BLACK
6
CONTINUOUS
10
152.8349999999999795
20
-46.7899999999999991
11
153.2349999999999852
21
-47.1899999999999977
0
LINE
8
BLACK
6
CONTINUOUS
10
153.2349999999999852
20
-46.7899999999999991
11
152.8349999999999795
21
-47.1899999999999977
0
LINE
8
BLACK
6
CONTINUOUS
10
152.8349999999999795
20
-56.3149999999999977
11
153.2349999999999852
21
-56.7149999999999963
0
LINE
8
BLACK
6
CONTINUOUS
10
153.2349999999999852
20
-56.3149999999999977
11
152.8349999999999795
21
-56.7149999999999963
0
LINE
8
BLACK
6
CONTINUOUS
10
152.9772399999999948
20
-78.9782500000000027
11
153.3772400000000005
21
-79.3782499999999942
0
LINE
8
BLACK
6
CONTINUOUS
10
153.3772400000000005
20
-78.9782500000000027
11
152.9772399999999948
21
-79.3782499999999942
0
LINE
8
BLACK
6
CONTINUOUS
10
153.4699999999999989
20
-42.9799999999999969
11
153.8700000000000045
21
-43.3799999999999955
0
LINE
8
BLACK
6
CONTINUOUS
10
153.8700000000000045
20
-42.9799999999999969
11
153.4699999999999989
21
-43.3799999999999955
0
LINE
8
BLACK
6
CONTINUOUS
10
153.4699999999999989
20
-45.519999999999996
11
153.8700000000000045
21
-45.9199999999999946
0
LINE
8
BLACK
6
CONTINUOUS
10
153.8700000000000045
20
-45.519999999999996
11
153.4699999999999989
21
-45.9199999999999946
0
LINE
8
BLACK
6
CONTINUOUS
10
154.1049999999999898
20
-41.7100000000000009
11
154.5049999999999955
21
-42.1099999999999994
0
LINE
8
BLACK
6
CONTINUOUS
10
154.5049999999999955
20
-41.7100000000000009
11
154.1049999999999898
21
-42.1099999999999994
0
LINE
8
BLACK
6
CONTINUOUS
10
154.1049999999999898
20
-44.25
11
154.5049999999999955
21
-44.6499999999999986
0
LINE
8
BLACK
6
CONTINUOUS
10
154.5049999999999955
20
-44.25
11
154.1049999999999898
21
-44.6499999999999986
0
LINE
8
BLACK
6
CONTINUOUS
10
154.1049999999999898
20
-46.7899999999999991
11
154.5049999999999955
21
-47.1899999999999977
0
LINE
8
BLACK
6
CONTINUOUS
10
154.5049999999999955
20
-46.7899999999999991
11
154.1049999999999898
21
-47.1899999999999977
0
LINE
8
BLACK
6
CONTINUOUS
10
154.7399999999999807
20
-42.9799999999999969
11
155.1399999999999864
21
-43.3799999999999955
0
LINE
8
BLACK
6
CONTINUOUS
10
155.1399999999999864
20
-42.9799999999999969
11
154.7399999999999807
21
-43.3799999999999955
0
LINE
8
BLACK
6
CONTINUOUS
10
154.7399999999999807
20
-45.519999999999996
11
155.1399999999999864
21
-45.9199999999999946
0
LINE
8
BLACK
6
CONTINUOUS
10
155.1399999999999864
20
-45.519999999999996
11
154.7399999999999807
21
-45.9199999999999946
0
LINE
8
BLACK
6
CONTINUOUS
10
154.9939999999999998
20
-59.4899999999999949
11
155.3940000000000055
21
-59.8900000000000006
0
LINE
8
BLACK
6
CONTINUOUS
10
155.3940000000000055
20
-59.4899999999999949
11
154.9939999999999998
21
-59.8900000000000006
0
LINE
8
BLACK
6
CONTINUOUS
10
155.375
20
-41.7100000000000009
11
155.7750000000000057
21
-42.1099999999999994
0
LINE
8
BLACK
6
CONTINUOUS
10
155.7750000000000057
20
-41.7100000000000009
11
155.375
21
-42.1099999999999994
0
LINE
8
BLACK
6
CONTINUOUS
10
155.375
20
-44.25
11
155.7750000000000057
21
-44.6499999999999986
0
LINE
8
BLACK
6
CONTINUOUS
10
155.7750000000000057
20
-44.25
11
155.375
21
-44.6499999999999986
0
LINE
8
BLACK
6
CONTINUOUS
10
155.375
20
-46.7899999999999991
11
155.7750000000000057
21
-47.1899999999999977
0
LINE
8
BLACK
6
CONTINUOUS
10
155.7750000000000057
20
-46.7899999999999991
11
155.375
21
-47.1899999999999977
0
LINE
8
BLACK
6
CONTINUOUS
10
155.5019999999999811
20
-62.7919999999999945
11
155.9019999999999868
21
-63.1920000000000002
0
LINE
8
BLACK
6
CONTINUOUS
10
155.9019999999999868
20
-62.7919999999999945
11
155.5019999999999811
21
-63.1920000000000002
0
LINE
8
BLACK
6
CONTINUOUS
10
156.0099999999999909
20
-42.9799999999999969
11
156.4099999999999966
21
-43.3799999999999955
0
LINE
8
BLACK
6
CONTINUOUS
10
156.4099999999999966
20
-42.9799999999999969
11
156.0099999999999909
21
-43.3799999999999955
0
LINE
8
BLACK
6
CONTINUOUS
10
156.0099999999999909
20
-45.519999999999996
11
156.4099999999999966
21
-45.9199999999999946
0
LINE
8
BLACK
6
CONTINUOUS
10
156.4099999999999966
20
-45.519999999999996
11
156.0099999999999909
21
-45.9199999999999946
0
LINE
8
BLACK
6
CONTINUOUS
10
156.1522400000000061
20
-72.8822499999999991
11
156.5522399999999834
21
-73.2822499999999906
0
LINE
8
BLACK
6
CONTINUOUS
10
156.5522399999999834
20
-72.8822499999999991
11
156.1522400000000061
21
-73.2822499999999906
0
LINE
8
BLACK
6
CONTINUOUS
10
156.2792399999999873
20
-81.0102499999999992
11
156.679239999999993
21
-81.4102499999999907
0
LINE
8
BLACK
6
CONTINUOUS
10
156.679239999999993
20
-81.0102499999999992
11
156.2792399999999873
21
-81.4102499999999907
0
LINE
8
BLACK
6
CONTINUOUS
10
156.6449999999999818
20
-41.7100000000000009
11
157.0449999999999875
21
-42.1099999999999994
0
LINE
8
BLACK
6
CONTINUOUS
10
157.0449999999999875
20
-41.7100000000000009
11
156.6449999999999818
21
-42.1099999999999994
0
LINE
8
BLACK
6
CONTINUOUS
10
156.6449999999999818
20
-44.25
11
157.0449999999999875
21
-44.6499999999999986
0
LINE
8
BLACK
6
CONTINUOUS
10
157.0449999999999875
20
-44.25
11
156.6449999999999818
21
-44.6499999999999986
0
LINE
8
BLACK
6
CONTINUOUS
10
156.6449999999999818
20
-46.7899999999999991
11
157.0449999999999875
21
-47.1899999999999977
0
LINE
8
BLACK
6
CONTINUOUS
10
157.0449999999999875
20
-46.7899999999999991
11
156.6449999999999818
21
-47.1899999999999977
0
LINE
8
BLACK
6
CONTINUOUS
10
156.7719999999999914
20
-59.4899999999999949
11
157.171999999999997
21
-59.8900000000000006
0
LINE
8
BLACK
6
CONTINUOUS
10
157.171999999999997
20
-59.4899999999999949
11
156.7719999999999914
21
-59.8900000000000006
0
LINE
8
BLACK
6
CONTINUOUS
10
158.5499999999999829
20
-46.1550000000000011
11
158.9499999999999886
21
-46.5549999999999997
0
LINE
8
BLACK
6
CONTINUOUS
10
158.9499999999999886
20
-46.1550000000000011
11
158.5499999999999829
21
-46.5549999999999997
0
LINE
8
BLACK
6
CONTINUOUS
10
159.1850000000000023
20
-44.884999999999998
11
159.5849999999999795
21
-45.2849999999999966
0
LINE
8
BLACK
6
CONTINUOUS
10
159.5849999999999795
20
-44.884999999999998
11
159.1850000000000023
21
-45.2849999999999966
0
LINE
8
BLACK
6
CONTINUOUS
10
159.1850000000000023
20
-47.4249999999999972
11
159.5849999999999795
21
-47.8249999999999957
0
LINE
8
BLACK
6
CONTINUOUS
10
159.5849999999999795
20
-47.4249999999999972
11
159.1850000000000023
21
-47.8249999999999957
0
LINE
8
BLACK
6
CONTINUOUS
10
159.8199999999999932
20
-46.1550000000000011
11
160.2199999999999989
21
-46.5549999999999997
0
LINE
8
BLACK
6
CONTINUOUS
10
160.2199999999999989
20
-46.1550000000000011
11
159.8199999999999932
21
-46.5549999999999997
0
LINE
8
BLACK
6
CONTINUOUS
10
159.8199999999999932
20
-48.6950000000000003
11
160.2199999999999989
21
-49.0949999999999989
0
LINE
8
BLACK
6
CONTINUOUS
10
160.2199999999999989
20
-48.6950000000000003
11
159.8199999999999932
21
-49.0949999999999989
0
LINE
8
BLACK
6
CONTINUOUS
10
159.8199999999999932
20
-51.2349999999999994
11
160.2199999999999989
21
-51.634999999999998
0
LINE
8
BLACK
6
CONTINUOUS
10
160.2199999999999989
20
-51.2349999999999994
11
159.8199999999999932
21
-51.634999999999998
0
LINE
8
BLACK
6
CONTINUOUS
10
159.8199999999999932
20
-56.3149999999999977
11
160.2199999999999989
21
-56.7149999999999963
0
LINE
8
BLACK
6
CONTINUOUS
10
160.2199999999999989
20
-56.3149999999999977
11
159.8199999999999932
21
-56.7149999999999963
0
LINE
8
BLACK
6
CONTINUOUS
10
160.4549999999999841
20
-44.884999999999998
11
160.8549999999999898
21
-45.2849999999999966
0
LINE
8
BLACK
6
CONTINUOUS
10
160.8549999999999898
20
-44.884999999999998
11
160.4549999999999841
21
-45.2849999999999966
0
LINE
8
BLACK
6
CONTINUOUS
10
160.4549999999999841
20
-47.4249999999999972
11
160.8549999999999898
21
-47.8249999999999957
0
LINE
8
BLACK
6
CONTINUOUS
10
160.8549999999999898
20
-47.4249999999999972
11
160.4549999999999841
21
-47.8249999999999957
0
LINE
8
BLACK
6
CONTINUOUS
10
160.4549999999999841
20
-52.5049999999999955
11
160.8549999999999898
21
-52.9050000000000011
0
LINE
8
BLACK
6
CONTINUOUS
10
160.8549999999999898
20
-52.5049999999999955
11
160.4549999999999841
21
-52.9050000000000011
0
LINE
8
BLACK
6
CONTINUOUS
10
160.8359999999999843
20
-70.9200000000000017
11
161.23599999999999
21
-71.3199999999999932
0
LINE
8
BLACK
6
CONTINUOUS
10
161.23599999999999
20
-70.9200000000000017
11
160.8359999999999843
21
-71.3199999999999932
0
LINE
8
BLACK
6
CONTINUOUS
10
160.8359999999999843
20
-72.1899999999999977
11
161.23599999999999
21
-72.5900000000000034
0
LINE
8
BLACK
6
CONTINUOUS
10
161.23599999999999
20
-72.1899999999999977
11
160.8359999999999843
21
-72.5900000000000034
0
LINE
8
BLACK
6
CONTINUOUS
10
161.0900000000000034
20
-46.1550000000000011
11
161.4899999999999807
21
-46.5549999999999997
0
LINE
8
BLACK
6
CONTINUOUS
10
161.4899999999999807
20
-46.1550000000000011
11
161.0900000000000034
21
-46.5549999999999997
0
LINE
8
BLACK
6
CONTINUOUS
10
161.0900000000000034
20
-51.2349999999999994
11
161.4899999999999807
21
-51.634999999999998
0
LINE
8
BLACK
6
CONTINUOUS
10
161.4899999999999807
20
-51.2349999999999994
11
161.0900000000000034
21
-51.634999999999998
0
LINE
8
BLACK
6
CONTINUOUS
10
161.0900000000000034
20
-56.3149999999999977
11
161.4899999999999807
21
-56.7149999999999963
0
LINE
8
BLACK
6
CONTINUOUS
10
161.4899999999999807
20
-56.3149999999999977
11
161.0900000000000034
21
-56.7149999999999963
0
LINE
8
BLACK
6
CONTINUOUS
10
161.5979999999999848
20
-68.887999999999991
11
161.9979999999999905
21
-69.2879999999999967
0
LINE
8
BLACK
6
CONTINUOUS
10
161.9979999999999905
20
-68.887999999999991
11
161.5979999999999848
21
-69.2879999999999967
0
LINE
8
BLACK
6
CONTINUOUS
10
161.7249999999999943
20
-44.884999999999998
11
162.125
21
-45.2849999999999966
0
LINE
8
BLACK
6
CONTINUOUS
10
162.125
20
-44.884999999999998
11
161.7249999999999943
21
-45.2849999999999966
0
LINE
8
BLACK
6
CONTINUOUS
10
161.7249999999999943
20
-47.4249999999999972
11
162.125
21
-47.8249999999999957
0
LINE
8
BLACK
6
CONTINUOUS
10
162.125
20
-47.4249999999999972
11
161.7249999999999943
21
-47.8249999999999957
0
LINE
8
BLACK
6
CONTINUOUS
10
161.7249999999999943
20
-52.5049999999999955
11
162.125
21
-52.9050000000000011
0
LINE
8
BLACK
6
CONTINUOUS
10
162.125
20
-52.5049999999999955
11
161.7249999999999943
21
-52.9050000000000011
0
LINE
8
BLACK
6
CONTINUOUS
10
162.3599999999999852
20
-46.1550000000000011
11
162.7599999999999909
21
-46.5549999999999997
0
LINE
8
BLACK
6
CONTINUOUS
10
162.7599999999999909
20
-46.1550000000000011
11
162.3599999999999852
21
-46.5549999999999997
0
LINE
8
BLACK
6
CONTINUOUS
10
162.3599999999999852
20
-51.2349999999999994
11
162.7599999999999909
21
-51.634999999999998
0
LINE
8
BLACK
6
CONTINUOUS
10
162.7599999999999909
20
-51.2349999999999994
11
162.3599999999999852
21
-51.634999999999998
0
LINE
8
BLACK
6
CONTINUOUS
10
162.3599999999999852
20
-56.3149999999999977
11
162.7599999999999909
21
-56.7149999999999963
0
LINE
8
BLACK
6
CONTINUOUS
10
162.7599999999999909
20
-56.3149999999999977
11
162.3599999999999852
21
-56.7149999999999963
0
LINE
8
BLACK
6
CONTINUOUS
10
162.9950000000000045
20
-44.884999999999998
11
163.3949999999999818
21
-45.2849999999999966
0
LINE
8
BLACK
6
CONTINUOUS
10
163.3949999999999818
20
-44.884999999999998
11
162.9950000000000045
21
-45.2849999999999966
0
LINE
8
BLACK
6
CONTINUOUS
10
162.9950000000000045
20
-47.4249999999999972
11
163.3949999999999818
21
-47.8249999999999957
0
LINE
8
BLACK
6
CONTINUOUS
10
163.3949999999999818
20
-47.4249999999999972
11
162.9950000000000045
21
-47.8249999999999957
0
LINE
8
BLACK
6
CONTINUOUS
10
162.9950000000000045
20
-49.9649999999999963
11
163.3949999999999818
21
-50.3649999999999949
0
LINE
8
BLACK
6
CONTINUOUS
10
163.3949999999999818
20
-49.9649999999999963
11
162.9950000000000045
21
-50.3649999999999949
0
LINE
8
BLACK
6
CONTINUOUS
10
162.9950000000000045
20
-52.5049999999999955
11
163.3949999999999818
21
-52.9050000000000011
0
LINE
8
BLACK
6
CONTINUOUS
10
163.3949999999999818
20
-52.5049999999999955
11
162.9950000000000045
21
-52.9050000000000011
0
LINE
8
BLACK
6
CONTINUOUS
10
162.9950000000000045
20
-55.0449999999999946
11
163.3949999999999818
21
-55.4450000000000003
0
LINE
8
BLACK
6
CONTINUOUS
10
163.3949999999999818
20
-55.0449999999999946
11
162.9950000000000045
21
-55.4450000000000003
0
LINE
8
BLACK
6
CONTINUOUS
10
163.6299999999999955
20
-46.1550000000000011
11
164.0300000000000011
21
-46.5549999999999997
0
LINE
8
BLACK
6
CONTINUOUS
10
164.0300000000000011
20
-46.1550000000000011
11
163.6299999999999955
21
-46.5549999999999997
0
LINE
8
BLACK
6
CONTINUOUS
10
163.6299999999999955
20
-48.6950000000000003
11
164.0300000000000011
21
-49.0949999999999989
0
LINE
8
BLACK
6
CONTINUOUS
10
164.0300000000000011
20
-48.6950000000000003
11
163.6299999999999955
21
-49.0949999999999989
0
LINE
8
BLACK
6
CONTINUOUS
10
163.6299999999999955
20
-51.2349999999999994
11
164.0300000000000011
21
-51.634999999999998
0
LINE
8
BLACK
6
CONTINUOUS
10
164.0300000000000011
20
-51.2349999999999994
11
163.6299999999999955
21
-51.634999999999998
0
LINE
8
BLACK
6
CONTINUOUS
10
163.6299999999999955
20
-53.7749999999999986
11
164.0300000000000011
21
-54.1749999999999972
0
LINE
8
BLACK
6
CONTINUOUS
10
164.0300000000000011
20
-53.7749999999999986
11
163.6299999999999955
21
-54.1749999999999972
0
LINE
8
BLACK
6
CONTINUOUS
10
163.6299999999999955
20
-56.3149999999999977
11
164.0300000000000011
21
-56.7149999999999963
0
LINE
8
BLACK
6
CONTINUOUS
10
164.0300000000000011
20
-56.3149999999999977
11
163.6299999999999955
21
-56.7149999999999963
0
LINE
8
BLACK
6
CONTINUOUS
10
164.2649999999999864
20
-44.884999999999998
11
164.664999999999992
21
-45.2849999999999966
0
LINE
8
BLACK
6
CONTINUOUS
10
164.664999999999992
20
-44.884999999999998
11
164.2649999999999864
21
-45.2849999999999966
0
LINE
8
BLACK
6
CONTINUOUS
10
164.2649999999999864
20
-47.4249999999999972
11
164.664999999999992
21
-47.8249999999999957
0
LINE
8
BLACK
6
CONTINUOUS
10
164.664999999999992
20
-47.4249999999999972
11
164.2649999999999864
21
-47.8249999999999957
0
LINE
8
BLACK
6
CONTINUOUS
10
164.2649999999999864
20
-49.9649999999999963
11
164.664999999999992
21
-50.3649999999999949
0
LINE
8
BLACK
6
CONTINUOUS
10
164.664999999999992
20
-49.9649999999999963
11
164.2649999999999864
21
-50.3649999999999949
0
LINE
8
BLACK
6
CONTINUOUS
10
164.2649999999999864
20
-52.5049999999999955
11
164.664999999999992
21
-52.9050000000000011
0
LINE
8
BLACK
6
CONTINUOUS
10
164.664999999999992
20
-52.5049999999999955
11
164.2649999999999864
21
-52.9050000000000011
0
LINE
8
BLACK
6
CONTINUOUS
10
164.2649999999999864
20
-55.0449999999999946
11
164.664999999999992
21
-55.4450000000000003
0
LINE
8
BLACK
6
CONTINUOUS
10
164.664999999999992
20
-55.0449999999999946
11
164.2649999999999864
21
-55.4450000000000003
0
LINE
8
BLACK
6
CONTINUOUS
10
164.9000000000000057
20
-46.1550000000000011
11
165.2999999999999829
21
-46.5549999999999997
0
LINE
8
BLACK
6
CONTINUOUS
10
165.2999999999999829
20
-46.1550000000000011
11
164.9000000000000057
21
-46.5549999999999997
0
LINE
8
BLACK
6
CONTINUOUS
10
164.9000000000000057
20
-51.2349999999999994
11
165.2999999999999829
21
-51.634999999999998
0
LINE
8
BLACK
6
CONTINUOUS
10
165.2999999999999829
20
-51.2349999999999994
11
164.9000000000000057
21
-51.634999999999998
0
LINE
8
BLACK
6
CONTINUOUS
10
164.9000000000000057
20
-56.3149999999999977
11
165.2999999999999829
21
-56.7149999999999963
0
LINE
8
BLACK
6
CONTINUOUS
10
165.2999999999999829
20
-56.3149999999999977
11
164.9000000000000057
21
-56.7149999999999963
0
LINE
8
BLACK
6
CONTINUOUS
10
165.5349999999999966
20
-44.884999999999998
11
165.9350000000000023
21
-45.2849999999999966
0
LINE
8
BLACK
6
CONTINUOUS
10
165.9350000000000023
20
-44.884999999999998
11
165.5349999999999966
21
-45.2849999999999966
0
LINE
8
BLACK
6
CONTINUOUS
10
165.5349999999999966
20
-47.4249999999999972
11
165.9350000000000023
21
-47.8249999999999957
0
LINE
8
BLACK
6
CONTINUOUS
10
165.9350000000000023
20
-47.4249999999999972
11
165.5349999999999966
21
-47.8249999999999957
0
LINE
8
BLACK
6
CONTINUOUS
10
165.5349999999999966
20
-52.5049999999999955
11
165.9350000000000023
21
-52.9050000000000011
0
LINE
8
BLACK
6
CONTINUOUS
10
165.9350000000000023
20
-52.5049999999999955
11
165.5349999999999966
21
-52.9050000000000011
0
LINE
8
BLACK
6
CONTINUOUS
10
166.1699999999999875
20
-46.1550000000000011
11
166.5699999999999932
21
-46.5549999999999997
0
LINE
8
BLACK
6
CONTINUOUS
10
166.5699999999999932
20
-46.1550000000000011
11
166.1699999999999875
21
-46.5549999999999997
0
LINE
8
BLACK
6
CONTINUOUS
10
166.1699999999999875
20
-51.2349999999999994
11
166.5699999999999932
21
-51.634999999999998
0
LINE
8
BLACK
6
CONTINUOUS
10
166.5699999999999932
20
-51.2349999999999994
11
166.1699999999999875
21
-51.634999999999998
0
LINE
8
BLACK
6
CONTINUOUS
10
166.1699999999999875
20
-56.3149999999999977
11
166.5699999999999932
21
-56.7149999999999963
0
LINE
8
BLACK
6
CONTINUOUS
10
166.5699999999999932
20
-56.3149999999999977
11
166.1699999999999875
21
-56.7149999999999963
0
LINE
8
BLACK
6
CONTINUOUS
10
166.8049999999999784
20
-44.884999999999998
11
167.2049999999999841
21
-45.2849999999999966
0
LINE
8
BLACK
6
CONTINUOUS
10
167.2049999999999841
20
-44.884999999999998
11
166.8049999999999784
21
-45.2849999999999966
0
LINE
8
BLACK
6
CONTINUOUS
10
166.8049999999999784
20
-47.4249999999999972
11
167.2049999999999841
21
-47.8249999999999957
0
LINE
8
BLACK
6
CONTINUOUS
10
167.2049999999999841
20
-47.4249999999999972
11
166.8049999999999784
21
-47.8249999999999957
0
LINE
8
BLACK
6
CONTINUOUS
10
166.8049999999999784
20
-52.5049999999999955
11
167.2049999999999841
21
-52.9050000000000011
0
LINE
8
BLACK
6
CONTINUOUS
10
167.2049999999999841
20
-52.5049999999999955
11
166.8049999999999784
21
-52.9050000000000011
0
LINE
8
BLACK
6
CONTINUOUS
10
167.4399999999999977
20
-46.1550000000000011
11
167.8400000000000034
21
-46.5549999999999997
0
LINE
8
BLACK
6
CONTINUOUS
10
167.8400000000000034
20
-46.1550000000000011
11
167.4399999999999977
21
-46.5549999999999997
0
LINE
8
BLACK
6
CONTINUOUS
10
167.4399999999999977
20
-48.6950000000000003
11
167.8400000000000034
21
-49.0949999999999989
0
LINE
8
BLACK
6
CONTINUOUS
10
167.8400000000000034
20
-48.6950000000000003
11
167.4399999999999977
21
-49.0949999999999989
0
LINE
8
BLACK
6
CONTINUOUS
10
167.4399999999999977
20
-51.2349999999999994
11
167.8400000000000034
21
-51.634999999999998
0
LINE
8
BLACK
6
CONTINUOUS
10
167.8400000000000034
20
-51.2349999999999994
11
167.4399999999999977
21
-51.634999999999998
0
LINE
8
BLACK
6
CONTINUOUS
10
167.4399999999999977
20
-53.7749999999999986
11
167.8400000000000034
21
-54.1749999999999972
0
LINE
8
BLACK
6
CONTINUOUS
10
167.8400000000000034
20
-53.7749999999999986
11
167.4399999999999977
21
-54.1749999999999972
0
LINE
8
BLACK
6
CONTINUOUS
10
168.0749999999999886
20
-47.4249999999999972
11
168.4749999999999943
21
-47.8249999999999957
0
LINE
8
BLACK
6
CONTINUOUS
10
168.4749999999999943
20
-47.4249999999999972
11
168.0749999999999886
21
-47.8249999999999957
0
LINE
8
BLACK
6
CONTINUOUS
10
168.0749999999999886
20
-49.9649999999999963
11
168.4749999999999943
21
-50.3649999999999949
0
LINE
8
BLACK
6
CONTINUOUS
10
168.4749999999999943
20
-49.9649999999999963
11
168.0749999999999886
21
-50.3649999999999949
0
LINE
8
BLACK
6
CONTINUOUS
10
168.0749999999999886
20
-52.5049999999999955
11
168.4749999999999943
21
-52.9050000000000011
0
LINE
8
BLACK
6
CONTINUOUS
10
168.4749999999999943
20
-52.5049999999999955
11
168.0749999999999886
21
-52.9050000000000011
0
LINE
8
BLACK
6
CONTINUOUS
10
168.0749999999999886
20
-62.029999999999994
11
168.4749999999999943
21
-62.4299999999999997
0
LINE
8
BLACK
6
CONTINUOUS
10
168.4749999999999943
20
-62.029999999999994
11
168.0749999999999886
21
-62.4299999999999997
0
LINE
8
BLACK
6
CONTINUOUS
10
168.0749999999999886
20
-70.9200000000000017
11
168.4749999999999943
21
-71.3199999999999932
0
LINE
8
BLACK
6
CONTINUOUS
10
168.4749999999999943
20
-70.9200000000000017
11
168.0749999999999886
21
-71.3199999999999932
0
LINE
8
BLACK
6
CONTINUOUS
10
168.7099999999999795
20
-48.6950000000000003
11
169.1099999999999852
21
-49.0949999999999989
0
LINE
8
BLACK
6
CONTINUOUS
10
169.1099999999999852
20
-48.6950000000000003
11
168.7099999999999795
21
-49.0949999999999989
0
LINE
8
BLACK
6
CONTINUOUS
10
168.7099999999999795
20
-51.2349999999999994
11
169.1099999999999852
21
-51.634999999999998
0
LINE
8
BLACK
6
CONTINUOUS
10
169.1099999999999852
20
-51.2349999999999994
11
168.7099999999999795
21
-51.634999999999998
0
LINE
8
BLACK
6
CONTINUOUS
10
168.7099999999999795
20
-53.7749999999999986
11
169.1099999999999852
21
-54.1749999999999972
0
LINE
8
BLACK
6
CONTINUOUS
10
169.1099999999999852
20
-53.7749999999999986
11
168.7099999999999795
21
-54.1749999999999972
0
LINE
8
BLACK
6
CONTINUOUS
10
168.7099999999999795
20
-60.759999999999998
11
169.1099999999999852
21
-61.1599999999999966
0
LINE
8
BLACK
6
CONTINUOUS
10
169.1099999999999852
20
-60.759999999999998
11
168.7099999999999795
21
-61.1599999999999966
0
LINE
8
BLACK
6
CONTINUOUS
10
168.7099999999999795
20
-74.7299999999999898
11
169.1099999999999852
21
-75.1299999999999955
0
LINE
8
BLACK
6
CONTINUOUS
10
169.1099999999999852
20
-74.7299999999999898
11
168.7099999999999795
21
-75.1299999999999955
0
LINE
8
BLACK
6
CONTINUOUS
10
168.7099999999999795
20
-79.8100000000000023
11
169.1099999999999852
21
-80.2099999999999937
0
LINE
8
BLACK
6
CONTINUOUS
10
169.1099999999999852
20
-79.8100000000000023
11
168.7099999999999795
21
-80.2099999999999937
0
LINE
8
BLACK
6
CONTINUOUS
10
169.3449999999999989
20
-52.5049999999999955
11
169.7450000000000045
21
-52.9050000000000011
0
LINE
8
BLACK
6
CONTINUOUS
10
169.7450000000000045
20
-52.5049999999999955
11
169.3449999999999989
21
-52.9050000000000011
0
LINE
8
BLACK
6
CONTINUOUS
10
169.3449999999999989
20
-62.029999999999994
11
169.7450000000000045
21
-62.4299999999999997
0
LINE
8
BLACK
6
CONTINUOUS
10
169.7450000000000045
20
-62.029999999999994
11
169.3449999999999989
21
-62.4299999999999997
0
LINE
8
BLACK
6
CONTINUOUS
10
169.3449999999999989
20
-70.9200000000000017
11
169.7450000000000045
21
-71.3199999999999932
0
LINE
8
BLACK
6
CONTINUOUS
10
169.7450000000000045
20
-70.9200000000000017
11
169.3449999999999989
21
-71.3199999999999932
0
LINE
8
BLACK
6
CONTINUOUS
10
169.3449999999999989
20
-76.
11
169.7450000000000045
21
-76.3999999999999915
0
LINE
8
BLACK
6
CONTINUOUS
10
169.7450000000000045
20
-76.
11
169.3449999999999989
21
-76.3999999999999915
0
LINE
8
BLACK
6
CONTINUOUS
10
169.9799999999999898
20
-72.1899999999999977
11
170.3799999999999955
21
-72.5900000000000034
0
LINE
8
BLACK
6
CONTINUOUS
10
170.3799999999999955
20
-72.1899999999999977
11
169.9799999999999898
21
-72.5900000000000034
0
LINE
8
BLACK
6
CONTINUOUS
10
169.9799999999999898
20
-74.7299999999999898
11
170.3799999999999955
21
-75.1299999999999955
0
LINE
8
BLACK
6
CONTINUOUS
10
170.3799999999999955
20
-74.7299999999999898
11
169.9799999999999898
21
-75.1299999999999955
0
LINE
8
BLACK
6
CONTINUOUS
10
169.9799999999999898
20
-79.8100000000000023
11
170.3799999999999955
21
-80.2099999999999937
0
LINE
8
BLACK
6
CONTINUOUS
10
170.3799999999999955
20
-79.8100000000000023
11
169.9799999999999898
21
-80.2099999999999937
0
LINE
8
BLACK
6
CONTINUOUS
10
170.6149999999999807
20
-62.029999999999994
11
171.0149999999999864
21
-62.4299999999999997
0
LINE
8
BLACK
6
CONTINUOUS
10
171.0149999999999864
20
-62.029999999999994
11
170.6149999999999807
21
-62.4299999999999997
0
LINE
8
BLACK
6
CONTINUOUS
10
170.6149999999999807
20
-70.9200000000000017
11
171.0149999999999864
21
-71.3199999999999932
0
LINE
8
BLACK
6
CONTINUOUS
10
171.0149999999999864
20
-70.9200000000000017
11
170.6149999999999807
21
-71.3199999999999932
0
LINE
8
BLACK
6
CONTINUOUS
10
170.6149999999999807
20
-73.4599999999999937
11
171.0149999999999864
21
-73.8599999999999994
0
LINE
8
BLACK
6
CONTINUOUS
10
171.0149999999999864
20
-73.4599999999999937
11
170.6149999999999807
21
-73.8599999999999994
0
LINE
8
BLACK
6
CONTINUOUS
10
170.6149999999999807
20
-76.
11
171.0149999999999864
21
-76.3999999999999915
0
LINE
8
BLACK
6
CONTINUOUS
10
171.0149999999999864
20
-76.
11
170.6149999999999807
21
-76.3999999999999915
0
LINE
8
BLACK
6
CONTINUOUS
10
170.6149999999999807
20
-78.539999999999992
11
171.0149999999999864
21
-78.9399999999999977
0
LINE
8
BLACK
6
CONTINUOUS
10
171.0149999999999864
20
-78.539999999999992
11
170.6149999999999807
21
-78.9399999999999977
0
LINE
8
BLACK
6
CONTINUOUS
10
170.6149999999999807
20
-81.0799999999999983
11
171.0149999999999864
21
-81.4799999999999898
0
LINE
8
BLACK
6
CONTINUOUS
10
171.0149999999999864
20
-81.0799999999999983
11
170.6149999999999807
21
-81.4799999999999898
0
LINE
8
BLACK
6
CONTINUOUS
10
171.25
20
-72.1899999999999977
11
171.6500000000000057
21
-72.5900000000000034
0
LINE
8
BLACK
6
CONTINUOUS
10
171.6500000000000057
20
-72.1899999999999977
11
171.25
21
-72.5900000000000034
0
LINE
8
BLACK
6
CONTINUOUS
10
171.25
20
-74.7299999999999898
11
171.6500000000000057
21
-75.1299999999999955
0
LINE
8
BLACK
6
CONTINUOUS
10
171.6500000000000057
20
-74.7299999999999898
11
171.25
21
-75.1299999999999955
0
LINE
8
BLACK
6
CONTINUOUS
10
171.25
20
-77.269999999999996
11
171.6500000000000057
21
-77.6700000000000017
0
LINE
8
BLACK
6
CONTINUOUS
10
171.6500000000000057
20
-77.269999999999996
11
171.25
21
-77.6700000000000017
0
LINE
8
BLACK
6
CONTINUOUS
10
171.25
20
-79.8100000000000023
11
171.6500000000000057
21
-80.2099999999999937
0
LINE
8
BLACK
6
CONTINUOUS
10
171.6500000000000057
20
-79.8100000000000023
11
171.25
21
-80.2099999999999937
0
LINE
8
BLACK
6
CONTINUOUS
10
171.25
20
-82.3499999999999943
11
171.6500000000000057
21
-82.75
0
LINE
8
BLACK
6
CONTINUOUS
10
171.6500000000000057
20
-82.3499999999999943
11
171.25
21
-82.75
0
LINE
8
BLACK
6
CONTINUOUS
10
171.8849999999999909
20
-62.029999999999994
11
172.2849999999999966
21
-62.4299999999999997
0
LINE
8
BLACK
6
CONTINUOUS
10
172.2849999999999966
20
-62.029999999999994
11
171.8849999999999909
21
-62.4299999999999997
0
LINE
8
BLACK
6
CONTINUOUS
10
171.8849999999999909
20
-70.9200000000000017
11
172.2849999999999966
21
-71.3199999999999932
0
LINE
8
BLACK
6
CONTINUOUS
10
172.2849999999999966
20
-70.9200000000000017
11
171.8849999999999909
21
-71.3199999999999932
0
LINE
8
BLACK
6
CONTINUOUS
10
171.8849999999999909
20
-73.4599999999999937
11
172.2849999999999966
21
-73.8599999999999994
0
LINE
8
BLACK
6
CONTINUOUS
10
172.2849999999999966
20
-73.4599999999999937
11
171.8849999999999909
21
-73.8599999999999994
0
LINE
8
BLACK
6
CONTINUOUS
10
171.8849999999999909
20
-76.
11
172.2849999999999966
21
-76.3999999999999915
0
LINE
8
BLACK
6
CONTINUOUS
10
172.2849999999999966
20
-76.
11
171.8849999999999909
21
-76.3999999999999915
0
LINE
8
BLACK
6
CONTINUOUS
10
171.8849999999999909
20
-78.539999999999992
11
172.2849999999999966
21
-78.9399999999999977
0
LINE
8
BLACK
6
CONTINUOUS
10
172.2849999999999966
20
-78.539999999999992
11
171.8849999999999909
21
-78.9399999999999977
0
LINE
8
BLACK
6
CONTINUOUS
10
171.8849999999999909
20
-81.0799999999999983
11
172.2849999999999966
21
-81.4799999999999898
0
LINE
8
BLACK
6
CONTINUOUS
10
172.2849999999999966
20
-81.0799999999999983
11
171.8849999999999909
21
-81.4799999999999898
0
LINE
8
BLACK
6
CONTINUOUS
10
172.5199999999999818
20
-72.1899999999999977
11
172.9199999999999875
21
-72.5900000000000034
0
LINE
8
BLACK
6
CONTINUOUS
10
172.9199999999999875
20
-72.1899999999999977
11
172.5199999999999818
21
-72.5900000000000034
0
LINE
8
BLACK
6
CONTINUOUS
10
172.5199999999999818
20
-74.7299999999999898
11
172.9199999999999875
21
-75.1299999999999955
0
LINE
8
BLACK
6
CONTINUOUS
10
172.9199999999999875
20
-74.7299999999999898
11
172.5199999999999818
21
-75.1299999999999955
0
LINE
8
BLACK
6
CONTINUOUS
10
172.5199999999999818
20
-79.8100000000000023
11
172.9199999999999875
21
-80.2099999999999937
0
LINE
8
BLACK
6
CONTINUOUS
10
172.9199999999999875
20
-79.8100000000000023
11
172.5199999999999818
21
-80.2099999999999937
0
LINE
8
BLACK
6
CONTINUOUS
10
173.1550000000000011
20
-62.029999999999994
11
173.5549999999999784
21
-62.4299999999999997
0
LINE
8
BLACK
6
CONTINUOUS
10
173.5549999999999784
20
-62.029999999999994
11
173.1550000000000011
21
-62.4299999999999997
0
LINE
8
BLACK
6
CONTINUOUS
10
173.1550000000000011
20
-70.9200000000000017
11
173.5549999999999784
21
-71.3199999999999932
0
LINE
8
BLACK
6
CONTINUOUS
10
173.5549999999999784
20
-70.9200000000000017
11
173.1550000000000011
21
-71.3199999999999932
0
LINE
8
BLACK
6
CONTINUOUS
10
173.1550000000000011
20
-76.
11
173.5549999999999784
21
-76.3999999999999915
0
LINE
8
BLACK
6
CONTINUOUS
10
173.5549999999999784
20
-76.
11
173.1550000000000011
21
-76.3999999999999915
0
LINE
8
BLACK
6
CONTINUOUS
10
173.789999999999992
20
-60.759999999999998
11
174.1899999999999977
21
-61.1599999999999966
0
LINE
8
BLACK
6
CONTINUOUS
10
174.1899999999999977
20
-60.759999999999998
11
173.789999999999992
21
-61.1599999999999966
0
LINE
8
BLACK
6
CONTINUOUS
10
173.789999999999992
20
-74.7299999999999898
11
174.1899999999999977
21
-75.1299999999999955
0
LINE
8
BLACK
6
CONTINUOUS
10
174.1899999999999977
20
-74.7299999999999898
11
173.789999999999992
21
-75.1299999999999955
0
LINE
8
BLACK
6
CONTINUOUS
10
173.789999999999992
20
-79.8100000000000023
11
174.1899999999999977
21
-80.2099999999999937
0
LINE
8
BLACK
6
CONTINUOUS
10
174.1899999999999977
20
-79.8100000000000023
11
173.789999999999992
21
-80.2099999999999937
0
LINE
8
BLACK
6
CONTINUOUS
10
174.4249999999999829
20
-62.029999999999994
11
174.8249999999999886
21
-62.4299999999999997
0
LINE
8
BLACK
6
CONTINUOUS
10
174.8249999999999886
20
-62.029999999999994
11
174.4249999999999829
21
-62.4299999999999997
0
LINE
8
BLACK
6
CONTINUOUS
10
174.4249999999999829
20
-70.9200000000000017
11
174.8249999999999886
21
-71.3199999999999932
0
LINE
8
BLACK
6
CONTINUOUS
10
174.8249999999999886
20
-70.9200000000000017
11
174.4249999999999829
21
-71.3199999999999932
0
LINE
8
BLACK
6
CONTINUOUS
10
174.4249999999999829
20
-76.
11
174.8249999999999886
21
-76.3999999999999915
0
LINE
8
BLACK
6
CONTINUOUS
10
174.8249999999999886
20
-76.
11
174.4249999999999829
21
-76.3999999999999915
0
LINE
8
BLACK
6
CONTINUOUS
10
175.0600000000000023
20
-55.6799999999999997
11
175.4599999999999795
21
-56.0799999999999983
0
LINE
8
BLACK
6
CONTINUOUS
10
175.4599999999999795
20
-55.6799999999999997
11
175.0600000000000023
21
-56.0799999999999983
0
LINE
8
BLACK
6
CONTINUOUS
10
175.0600000000000023
20
-60.759999999999998
11
175.4599999999999795
21
-61.1599999999999966
0
LINE
8
BLACK
6
CONTINUOUS
10
175.4599999999999795
20
-60.759999999999998
11
175.0600000000000023
21
-61.1599999999999966
0
LINE
8
BLACK
6
CONTINUOUS
10
175.0600000000000023
20
-72.1899999999999977
11
175.4599999999999795
21
-72.5900000000000034
0
LINE
8
BLACK
6
CONTINUOUS
10
175.4599999999999795
20
-72.1899999999999977
11
175.0600000000000023
21
-72.5900000000000034
0
LINE
8
BLACK
6
CONTINUOUS
10
175.0600000000000023
20
-74.7299999999999898
11
175.4599999999999795
21
-75.1299999999999955
0
LINE
8
BLACK
6
CONTINUOUS
10
175.4599999999999795
20
-74.7299999999999898
11
175.0600000000000023
21
-75.1299999999999955
0
LINE
8
BLACK
6
CONTINUOUS
10
175.0600000000000023
20
-79.8100000000000023
11
175.4599999999999795
21
-80.2099999999999937
0
LINE
8
BLACK
6
CONTINUOUS
10
175.4599999999999795
20
-79.8100000000000023
11
175.0600000000000023
21
-80.2099999999999937
0
LINE
8
BLACK
6
CONTINUOUS
10
175.0600000000000023
20
-82.3499999999999943
11
175.4599999999999795
21
-82.75
0
LINE
8
BLACK
6
CONTINUOUS
10
175.4599999999999795
20
-82.3499999999999943
11
175.0600000000000023
21
-82.75
0
LINE
8
BLACK
6
CONTINUOUS
10
175.6949999999999932
20
-56.9499999999999957
11
176.0949999999999989
21
-57.3499999999999943
0
LINE
8
BLACK
6
CONTINUOUS
10
176.0949999999999989
20
-56.9499999999999957
11
175.6949999999999932
21
-57.3499999999999943
0
LINE
8
BLACK
6
CONTINUOUS
10
175.6949999999999932
20
-59.4899999999999949
11
176.0949999999999989
21
-59.8900000000000006
0
LINE
8
BLACK
6
CONTINUOUS
10
176.0949999999999989
20
-59.4899999999999949
11
175.6949999999999932
21
-59.8900000000000006
0
LINE
8
BLACK
6
CONTINUOUS
10
175.6949999999999932
20
-62.029999999999994
11
176.0949999999999989
21
-62.4299999999999997
0
LINE
8
BLACK
6
CONTINUOUS
10
176.0949999999999989
20
-62.029999999999994
11
175.6949999999999932
21
-62.4299999999999997
0
LINE
8
BLACK
6
CONTINUOUS
10
175.6949999999999932
20
-70.9200000000000017
11
176.0949999999999989
21
-71.3199999999999932
0
LINE
8
BLACK
6
CONTINUOUS
10
176.0949999999999989
20
-70.9200000000000017
11
175.6949999999999932
21
-71.3199999999999932
0
LINE
8
BLACK
6
CONTINUOUS
10
175.6949999999999932
20
-73.4599999999999937
11
176.0949999999999989
21
-73.8599999999999994
0
LINE
8
BLACK
6
CONTINUOUS
10
176.0949999999999989
20
-73.4599999999999937
11
175.6949999999999932
21
-73.8599999999999994
0
LINE
8
BLACK
6
CONTINUOUS
10
175.6949999999999932
20
-76.
11
176.0949999999999989
21
-76.3999999999999915
0
LINE
8
BLACK
6
CONTINUOUS
10
176.0949999999999989
20
-76.
11
175.6949999999999932
21
-76.3999999999999915
0
LINE
8
BLACK
6
CONTINUOUS
10
175.6949999999999932
20
-78.539999999999992
11
176.0949999999999989
21
-78.9399999999999977
0
LINE
8
BLACK
6
CONTINUOUS
10
176.0949999999999989
20
-78.539999999999992
11
175.6949999999999932
21
-78.9399999999999977
0
LINE
8
BLACK
6
CONTINUOUS
10
175.6949999999999932
20
-81.0799999999999983
11
176.0949999999999989
21
-81.4799999999999898
0
LINE
8
BLACK
6
CONTINUOUS
10
176.0949999999999989
20
-81.0799999999999983
11
175.6949999999999932
21
-81.4799999999999898
0
LINE
8
BLACK
6
CONTINUOUS
10
176.3299999999999841
20
-55.6799999999999997
11
176.7299999999999898
21
-56.0799999999999983
0
LINE
8
BLACK
6
CONTINUOUS
10
176.7299999999999898
20
-55.6799999999999997
11
176.3299999999999841
21
-56.0799999999999983
0
LINE
8
BLACK
6
CONTINUOUS
10
176.3299999999999841
20
-58.2199999999999989
11
176.7299999999999898
21
-58.6199999999999974
0
LINE
8
BLACK
6
CONTINUOUS
10
176.7299999999999898
20
-58.2199999999999989
11
176.3299999999999841
21
-58.6199999999999974
0
LINE
8
BLACK
6
CONTINUOUS
10
176.3299999999999841
20
-60.759999999999998
11
176.7299999999999898
21
-61.1599999999999966
0
LINE
8
BLACK
6
CONTINUOUS
10
176.7299999999999898
20
-60.759999999999998
11
176.3299999999999841
21
-61.1599999999999966
0
LINE
8
BLACK
6
CONTINUOUS
10
176.3299999999999841
20
-63.2999999999999972
11
176.7299999999999898
21
-63.6999999999999957
0
LINE
8
BLACK
6
CONTINUOUS
10
176.7299999999999898
20
-63.2999999999999972
11
176.3299999999999841
21
-63.6999999999999957
0
LINE
8
BLACK
6
CONTINUOUS
10
176.3299999999999841
20
-69.6499999999999915
11
176.7299999999999898
21
-70.0499999999999972
0
LINE
8
BLACK
6
CONTINUOUS
10
176.7299999999999898
20
-69.6499999999999915
11
176.3299999999999841
21
-70.0499999999999972
0
LINE
8
BLACK
6
CONTINUOUS
10
176.3299999999999841
20
-72.1899999999999977
11
176.7299999999999898
21
-72.5900000000000034
0
LINE
8
BLACK
6
CONTINUOUS
10
176.7299999999999898
20
-72.1899999999999977
11
176.3299999999999841
21
-72.5900000000000034
0
LINE
8
BLACK
6
CONTINUOUS
10
176.3299999999999841
20
-74.7299999999999898
11
176.7299999999999898
21
-75.1299999999999955
0
LINE
8
BLACK
6
CONTINUOUS
10
176.7299999999999898
20
-74.7299999999999898
11
176.3299999999999841
21
-75.1299999999999955
0
LINE
8
BLACK
6
CONTINUOUS
10
176.3299999999999841
20
-77.269999999999996
11
176.7299999999999898
21
-77.6700000000000017
0
LINE
8
BLACK
6
CONTINUOUS
10
176.7299999999999898
20
-77.269999999999996
11
176.3299999999999841
21
-77.6700000000000017
0
LINE
8
BLACK
6
CONTINUOUS
10
176.3299999999999841
20
-79.8100000000000023
11
176.7299999999999898
21
-80.2099999999999937
0
LINE
8
BLACK
6
CONTINUOUS
10
176.7299999999999898
20
-79.8100000000000023
11
176.3299999999999841
21
-80.2099999999999937
0
LINE
8
BLACK
6
CONTINUOUS
10
176.3299999999999841
20
-82.3499999999999943
11
176.7299999999999898
21
-82.75
0
LINE
8
BLACK
6
CONTINUOUS
10
176.7299999999999898
20
-82.3499999999999943
11
176.3299999999999841
21
-82.75
0
LINE
8
BLACK
6
CONTINUOUS
10
176.9650000000000034
20
-56.9499999999999957
11
177.3649999999999807
21
-57.3499999999999943
0
LINE
8
BLACK
6
CONTINUOUS
10
177.3649999999999807
20
-56.9499999999999957
11
176.9650000000000034
21
-57.3499999999999943
0
LINE
8
BLACK
6
CONTINUOUS
10
176.9650000000000034
20
-59.4899999999999949
11
177.3649999999999807
21
-59.8900000000000006
0
LINE
8
BLACK
6
CONTINUOUS
10
177.3649999999999807
20
-59.4899999999999949
11
176.9650000000000034
21
-59.8900000000000006
0
LINE
8
BLACK
6
CONTINUOUS
10
176.9650000000000034
20
-62.029999999999994
11
177.3649999999999807
21
-62.4299999999999997
0
LINE
8
BLACK
6
CONTINUOUS
10
177.3649999999999807
20
-62.029999999999994
11
176.9650000000000034
21
-62.4299999999999997
0
LINE
8
BLACK
6
CONTINUOUS
10
176.9650000000000034
20
-70.9200000000000017
11
177.3649999999999807
21
-71.3199999999999932
0
LINE
8
BLACK
6
CONTINUOUS
10
177.3649999999999807
20
-70.9200000000000017
11
176.9650000000000034
21
-71.3199999999999932
0
LINE
8
BLACK
6
CONTINUOUS
10
176.9650000000000034
20
-73.4599999999999937
11
177.3649999999999807
21
-73.8599999999999994
0
LINE
8
BLACK
6
CONTINUOUS
10
177.3649999999999807
20
-73.4599999999999937
11
176.9650000000000034
21
-73.8599999999999994
0
LINE
8
BLACK
6
CONTINUOUS
10
176.9650000000000034
20
-76.
11
177.3649999999999807
21
-76.3999999999999915
0
LINE
8
BLACK
6
CONTINUOUS
10
177.3649999999999807
20
-76.
11
176.9650000000000034
21
-76.3999999999999915
0
LINE
8
BLACK
6
CONTINUOUS
10
176.9650000000000034
20
-78.539999999999992
11
177.3649999999999807
21
-78.9399999999999977
0
LINE
8
BLACK
6
CONTINUOUS
10
177.3649999999999807
20
-78.539999999999992
11
176.9650000000000034
21
-78.9399999999999977
0
LINE
8
BLACK
6
CONTINUOUS
10
176.9650000000000034
20
-81.0799999999999983
11
177.3649999999999807
21
-81.4799999999999898
0
LINE
8
BLACK
6
CONTINUOUS
10
177.3649999999999807
20
-81.0799999999999983
11
176.9650000000000034
21
-81.4799999999999898
0
LINE
8
BLACK
6
CONTINUOUS
10
177.5999999999999943
20
-58.2199999999999989
11
178.
21
-58.6199999999999974
0
LINE
8
BLACK
6
CONTINUOUS
10
178.
20
-58.2199999999999989
11
177.5999999999999943
21
-58.6199999999999974
0
LINE
8
BLACK
6
CONTINUOUS
10
177.5999999999999943
20
-60.759999999999998
11
178.
21
-61.1599999999999966
0
LINE
8
BLACK
6
CONTINUOUS
10
178.
20
-60.759999999999998
11
177.5999999999999943
21
-61.1599999999999966
0
LINE
8
BLACK
6
CONTINUOUS
10
177.5999999999999943
20
-63.2999999999999972
11
178.
21
-63.6999999999999957
0
LINE
8
BLACK
6
CONTINUOUS
10
178.
20
-63.2999999999999972
11
177.5999999999999943
21
-63.6999999999999957
0
LINE
8
BLACK
6
CONTINUOUS
10
177.5999999999999943
20
-69.6499999999999915
11
178.
21
-70.0499999999999972
0
LINE
8
BLACK
6
CONTINUOUS
10
178.
20
-69.6499999999999915
11
177.5999999999999943
21
-70.0499999999999972
0
LINE
8
BLACK
6
CONTINUOUS
10
177.5999999999999943
20
-72.1899999999999977
11
178.
21
-72.5900000000000034
0
LINE
8
BLACK
6
CONTINUOUS
10
178.
20
-72.1899999999999977
11
177.5999999999999943
21
-72.5900000000000034
0
LINE
8
BLACK
6
CONTINUOUS
10
177.5999999999999943
20
-74.7299999999999898
11
178.
21
-75.1299999999999955
0
LINE
8
BLACK
6
CONTINUOUS
10
178.
20
-74.7299999999999898
11
177.5999999999999943
21
-75.1299999999999955
0
LINE
8
BLACK
6
CONTINUOUS
10
177.5999999999999943
20
-77.269999999999996
11
178.
21
-77.6700000000000017
0
LINE
8
BLACK
6
CONTINUOUS
10
178.
20
-77.269999999999996
11
177.5999999999999943
21
-77.6700000000000017
0
LINE
8
BLACK
6
CONTINUOUS
10
177.5999999999999943
20
-79.8100000000000023
11
178.
21
-80.2099999999999937
0
LINE
8
BLACK
6
CONTINUOUS
10
178.
20
-79.8100000000000023
11
177.5999999999999943
21
-80.2099999999999937
0
LINE
8
BLACK
6
CONTINUOUS
10
177.5999999999999943
20
-82.3499999999999943
11
178.
21
-82.75
0
LINE
8
BLACK
6
CONTINUOUS
10
178.
20
-82.3499999999999943
11
177.5999999999999943
21
-82.75
0
LINE
8
BLACK
6
CONTINUOUS
10
178.2349999999999852
20
-59.4899999999999949
11
178.6349999999999909
21
-59.8900000000000006
0
LINE
8
BLACK
6
CONTINUOUS
10
178.6349999999999909
20
-59.4899999999999949
11
178.2349999999999852
21
-59.8900000000000006
0
LINE
8
BLACK
6
CONTINUOUS
10
178.2349999999999852
20
-62.029999999999994
11
178.6349999999999909
21
-62.4299999999999997
0
LINE
8
BLACK
6
CONTINUOUS
10
178.6349999999999909
20
-62.029999999999994
11
178.2349999999999852
21
-62.4299999999999997
0
LINE
8
BLACK
6
CONTINUOUS
10
178.2349999999999852
20
-70.9200000000000017
11
178.6349999999999909
21
-71.3199999999999932
0
LINE
8
BLACK
6
CONTINUOUS
10
178.6349999999999909
20
-70.9200000000000017
11
178.2349999999999852
21
-71.3199999999999932
0
LINE
8
BLACK
6
CONTINUOUS
10
178.2349999999999852
20
-73.4599999999999937
11
178.6349999999999909
21
-73.8599999999999994
0
LINE
8
BLACK
6
CONTINUOUS
10
178.6349999999999909
20
-73.4599999999999937
11
178.2349999999999852
21
-73.8599999999999994
0
LINE
8
BLACK
6
CONTINUOUS
10
178.2349999999999852
20
-76.
11
178.6349999999999909
21
-76.3999999999999915
0
LINE
8
BLACK
6
CONTINUOUS
10
178.6349999999999909
20
-76.
11
178.2349999999999852
21
-76.3999999999999915
0
LINE
8
BLACK
6
CONTINUOUS
10
178.2349999999999852
20
-78.539999999999992
11
178.6349999999999909
21
-78.9399999999999977
0
LINE
8
BLACK
6
CONTINUOUS
10
178.6349999999999909
20
-78.539999999999992
11
178.2349999999999852
21
-78.9399999999999977
0
LINE
8
BLACK
6
CONTINUOUS
10
178.2349999999999852
20
-81.0799999999999983
11
178.6349999999999909
21
-81.4799999999999898
0
LINE
8
BLACK
6
CONTINUOUS
10
178.6349999999999909
20
-81.0799999999999983
11
178.2349999999999852
21
-81.4799999999999898
0
LINE
8
BLACK
6
CONTINUOUS
10
178.8700000000000045
20
-60.759999999999998
11
179.2699999999999818
21
-61.1599999999999966
0
LINE
8
BLACK
6
CONTINUOUS
10
179.2699999999999818
20
-60.759999999999998
11
178.8700000000000045
21
-61.1599999999999966
0
LINE
8
BLACK
6
CONTINUOUS
10
178.8700000000000045
20
-63.2999999999999972
11
179.2699999999999818
21
-63.6999999999999957
0
LINE
8
BLACK
6
CONTINUOUS
10
179.2699999999999818
20
-63.2999999999999972
11
178.8700000000000045
21
-63.6999999999999957
0
LINE
8
BLACK
6
CONTINUOUS
10
178.8700000000000045
20
-69.6499999999999915
11
179.2699999999999818
21
-70.0499999999999972
0
LINE
8
BLACK
6
CONTINUOUS
10
179.2699999999999818
20
-69.6499999999999915
11
178.8700000000000045
21
-70.0499999999999972
0
LINE
8
BLACK
6
CONTINUOUS
10
178.8700000000000045
20
-72.1899999999999977
11
179.2699999999999818
21
-72.5900000000000034
0
LINE
8
BLACK
6
CONTINUOUS
10
179.2699999999999818
20
-72.1899999999999977
11
178.8700000000000045
21
-72.5900000000000034
0
LINE
8
BLACK
6
CONTINUOUS
10
178.8700000000000045
20
-74.7299999999999898
11
179.2699999999999818
21
-75.1299999999999955
0
LINE
8
BLACK
6
CONTINUOUS
10
179.2699999999999818
20
-74.7299999999999898
11
178.8700000000000045
21
-75.1299999999999955
0
LINE
8
BLACK
6
CONTINUOUS
10
178.8700000000000045
20
-77.269999999999996
11
179.2699999999999818
21
-77.6700000000000017
0
LINE
8
BLACK
6
CONTINUOUS
10
179.2699999999999818
20
-77.269999999999996
11
178.8700000000000045
21
-77.6700000000000017
0
LINE
8
BLACK
6
CONTINUOUS
10
178.8700000000000045
20
-79.8100000000000023
11
179.2699999999999818
21
-80.2099999999999937
0
LINE
8
BLACK
6
CONTINUOUS
10
179.2699999999999818
20
-79.8100000000000023
11
178.8700000000000045
21
-80.2099999999999937
0
LINE
8
BLACK
6
CONTINUOUS
10
178.8700000000000045
20
-82.3499999999999943
11
179.2699999999999818
21
-82.75
0
LINE
8
BLACK
6
CONTINUOUS
10
179.2699999999999818
20
-82.3499999999999943
11
178.8700000000000045
21
-82.75
0
LINE
8
BLACK
6
CONTINUOUS
10
179.5049999999999955
20
-62.029999999999994
11
179.9050000000000011
21
-62.4299999999999997
0
LINE
8
BLACK
6
CONTINUOUS
10
179.9050000000000011
20
-62.029999999999994
11
179.5049999999999955
21
-62.4299999999999997
0
LINE
8
BLACK
6
CONTINUOUS
10
179.5049999999999955
20
-70.9200000000000017
11
179.9050000000000011
21
-71.3199999999999932
0
LINE
8
BLACK
6
CONTINUOUS
10
179.9050000000000011
20
-70.9200000000000017
11
179.5049999999999955
21
-71.3199999999999932
0
LINE
8
BLACK
6
CONTINUOUS
10
179.5049999999999955
20
-73.4599999999999937
11
179.9050000000000011
21
-73.8599999999999994
0
LINE
8
BLACK
6
CONTINUOUS
10
179.9050000000000011
20
-73.4599999999999937
11
179.5049999999999955
21
-73.8599999999999994
0
LINE
8
BLACK
6
CONTINUOUS
10
179.5049999999999955
20
-76.
11
179.9050000000000011
21
-76.3999999999999915
0
LINE
8
BLACK
6
CONTINUOUS
10
179.9050000000000011
20
-76.
11
179.5049999999999955
21
-76.3999999999999915
0
LINE
8
BLACK
6
CONTINUOUS
10
179.5049999999999955
20
-78.539999999999992
11
179.9050000000000011
21
-78.9399999999999977
0
LINE
8
BLACK
6
CONTINUOUS
10
179.9050000000000011
20
-78.539999999999992
11
179.5049999999999955
21
-78.9399999999999977
0
LINE
8
BLACK
6
CONTINUOUS
10
179.5049999999999955
20
-81.0799999999999983
11
179.9050000000000011
21
-81.4799999999999898
0
LINE
8
BLACK
6
CONTINUOUS
10
179.9050000000000011
20
-81.0799999999999983
11
179.5049999999999955
21
-81.4799999999999898
0
LINE
8
BLACK
6
CONTINUOUS
10
180.1399999999999864
20
-63.2999999999999972
11
180.539999999999992
21
-63.6999999999999957
0
LINE
8
BLACK
6
CONTINUOUS
10
180.539999999999992
20
-63.2999999999999972
11
180.1399999999999864
21
-63.6999999999999957
0
LINE
8
BLACK
6
CONTINUOUS
10
180.1399999999999864
20
-69.6499999999999915
11
180.539999999999992
21
-70.0499999999999972
0
LINE
8
BLACK
6
CONTINUOUS
10
180.539999999999992
20
-69.6499999999999915
11
180.1399999999999864
21
-70.0499999999999972
0
LINE
8
BLACK
6
CONTINUOUS
10
180.1399999999999864
20
-72.1899999999999977
11
180.539999999999992
21
-72.5900000000000034
0
LINE
8
BLACK
6
CONTINUOUS
10
180.539999999999992
20
-72.1899999999999977
11
180.1399999999999864
21
-72.5900000000000034
0
LINE
8
BLACK
6
CONTINUOUS
10
180.1399999999999864
20
-74.7299999999999898
11
180.539999999999992
21
-75.1299999999999955
0
LINE
8
BLACK
6
CONTINUOUS
10
180.539999999999992
20
-74.7299999999999898
11
180.1399999999999864
21
-75.1299999999999955
0
LINE
8
BLACK
6
CONTINUOUS
10
180.1399999999999864
20
-77.269999999999996
11
180.539999999999992
21
-77.6700000000000017
0
LINE
8
BLACK
6
CONTINUOUS
10
180.539999999999992
20
-77.269999999999996
11
180.1399999999999864
21
-77.6700000000000017
0
LINE
8
BLACK
6
CONTINUOUS
10
180.7750000000000057
20
-70.9200000000000017
11
181.1749999999999829
21
-71.3199999999999932
0
LINE
8
BLACK
6
CONTINUOUS
10
181.1749999999999829
20
-70.9200000000000017
11
180.7750000000000057
21
-71.3199999999999932
0
LINE
8
BLACK
6
CONTINUOUS
10
180.7750000000000057
20
-73.4599999999999937
11
181.1749999999999829
21
-73.8599999999999994
0
LINE
8
BLACK
6
CONTINUOUS
10
181.1749999999999829
20
-73.4599999999999937
11
180.7750000000000057
21
-73.8599999999999994
0
LINE
8
BLACK
6
CONTINUOUS
10
180.7750000000000057
20
-76.
11
181.1749999999999829
21
-76.3999999999999915
0
LINE
8
BLACK
6
CONTINUOUS
10
181.1749999999999829
20
-76.
11
180.7750000000000057
21
-76.3999999999999915
0
CIRCLE
8
BLACK
10
124.7139999999999986
20
-85.9789999999999992
40
0.325
0
CIRCLE
8
BLACK
10
124.7139999999999986
20
-87.2489999999999952
40
0.325
0
CIRCLE
8
BLACK
10
133.5900000000000034
20
-59.5999999999999943
40
0.325
0
CIRCLE
8
BLACK
10
133.5900000000000034
20
-60.8699999999999974
40
0.325
0
CIRCLE
8
BLACK
10
134.8599999999999852
20
-59.5999999999999943
40
0.325
0
CIRCLE
8
BLACK
10
134.8599999999999852
20
-60.8699999999999974
40
0.325
0
CIRCLE
8
BLACK
10
136.1299999999999955
20
-59.5999999999999943
40
0.325
0
CIRCLE
8
BLACK
10
136.1299999999999955
20
-60.8699999999999974
40
0.325
0
CIRCLE
8
BLACK
10
137.4000000000000057
20
-59.5999999999999943
40
0.325
0
CIRCLE
8
BLACK
10
137.4000000000000057
20
-60.8699999999999974
40
0.325
0
CIRCLE
8
BLACK
10
138.6699999999999875
20
-59.5999999999999943
40
0.325
0
CIRCLE
8
BLACK
10
138.6699999999999875
20
-60.8699999999999974
40
0.325
0
CIRCLE
8
BLACK
10
174.3870000000000005
20
-85.9789999999999992
40
0.325
0
CIRCLE
8
BLACK
10
174.3870000000000005
20
-87.2489999999999952
40
0.325
0
LINE
8
BLACK
6
CONTINUOUS
10
160.797239999999988
20
-90.1082499999999982
11
160.797239999999988
21
-91.1082499999999982
0
LINE
8
BLACK
6
CONTINUOUS
10
160.297239999999988
20
-90.6082499999999982
11
161.297239999999988
21
-90.6082499999999982
0
LINE
8
BLACK
6
CONTINUOUS
10
163.33723999999998
20
-90.1082499999999982
11
163.33723999999998
21
-91.1082499999999982
0
LINE
8
BLACK
6
CONTINUOUS
10
162.83723999999998
20
-90.6082499999999982
11
163.83723999999998
21
-90.6082499999999982
0
LINE
8
BLACK
6
CONTINUOUS
10
165.8772400000000005
20
-90.1082499999999982
11
165.8772400000000005
21
-91.1082499999999982
0
LINE
8
BLACK
6
CONTINUOUS
10
165.3772400000000005
20
-90.6082499999999982
11
166.3772400000000005
21
-90.6082499999999982
0
LINE
8
BLACK
6
CONTINUOUS
10
125.2776169999999922
20
-73.8486269999999934
11
125.2776169999999922
21
-73.0778729999999968
0
LINE
8
BLACK
6
CONTINUOUS
10
125.2776169999999922
20
-73.0778729999999968
11
124.5068629999999956
21
-73.0778729999999968
0
LINE
8
BLACK
6
CONTINUOUS
10
124.5068629999999956
20
-73.0778729999999968
11
124.5068629999999956
21
-73.8486269999999934
0
LINE
8
BLACK
6
CONTINUOUS
10
124.5068629999999956
20
-73.8486269999999934
11
125.2776169999999922
21
-73.8486269999999934
0
LINE
8
BLACK
6
CONTINUOUS
10
125.2776169999999922
20
-78.2936270000000007
11
125.2776169999999922
21
-77.5228729999999899
0
LINE
8
BLACK
6
CONTINUOUS
10
125.2776169999999922
20
-77.5228729999999899
11
124.5068629999999956
21
-77.5228729999999899
0
LINE
8
BLACK
6
CONTINUOUS
10
124.5068629999999956
20
-77.5228729999999899
11
124.5068629999999956
21
-78.2936270000000007
0
LINE
8
BLACK
6
CONTINUOUS
10
124.5068629999999956
20
-78.2936270000000007
11
125.2776169999999922
21
-78.2936270000000007
0
LINE
8
BLACK
6
CONTINUOUS
10
125.2776169999999922
20
-82.7386269999999939
11
125.2776169999999922
21
-81.9678729999999973
0
LINE
8
BLACK
6
CONTINUOUS
10
125.2776169999999922
20
-81.9678729999999973
11
124.5068629999999956
21
-81.9678729999999973
0
LINE
8
BLACK
6
CONTINUOUS
10
124.5068629999999956
20
-81.9678729999999973
11
124.5068629999999956
21
-82.7386269999999939
0
LINE
8
BLACK
6
CONTINUOUS
10
124.5068629999999956
20
-82.7386269999999939
11
125.2776169999999922
21
-82.7386269999999939
0
LINE
8
BLACK
6
CONTINUOUS
10
129.7776169999999922
20
-73.8486269999999934
11
129.7776169999999922
21
-73.0778729999999968
0
LINE
8
BLACK
6
CONTINUOUS
10
129.7776169999999922
20
-73.0778729999999968
11
129.0068629999999814
21
-73.0778729999999968
0
LINE
8
BLACK
6
CONTINUOUS
10
129.0068629999999814
20
-73.0778729999999968
11
129.0068629999999814
21
-73.8486269999999934
0
LINE
8
BLACK
6
CONTINUOUS
10
129.0068629999999814
20
-73.8486269999999934
11
129.7776169999999922
21
-73.8486269999999934
0
LINE
8
BLACK
6
CONTINUOUS
10
129.7776169999999922
20
-78.2936270000000007
11
129.7776169999999922
21
-77.5228729999999899
0
LINE
8
BLACK
6
CONTINUOUS
10
129.7776169999999922
20
-77.5228729999999899
11
129.0068629999999814
21
-77.5228729999999899
0
LINE
8
BLACK
6
CONTINUOUS
10
129.0068629999999814
20
-77.5228729999999899
11
129.0068629999999814
21
-78.2936270000000007
0
LINE
8
BLACK
6
CONTINUOUS
10
129.0068629999999814
20
-78.2936270000000007
11
129.7776169999999922
21
-78.2936270000000007
0
LINE
8
BLACK
6
CONTINUOUS
10
129.7776169999999922
20
-82.7386269999999939
11
129.7776169999999922
21
-81.9678729999999973
0
LINE
8
BLACK
6
CONTINUOUS
10
129.7776169999999922
20
-81.9678729999999973
11
129.0068629999999814
21
-81.9678729999999973
0
LINE
8
BLACK
6
CONTINUOUS
10
129.0068629999999814
20
-81.9678729999999973
11
129.0068629999999814
21
-82.7386269999999939
0
LINE
8
BLACK
6
CONTINUOUS
10
129.0068629999999814
20
-82.7386269999999939
11
129.7776169999999922
21
-82.7386269999999939
0
LINE
8
BLACK
6
CONTINUOUS
10
133.2426169999999956
20
-50.0086269999999971
11
133.2426169999999956
21
-49.2378730000000004
0
LINE
8
BLACK
6
CONTINUOUS
10
133.2426169999999956
20
-49.2378730000000004
11
132.4718629999999848
21
-49.2378730000000004
0
LINE
8
BLACK
6
CONTINUOUS
10
132.4718629999999848
20
-49.2378730000000004
11
132.4718629999999848
21
-50.0086269999999971
0
LINE
8
BLACK
6
CONTINUOUS
10
132.4718629999999848
20
-50.0086269999999971
11
133.2426169999999956
21
-50.0086269999999971
0
LINE
8
BLACK
6
CONTINUOUS
10
133.2426169999999956
20
-54.5086269999999971
11
133.2426169999999956
21
-53.7378730000000004
0
LINE
8
BLACK
6
CONTINUOUS
10
133.2426169999999956
20
-53.7378730000000004
11
132.4718629999999848
21
-53.7378730000000004
0
LINE
8
BLACK
6
CONTINUOUS
10
132.4718629999999848
20
-53.7378730000000004
11
132.4718629999999848
21
-54.5086269999999971
0
LINE
8
BLACK
6
CONTINUOUS
10
132.4718629999999848
20
-54.5086269999999971
11
133.2426169999999956
21
-54.5086269999999971
0
LINE
8
BLACK
6
CONTINUOUS
10
137.6876169999999888
20
-50.0086269999999971
11
137.6876169999999888
21
-49.2378730000000004
0
LINE
8
BLACK
6
CONTINUOUS
10
137.6876169999999888
20
-49.2378730000000004
11
136.9168630000000064
21
-49.2378730000000004
0
LINE
8
BLACK
6
CONTINUOUS
10
136.9168630000000064
20
-49.2378730000000004
11
136.9168630000000064
21
-50.0086269999999971
0
LINE
8
BLACK
6
CONTINUOUS
10
136.9168630000000064
20
-50.0086269999999971
11
137.6876169999999888
21
-50.0086269999999971
0
LINE
8
BLACK
6
CONTINUOUS
10
137.6876169999999888
20
-54.5086269999999971
11
137.6876169999999888
21
-53.7378730000000004
0
LINE
8
BLACK
6
CONTINUOUS
10
137.6876169999999888
20
-53.7378730000000004
11
136.9168630000000064
21
-53.7378730000000004
0
LINE
8
BLACK
6
CONTINUOUS
10
136.9168630000000064
20
-53.7378730000000004
11
136.9168630000000064
21
-54.5086269999999971
0
LINE
8
BLACK
6
CONTINUOUS
10
136.9168630000000064
20
-54.5086269999999971
11
137.6876169999999888
21
-54.5086269999999971
0
LINE
8
BLACK
6
CONTINUOUS
10
161.8176169999999843
20
-50.0086269999999971
11
161.8176169999999843
21
-49.2378730000000004
0
LINE
8
BLACK
6
CONTINUOUS
10
161.8176169999999843
20
-49.2378730000000004
11
161.0468630000000019
21
-49.2378730000000004
0
LINE
8
BLACK
6
CONTINUOUS
10
161.0468630000000019
20
-49.2378730000000004
11
161.0468630000000019
21
-50.0086269999999971
0
LINE
8
BLACK
6
CONTINUOUS
10
161.0468630000000019
20
-50.0086269999999971
11
161.8176169999999843
21
-50.0086269999999971
0
LINE
8
BLACK
6
CONTINUOUS
10
161.8176169999999843
20
-54.5086269999999971
11
161.8176169999999843
21
-53.7378730000000004
0
LINE
8
BLACK
6
CONTINUOUS
10
161.8176169999999843
20
-53.7378730000000004
11
161.0468630000000019
21
-53.7378730000000004
0
LINE
8
BLACK
6
CONTINUOUS
10
161.0468630000000019
20
-53.7378730000000004
11
161.0468630000000019
21
-54.5086269999999971
0
LINE
8
BLACK
6
CONTINUOUS
10
161.0468630000000019
20
-54.5086269999999971
11
161.8176169999999843
21
-54.5086269999999971
0
LINE
8
BLACK
6
CONTINUOUS
10
166.2626170000000059
20
-50.0086269999999971
11
166.2626170000000059
21
-49.2378730000000004
0
LINE
8
BLACK
6
CONTINUOUS
10
166.2626170000000059
20
-49.2378730000000004
11
165.4918629999999951
21
-49.2378730000000004
0
LINE
8
BLACK
6
CONTINUOUS
10
165.4918629999999951
20
-49.2378730000000004
11
165.4918629999999951
21
-50.0086269999999971
0
LINE
8
BLACK
6
CONTINUOUS
10
165.4918629999999951
20
-50.0086269999999971
11
166.2626170000000059
21
-50.0086269999999971
0
LINE
8
BLACK
6
CONTINUOUS
10
166.2626170000000059
20
-54.5086269999999971
11
166.2626170000000059
21
-53.7378730000000004
0
LINE
8
BLACK
6
CONTINUOUS
10
166.2626170000000059
20
-53.7378730000000004
11
165.4918629999999951
21
-53.7378730000000004
0
LINE
8
BLACK
6
CONTINUOUS
10
165.4918629999999951
20
-53.7378730000000004
11
165.4918629999999951
21
-54.5086269999999971
0
LINE
8
BLACK
6
CONTINUOUS
10
165.4918629999999951
20
-54.5086269999999971
11
166.2626170000000059
21
-54.5086269999999971
0
LINE
8
BLACK
6
CONTINUOUS
10
169.7276169999999809
20
-73.8486269999999934
11
169.7276169999999809
21
-73.0778729999999968
0
LINE
8
BLACK
6
CONTINUOUS
10
169.7276169999999809
20
-73.0778729999999968
11
168.9568629999999985
21
-73.0778729999999968
0
LINE
8
BLACK
6
CONTINUOUS
10
168.9568629999999985
20
-73.0778729999999968
11
168.9568629999999985
21
-73.8486269999999934
0
LINE
8
BLACK
6
CONTINUOUS
10
168.9568629999999985
20
-73.8486269999999934
11
169.7276169999999809
21
-73.8486269999999934
0
LINE
8
BLACK
6
CONTINUOUS
10
169.7276169999999809
20
-78.2936270000000007
11
169.7276169999999809
21
-77.5228729999999899
0
LINE
8
BLACK
6
CONTINUOUS
10
169.7276169999999809
20
-77.5228729999999899
11
168.9568629999999985
21
-77.5228729999999899
0
LINE
8
BLACK
6
CONTINUOUS
10
168.9568629999999985
20
-77.5228729999999899
11
168.9568629999999985
21
-78.2936270000000007
0
LINE
8
BLACK
6
CONTINUOUS
10
168.9568629999999985
20
-78.2936270000000007
11
169.7276169999999809
21
-78.2936270000000007
0
LINE
8
BLACK
6
CONTINUOUS
10
169.7276169999999809
20
-82.7386269999999939
11
169.7276169999999809
21
-81.9678729999999973
0
LINE
8
BLACK
6
CONTINUOUS
10
169.7276169999999809
20
-81.9678729999999973
11
168.9568629999999985
21
-81.9678729999999973
0
LINE
8
BLACK
6
CONTINUOUS
10
168.9568629999999985
20
-81.9678729999999973
11
168.9568629999999985
21
-82.7386269999999939
0
LINE
8
BLACK
6
CONTINUOUS
10
168.9568629999999985
20
-82.7386269999999939
11
169.7276169999999809
21
-82.7386269999999939
0
LINE
8
BLACK
6
CONTINUOUS
10
174.2276169999999809
20
-73.8486269999999934
11
174.2276169999999809
21
-73.0778729999999968
0
LINE
8
BLACK
6
CONTINUOUS
10
174.2276169999999809
20
-73.0778729999999968
11
173.4568629999999985
21
-73.0778729999999968
0
LINE
8
BLACK
6
CONTINUOUS
10
173.4568629999999985
20
-73.0778729999999968
11
173.4568629999999985
21
-73.8486269999999934
0
LINE
8
BLACK
6
CONTINUOUS
10
173.4568629999999985
20
-73.8486269999999934
11
174.2276169999999809
21
-73.8486269999999934
0
LINE
8
BLACK
6
CONTINUOUS
10
174.2276169999999809
20
-78.2936270000000007
11
174.2276169999999809
21
-77.5228729999999899
0
LINE
8
BLACK
6
CONTINUOUS
10
174.2276169999999809
20
-77.5228729999999899
11
173.4568629999999985
21
-77.5228729999999899
0
LINE
8
BLACK
6
CONTINUOUS
10
173.4568629999999985
20
-77.5228729999999899
11
173.4568629999999985
21
-78.2936270000000007
0
LINE
8
BLACK
6
CONTINUOUS
10
173.4568629999999985
20
-78.2936270000000007
11
174.2276169999999809
21
-78.2936270000000007
0
LINE
8
BLACK
6
CONTINUOUS
10
174.2276169999999809
20
-82.7386269999999939
11
174.2276169999999809
21
-81.9678729999999973
0
LINE
8
BLACK
6
CONTINUOUS
10
174.2276169999999809
20
-81.9678729999999973
11
173.4568629999999985
21
-81.9678729999999973
0
LINE
8
BLACK
6
CONTINUOUS
10
173.4568629999999985
20
-81.9678729999999973
11
173.4568629999999985
21
-82.7386269999999939
0
LINE
8
BLACK
6
CONTINUOUS
10
173.4568629999999985
20
-82.7386269999999939
11
174.2276169999999809
21
-82.7386269999999939
0
LINE
8
BLACK
6
CONTINUOUS
10
127.142240000000001
20
-60.3732499999999987
11
129.2922399999999925
21
-58.2232500000000002
0
LINE
8
BLACK
6
CONTINUOUS
10
129.2922399999999925
20
-58.2232500000000002
11
127.142240000000001
21
-56.0732499999999945
0
LINE
8
BLACK
6
CONTINUOUS
10
127.142240000000001
20
-56.0732499999999945
11
124.9922399999999953
21
-58.2232500000000002
0
LINE
8
BLACK
6
CONTINUOUS
10
124.9922399999999953
20
-58.2232500000000002
11
127.142240000000001
21
-60.3732499999999987
0
LINE
8
BLACK
6
CONTINUOUS
10
149.3672399999999811
20
-45.1332499999999968
11
151.5172399999999868
21
-42.9832499999999982
0
LINE
8
BLACK
6
CONTINUOUS
10
151.5172399999999868
20
-42.9832499999999982
11
149.3672399999999811
21
-40.8332499999999996
0
LINE
8
BLACK
6
CONTINUOUS
10
149.3672399999999811
20
-40.8332499999999996
11
147.2172400000000039
21
-42.9832499999999982
0
LINE
8
BLACK
6
CONTINUOUS
10
147.2172400000000039
20
-42.9832499999999982
11
149.3672399999999811
21
-45.1332499999999968
0
LINE
8
BLACK
6
CONTINUOUS
10
171.5922400000000039
20
-60.3732499999999987
11
173.7422399999999811
21
-58.2232500000000002
0
LINE
8
BLACK
6
CONTINUOUS
10
173.7422399999999811
20
-58.2232500000000002
11
171.5922400000000039
21
-56.0732499999999945
0
LINE
8
BLACK
6
CONTINUOUS
10
171.5922400000000039
20
-56.0732499999999945
11
169.4422399999999982
21
-58.2232500000000002
0
LINE
8
BLACK
6
CONTINUOUS
10
169.4422399999999982
20
-58.2232500000000002
11
171.5922400000000039
21
-60.3732499999999987
0
LINE
8
BLACK
6
CONTINUOUS
10
118.5429189999999977
20
-96.3961690000000004
11
118.5429189999999977
21
-94.3961690000000004
0
LINE
8
BLACK
6
CONTINUOUS
10
118.5429189999999977
20
-94.3961690000000004
11
119.0191090000000003
21
-94.3961690000000004
0
LINE
8
BLACK
6
CONTINUOUS
10
119.0191090000000003
20
-94.3961690000000004
11
119.3048239999999964
21
-94.4914069999999953
0
LINE
8
BLACK
6
CONTINUOUS
10
119.3048239999999964
20
-94.4914069999999953
11
119.4953000000000003
21
-94.6818829999999991
0
LINE
8
BLACK
6
CONTINUOUS
10
119.4953000000000003
20
-94.6818829999999991
11
119.5905379999999951
21
-94.8723589999999888
0
LINE
8
BLACK
6
CONTINUOUS
10
119.5905379999999951
20
-94.8723589999999888
11
119.6857759999999899
21
-95.2533109999999965
0
LINE
8
BLACK
6
CONTINUOUS
10
119.6857759999999899
20
-95.2533109999999965
11
119.6857759999999899
21
-95.5390259999999927
0
LINE
8
BLACK
6
CONTINUOUS
10
119.6857759999999899
20
-95.5390259999999927
11
119.5905379999999951
21
-95.9199780000000004
0
LINE
8
BLACK
6
CONTINUOUS
10
119.5905379999999951
20
-95.9199780000000004
11
119.4953000000000003
21
-96.1104539999999901
0
LINE
8
BLACK
6
CONTINUOUS
10
119.4953000000000003
20
-96.1104539999999901
11
119.3048239999999964
21
-96.3009309999999914
0
LINE
8
BLACK
6
CONTINUOUS
10
119.3048239999999964
20
-96.3009309999999914
11
119.0191090000000003
21
-96.3961690000000004
0
LINE
8
BLACK
6
CONTINUOUS
10
119.0191090000000003
20
-96.3961690000000004
11
118.5429189999999977
21
-96.3961690000000004
0
LINE
8
BLACK
6
CONTINUOUS
10
120.5429189999999977
20
-96.3961690000000004
11
120.5429189999999977
21
-95.0628349999999926
0
LINE
8
BLACK
6
CONTINUOUS
10
120.5429189999999977
20
-95.4437879999999979
11
120.6381569999999925
21
-95.2533109999999965
0
LINE
8
BLACK
6
CONTINUOUS
10
120.6381569999999925
20
-95.2533109999999965
11
120.7333950000000016
21
-95.1580730000000017
0
LINE
8
BLACK
6
CONTINUOUS
10
120.7333950000000016
20
-95.1580730000000017
11
120.9238709999999912
21
-95.0628349999999926
0
LINE
8
BLACK
6
CONTINUOUS
10
120.9238709999999912
20
-95.0628349999999926
11
121.1143479999999926
21
-95.0628349999999926
0
LINE
8
BLACK
6
CONTINUOUS
10
121.781013999999999
20
-96.3961690000000004
11
121.781013999999999
21
-95.0628349999999926
0
LINE
8
BLACK
6
CONTINUOUS
10
121.781013999999999
20
-94.3961690000000004
11
121.6857759999999899
21
-94.4914069999999953
0
LINE
8
BLACK
6
CONTINUOUS
10
121.6857759999999899
20
-94.4914069999999953
11
121.781013999999999
21
-94.5866449999999901
0
LINE
8
BLACK
6
CONTINUOUS
10
121.781013999999999
20
-94.5866449999999901
11
121.8762519999999938
21
-94.4914069999999953
0
LINE
8
BLACK
6
CONTINUOUS
10
121.8762519999999938
20
-94.4914069999999953
11
121.781013999999999
21
-94.3961690000000004
0
LINE
8
BLACK
6
CONTINUOUS
10
121.781013999999999
20
-94.3961690000000004
11
121.781013999999999
21
-94.5866449999999901
0
LINE
8
BLACK
6
CONTINUOUS
10
123.0191090000000003
20
-96.3961690000000004
11
122.8286329999999964
21
-96.3009309999999914
0
LINE
8
BLACK
6
CONTINUOUS
10
122.8286329999999964
20
-96.3009309999999914
11
122.7333949999999874
21
-96.1104539999999901
0
LINE
8
BLACK
6
CONTINUOUS
10
122.7333949999999874
20
-96.1104539999999901
11
122.7333949999999874
21
-94.3961690000000004
0
LINE
8
BLACK
6
CONTINUOUS
10
124.0667279999999977
20
-96.3961690000000004
11
123.8762519999999938
21
-96.3009309999999914
0
LINE
8
BLACK
6
CONTINUOUS
10
123.8762519999999938
20
-96.3009309999999914
11
123.781013999999999
21
-96.1104539999999901
0
LINE
8
BLACK
6
CONTINUOUS
10
123.781013999999999
20
-96.1104539999999901
11
123.781013999999999
21
-94.3961690000000004
0
LINE
8
BLACK
6
CONTINUOUS
10
126.3524429999999938
20
-96.3961690000000004
11
126.3524429999999938
21
-94.3961690000000004
0
LINE
8
BLACK
6
CONTINUOUS
10
126.3524429999999938
20
-94.3961690000000004
11
127.0191099999999977
21
-95.8247399999999914
0
LINE
8
BLACK
6
CONTINUOUS
10
127.0191099999999977
20
-95.8247399999999914
11
127.6857759999999899
21
-94.3961690000000004
0
LINE
8
BLACK
6
CONTINUOUS
10
127.6857759999999899
20
-94.3961690000000004
11
127.6857759999999899
21
-96.3961690000000004
0
LINE
8
BLACK
6
CONTINUOUS
10
129.4952999999999861
20
-96.3961690000000004
11
129.4952999999999861
21
-95.3485499999999888
0
LINE
8
BLACK
6
CONTINUOUS
10
129.4952999999999861
20
-95.3485499999999888
11
129.4000619999999913
21
-95.1580730000000017
0
LINE
8
BLACK
6
CONTINUOUS
10
129.4000619999999913
20
-95.1580730000000017
11
129.2095860000000016
21
-95.0628349999999926
0
LINE
8
BLACK
6
CONTINUOUS
10
129.2095860000000016
20
-95.0628349999999926
11
128.8286329999999964
21
-95.0628349999999926
0
LINE
8
BLACK
6
CONTINUOUS
10
128.8286329999999964
20
-95.0628349999999926
11
128.6381570000000067
21
-95.1580730000000017
0
LINE
8
BLACK
6
CONTINUOUS
10
129.4952999999999861
20
-96.3009309999999914
11
129.3048239999999964
21
-96.3961690000000004
0
LINE
8
BLACK
6
CONTINUOUS
10
129.3048239999999964
20
-96.3961690000000004
11
128.8286329999999964
21
-96.3961690000000004
0
LINE
8
BLACK
6
CONTINUOUS
10
128.8286329999999964
20
-96.3961690000000004
11
128.6381570000000067
21
-96.3009309999999914
0
LINE
8
BLACK
6
CONTINUOUS
10
128.6381570000000067
20
-96.3009309999999914
11
128.5429189999999835
21
-96.1104539999999901
0
LINE
8
BLACK
6
CONTINUOUS
10
128.5429189999999835
20
-96.1104539999999901
11
128.5429189999999835
21
-95.9199780000000004
0
LINE
8
BLACK
6
CONTINUOUS
10
128.5429189999999835
20
-95.9199780000000004
11
128.6381570000000067
21
-95.7295019999999965
0
LINE
8
BLACK
6
CONTINUOUS
10
128.6381570000000067
20
-95.7295019999999965
11
128.8286329999999964
21
-95.6342640000000017
0
LINE
8
BLACK
6
CONTINUOUS
10
128.8286329999999964
20
-95.6342640000000017
11
129.3048239999999964
21
-95.6342640000000017
0
LINE
8
BLACK
6
CONTINUOUS
10
129.3048239999999964
20
-95.6342640000000017
11
129.4952999999999861
21
-95.5390259999999927
0
LINE
8
BLACK
6
CONTINUOUS
10
130.4476809999999887
20
-95.0628349999999926
11
130.4476809999999887
21
-97.0628349999999926
0
LINE
8
BLACK
6
CONTINUOUS
10
130.4476809999999887
20
-95.1580730000000017
11
130.6381570000000067
21
-95.0628349999999926
0
LINE
8
BLACK
6
CONTINUOUS
10
130.6381570000000067
20
-95.0628349999999926
11
131.0191099999999835
21
-95.0628349999999926
0
LINE
8
BLACK
6
CONTINUOUS
10
131.0191099999999835
20
-95.0628349999999926
11
131.2095860000000016
21
-95.1580730000000017
0
LINE
8
BLACK
6
CONTINUOUS
10
131.2095860000000016
20
-95.1580730000000017
11
131.3048239999999964
21
-95.2533109999999965
0
LINE
8
BLACK
6
CONTINUOUS
10
131.3048239999999964
20
-95.2533109999999965
11
131.4000619999999913
21
-95.4437879999999979
0
LINE
8
BLACK
6
CONTINUOUS
10
131.4000619999999913
20
-95.4437879999999979
11
131.4000619999999913
21
-96.0152159999999952
0
LINE
8
BLACK
6
CONTINUOUS
10
131.4000619999999913
20
-96.0152159999999952
11
131.3048239999999964
21
-96.2056919999999991
0
LINE
8
BLACK
6
CONTINUOUS
10
131.3048239999999964
20
-96.2056919999999991
11
131.2095860000000016
21
-96.3009309999999914
0
LINE
8
BLACK
6
CONTINUOUS
10
131.2095860000000016
20
-96.3009309999999914
11
131.0191099999999835
21
-96.3961690000000004
0
LINE
8
BLACK
6
CONTINUOUS
10
131.0191099999999835
20
-96.3961690000000004
11
130.6381570000000067
21
-96.3961690000000004
0
LINE
8
BLACK
6
CONTINUOUS
10
130.6381570000000067
20
-96.3961690000000004
11
130.4476809999999887
21
-96.3009309999999914
0
LINE
8
BLACK
6
CONTINUOUS
10
132.257204999999999
20
-96.2056919999999991
11
132.3524429999999938
21
-96.3009309999999914
0
LINE
8
BLACK
6
CONTINUOUS
10
132.3524429999999938
20
-96.3009309999999914
11
132.257204999999999
21
-96.3961690000000004
0
LINE
8
BLACK
6
CONTINUOUS
10
132.257204999999999
20
-96.3961690000000004
11
132.1619670000000042
21
-96.3009309999999914
0
LINE
8
BLACK
6
CONTINUOUS
10
132.1619670000000042
20
-96.3009309999999914
11
132.257204999999999
21
-96.2056919999999991
0
LINE
8
BLACK
6
CONTINUOUS
10
132.257204999999999
20
-96.2056919999999991
11
132.257204999999999
21
-96.3961690000000004
0
LINE
8
BLACK
6
CONTINUOUS
10
132.257204999999999
20
-95.1580730000000017
11
132.3524429999999938
21
-95.2533109999999965
0
LINE
8
BLACK
6
CONTINUOUS
10
132.3524429999999938
20
-95.2533109999999965
11
132.257204999999999
21
-95.3485499999999888
0
LINE
8
BLACK
6
CONTINUOUS
10
132.257204999999999
20
-95.3485499999999888
11
132.1619670000000042
21
-95.2533109999999965
0
LINE
8
BLACK
6
CONTINUOUS
10
132.1619670000000042
20
-95.2533109999999965
11
132.257204999999999
21
-95.1580730000000017
0
LINE
8
BLACK
6
CONTINUOUS
10
132.257204999999999
20
-95.1580730000000017
11
132.257204999999999
21
-95.3485499999999888
0
LINE
8
BLACK
6
CONTINUOUS
10
115.535150999999999
20
-99.4813309999999973
11
115.9351509999999905
21
-99.8813309999999888
0
LINE
8
BLACK
6
CONTINUOUS
10
115.9351509999999905
20
-99.4813309999999973
11
115.535150999999999
21
-99.8813309999999888
0
LINE
8
BLACK
6
CONTINUOUS
10
118.9238709999999912
20
-98.5961689999999891
11
119.1143479999999926
21
-98.5961689999999891
0
LINE
8
BLACK
6
CONTINUOUS
10
119.1143479999999926
20
-98.5961689999999891
11
119.3048239999999964
21
-98.6914069999999981
0
LINE
8
BLACK
6
CONTINUOUS
10
119.3048239999999964
20
-98.6914069999999981
11
119.4000619999999913
21
-98.7866449999999929
0
LINE
8
BLACK
6
CONTINUOUS
10
119.4000619999999913
20
-98.7866449999999929
11
119.4953000000000003
21
-98.9771209999999968
0
LINE
8
BLACK
6
CONTINUOUS
10
119.4953000000000003
20
-98.9771209999999968
11
119.5905379999999951
21
-99.3580729999999903
0
LINE
8
BLACK
6
CONTINUOUS
10
119.5905379999999951
20
-99.3580729999999903
11
119.5905379999999951
21
-99.8342639999999903
0
LINE
8
BLACK
6
CONTINUOUS
10
119.5905379999999951
20
-99.8342639999999903
11
119.4953000000000003
21
-100.2152159999999981
0
LINE
8
BLACK
6
CONTINUOUS
10
119.4953000000000003
20
-100.2152159999999981
11
119.4000619999999913
21
-100.4056920000000019
0
LINE
8
BLACK
6
CONTINUOUS
10
119.4000619999999913
20
-100.4056920000000019
11
119.3048239999999964
21
-100.5009309999999942
0
LINE
8
BLACK
6
CONTINUOUS
10
119.3048239999999964
20
-100.5009309999999942
11
119.1143479999999926
21
-100.5961689999999891
0
LINE
8
BLACK
6
CONTINUOUS
10
119.1143479999999926
20
-100.5961689999999891
11
118.9238709999999912
21
-100.5961689999999891
0
LINE
8
BLACK
6
CONTINUOUS
10
118.9238709999999912
20
-100.5961689999999891
11
118.7333950000000016
21
-100.5009309999999942
0
LINE
8
BLACK
6
CONTINUOUS
10
118.7333950000000016
20
-100.5009309999999942
11
118.6381569999999925
21
-100.4056920000000019
0
LINE
8
BLACK
6
CONTINUOUS
10
118.6381569999999925
20
-100.4056920000000019
11
118.5429189999999977
21
-100.2152159999999981
0
LINE
8
BLACK
6
CONTINUOUS
10
118.5429189999999977
20
-100.2152159999999981
11
118.4476809999999887
21
-99.8342639999999903
0
LINE
8
BLACK
6
CONTINUOUS
10
118.4476809999999887
20
-99.8342639999999903
11
118.4476809999999887
21
-99.3580729999999903
0
LINE
8
BLACK
6
CONTINUOUS
10
118.4476809999999887
20
-99.3580729999999903
11
118.5429189999999977
21
-98.9771209999999968
0
LINE
8
BLACK
6
CONTINUOUS
10
118.5429189999999977
20
-98.9771209999999968
11
118.6381569999999925
21
-98.7866449999999929
0
LINE
8
BLACK
6
CONTINUOUS
10
118.6381569999999925
20
-98.7866449999999929
11
118.7333950000000016
21
-98.6914069999999981
0
LINE
8
BLACK
6
CONTINUOUS
10
118.7333950000000016
20
-98.6914069999999981
11
118.9238709999999912
21
-98.5961689999999891
0
LINE
8
BLACK
6
CONTINUOUS
10
120.4476809999999887
20
-100.4056920000000019
11
120.5429189999999977
21
-100.5009309999999942
0
LINE
8
BLACK
6
CONTINUOUS
10
120.5429189999999977
20
-100.5009309999999942
11
120.4476809999999887
21
-100.5961689999999891
0
LINE
8
BLACK
6
CONTINUOUS
10
120.4476809999999887
20
-100.5961689999999891
11
120.3524429999999938
21
-100.5009309999999942
0
LINE
8
BLACK
6
CONTINUOUS
10
120.3524429999999938
20
-100.5009309999999942
11
120.4476809999999887
21
-100.4056920000000019
0
LINE
8
BLACK
6
CONTINUOUS
10
120.4476809999999887
20
-100.4056920000000019
11
120.4476809999999887
21
-100.5961689999999891
0
LINE
8
BLACK
6
CONTINUOUS
10
122.257204999999999
20
-99.2628349999999955
11
122.257204999999999
21
-100.5961689999999891
0
LINE
8
BLACK
6
CONTINUOUS
10
121.781013999999999
20
-98.5009309999999942
11
121.3048239999999964
21
-99.9295019999999994
0
LINE
8
BLACK
6
CONTINUOUS
10
121.3048239999999964
20
-99.9295019999999994
11
122.5429189999999977
21
-99.9295019999999994
0
LINE
8
BLACK
6
CONTINUOUS
10
123.6857759999999899
20
-98.5961689999999891
11
123.8762529999999913
21
-98.5961689999999891
0
LINE
8
BLACK
6
CONTINUOUS
10
123.8762529999999913
20
-98.5961689999999891
11
124.0667289999999952
21
-98.6914069999999981
0
LINE
8
BLACK
6
CONTINUOUS
10
124.0667289999999952
20
-98.6914069999999981
11
124.16196699999999
21
-98.7866449999999929
0
LINE
8
BLACK
6
CONTINUOUS
10
124.16196699999999
20
-98.7866449999999929
11
124.257204999999999
21
-98.9771209999999968
0
LINE
8
BLACK
6
CONTINUOUS
10
124.257204999999999
20
-98.9771209999999968
11
124.3524429999999938
21
-99.3580729999999903
0
LINE
8
BLACK
6
CONTINUOUS
10
124.3524429999999938
20
-99.3580729999999903
11
124.3524429999999938
21
-99.8342639999999903
0
LINE
8
BLACK
6
CONTINUOUS
10
124.3524429999999938
20
-99.8342639999999903
11
124.257204999999999
21
-100.2152159999999981
0
LINE
8
BLACK
6
CONTINUOUS
10
124.257204999999999
20
-100.2152159999999981
11
124.16196699999999
21
-100.4056920000000019
0
LINE
8
BLACK
6
CONTINUOUS
10
124.16196699999999
20
-100.4056920000000019
11
124.0667289999999952
21
-100.5009309999999942
0
LINE
8
BLACK
6
CONTINUOUS
10
124.0667289999999952
20
-100.5009309999999942
11
123.8762529999999913
21
-100.5961689999999891
0
LINE
8
BLACK
6
CONTINUOUS
10
123.8762529999999913
20
-100.5961689999999891
11
123.6857759999999899
21
-100.5961689999999891
0
LINE
8
BLACK
6
CONTINUOUS
10
123.6857759999999899
20
-100.5961689999999891
11
123.4953000000000003
21
-100.5009309999999942
0
LINE
8
BLACK
6
CONTINUOUS
10
123.4953000000000003
20
-100.5009309999999942
11
123.4000619999999913
21
-100.4056920000000019
0
LINE
8
BLACK
6
CONTINUOUS
10
123.4000619999999913
20
-100.4056920000000019
11
123.3048239999999964
21
-100.2152159999999981
0
LINE
8
BLACK
6
CONTINUOUS
10
123.3048239999999964
20
-100.2152159999999981
11
123.2095859999999874
21
-99.8342639999999903
0
LINE
8
BLACK
6
CONTINUOUS
10
123.2095859999999874
20
-99.8342639999999903
11
123.2095859999999874
21
-99.3580729999999903
0
LINE
8
BLACK
6
CONTINUOUS
10
123.2095859999999874
20
-99.3580729999999903
11
123.3048239999999964
21
-98.9771209999999968
0
LINE
8
BLACK
6
CONTINUOUS
10
123.3048239999999964
20
-98.9771209999999968
11
123.4000619999999913
21
-98.7866449999999929
0
LINE
8
BLACK
6
CONTINUOUS
10
123.4000619999999913
20
-98.7866449999999929
11
123.4953000000000003
21
-98.6914069999999981
0
LINE
8
BLACK
6
CONTINUOUS
10
123.4953000000000003
20
-98.6914069999999981
11
123.6857759999999899
21
-98.5961689999999891
0
LINE
8
BLACK
6
CONTINUOUS
10
125.5905379999999951
20
-98.5961689999999891
11
125.7810149999999965
21
-98.5961689999999891
0
LINE
8
BLACK
6
CONTINUOUS
10
125.7810149999999965
20
-98.5961689999999891
11
125.9714910000000003
21
-98.6914069999999981
0
LINE
8
BLACK
6
CONTINUOUS
10
125.9714910000000003
20
-98.6914069999999981
11
126.0667289999999952
21
-98.7866449999999929
0
LINE
8
BLACK
6
CONTINUOUS
10
126.0667289999999952
20
-98.7866449999999929
11
126.16196699999999
21
-98.9771209999999968
0
LINE
8
BLACK
6
CONTINUOUS
10
126.16196699999999
20
-98.9771209999999968
11
126.257204999999999
21
-99.3580729999999903
0
LINE
8
BLACK
6
CONTINUOUS
10
126.257204999999999
20
-99.3580729999999903
11
126.257204999999999
21
-99.8342639999999903
0
LINE
8
BLACK
6
CONTINUOUS
10
126.257204999999999
20
-99.8342639999999903
11
126.16196699999999
21
-100.2152159999999981
0
LINE
8
BLACK
6
CONTINUOUS
10
126.16196699999999
20
-100.2152159999999981
11
126.0667289999999952
21
-100.4056920000000019
0
LINE
8
BLACK
6
CONTINUOUS
10
126.0667289999999952
20
-100.4056920000000019
11
125.9714910000000003
21
-100.5009309999999942
0
LINE
8
BLACK
6
CONTINUOUS
10
125.9714910000000003
20
-100.5009309999999942
11
125.7810149999999965
21
-100.5961689999999891
0
LINE
8
BLACK
6
CONTINUOUS
10
125.7810149999999965
20
-100.5961689999999891
11
125.5905379999999951
21
-100.5961689999999891
0
LINE
8
BLACK
6
CONTINUOUS
10
125.5905379999999951
20
-100.5961689999999891
11
125.4000619999999913
21
-100.5009309999999942
0
LINE
8
BLACK
6
CONTINUOUS
10
125.4000619999999913
20
-100.5009309999999942
11
125.3048239999999964
21
-100.4056920000000019
0
LINE
8
BLACK
6
CONTINUOUS
10
125.3048239999999964
20
-100.4056920000000019
11
125.2095859999999874
21
-100.2152159999999981
0
LINE
8
BLACK
6
CONTINUOUS
10
125.2095859999999874
20
-100.2152159999999981
11
125.1143479999999926
21
-99.8342639999999903
0
LINE
8
BLACK
6
CONTINUOUS
10
125.1143479999999926
20
-99.8342639999999903
11
125.1143479999999926
21
-99.3580729999999903
0
LINE
8
BLACK
6
CONTINUOUS
10
125.1143479999999926
20
-99.3580729999999903
11
125.2095859999999874
21
-98.9771209999999968
0
LINE
8
BLACK
6
CONTINUOUS
10
125.2095859999999874
20
-98.9771209999999968
11
125.3048239999999964
21
-98.7866449999999929
0
LINE
8
BLACK
6
CONTINUOUS
10
125.3048239999999964
20
-98.7866449999999929
11
125.4000619999999913
21
-98.6914069999999981
0
LINE
8
BLACK
6
CONTINUOUS
10
125.4000619999999913
20
-98.6914069999999981
11
125.5905379999999951
21
-98.5961689999999891
0
LINE
8
BLACK
6
CONTINUOUS
10
127.1143479999999926
20
-100.5961689999999891
11
127.1143479999999926
21
-99.2628349999999955
0
LINE
8
BLACK
6
CONTINUOUS
10
127.1143479999999926
20
-99.4533109999999994
11
127.2095859999999874
21
-99.3580729999999903
0
LINE
8
BLACK
6
CONTINUOUS
10
127.2095859999999874
20
-99.3580729999999903
11
127.4000619999999913
21
-99.2628349999999955
0
LINE
8
BLACK
6
CONTINUOUS
10
127.4000619999999913
20
-99.2628349999999955
11
127.6857769999999874
21
-99.2628349999999955
0
LINE
8
BLACK
6
CONTINUOUS
10
127.6857769999999874
20
-99.2628349999999955
11
127.8762529999999913
21
-99.3580729999999903
0
LINE
8
BLACK
6
CONTINUOUS
10
127.8762529999999913
20
-99.3580729999999903
11
127.9714910000000003
21
-99.5485499999999917
0
LINE
8
BLACK
6
CONTINUOUS
10
127.9714910000000003
20
-99.5485499999999917
11
127.9714910000000003
21
-100.5961689999999891
0
LINE
8
BLACK
6
CONTINUOUS
10
127.9714910000000003
20
-99.5485499999999917
11
128.0667289999999809
21
-99.3580729999999903
0
LINE
8
BLACK
6
CONTINUOUS
10
128.0667289999999809
20
-99.3580729999999903
11
128.257204999999999
21
-99.2628349999999955
0
LINE
8
BLACK
6
CONTINUOUS
10
128.257204999999999
20
-99.2628349999999955
11
128.5429189999999835
21
-99.2628349999999955
0
LINE
8
BLACK
6
CONTINUOUS
10
128.5429189999999835
20
-99.2628349999999955
11
128.733395999999999
21
-99.3580729999999903
0
LINE
8
BLACK
6
CONTINUOUS
10
128.733395999999999
20
-99.3580729999999903
11
128.8286339999999939
21
-99.5485499999999917
0
LINE
8
BLACK
6
CONTINUOUS
10
128.8286339999999939
20
-99.5485499999999917
11
128.8286339999999939
21
-100.5961689999999891
0
LINE
8
BLACK
6
CONTINUOUS
10
129.7810149999999965
20
-100.5961689999999891
11
129.7810149999999965
21
-99.2628349999999955
0
LINE
8
BLACK
6
CONTINUOUS
10
129.7810149999999965
20
-99.4533109999999994
11
129.8762529999999913
21
-99.3580729999999903
0
LINE
8
BLACK
6
CONTINUOUS
10
129.8762529999999913
20
-99.3580729999999903
11
130.0667289999999809
21
-99.2628349999999955
0
LINE
8
BLACK
6
CONTINUOUS
10
130.0667289999999809
20
-99.2628349999999955
11
130.3524439999999913
21
-99.2628349999999955
0
LINE
8
BLACK
6
CONTINUOUS
10
130.3524439999999913
20
-99.2628349999999955
11
130.542919999999981
21
-99.3580729999999903
0
LINE
8
BLACK
6
CONTINUOUS
10
130.542919999999981
20
-99.3580729999999903
11
130.6381580000000042
21
-99.5485499999999917
0
LINE
8
BLACK
6
CONTINUOUS
10
130.6381580000000042
20
-99.5485499999999917
11
130.6381580000000042
21
-100.5961689999999891
0
LINE
8
BLACK
6
CONTINUOUS
10
130.6381580000000042
20
-99.5485499999999917
11
130.733395999999999
21
-99.3580729999999903
0
LINE
8
BLACK
6
CONTINUOUS
10
130.733395999999999
20
-99.3580729999999903
11
130.9238719999999887
21
-99.2628349999999955
0
LINE
8
BLACK
6
CONTINUOUS
10
130.9238719999999887
20
-99.2628349999999955
11
131.2095860000000016
21
-99.2628349999999955
0
LINE
8
BLACK
6
CONTINUOUS
10
131.2095860000000016
20
-99.2628349999999955
11
131.4000629999999887
21
-99.3580729999999903
0
LINE
8
BLACK
6
CONTINUOUS
10
131.4000629999999887
20
-99.3580729999999903
11
131.4953009999999836
21
-99.5485499999999917
0
LINE
8
BLACK
6
CONTINUOUS
10
131.4953009999999836
20
-99.5485499999999917
11
131.4953009999999836
21
-100.5961689999999891
0
LINE
8
BLACK
6
CONTINUOUS
10
135.4000629999999887
20
-98.5009309999999942
11
133.6857779999999991
21
-101.0723589999999916
0
LINE
8
BLACK
6
CONTINUOUS
10
137.9714919999999836
20
-98.5961689999999891
11
138.1619689999999991
21
-98.5961689999999891
0
LINE
8
BLACK
6
CONTINUOUS
10
138.1619689999999991
20
-98.5961689999999891
11
138.3524449999999888
21
-98.6914069999999981
0
LINE
8
BLACK
6
CONTINUOUS
10
138.3524449999999888
20
-98.6914069999999981
11
138.4476829999999836
21
-98.7866449999999929
0
LINE
8
BLACK
6
CONTINUOUS
10
138.4476829999999836
20
-98.7866449999999929
11
138.5429210000000069
21
-98.9771209999999968
0
LINE
8
BLACK
6
CONTINUOUS
10
138.5429210000000069
20
-98.9771209999999968
11
138.6381590000000017
21
-99.3580729999999903
0
LINE
8
BLACK
6
CONTINUOUS
10
138.6381590000000017
20
-99.3580729999999903
11
138.6381590000000017
21
-99.8342639999999903
0
LINE
8
BLACK
6
CONTINUOUS
10
138.6381590000000017
20
-99.8342639999999903
11
138.5429210000000069
21
-100.2152159999999981
0
LINE
8
BLACK
6
CONTINUOUS
10
138.5429210000000069
20
-100.2152159999999981
11
138.4476829999999836
21
-100.4056920000000019
0
LINE
8
BLACK
6
CONTINUOUS
10
138.4476829999999836
20
-100.4056920000000019
11
138.3524449999999888
21
-100.5009309999999942
0
LINE
8
BLACK
6
CONTINUOUS
10
138.3524449999999888
20
-100.5009309999999942
11
138.1619689999999991
21
-100.5961689999999891
0
LINE
8
BLACK
6
CONTINUOUS
10
138.1619689999999991
20
-100.5961689999999891
11
137.9714919999999836
21
-100.5961689999999891
0
LINE
8
BLACK
6
CONTINUOUS
10
137.9714919999999836
20
-100.5961689999999891
11
137.7810159999999939
21
-100.5009309999999942
0
LINE
8
BLACK
6
CONTINUOUS
10
137.7810159999999939
20
-100.5009309999999942
11
137.6857779999999991
21
-100.4056920000000019
0
LINE
8
BLACK
6
CONTINUOUS
10
137.6857779999999991
20
-100.4056920000000019
11
137.5905400000000043
21
-100.2152159999999981
0
LINE
8
BLACK
6
CONTINUOUS
10
137.5905400000000043
20
-100.2152159999999981
11
137.495301999999981
21
-99.8342639999999903
0
LINE
8
BLACK
6
CONTINUOUS
10
137.495301999999981
20
-99.8342639999999903
11
137.495301999999981
21
-99.3580729999999903
0
LINE
8
BLACK
6
CONTINUOUS
10
137.495301999999981
20
-99.3580729999999903
11
137.5905400000000043
21
-98.9771209999999968
0
LINE
8
BLACK
6
CONTINUOUS
10
137.5905400000000043
20
-98.9771209999999968
11
137.6857779999999991
21
-98.7866449999999929
0
LINE
8
BLACK
6
CONTINUOUS
10
137.6857779999999991
20
-98.7866449999999929
11
137.7810159999999939
21
-98.6914069999999981
0
LINE
8
BLACK
6
CONTINUOUS
10
137.7810159999999939
20
-98.6914069999999981
11
137.9714919999999836
21
-98.5961689999999891
0
LINE
8
BLACK
6
CONTINUOUS
10
139.495301999999981
20
-100.4056920000000019
11
139.5905400000000043
21
-100.5009309999999942
0
LINE
8
BLACK
6
CONTINUOUS
10
139.5905400000000043
20
-100.5009309999999942
11
139.495301999999981
21
-100.5961689999999891
0
LINE
8
BLACK
6
CONTINUOUS
10
139.495301999999981
20
-100.5961689999999891
11
139.4000639999999862
21
-100.5009309999999942
0
LINE
8
BLACK
6
CONTINUOUS
10
139.4000639999999862
20
-100.5009309999999942
11
139.495301999999981
21
-100.4056920000000019
0
LINE
8
BLACK
6
CONTINUOUS
10
139.495301999999981
20
-100.4056920000000019
11
139.495301999999981
21
-100.5961689999999891
0
LINE
8
BLACK
6
CONTINUOUS
10
140.8286349999999914
20
-98.5961689999999891
11
141.0191120000000069
21
-98.5961689999999891
0
LINE
8
BLACK
6
CONTINUOUS
10
141.0191120000000069
20
-98.5961689999999891
11
141.2095879999999966
21
-98.6914069999999981
0
LINE
8
BLACK
6
CONTINUOUS
10
141.2095879999999966
20
-98.6914069999999981
11
141.3048259999999914
21
-98.7866449999999929
0
LINE
8
BLACK
6
CONTINUOUS
10
141.3048259999999914
20
-98.7866449999999929
11
141.4000639999999862
21
-98.9771209999999968
0
LINE
8
BLACK
6
CONTINUOUS
10
141.4000639999999862
20
-98.9771209999999968
11
141.495301999999981
21
-99.3580729999999903
0
LINE
8
BLACK
6
CONTINUOUS
10
141.495301999999981
20
-99.3580729999999903
11
141.495301999999981
21
-99.8342639999999903
0
LINE
8
BLACK
6
CONTINUOUS
10
141.495301999999981
20
-99.8342639999999903
11
141.4000639999999862
21
-100.2152159999999981
0
LINE
8
BLACK
6
CONTINUOUS
10
141.4000639999999862
20
-100.2152159999999981
11
141.3048259999999914
21
-100.4056920000000019
0
LINE
8
BLACK
6
CONTINUOUS
10
141.3048259999999914
20
-100.4056920000000019
11
141.2095879999999966
21
-100.5009309999999942
0
LINE
8
BLACK
6
CONTINUOUS
10
141.2095879999999966
20
-100.5009309999999942
11
141.0191120000000069
21
-100.5961689999999891
0
LINE
8
BLACK
6
CONTINUOUS
10
141.0191120000000069
20
-100.5961689999999891
11
140.8286349999999914
21
-100.5961689999999891
0
LINE
8
BLACK
6
CONTINUOUS
10
140.8286349999999914
20
-100.5961689999999891
11
140.6381590000000017
21
-100.5009309999999942
0
LINE
8
BLACK
6
CONTINUOUS
10
140.6381590000000017
20
-100.5009309999999942
11
140.5429210000000069
21
-100.4056920000000019
0
LINE
8
BLACK
6
CONTINUOUS
10
140.5429210000000069
20
-100.4056920000000019
11
140.4476829999999836
21
-100.2152159999999981
0
LINE
8
BLACK
6
CONTINUOUS
10
140.4476829999999836
20
-100.2152159999999981
11
140.3524449999999888
21
-99.8342639999999903
0
LINE
8
BLACK
6
CONTINUOUS
10
140.3524449999999888
20
-99.8342639999999903
11
140.3524449999999888
21
-99.3580729999999903
0
LINE
8
BLACK
6
CONTINUOUS
10
140.3524449999999888
20
-99.3580729999999903
11
140.4476829999999836
21
-98.9771209999999968
0
LINE
8
BLACK
6
CONTINUOUS
10
140.4476829999999836
20
-98.9771209999999968
11
140.5429210000000069
21
-98.7866449999999929
0
LINE
8
BLACK
6
CONTINUOUS
10
140.5429210000000069
20
-98.7866449999999929
11
140.6381590000000017
21
-98.6914069999999981
0
LINE
8
BLACK
6
CONTINUOUS
10
140.6381590000000017
20
-98.6914069999999981
11
140.8286349999999914
21
-98.5961689999999891
0
LINE
8
BLACK
6
CONTINUOUS
10
143.4000639999999862
20
-100.5961689999999891
11
142.257206999999994
21
-100.5961689999999891
0
LINE
8
BLACK
6
CONTINUOUS
10
142.8286349999999914
20
-100.5961689999999891
11
142.8286349999999914
21
-98.5961689999999891
0
LINE
8
BLACK
6
CONTINUOUS
10
142.8286349999999914
20
-98.5961689999999891
11
142.6381590000000017
21
-98.881883000000002
0
LINE
8
BLACK
6
CONTINUOUS
10
142.6381590000000017
20
-98.881883000000002
11
142.4476829999999836
21
-99.0723589999999916
0
LINE
8
BLACK
6
CONTINUOUS
10
142.4476829999999836
20
-99.0723589999999916
11
142.257206999999994
21
-99.1675970000000007
0
LINE
8
BLACK
6
CONTINUOUS
10
145.2095879999999966
20
-98.5961689999999891
11
144.257206999999994
21
-98.5961689999999891
0
LINE
8
BLACK
6
CONTINUOUS
10
144.257206999999994
20
-98.5961689999999891
11
144.1619689999999991
21
-99.5485499999999917
0
LINE
8
BLACK
6
CONTINUOUS
10
144.1619689999999991
20
-99.5485499999999917
11
144.257206999999994
21
-99.4533109999999994
0
LINE
8
BLACK
6
CONTINUOUS
10
144.257206999999994
20
-99.4533109999999994
11
144.4476829999999836
21
-99.3580729999999903
0
LINE
8
BLACK
6
CONTINUOUS
10
144.4476829999999836
20
-99.3580729999999903
11
144.9238739999999837
21
-99.3580729999999903
0
LINE
8
BLACK
6
CONTINUOUS
10
144.9238739999999837
20
-99.3580729999999903
11
145.1143500000000017
21
-99.4533109999999994
0
LINE
8
BLACK
6
CONTINUOUS
10
145.1143500000000017
20
-99.4533109999999994
11
145.2095879999999966
21
-99.5485499999999917
0
LINE
8
BLACK
6
CONTINUOUS
10
145.2095879999999966
20
-99.5485499999999917
11
145.3048259999999914
21
-99.7390259999999955
0
LINE
8
BLACK
6
CONTINUOUS
10
145.3048259999999914
20
-99.7390259999999955
11
145.3048259999999914
21
-100.2152159999999981
0
LINE
8
BLACK
6
CONTINUOUS
10
145.3048259999999914
20
-100.2152159999999981
11
145.2095879999999966
21
-100.4056920000000019
0
LINE
8
BLACK
6
CONTINUOUS
10
145.2095879999999966
20
-100.4056920000000019
11
145.1143500000000017
21
-100.5009309999999942
0
LINE
8
BLACK
6
CONTINUOUS
10
145.1143500000000017
20
-100.5009309999999942
11
144.9238739999999837
21
-100.5961689999999891
0
LINE
8
BLACK
6
CONTINUOUS
10
144.9238739999999837
20
-100.5961689999999891
11
144.4476829999999836
21
-100.5961689999999891
0
LINE
8
BLACK
6
CONTINUOUS
10
144.4476829999999836
20
-100.5961689999999891
11
144.257206999999994
21
-100.5009309999999942
0
LINE
8
BLACK
6
CONTINUOUS
10
144.257206999999994
20
-100.5009309999999942
11
144.1619689999999991
21
-100.4056920000000019
0
LINE
8
BLACK
6
CONTINUOUS
10
145.9714929999999811
20
-98.5961689999999891
11
147.3048259999999914
21
-98.5961689999999891
0
LINE
8
BLACK
6
CONTINUOUS
10
147.3048259999999914
20
-98.5961689999999891
11
146.4476829999999836
21
-100.5961689999999891
0
LINE
8
BLACK
6
CONTINUOUS
10
147.9714929999999811
20
-98.5961689999999891
11
147.9714929999999811
21
-98.9771209999999968
0
LINE
8
BLACK
6
CONTINUOUS
10
148.733397999999994
20
-98.5961689999999891
11
148.733397999999994
21
-98.9771209999999968
0
LINE
8
BLACK
6
CONTINUOUS
10
151.6857799999999941
20
-101.3580729999999903
11
151.5905410000000018
21
-101.2628349999999955
0
LINE
8
BLACK
6
CONTINUOUS
10
151.5905410000000018
20
-101.2628349999999955
11
151.4000649999999837
21
-100.9771209999999968
0
LINE
8
BLACK
6
CONTINUOUS
10
151.4000649999999837
20
-100.9771209999999968
11
151.3048269999999889
21
-100.7866449999999929
0
LINE
8
BLACK
6
CONTINUOUS
10
151.3048269999999889
20
-100.7866449999999929
11
151.209588999999994
21
-100.5009309999999942
0
LINE
8
BLACK
6
CONTINUOUS
10
151.209588999999994
20
-100.5009309999999942
11
151.1143509999999992
21
-100.0247399999999942
0
LINE
8
BLACK
6
CONTINUOUS
10
151.1143509999999992
20
-100.0247399999999942
11
151.1143509999999992
21
-99.6437880000000007
0
LINE
8
BLACK
6
CONTINUOUS
10
151.1143509999999992
20
-99.6437880000000007
11
151.209588999999994
21
-99.1675970000000007
0
LINE
8
BLACK
6
CONTINUOUS
10
151.209588999999994
20
-99.1675970000000007
11
151.3048269999999889
21
-98.881883000000002
0
LINE
8
BLACK
6
CONTINUOUS
10
151.3048269999999889
20
-98.881883000000002
11
151.4000649999999837
21
-98.6914069999999981
0
LINE
8
BLACK
6
CONTINUOUS
10
151.4000649999999837
20
-98.6914069999999981
11
151.5905410000000018
21
-98.4056920000000019
0
LINE
8
BLACK
6
CONTINUOUS
10
151.5905410000000018
20
-98.4056920000000019
11
151.6857799999999941
21
-98.3104539999999929
0
LINE
8
BLACK
6
CONTINUOUS
10
153.3048269999999889
20
-99.2628349999999955
11
153.3048269999999889
21
-100.5961689999999891
0
LINE
8
BLACK
6
CONTINUOUS
10
152.8286359999999888
20
-98.5009309999999942
11
152.3524459999999863
21
-99.9295019999999994
0
LINE
8
BLACK
6
CONTINUOUS
10
152.3524459999999863
20
-99.9295019999999994
11
153.5905410000000018
21
-99.9295019999999994
0
LINE
8
BLACK
6
CONTINUOUS
10
154.733397999999994
20
-98.5961689999999891
11
154.9238749999999811
21
-98.5961689999999891
0
LINE
8
BLACK
6
CONTINUOUS
10
154.9238749999999811
20
-98.5961689999999891
11
155.1143509999999992
21
-98.6914069999999981
0
LINE
8
BLACK
6
CONTINUOUS
10
155.1143509999999992
20
-98.6914069999999981
11
155.209588999999994
21
-98.7866449999999929
0
LINE
8
BLACK
6
CONTINUOUS
10
155.209588999999994
20
-98.7866449999999929
11
155.3048269999999889
21
-98.9771209999999968
0
LINE
8
BLACK
6
CONTINUOUS
10
155.3048269999999889
20
-98.9771209999999968
11
155.4000649999999837
21
-99.3580729999999903
0
LINE
8
BLACK
6
CONTINUOUS
10
155.4000649999999837
20
-99.3580729999999903
11
155.4000649999999837
21
-99.8342639999999903
0
LINE
8
BLACK
6
CONTINUOUS
10
155.4000649999999837
20
-99.8342639999999903
11
155.3048269999999889
21
-100.2152159999999981
0
LINE
8
BLACK
6
CONTINUOUS
10
155.3048269999999889
20
-100.2152159999999981
11
155.209588999999994
21
-100.4056920000000019
0
LINE
8
BLACK
6
CONTINUOUS
10
155.209588999999994
20
-100.4056920000000019
11
155.1143509999999992
21
-100.5009309999999942
0
LINE
8
BLACK
6
CONTINUOUS
10
155.1143509999999992
20
-100.5009309999999942
11
154.9238749999999811
21
-100.5961689999999891
0
LINE
8
BLACK
6
CONTINUOUS
10
154.9238749999999811
20
-100.5961689999999891
11
154.733397999999994
21
-100.5961689999999891
0
LINE
8
BLACK
6
CONTINUOUS
10
154.733397999999994
20
-100.5961689999999891
11
154.5429220000000043
21
-100.5009309999999942
0
LINE
8
BLACK
6
CONTINUOUS
10
154.5429220000000043
20
-100.5009309999999942
11
154.4476839999999811
21
-100.4056920000000019
0
LINE
8
BLACK
6
CONTINUOUS
10
154.4476839999999811
20
-100.4056920000000019
11
154.3524459999999863
21
-100.2152159999999981
0
LINE
8
BLACK
6
CONTINUOUS
10
154.3524459999999863
20
-100.2152159999999981
11
154.2572079999999914
21
-99.8342639999999903
0
LINE
8
BLACK
6
CONTINUOUS
10
154.2572079999999914
20
-99.8342639999999903
11
154.2572079999999914
21
-99.3580729999999903
0
LINE
8
BLACK
6
CONTINUOUS
10
154.2572079999999914
20
-99.3580729999999903
11
154.3524459999999863
21
-98.9771209999999968
0
LINE
8
BLACK
6
CONTINUOUS
10
154.3524459999999863
20
-98.9771209999999968
11
154.4476839999999811
21
-98.7866449999999929
0
LINE
8
BLACK
6
CONTINUOUS
10
154.4476839999999811
20
-98.7866449999999929
11
154.5429220000000043
21
-98.6914069999999981
0
LINE
8
BLACK
6
CONTINUOUS
10
154.5429220000000043
20
-98.6914069999999981
11
154.733397999999994
21
-98.5961689999999891
0
LINE
8
BLACK
6
CONTINUOUS
10
157.1143509999999992
20
-98.5961689999999891
11
156.733397999999994
21
-98.5961689999999891
0
LINE
8
BLACK
6
CONTINUOUS
10
156.733397999999994
20
-98.5961689999999891
11
156.5429220000000043
21
-98.6914069999999981
0
LINE
8
BLACK
6
CONTINUOUS
10
156.5429220000000043
20
-98.6914069999999981
11
156.4476839999999811
21
-98.7866449999999929
0
LINE
8
BLACK
6
CONTINUOUS
10
156.4476839999999811
20
-98.7866449999999929
11
156.2572079999999914
21
-99.0723589999999916
0
LINE
8
BLACK
6
CONTINUOUS
10
156.2572079999999914
20
-99.0723589999999916
11
156.1619699999999966
21
-99.4533109999999994
0
LINE
8
BLACK
6
CONTINUOUS
10
156.1619699999999966
20
-99.4533109999999994
11
156.1619699999999966
21
-100.2152159999999981
0
LINE
8
BLACK
6
CONTINUOUS
10
156.1619699999999966
20
-100.2152159999999981
11
156.2572079999999914
21
-100.4056920000000019
0
LINE
8
BLACK
6
CONTINUOUS
10
156.2572079999999914
20
-100.4056920000000019
11
156.3524459999999863
21
-100.5009309999999942
0
LINE
8
BLACK
6
CONTINUOUS
10
156.3524459999999863
20
-100.5009309999999942
11
156.5429220000000043
21
-100.5961689999999891
0
LINE
8
BLACK
6
CONTINUOUS
10
156.5429220000000043
20
-100.5961689999999891
11
156.9238749999999811
21
-100.5961689999999891
0
LINE
8
BLACK
6
CONTINUOUS
10
156.9238749999999811
20
-100.5961689999999891
11
157.1143509999999992
21
-100.5009309999999942
0
LINE
8
BLACK
6
CONTINUOUS
10
157.1143509999999992
20
-100.5009309999999942
11
157.209588999999994
21
-100.4056920000000019
0
LINE
8
BLACK
6
CONTINUOUS
10
157.209588999999994
20
-100.4056920000000019
11
157.3048269999999889
21
-100.2152159999999981
0
LINE
8
BLACK
6
CONTINUOUS
10
157.3048269999999889
20
-100.2152159999999981
11
157.3048269999999889
21
-99.7390259999999955
0
LINE
8
BLACK
6
CONTINUOUS
10
157.3048269999999889
20
-99.7390259999999955
11
157.209588999999994
21
-99.5485499999999917
0
LINE
8
BLACK
6
CONTINUOUS
10
157.209588999999994
20
-99.5485499999999917
11
157.1143509999999992
21
-99.4533109999999994
0
LINE
8
BLACK
6
CONTINUOUS
10
157.1143509999999992
20
-99.4533109999999994
11
156.9238749999999811
21
-99.3580729999999903
0
LINE
8
BLACK
6
CONTINUOUS
10
156.9238749999999811
20
-99.3580729999999903
11
156.5429220000000043
21
-99.3580729999999903
0
LINE
8
BLACK
6
CONTINUOUS
10
156.5429220000000043
20
-99.3580729999999903
11
156.3524459999999863
21
-99.4533109999999994
0
LINE
8
BLACK
6
CONTINUOUS
10
156.3524459999999863
20
-99.4533109999999994
11
156.2572079999999914
21
-99.5485499999999917
0
LINE
8
BLACK
6
CONTINUOUS
10
156.2572079999999914
20
-99.5485499999999917
11
156.1619699999999966
21
-99.7390259999999955
0
LINE
8
BLACK
6
CONTINUOUS
10
159.6857799999999941
20
-100.5961689999999891
11
159.6857799999999941
21
-98.5961689999999891
0
LINE
8
BLACK
6
CONTINUOUS
10
160.5429230000000018
20
-100.5961689999999891
11
160.5429230000000018
21
-99.5485499999999917
0
LINE
8
BLACK
6
CONTINUOUS
10
160.5429230000000018
20
-99.5485499999999917
11
160.4476849999999786
21
-99.3580729999999903
0
LINE
8
BLACK
6
CONTINUOUS
10
160.4476849999999786
20
-99.3580729999999903
11
160.2572089999999889
21
-99.2628349999999955
0
LINE
8
BLACK
6
CONTINUOUS
10
160.2572089999999889
20
-99.2628349999999955
11
159.971494000000007
21
-99.2628349999999955
0
LINE
8
BLACK
6
CONTINUOUS
10
159.971494000000007
20
-99.2628349999999955
11
159.7810179999999889
21
-99.3580729999999903
0
LINE
8
BLACK
6
CONTINUOUS
10
159.7810179999999889
20
-99.3580729999999903
11
159.6857799999999941
21
-99.4533109999999994
0
LINE
8
BLACK
6
CONTINUOUS
10
161.7810179999999889
20
-100.5961689999999891
11
161.5905419999999992
21
-100.5009309999999942
0
LINE
8
BLACK
6
CONTINUOUS
10
161.5905419999999992
20
-100.5009309999999942
11
161.4953040000000044
21
-100.4056920000000019
0
LINE
8
BLACK
6
CONTINUOUS
10
161.4953040000000044
20
-100.4056920000000019
11
161.4000659999999812
21
-100.2152159999999981
0
LINE
8
BLACK
6
CONTINUOUS
10
161.4000659999999812
20
-100.2152159999999981
11
161.4000659999999812
21
-99.6437880000000007
0
LINE
8
BLACK
6
CONTINUOUS
10
161.4000659999999812
20
-99.6437880000000007
11
161.4953040000000044
21
-99.4533109999999994
0
LINE
8
BLACK
6
CONTINUOUS
10
161.4953040000000044
20
-99.4533109999999994
11
161.5905419999999992
21
-99.3580729999999903
0
LINE
8
BLACK
6
CONTINUOUS
10
161.5905419999999992
20
-99.3580729999999903
11
161.7810179999999889
21
-99.2628349999999955
0
LINE
8
BLACK
6
CONTINUOUS
10
161.7810179999999889
20
-99.2628349999999955
11
162.0667329999999993
21
-99.2628349999999955
0
LINE
8
BLACK
6
CONTINUOUS
10
162.0667329999999993
20
-99.2628349999999955
11
162.2572089999999889
21
-99.3580729999999903
0
LINE
8
BLACK
6
CONTINUOUS
10
162.2572089999999889
20
-99.3580729999999903
11
162.3524469999999837
21
-99.4533109999999994
0
LINE
8
BLACK
6
CONTINUOUS
10
162.3524469999999837
20
-99.4533109999999994
11
162.4476849999999786
21
-99.6437880000000007
0
LINE
8
BLACK
6
CONTINUOUS
10
162.4476849999999786
20
-99.6437880000000007
11
162.4476849999999786
21
-100.2152159999999981
0
LINE
8
BLACK
6
CONTINUOUS
10
162.4476849999999786
20
-100.2152159999999981
11
162.3524469999999837
21
-100.4056920000000019
0
LINE
8
BLACK
6
CONTINUOUS
10
162.3524469999999837
20
-100.4056920000000019
11
162.2572089999999889
21
-100.5009309999999942
0
LINE
8
BLACK
6
CONTINUOUS
10
162.2572089999999889
20
-100.5009309999999942
11
162.0667329999999993
21
-100.5961689999999891
0
LINE
8
BLACK
6
CONTINUOUS
10
162.0667329999999993
20
-100.5961689999999891
11
161.7810179999999889
21
-100.5961689999999891
0
LINE
8
BLACK
6
CONTINUOUS
10
163.5905419999999992
20
-100.5961689999999891
11
163.4000659999999812
21
-100.5009309999999942
0
LINE
8
BLACK
6
CONTINUOUS
10
163.4000659999999812
20
-100.5009309999999942
11
163.3048279999999863
21
-100.3104539999999929
0
LINE
8
BLACK
6
CONTINUOUS
10
163.3048279999999863
20
-100.3104539999999929
11
163.3048279999999863
21
-98.5961689999999891
0
LINE
8
BLACK
6
CONTINUOUS
10
165.1143519999999967
20
-100.5009309999999942
11
164.9238759999999786
21
-100.5961689999999891
0
LINE
8
BLACK
6
CONTINUOUS
10
164.9238759999999786
20
-100.5961689999999891
11
164.5429230000000018
21
-100.5961689999999891
0
LINE
8
BLACK
6
CONTINUOUS
10
164.5429230000000018
20
-100.5961689999999891
11
164.3524469999999837
21
-100.5009309999999942
0
LINE
8
BLACK
6
CONTINUOUS
10
164.3524469999999837
20
-100.5009309999999942
11
164.2572089999999889
21
-100.3104539999999929
0
LINE
8
BLACK
6
CONTINUOUS
10
164.2572089999999889
20
-100.3104539999999929
11
164.2572089999999889
21
-99.5485499999999917
0
LINE
8
BLACK
6
CONTINUOUS
10
164.2572089999999889
20
-99.5485499999999917
11
164.3524469999999837
21
-99.3580729999999903
0
LINE
8
BLACK
6
CONTINUOUS
10
164.3524469999999837
20
-99.3580729999999903
11
164.5429230000000018
21
-99.2628349999999955
0
LINE
8
BLACK
6
CONTINUOUS
10
164.5429230000000018
20
-99.2628349999999955
11
164.9238759999999786
21
-99.2628349999999955
0
LINE
8
BLACK
6
CONTINUOUS
10
164.9238759999999786
20
-99.2628349999999955
11
165.1143519999999967
21
-99.3580729999999903
0
LINE
8
BLACK
6
CONTINUOUS
10
165.1143519999999967
20
-99.3580729999999903
11
165.2095899999999915
21
-99.5485499999999917
0
LINE
8
BLACK
6
CONTINUOUS
10
165.2095899999999915
20
-99.5485499999999917
11
165.2095899999999915
21
-99.7390259999999955
0
LINE
8
BLACK
6
CONTINUOUS
10
165.2095899999999915
20
-99.7390259999999955
11
164.2572089999999889
21
-99.9295019999999994
0
LINE
8
BLACK
6
CONTINUOUS
10
165.9714950000000044
20
-100.5009309999999942
11
166.1619709999999941
21
-100.5961689999999891
0
LINE
8
BLACK
6
CONTINUOUS
10
166.1619709999999941
20
-100.5961689999999891
11
166.5429230000000018
21
-100.5961689999999891
0
LINE
8
BLACK
6
CONTINUOUS
10
166.5429230000000018
20
-100.5961689999999891
11
166.7333999999999889
21
-100.5009309999999942
0
LINE
8
BLACK
6
CONTINUOUS
10
166.7333999999999889
20
-100.5009309999999942
11
166.8286379999999838
21
-100.3104539999999929
0
LINE
8
BLACK
6
CONTINUOUS
10
166.8286379999999838
20
-100.3104539999999929
11
166.8286379999999838
21
-100.2152159999999981
0
LINE
8
BLACK
6
CONTINUOUS
10
166.8286379999999838
20
-100.2152159999999981
11
166.7333999999999889
21
-100.0247399999999942
0
LINE
8
BLACK
6
CONTINUOUS
10
166.7333999999999889
20
-100.0247399999999942
11
166.5429230000000018
21
-99.9295019999999994
0
LINE
8
BLACK
6
CONTINUOUS
10
166.5429230000000018
20
-99.9295019999999994
11
166.2572089999999889
21
-99.9295019999999994
0
LINE
8
BLACK
6
CONTINUOUS
10
166.2572089999999889
20
-99.9295019999999994
11
166.0667329999999993
21
-99.8342639999999903
0
LINE
8
BLACK
6
CONTINUOUS
10
166.0667329999999993
20
-99.8342639999999903
11
165.9714950000000044
21
-99.6437880000000007
0
LINE
8
BLACK
6
CONTINUOUS
10
165.9714950000000044
20
-99.6437880000000007
11
165.9714950000000044
21
-99.5485499999999917
0
LINE
8
BLACK
6
CONTINUOUS
10
165.9714950000000044
20
-99.5485499999999917
11
166.0667329999999993
21
-99.3580729999999903
0
LINE
8
BLACK
6
CONTINUOUS
10
166.0667329999999993
20
-99.3580729999999903
11
166.2572089999999889
21
-99.2628349999999955
0
LINE
8
BLACK
6
CONTINUOUS
10
166.2572089999999889
20
-99.2628349999999955
11
166.5429230000000018
21
-99.2628349999999955
0
LINE
8
BLACK
6
CONTINUOUS
10
166.5429230000000018
20
-99.2628349999999955
11
166.7333999999999889
21
-99.3580729999999903
0
LINE
8
BLACK
6
CONTINUOUS
10
167.4953050000000019
20
-101.3580729999999903
11
167.5905429999999967
21
-101.2628349999999955
0
LINE
8
BLACK
6
CONTINUOUS
10
167.5905429999999967
20
-101.2628349999999955
11
167.7810189999999864
21
-100.9771209999999968
0
LINE
8
BLACK
6
CONTINUOUS
10
167.7810189999999864
20
-100.9771209999999968
11
167.8762569999999812
21
-100.7866449999999929
0
LINE
8
BLACK
6
CONTINUOUS
10
167.8762569999999812
20
-100.7866449999999929
11
167.9714950000000044
21
-100.5009309999999942
0
LINE
8
BLACK
6
CONTINUOUS
10
167.9714950000000044
20
-100.5009309999999942
11
168.0667329999999993
21
-100.0247399999999942
0
LINE
8
BLACK
6
CONTINUOUS
10
168.0667329999999993
20
-100.0247399999999942
11
168.0667329999999993
21
-99.6437880000000007
0
LINE
8
BLACK
6
CONTINUOUS
10
168.0667329999999993
20
-99.6437880000000007
11
167.9714950000000044
21
-99.1675970000000007
0
LINE
8
BLACK
6
CONTINUOUS
10
167.9714950000000044
20
-99.1675970000000007
11
167.8762569999999812
21
-98.881883000000002
0
LINE
8
BLACK
6
CONTINUOUS
10
167.8762569999999812
20
-98.881883000000002
11
167.7810189999999864
21
-98.6914069999999981
0
LINE
8
BLACK
6
CONTINUOUS
10
167.7810189999999864
20
-98.6914069999999981
11
167.5905429999999967
21
-98.4056920000000019
0
LINE
8
BLACK
6
CONTINUOUS
10
167.5905429999999967
20
-98.4056920000000019
11
167.4953050000000019
21
-98.3104539999999929
0
CIRCLE
8
BLACK
10
115.6101509999999877
20
-102.3213310000000007
40
0.325
0
LINE
8
BLACK
6
CONTINUOUS
10
118.9238709999999912
20
-101.2361689999999896
11
119.1143479999999926
21
-101.2361689999999896
0
LINE
8
BLACK
6
CONTINUOUS
10
119.1143479999999926
20
-101.2361689999999896
11
119.3048239999999964
21
-101.3314069999999987
0
LINE
8
BLACK
6
CONTINUOUS
10
119.3048239999999964
20
-101.3314069999999987
11
119.4000619999999913
21
-101.4266449999999935
0
LINE
8
BLACK
6
CONTINUOUS
10
119.4000619999999913
20
-101.4266449999999935
11
119.4953000000000003
21
-101.6171209999999974
0
LINE
8
BLACK
6
CONTINUOUS
10
119.4953000000000003
20
-101.6171209999999974
11
119.5905379999999951
21
-101.9980729999999909
0
LINE
8
BLACK
6
CONTINUOUS
10
119.5905379999999951
20
-101.9980729999999909
11
119.5905379999999951
21
-102.4742639999999909
0
LINE
8
BLACK
6
CONTINUOUS
10
119.5905379999999951
20
-102.4742639999999909
11
119.4953000000000003
21
-102.8552159999999986
0
LINE
8
BLACK
6
CONTINUOUS
10
119.4953000000000003
20
-102.8552159999999986
11
119.4000619999999913
21
-103.0456919999999883
0
LINE
8
BLACK
6
CONTINUOUS
10
119.4000619999999913
20
-103.0456919999999883
11
119.3048239999999964
21
-103.1409309999999948
0
LINE
8
BLACK
6
CONTINUOUS
10
119.3048239999999964
20
-103.1409309999999948
11
119.1143479999999926
21
-103.2361689999999896
0
LINE
8
BLACK
6
CONTINUOUS
10
119.1143479999999926
20
-103.2361689999999896
11
118.9238709999999912
21
-103.2361689999999896
0
LINE
8
BLACK
6
CONTINUOUS
10
118.9238709999999912
20
-103.2361689999999896
11
118.7333950000000016
21
-103.1409309999999948
0
LINE
8
BLACK
6
CONTINUOUS
10
118.7333950000000016
20
-103.1409309999999948
11
118.6381569999999925
21
-103.0456919999999883
0
LINE
8
BLACK
6
CONTINUOUS
10
118.6381569999999925
20
-103.0456919999999883
11
118.5429189999999977
21
-102.8552159999999986
0
LINE
8
BLACK
6
CONTINUOUS
10
118.5429189999999977
20
-102.8552159999999986
11
118.4476809999999887
21
-102.4742639999999909
0
LINE
8
BLACK
6
CONTINUOUS
10
118.4476809999999887
20
-102.4742639999999909
11
118.4476809999999887
21
-101.9980729999999909
0
LINE
8
BLACK
6
CONTINUOUS
10
118.4476809999999887
20
-101.9980729999999909
11
118.5429189999999977
21
-101.6171209999999974
0
LINE
8
BLACK
6
CONTINUOUS
10
118.5429189999999977
20
-101.6171209999999974
11
118.6381569999999925
21
-101.4266449999999935
0
LINE
8
BLACK
6
CONTINUOUS
10
118.6381569999999925
20
-101.4266449999999935
11
118.7333950000000016
21
-101.3314069999999987
0
LINE
8
BLACK
6
CONTINUOUS
10
118.7333950000000016
20
-101.3314069999999987
11
118.9238709999999912
21
-101.2361689999999896
0
LINE
8
BLACK
6
CONTINUOUS
10
120.4476809999999887
20
-103.0456919999999883
11
120.5429189999999977
21
-103.1409309999999948
0
LINE
8
BLACK
6
CONTINUOUS
10
120.5429189999999977
20
-103.1409309999999948
11
120.4476809999999887
21
-103.2361689999999896
0
LINE
8
BLACK
6
CONTINUOUS
10
120.4476809999999887
20
-103.2361689999999896
11
120.3524429999999938
21
-103.1409309999999948
0
LINE
8
BLACK
6
CONTINUOUS
10
120.3524429999999938
20
-103.1409309999999948
11
120.4476809999999887
21
-103.0456919999999883
0
LINE
8
BLACK
6
CONTINUOUS
10
120.4476809999999887
20
-103.0456919999999883
11
120.4476809999999887
21
-103.2361689999999896
0
LINE
8
BLACK
6
CONTINUOUS
10
122.257204999999999
20
-101.2361689999999896
11
121.8762519999999938
21
-101.2361689999999896
0
LINE
8
BLACK
6
CONTINUOUS
10
121.8762519999999938
20
-101.2361689999999896
11
121.6857759999999899
21
-101.3314069999999987
0
LINE
8
BLACK
6
CONTINUOUS
10
121.6857759999999899
20
-101.3314069999999987
11
121.5905379999999951
21
-101.4266449999999935
0
LINE
8
BLACK
6
CONTINUOUS
10
121.5905379999999951
20
-101.4266449999999935
11
121.4000619999999913
21
-101.7123589999999922
0
LINE
8
BLACK
6
CONTINUOUS
10
121.4000619999999913
20
-101.7123589999999922
11
121.3048239999999964
21
-102.0933109999999999
0
LINE
8
BLACK
6
CONTINUOUS
10
121.3048239999999964
20
-102.0933109999999999
11
121.3048239999999964
21
-102.8552159999999986
0
LINE
8
BLACK
6
CONTINUOUS
10
121.3048239999999964
20
-102.8552159999999986
11
121.4000619999999913
21
-103.0456919999999883
0
LINE
8
BLACK
6
CONTINUOUS
10
121.4000619999999913
20
-103.0456919999999883
11
121.4953000000000003
21
-103.1409309999999948
0
LINE
8
BLACK
6
CONTINUOUS
10
121.4953000000000003
20
-103.1409309999999948
11
121.6857759999999899
21
-103.2361689999999896
0
LINE
8
BLACK
6
CONTINUOUS
10
121.6857759999999899
20
-103.2361689999999896
11
122.0667289999999952
21
-103.2361689999999896
0
LINE
8
BLACK
6
CONTINUOUS
10
122.0667289999999952
20
-103.2361689999999896
11
122.257204999999999
21
-103.1409309999999948
0
LINE
8
BLACK
6
CONTINUOUS
10
122.257204999999999
20
-103.1409309999999948
11
122.3524429999999938
21
-103.0456919999999883
0
LINE
8
BLACK
6
CONTINUOUS
10
122.3524429999999938
20
-103.0456919999999883
11
122.4476809999999887
21
-102.8552159999999986
0
LINE
8
BLACK
6
CONTINUOUS
10
122.4476809999999887
20
-102.8552159999999986
11
122.4476809999999887
21
-102.3790259999999961
0
LINE
8
BLACK
6
CONTINUOUS
10
122.4476809999999887
20
-102.3790259999999961
11
122.3524429999999938
21
-102.1885499999999922
0
LINE
8
BLACK
6
CONTINUOUS
10
122.3524429999999938
20
-102.1885499999999922
11
122.257204999999999
21
-102.0933109999999999
0
LINE
8
BLACK
6
CONTINUOUS
10
122.257204999999999
20
-102.0933109999999999
11
122.0667289999999952
21
-101.9980729999999909
0
LINE
8
BLACK
6
CONTINUOUS
10
122.0667289999999952
20
-101.9980729999999909
11
121.6857759999999899
21
-101.9980729999999909
0
LINE
8
BLACK
6
CONTINUOUS
10
121.6857759999999899
20
-101.9980729999999909
11
121.4953000000000003
21
-102.0933109999999999
0
LINE
8
BLACK
6
CONTINUOUS
10
121.4953000000000003
20
-102.0933109999999999
11
121.4000619999999913
21
-102.1885499999999922
0
LINE
8
BLACK
6
CONTINUOUS
10
121.4000619999999913
20
-102.1885499999999922
11
121.3048239999999964
21
-102.3790259999999961
0
LINE
8
BLACK
6
CONTINUOUS
10
124.257204999999999
20
-101.2361689999999896
11
123.3048239999999964
21
-101.2361689999999896
0
LINE
8
BLACK
6
CONTINUOUS
10
123.3048239999999964
20
-101.2361689999999896
11
123.2095859999999874
21
-102.1885499999999922
0
LINE
8
BLACK
6
CONTINUOUS
10
123.2095859999999874
20
-102.1885499999999922
11
123.3048239999999964
21
-102.0933109999999999
0
LINE
8
BLACK
6
CONTINUOUS
10
123.3048239999999964
20
-102.0933109999999999
11
123.4953000000000003
21
-101.9980729999999909
0
LINE
8
BLACK
6
CONTINUOUS
10
123.4953000000000003
20
-101.9980729999999909
11
123.9714910000000003
21
-101.9980729999999909
0
LINE
8
BLACK
6
CONTINUOUS
10
123.9714910000000003
20
-101.9980729999999909
11
124.16196699999999
21
-102.0933109999999999
0
LINE
8
BLACK
6
CONTINUOUS
10
124.16196699999999
20
-102.0933109999999999
11
124.257204999999999
21
-102.1885499999999922
0
LINE
8
BLACK
6
CONTINUOUS
10
124.257204999999999
20
-102.1885499999999922
11
124.3524429999999938
21
-102.3790259999999961
0
LINE
8
BLACK
6
CONTINUOUS
10
124.3524429999999938
20
-102.3790259999999961
11
124.3524429999999938
21
-102.8552159999999986
0
LINE
8
BLACK
6
CONTINUOUS
10
124.3524429999999938
20
-102.8552159999999986
11
124.257204999999999
21
-103.0456919999999883
0
LINE
8
BLACK
6
CONTINUOUS
10
124.257204999999999
20
-103.0456919999999883
11
124.16196699999999
21
-103.1409309999999948
0
LINE
8
BLACK
6
CONTINUOUS
10
124.16196699999999
20
-103.1409309999999948
11
123.9714910000000003
21
-103.2361689999999896
0
LINE
8
BLACK
6
CONTINUOUS
10
123.9714910000000003
20
-103.2361689999999896
11
123.4953000000000003
21
-103.2361689999999896
0
LINE
8
BLACK
6
CONTINUOUS
10
123.4953000000000003
20
-103.2361689999999896
11
123.3048239999999964
21
-103.1409309999999948
0
LINE
8
BLACK
6
CONTINUOUS
10
123.3048239999999964
20
-103.1409309999999948
11
123.2095859999999874
21
-103.0456919999999883
0
LINE
8
BLACK
6
CONTINUOUS
10
125.5905379999999951
20
-101.2361689999999896
11
125.7810149999999965
21
-101.2361689999999896
0
LINE
8
BLACK
6
CONTINUOUS
10
125.7810149999999965
20
-101.2361689999999896
11
125.9714910000000003
21
-101.3314069999999987
0
LINE
8
BLACK
6
CONTINUOUS
10
125.9714910000000003
20
-101.3314069999999987
11
126.0667289999999952
21
-101.4266449999999935
0
LINE
8
BLACK
6
CONTINUOUS
10
126.0667289999999952
20
-101.4266449999999935
11
126.16196699999999
21
-101.6171209999999974
0
LINE
8
BLACK
6
CONTINUOUS
10
126.16196699999999
20
-101.6171209999999974
11
126.257204999999999
21
-101.9980729999999909
0
LINE
8
BLACK
6
CONTINUOUS
10
126.257204999999999
20
-101.9980729999999909
11
126.257204999999999
21
-102.4742639999999909
0
LINE
8
BLACK
6
CONTINUOUS
10
126.257204999999999
20
-102.4742639999999909
11
126.16196699999999
21
-102.8552159999999986
0
LINE
8
BLACK
6
CONTINUOUS
10
126.16196699999999
20
-102.8552159999999986
11
126.0667289999999952
21
-103.0456919999999883
0
LINE
8
BLACK
6
CONTINUOUS
10
126.0667289999999952
20
-103.0456919999999883
11
125.9714910000000003
21
-103.1409309999999948
0
LINE
8
BLACK
6
CONTINUOUS
10
125.9714910000000003
20
-103.1409309999999948
11
125.7810149999999965
21
-103.2361689999999896
0
LINE
8
BLACK
6
CONTINUOUS
10
125.7810149999999965
20
-103.2361689999999896
11
125.5905379999999951
21
-103.2361689999999896
0
LINE
8
BLACK
6
CONTINUOUS
10
125.5905379999999951
20
-103.2361689999999896
11
125.4000619999999913
21
-103.1409309999999948
0
LINE
8
BLACK
6
CONTINUOUS
10
125.4000619999999913
20
-103.1409309999999948
11
125.3048239999999964
21
-103.0456919999999883
0
LINE
8
BLACK
6
CONTINUOUS
10
125.3048239999999964
20
-103.0456919999999883
11
125.2095859999999874
21
-102.8552159999999986
0
LINE
8
BLACK
6
CONTINUOUS
10
125.2095859999999874
20
-102.8552159999999986
11
125.1143479999999926
21
-102.4742639999999909
0
LINE
8
BLACK
6
CONTINUOUS
10
125.1143479999999926
20
-102.4742639999999909
11
125.1143479999999926
21
-101.9980729999999909
0
LINE
8
BLACK
6
CONTINUOUS
10
125.1143479999999926
20
-101.9980729999999909
11
125.2095859999999874
21
-101.6171209999999974
0
LINE
8
BLACK
6
CONTINUOUS
10
125.2095859999999874
20
-101.6171209999999974
11
125.3048239999999964
21
-101.4266449999999935
0
LINE
8
BLACK
6
CONTINUOUS
10
125.3048239999999964
20
-101.4266449999999935
11
125.4000619999999913
21
-101.3314069999999987
0
LINE
8
BLACK
6
CONTINUOUS
10
125.4000619999999913
20
-101.3314069999999987
11
125.5905379999999951
21
-101.2361689999999896
0
LINE
8
BLACK
6
CONTINUOUS
10
127.1143479999999926
20
-103.2361689999999896
11
127.1143479999999926
21
-101.9028349999999961
0
LINE
8
BLACK
6
CONTINUOUS
10
127.1143479999999926
20
-102.0933109999999999
11
127.2095859999999874
21
-101.9980729999999909
0
LINE
8
BLACK
6
CONTINUOUS
10
127.2095859999999874
20
-101.9980729999999909
11
127.4000619999999913
21
-101.9028349999999961
0
LINE
8
BLACK
6
CONTINUOUS
10
127.4000619999999913
20
-101.9028349999999961
11
127.6857769999999874
21
-101.9028349999999961
0
LINE
8
BLACK
6
CONTINUOUS
10
127.6857769999999874
20
-101.9028349999999961
11
127.8762529999999913
21
-101.9980729999999909
0
LINE
8
BLACK
6
CONTINUOUS
10
127.8762529999999913
20
-101.9980729999999909
11
127.9714910000000003
21
-102.1885499999999922
0
LINE
8
BLACK
6
CONTINUOUS
10
127.9714910000000003
20
-102.1885499999999922
11
127.9714910000000003
21
-103.2361689999999896
0
LINE
8
BLACK
6
CONTINUOUS
10
127.9714910000000003
20
-102.1885499999999922
11
128.0667289999999809
21
-101.9980729999999909
0
LINE
8
BLACK
6
CONTINUOUS
10
128.0667289999999809
20
-101.9980729999999909
11
128.257204999999999
21
-101.9028349999999961
0
LINE
8
BLACK
6
CONTINUOUS
10
128.257204999999999
20
-101.9028349999999961
11
128.5429189999999835
21
-101.9028349999999961
0
LINE
8
BLACK
6
CONTINUOUS
10
128.5429189999999835
20
-101.9028349999999961
11
128.733395999999999
21
-101.9980729999999909
0
LINE
8
BLACK
6
CONTINUOUS
10
128.733395999999999
20
-101.9980729999999909
11
128.8286339999999939
21
-102.1885499999999922
0
LINE
8
BLACK
6
CONTINUOUS
10
128.8286339999999939
20
-102.1885499999999922
11
128.8286339999999939
21
-103.2361689999999896
0
LINE
8
BLACK
6
CONTINUOUS
10
129.7810149999999965
20
-103.2361689999999896
11
129.7810149999999965
21
-101.9028349999999961
0
LINE
8
BLACK
6
CONTINUOUS
10
129.7810149999999965
20
-102.0933109999999999
11
129.8762529999999913
21
-101.9980729999999909
0
LINE
8
BLACK
6
CONTINUOUS
10
129.8762529999999913
20
-101.9980729999999909
11
130.0667289999999809
21
-101.9028349999999961
0
LINE
8
BLACK
6
CONTINUOUS
10
130.0667289999999809
20
-101.9028349999999961
11
130.3524439999999913
21
-101.9028349999999961
0
LINE
8
BLACK
6
CONTINUOUS
10
130.3524439999999913
20
-101.9028349999999961
11
130.542919999999981
21
-101.9980729999999909
0
LINE
8
BLACK
6
CONTINUOUS
10
130.542919999999981
20
-101.9980729999999909
11
130.6381580000000042
21
-102.1885499999999922
0
LINE
8
BLACK
6
CONTINUOUS
10
130.6381580000000042
20
-102.1885499999999922
11
130.6381580000000042
21
-103.2361689999999896
0
LINE
8
BLACK
6
CONTINUOUS
10
130.6381580000000042
20
-102.1885499999999922
11
130.733395999999999
21
-101.9980729999999909
0
LINE
8
BLACK
6
CONTINUOUS
10
130.733395999999999
20
-101.9980729999999909
11
130.9238719999999887
21
-101.9028349999999961
0
LINE
8
BLACK
6
CONTINUOUS
10
130.9238719999999887
20
-101.9028349999999961
11
131.2095860000000016
21
-101.9028349999999961
0
LINE
8
BLACK
6
CONTINUOUS
10
131.2095860000000016
20
-101.9028349999999961
11
131.4000629999999887
21
-101.9980729999999909
0
LINE
8
BLACK
6
CONTINUOUS
10
131.4000629999999887
20
-101.9980729999999909
11
131.4953009999999836
21
-102.1885499999999922
0
LINE
8
BLACK
6
CONTINUOUS
10
131.4953009999999836
20
-102.1885499999999922
11
131.4953009999999836
21
-103.2361689999999896
0
LINE
8
BLACK
6
CONTINUOUS
10
135.4000629999999887
20
-101.1409309999999948
11
133.6857779999999991
21
-103.7123589999999922
0
LINE
8
BLACK
6
CONTINUOUS
10
137.9714919999999836
20
-101.2361689999999896
11
138.1619689999999991
21
-101.2361689999999896
0
LINE
8
BLACK
6
CONTINUOUS
10
138.1619689999999991
20
-101.2361689999999896
11
138.3524449999999888
21
-101.3314069999999987
0
LINE
8
BLACK
6
CONTINUOUS
10
138.3524449999999888
20
-101.3314069999999987
11
138.4476829999999836
21
-101.4266449999999935
0
LINE
8
BLACK
6
CONTINUOUS
10
138.4476829999999836
20
-101.4266449999999935
11
138.5429210000000069
21
-101.6171209999999974
0
LINE
8
BLACK
6
CONTINUOUS
10
138.5429210000000069
20
-101.6171209999999974
11
138.6381590000000017
21
-101.9980729999999909
0
LINE
8
BLACK
6
CONTINUOUS
10
138.6381590000000017
20
-101.9980729999999909
11
138.6381590000000017
21
-102.4742639999999909
0
LINE
8
BLACK
6
CONTINUOUS
10
138.6381590000000017
20
-102.4742639999999909
11
138.5429210000000069
21
-102.8552159999999986
0
LINE
8
BLACK
6
CONTINUOUS
10
138.5429210000000069
20
-102.8552159999999986
11
138.4476829999999836
21
-103.0456919999999883
0
LINE
8
BLACK
6
CONTINUOUS
10
138.4476829999999836
20
-103.0456919999999883
11
138.3524449999999888
21
-103.1409309999999948
0
LINE
8
BLACK
6
CONTINUOUS
10
138.3524449999999888
20
-103.1409309999999948
11
138.1619689999999991
21
-103.2361689999999896
0
LINE
8
BLACK
6
CONTINUOUS
10
138.1619689999999991
20
-103.2361689999999896
11
137.9714919999999836
21
-103.2361689999999896
0
LINE
8
BLACK
6
CONTINUOUS
10
137.9714919999999836
20
-103.2361689999999896
11
137.7810159999999939
21
-103.1409309999999948
0
LINE
8
BLACK
6
CONTINUOUS
10
137.7810159999999939
20
-103.1409309999999948
11
137.6857779999999991
21
-103.0456919999999883
0
LINE
8
BLACK
6
CONTINUOUS
10
137.6857779999999991
20
-103.0456919999999883
11
137.5905400000000043
21
-102.8552159999999986
0
LINE
8
BLACK
6
CONTINUOUS
10
137.5905400000000043
20
-102.8552159999999986
11
137.495301999999981
21
-102.4742639999999909
0
LINE
8
BLACK
6
CONTINUOUS
10
137.495301999999981
20
-102.4742639999999909
11
137.495301999999981
21
-101.9980729999999909
0
LINE
8
BLACK
6
CONTINUOUS
10
137.495301999999981
20
-101.9980729999999909
11
137.5905400000000043
21
-101.6171209999999974
0
LINE
8
BLACK
6
CONTINUOUS
10
137.5905400000000043
20
-101.6171209999999974
11
137.6857779999999991
21
-101.4266449999999935
0
LINE
8
BLACK
6
CONTINUOUS
10
137.6857779999999991
20
-101.4266449999999935
11
137.7810159999999939
21
-101.3314069999999987
0
LINE
8
BLACK
6
CONTINUOUS
10
137.7810159999999939
20
-101.3314069999999987
11
137.9714919999999836
21
-101.2361689999999896
0
LINE
8
BLACK
6
CONTINUOUS
10
139.495301999999981
20
-103.0456919999999883
11
139.5905400000000043
21
-103.1409309999999948
0
LINE
8
BLACK
6
CONTINUOUS
10
139.5905400000000043
20
-103.1409309999999948
11
139.495301999999981
21
-103.2361689999999896
0
LINE
8
BLACK
6
CONTINUOUS
10
139.495301999999981
20
-103.2361689999999896
11
139.4000639999999862
21
-103.1409309999999948
0
LINE
8
BLACK
6
CONTINUOUS
10
139.4000639999999862
20
-103.1409309999999948
11
139.495301999999981
21
-103.0456919999999883
0
LINE
8
BLACK
6
CONTINUOUS
10
139.495301999999981
20
-103.0456919999999883
11
139.495301999999981
21
-103.2361689999999896
0
LINE
8
BLACK
6
CONTINUOUS
10
140.8286349999999914
20
-101.2361689999999896
11
141.0191120000000069
21
-101.2361689999999896
0
LINE
8
BLACK
6
CONTINUOUS
10
141.0191120000000069
20
-101.2361689999999896
11
141.2095879999999966
21
-101.3314069999999987
0
LINE
8
BLACK
6
CONTINUOUS
10
141.2095879999999966
20
-101.3314069999999987
11
141.3048259999999914
21
-101.4266449999999935
0
LINE
8
BLACK
6
CONTINUOUS
10
141.3048259999999914
20
-101.4266449999999935
11
141.4000639999999862
21
-101.6171209999999974
0
LINE
8
BLACK
6
CONTINUOUS
10
141.4000639999999862
20
-101.6171209999999974
11
141.495301999999981
21
-101.9980729999999909
0
LINE
8
BLACK
6
CONTINUOUS
10
141.495301999999981
20
-101.9980729999999909
11
141.495301999999981
21
-102.4742639999999909
0
LINE
8
BLACK
6
CONTINUOUS
10
141.495301999999981
20
-102.4742639999999909
11
141.4000639999999862
21
-102.8552159999999986
0
LINE
8
BLACK
6
CONTINUOUS
10
141.4000639999999862
20
-102.8552159999999986
11
141.3048259999999914
21
-103.0456919999999883
0
LINE
8
BLACK
6
CONTINUOUS
10
141.3048259999999914
20
-103.0456919999999883
11
141.2095879999999966
21
-103.1409309999999948
0
LINE
8
BLACK
6
CONTINUOUS
10
141.2095879999999966
20
-103.1409309999999948
11
141.0191120000000069
21
-103.2361689999999896
0
LINE
8
BLACK
6
CONTINUOUS
10
141.0191120000000069
20
-103.2361689999999896
11
140.8286349999999914
21
-103.2361689999999896
0
LINE
8
BLACK
6
CONTINUOUS
10
140.8286349999999914
20
-103.2361689999999896
11
140.6381590000000017
21
-103.1409309999999948
0
LINE
8
BLACK
6
CONTINUOUS
10
140.6381590000000017
20
-103.1409309999999948
11
140.5429210000000069
21
-103.0456919999999883
0
LINE
8
BLACK
6
CONTINUOUS
10
140.5429210000000069
20
-103.0456919999999883
11
140.4476829999999836
21
-102.8552159999999986
0
LINE
8
BLACK
6
CONTINUOUS
10
140.4476829999999836
20
-102.8552159999999986
11
140.3524449999999888
21
-102.4742639999999909
0
LINE
8
BLACK
6
CONTINUOUS
10
140.3524449999999888
20
-102.4742639999999909
11
140.3524449999999888
21
-101.9980729999999909
0
LINE
8
BLACK
6
CONTINUOUS
10
140.3524449999999888
20
-101.9980729999999909
11
140.4476829999999836
21
-101.6171209999999974
0
LINE
8
BLACK
6
CONTINUOUS
10
140.4476829999999836
20
-101.6171209999999974
11
140.5429210000000069
21
-101.4266449999999935
0
LINE
8
BLACK
6
CONTINUOUS
10
140.5429210000000069
20
-101.4266449999999935
11
140.6381590000000017
21
-101.3314069999999987
0
LINE
8
BLACK
6
CONTINUOUS
10
140.6381590000000017
20
-101.3314069999999987
11
140.8286349999999914
21
-101.2361689999999896
0
LINE
8
BLACK
6
CONTINUOUS
10
142.257206999999994
20
-101.4266449999999935
11
142.3524449999999888
21
-101.3314069999999987
0
LINE
8
BLACK
6
CONTINUOUS
10
142.3524449999999888
20
-101.3314069999999987
11
142.5429210000000069
21
-101.2361689999999896
0
LINE
8
BLACK
6
CONTINUOUS
10
142.5429210000000069
20
-101.2361689999999896
11
143.0191120000000069
21
-101.2361689999999896
0
LINE
8
BLACK
6
CONTINUOUS
10
143.0191120000000069
20
-101.2361689999999896
11
143.2095879999999966
21
-101.3314069999999987
0
LINE
8
BLACK
6
CONTINUOUS
10
143.2095879999999966
20
-101.3314069999999987
11
143.3048259999999914
21
-101.4266449999999935
0
LINE
8
BLACK
6
CONTINUOUS
10
143.3048259999999914
20
-101.4266449999999935
11
143.4000639999999862
21
-101.6171209999999974
0
LINE
8
BLACK
6
CONTINUOUS
10
143.4000639999999862
20
-101.6171209999999974
11
143.4000639999999862
21
-101.8075970000000012
0
LINE
8
BLACK
6
CONTINUOUS
10
143.4000639999999862
20
-101.8075970000000012
11
143.3048259999999914
21
-102.0933109999999999
0
LINE
8
BLACK
6
CONTINUOUS
10
143.3048259999999914
20
-102.0933109999999999
11
142.1619689999999991
21
-103.2361689999999896
0
LINE
8
BLACK
6
CONTINUOUS
10
142.1619689999999991
20
-103.2361689999999896
11
143.4000639999999862
21
-103.2361689999999896
0
LINE
8
BLACK
6
CONTINUOUS
10
145.2095879999999966
20
-101.2361689999999896
11
144.257206999999994
21
-101.2361689999999896
0
LINE
8
BLACK
6
CONTINUOUS
10
144.257206999999994
20
-101.2361689999999896
11
144.1619689999999991
21
-102.1885499999999922
0
LINE
8
BLACK
6
CONTINUOUS
10
144.1619689999999991
20
-102.1885499999999922
11
144.257206999999994
21
-102.0933109999999999
0
LINE
8
BLACK
6
CONTINUOUS
10
144.257206999999994
20
-102.0933109999999999
11
144.4476829999999836
21
-101.9980729999999909
0
LINE
8
BLACK
6
CONTINUOUS
10
144.4476829999999836
20
-101.9980729999999909
11
144.9238739999999837
21
-101.9980729999999909
0
LINE
8
BLACK
6
CONTINUOUS
10
144.9238739999999837
20
-101.9980729999999909
11
145.1143500000000017
21
-102.0933109999999999
0
LINE
8
BLACK
6
CONTINUOUS
10
145.1143500000000017
20
-102.0933109999999999
11
145.2095879999999966
21
-102.1885499999999922
0
LINE
8
BLACK
6
CONTINUOUS
10
145.2095879999999966
20
-102.1885499999999922
11
145.3048259999999914
21
-102.3790259999999961
0
LINE
8
BLACK
6
CONTINUOUS
10
145.3048259999999914
20
-102.3790259999999961
11
145.3048259999999914
21
-102.8552159999999986
0
LINE
8
BLACK
6
CONTINUOUS
10
145.3048259999999914
20
-102.8552159999999986
11
145.2095879999999966
21
-103.0456919999999883
0
LINE
8
BLACK
6
CONTINUOUS
10
145.2095879999999966
20
-103.0456919999999883
11
145.1143500000000017
21
-103.1409309999999948
0
LINE
8
BLACK
6
CONTINUOUS
10
145.1143500000000017
20
-103.1409309999999948
11
144.9238739999999837
21
-103.2361689999999896
0
LINE
8
BLACK
6
CONTINUOUS
10
144.9238739999999837
20
-103.2361689999999896
11
144.4476829999999836
21
-103.2361689999999896
0
LINE
8
BLACK
6
CONTINUOUS
10
144.4476829999999836
20
-103.2361689999999896
11
144.257206999999994
21
-103.1409309999999948
0
LINE
8
BLACK
6
CONTINUOUS
10
144.257206999999994
20
-103.1409309999999948
11
144.1619689999999991
21
-103.0456919999999883
0
LINE
8
BLACK
6
CONTINUOUS
10
147.0191120000000069
20
-101.2361689999999896
11
146.6381590000000017
21
-101.2361689999999896
0
LINE
8
BLACK
6
CONTINUOUS
10
146.6381590000000017
20
-101.2361689999999896
11
146.4476829999999836
21
-101.3314069999999987
0
LINE
8
BLACK
6
CONTINUOUS
10
146.4476829999999836
20
-101.3314069999999987
11
146.3524449999999888
21
-101.4266449999999935
0
LINE
8
BLACK
6
CONTINUOUS
10
146.3524449999999888
20
-101.4266449999999935
11
146.1619689999999991
21
-101.7123589999999922
0
LINE
8
BLACK
6
CONTINUOUS
10
146.1619689999999991
20
-101.7123589999999922
11
146.0667310000000043
21
-102.0933109999999999
0
LINE
8
BLACK
6
CONTINUOUS
10
146.0667310000000043
20
-102.0933109999999999
11
146.0667310000000043
21
-102.8552159999999986
0
LINE
8
BLACK
6
CONTINUOUS
10
146.0667310000000043
20
-102.8552159999999986
11
146.1619689999999991
21
-103.0456919999999883
0
LINE
8
BLACK
6
CONTINUOUS
10
146.1619689999999991
20
-103.0456919999999883
11
146.257206999999994
21
-103.1409309999999948
0
LINE
8
BLACK
6
CONTINUOUS
10
146.257206999999994
20
-103.1409309999999948
11
146.4476829999999836
21
-103.2361689999999896
0
LINE
8
BLACK
6
CONTINUOUS
10
146.4476829999999836
20
-103.2361689999999896
11
146.8286359999999888
21
-103.2361689999999896
0
LINE
8
BLACK
6
CONTINUOUS
10
146.8286359999999888
20
-103.2361689999999896
11
147.0191120000000069
21
-103.1409309999999948
0
LINE
8
BLACK
6
CONTINUOUS
10
147.0191120000000069
20
-103.1409309999999948
11
147.1143500000000017
21
-103.0456919999999883
0
LINE
8
BLACK
6
CONTINUOUS
10
147.1143500000000017
20
-103.0456919999999883
11
147.2095879999999966
21
-102.8552159999999986
0
LINE
8
BLACK
6
CONTINUOUS
10
147.2095879999999966
20
-102.8552159999999986
11
147.2095879999999966
21
-102.3790259999999961
0
LINE
8
BLACK
6
CONTINUOUS
10
147.2095879999999966
20
-102.3790259999999961
11
147.1143500000000017
21
-102.1885499999999922
0
LINE
8
BLACK
6
CONTINUOUS
10
147.1143500000000017
20
-102.1885499999999922
11
147.0191120000000069
21
-102.0933109999999999
0
LINE
8
BLACK
6
CONTINUOUS
10
147.0191120000000069
20
-102.0933109999999999
11
146.8286359999999888
21
-101.9980729999999909
0
LINE
8
BLACK
6
CONTINUOUS
10
146.8286359999999888
20
-101.9980729999999909
11
146.4476829999999836
21
-101.9980729999999909
0
LINE
8
BLACK
6
CONTINUOUS
10
146.4476829999999836
20
-101.9980729999999909
11
146.257206999999994
21
-102.0933109999999999
0
LINE
8
BLACK
6
CONTINUOUS
10
146.257206999999994
20
-102.0933109999999999
11
146.1619689999999991
21
-102.1885499999999922
0
LINE
8
BLACK
6
CONTINUOUS
10
146.1619689999999991
20
-102.1885499999999922
11
146.0667310000000043
21
-102.3790259999999961
0
LINE
8
BLACK
6
CONTINUOUS
10
147.9714929999999811
20
-101.2361689999999896
11
147.9714929999999811
21
-101.6171209999999974
0
LINE
8
BLACK
6
CONTINUOUS
10
148.733397999999994
20
-101.2361689999999896
11
148.733397999999994
21
-101.6171209999999974
0
LINE
8
BLACK
6
CONTINUOUS
10
151.6857799999999941
20
-103.9980729999999909
11
151.5905410000000018
21
-103.9028349999999961
0
LINE
8
BLACK
6
CONTINUOUS
10
151.5905410000000018
20
-103.9028349999999961
11
151.4000649999999837
21
-103.6171209999999974
0
LINE
8
BLACK
6
CONTINUOUS
10
151.4000649999999837
20
-103.6171209999999974
11
151.3048269999999889
21
-103.4266449999999935
0
LINE
8
BLACK
6
CONTINUOUS
10
151.3048269999999889
20
-103.4266449999999935
11
151.209588999999994
21
-103.1409309999999948
0
LINE
8
BLACK
6
CONTINUOUS
10
151.209588999999994
20
-103.1409309999999948
11
151.1143509999999992
21
-102.6647399999999948
0
LINE
8
BLACK
6
CONTINUOUS
10
151.1143509999999992
20
-102.6647399999999948
11
151.1143509999999992
21
-102.2837880000000013
0
LINE
8
BLACK
6
CONTINUOUS
10
151.1143509999999992
20
-102.2837880000000013
11
151.209588999999994
21
-101.8075970000000012
0
LINE
8
BLACK
6
CONTINUOUS
10
151.209588999999994
20
-101.8075970000000012
11
151.3048269999999889
21
-101.5218829999999883
0
LINE
8
BLACK
6
CONTINUOUS
10
151.3048269999999889
20
-101.5218829999999883
11
151.4000649999999837
21
-101.3314069999999987
0
LINE
8
BLACK
6
CONTINUOUS
10
151.4000649999999837
20
-101.3314069999999987
11
151.5905410000000018
21
-101.0456920000000025
0
LINE
8
BLACK
6
CONTINUOUS
10
151.5905410000000018
20
-101.0456920000000025
11
151.6857799999999941
21
-100.9504539999999935
0
LINE
8
BLACK
6
CONTINUOUS
10
153.4953030000000069
20
-103.2361689999999896
11
152.3524459999999863
21
-103.2361689999999896
0
LINE
8
BLACK
6
CONTINUOUS
10
152.9238739999999837
20
-103.2361689999999896
11
152.9238739999999837
21
-101.2361689999999896
0
LINE
8
BLACK
6
CONTINUOUS
10
152.9238739999999837
20
-101.2361689999999896
11
152.733397999999994
21
-101.5218829999999883
0
LINE
8
BLACK
6
CONTINUOUS
10
152.733397999999994
20
-101.5218829999999883
11
152.5429220000000043
21
-101.7123589999999922
0
LINE
8
BLACK
6
CONTINUOUS
10
152.5429220000000043
20
-101.7123589999999922
11
152.3524459999999863
21
-101.8075970000000012
0
LINE
8
BLACK
6
CONTINUOUS
10
155.209588999999994
20
-101.9028349999999961
11
155.209588999999994
21
-103.2361689999999896
0
LINE
8
BLACK
6
CONTINUOUS
10
154.733397999999994
20
-101.1409309999999948
11
154.2572079999999914
21
-102.569502
0
LINE
8
BLACK
6
CONTINUOUS
10
154.2572079999999914
20
-102.569502
11
155.4953030000000069
21
-102.569502
0
LINE
8
BLACK
6
CONTINUOUS
10
157.7810179999999889
20
-103.2361689999999896
11
157.7810179999999889
21
-101.2361689999999896
0
LINE
8
BLACK
6
CONTINUOUS
10
158.6381609999999966
20
-103.2361689999999896
11
158.6381609999999966
21
-102.1885499999999922
0
LINE
8
BLACK
6
CONTINUOUS
10
158.6381609999999966
20
-102.1885499999999922
11
158.5429230000000018
21
-101.9980729999999909
0
LINE
8
BLACK
6
CONTINUOUS
10
158.5429230000000018
20
-101.9980729999999909
11
158.3524469999999837
21
-101.9028349999999961
0
LINE
8
BLACK
6
CONTINUOUS
10
158.3524469999999837
20
-101.9028349999999961
11
158.0667320000000018
21
-101.9028349999999961
0
LINE
8
BLACK
6
CONTINUOUS
10
158.0667320000000018
20
-101.9028349999999961
11
157.8762559999999837
21
-101.9980729999999909
0
LINE
8
BLACK
6
CONTINUOUS
10
157.8762559999999837
20
-101.9980729999999909
11
157.7810179999999889
21
-102.0933109999999999
0
LINE
8
BLACK
6
CONTINUOUS
10
159.8762559999999837
20
-103.2361689999999896
11
159.6857799999999941
21
-103.1409309999999948
0
LINE
8
BLACK
6
CONTINUOUS
10
159.6857799999999941
20
-103.1409309999999948
11
159.5905419999999992
21
-103.0456919999999883
0
LINE
8
BLACK
6
CONTINUOUS
10
159.5905419999999992
20
-103.0456919999999883
11
159.4953040000000044
21
-102.8552159999999986
0
LINE
8
BLACK
6
CONTINUOUS
10
159.4953040000000044
20
-102.8552159999999986
11
159.4953040000000044
21
-102.2837880000000013
0
LINE
8
BLACK
6
CONTINUOUS
10
159.4953040000000044
20
-102.2837880000000013
11
159.5905419999999992
21
-102.0933109999999999
0
LINE
8
BLACK
6
CONTINUOUS
10
159.5905419999999992
20
-102.0933109999999999
11
159.6857799999999941
21
-101.9980729999999909
0
LINE
8
BLACK
6
CONTINUOUS
10
159.6857799999999941
20
-101.9980729999999909
11
159.8762559999999837
21
-101.9028349999999961
0
LINE
8
BLACK
6
CONTINUOUS
10
159.8762559999999837
20
-101.9028349999999961
11
160.1619709999999941
21
-101.9028349999999961
0
LINE
8
BLACK
6
CONTINUOUS
10
160.1619709999999941
20
-101.9028349999999961
11
160.3524469999999837
21
-101.9980729999999909
0
LINE
8
BLACK
6
CONTINUOUS
10
160.3524469999999837
20
-101.9980729999999909
11
160.4476849999999786
21
-102.0933109999999999
0
LINE
8
BLACK
6
CONTINUOUS
10
160.4476849999999786
20
-102.0933109999999999
11
160.5429230000000018
21
-102.2837880000000013
0
LINE
8
BLACK
6
CONTINUOUS
10
160.5429230000000018
20
-102.2837880000000013
11
160.5429230000000018
21
-102.8552159999999986
0
LINE
8
BLACK
6
CONTINUOUS
10
160.5429230000000018
20
-102.8552159999999986
11
160.4476849999999786
21
-103.0456919999999883
0
LINE
8
BLACK
6
CONTINUOUS
10
160.4476849999999786
20
-103.0456919999999883
11
160.3524469999999837
21
-103.1409309999999948
0
LINE
8
BLACK
6
CONTINUOUS
10
160.3524469999999837
20
-103.1409309999999948
11
160.1619709999999941
21
-103.2361689999999896
0
LINE
8
BLACK
6
CONTINUOUS
10
160.1619709999999941
20
-103.2361689999999896
11
159.8762559999999837
21
-103.2361689999999896
0
LINE
8
BLACK
6
CONTINUOUS
10
161.6857799999999941
20
-103.2361689999999896
11
161.4953040000000044
21
-103.1409309999999948
0
LINE
8
BLACK
6
CONTINUOUS
10
161.4953040000000044
20
-103.1409309999999948
11
161.4000659999999812
21
-102.9504539999999935
0
LINE
8
BLACK
6
CONTINUOUS
10
161.4000659999999812
20
-102.9504539999999935
11
161.4000659999999812
21
-101.2361689999999896
0
LINE
8
BLACK
6
CONTINUOUS
10
163.2095899999999915
20
-103.1409309999999948
11
163.0191140000000019
21
-103.2361689999999896
0
LINE
8
BLACK
6
CONTINUOUS
10
163.0191140000000019
20
-103.2361689999999896
11
162.6381609999999966
21
-103.2361689999999896
0
LINE
8
BLACK
6
CONTINUOUS
10
162.6381609999999966
20
-103.2361689999999896
11
162.4476849999999786
21
-103.1409309999999948
0
LINE
8
BLACK
6
CONTINUOUS
10
162.4476849999999786
20
-103.1409309999999948
11
162.3524469999999837
21
-102.9504539999999935
0
LINE
8
BLACK
6
CONTINUOUS
10
162.3524469999999837
20
-102.9504539999999935
11
162.3524469999999837
21
-102.1885499999999922
0
LINE
8
BLACK
6
CONTINUOUS
10
162.3524469999999837
20
-102.1885499999999922
11
162.4476849999999786
21
-101.9980729999999909
0
LINE
8
BLACK
6
CONTINUOUS
10
162.4476849999999786
20
-101.9980729999999909
11
162.6381609999999966
21
-101.9028349999999961
0
LINE
8
BLACK
6
CONTINUOUS
10
162.6381609999999966
20
-101.9028349999999961
11
163.0191140000000019
21
-101.9028349999999961
0
LINE
8
BLACK
6
CONTINUOUS
10
163.0191140000000019
20
-101.9028349999999961
11
163.2095899999999915
21
-101.9980729999999909
0
LINE
8
BLACK
6
CONTINUOUS
10
163.2095899999999915
20
-101.9980729999999909
11
163.3048279999999863
21
-102.1885499999999922
0
LINE
8
BLACK
6
CONTINUOUS
10
163.3048279999999863
20
-102.1885499999999922
11
163.3048279999999863
21
-102.3790259999999961
0
LINE
8
BLACK
6
CONTINUOUS
10
163.3048279999999863
20
-102.3790259999999961
11
162.3524469999999837
21
-102.569502
0
LINE
8
BLACK
6
CONTINUOUS
10
164.0667329999999993
20
-103.1409309999999948
11
164.2572089999999889
21
-103.2361689999999896
0
LINE
8
BLACK
6
CONTINUOUS
10
164.2572089999999889
20
-103.2361689999999896
11
164.6381609999999966
21
-103.2361689999999896
0
LINE
8
BLACK
6
CONTINUOUS
10
164.6381609999999966
20
-103.2361689999999896
11
164.8286379999999838
21
-103.1409309999999948
0
LINE
8
BLACK
6
CONTINUOUS
10
164.8286379999999838
20
-103.1409309999999948
11
164.9238759999999786
21
-102.9504539999999935
0
LINE
8
BLACK
6
CONTINUOUS
10
164.9238759999999786
20
-102.9504539999999935
11
164.9238759999999786
21
-102.8552159999999986
0
LINE
8
BLACK
6
CONTINUOUS
10
164.9238759999999786
20
-102.8552159999999986
11
164.8286379999999838
21
-102.6647399999999948
0
LINE
8
BLACK
6
CONTINUOUS
10
164.8286379999999838
20
-102.6647399999999948
11
164.6381609999999966
21
-102.569502
0
LINE
8
BLACK
6
CONTINUOUS
10
164.6381609999999966
20
-102.569502
11
164.3524469999999837
21
-102.569502
0
LINE
8
BLACK
6
CONTINUOUS
10
164.3524469999999837
20
-102.569502
11
164.1619709999999941
21
-102.4742639999999909
0
LINE
8
BLACK
6
CONTINUOUS
10
164.1619709999999941
20
-102.4742639999999909
11
164.0667329999999993
21
-102.2837880000000013
0
LINE
8
BLACK
6
CONTINUOUS
10
164.0667329999999993
20
-102.2837880000000013
11
164.0667329999999993
21
-102.1885499999999922
0
LINE
8
BLACK
6
CONTINUOUS
10
164.0667329999999993
20
-102.1885499999999922
11
164.1619709999999941
21
-101.9980729999999909
0
LINE
8
BLACK
6
CONTINUOUS
10
164.1619709999999941
20
-101.9980729999999909
11
164.3524469999999837
21
-101.9028349999999961
0
LINE
8
BLACK
6
CONTINUOUS
10
164.3524469999999837
20
-101.9028349999999961
11
164.6381609999999966
21
-101.9028349999999961
0
LINE
8
BLACK
6
CONTINUOUS
10
164.6381609999999966
20
-101.9028349999999961
11
164.8286379999999838
21
-101.9980729999999909
0
LINE
8
BLACK
6
CONTINUOUS
10
165.5905429999999967
20
-103.9980729999999909
11
165.6857809999999915
21
-103.9028349999999961
0
LINE
8
BLACK
6
CONTINUOUS
10
165.6857809999999915
20
-103.9028349999999961
11
165.8762569999999812
21
-103.6171209999999974
0
LINE
8
BLACK
6
CONTINUOUS
10
165.8762569999999812
20
-103.6171209999999974
11
165.9714950000000044
21
-103.4266449999999935
0
LINE
8
BLACK
6
CONTINUOUS
10
165.9714950000000044
20
-103.4266449999999935
11
166.0667329999999993
21
-103.1409309999999948
0
LINE
8
BLACK
6
CONTINUOUS
10
166.0667329999999993
20
-103.1409309999999948
11
166.1619709999999941
21
-102.6647399999999948
0
LINE
8
BLACK
6
CONTINUOUS
10
166.1619709999999941
20
-102.6647399999999948
11
166.1619709999999941
21
-102.2837880000000013
0
LINE
8
BLACK
6
CONTINUOUS
10
166.1619709999999941
20
-102.2837880000000013
11
166.0667329999999993
21
-101.8075970000000012
0
LINE
8
BLACK
6
CONTINUOUS
10
166.0667329999999993
20
-101.8075970000000012
11
165.9714950000000044
21
-101.5218829999999883
0
LINE
8
BLACK
6
CONTINUOUS
10
165.9714950000000044
20
-101.5218829999999883
11
165.8762569999999812
21
-101.3314069999999987
0
LINE
8
BLACK
6
CONTINUOUS
10
165.8762569999999812
20
-101.3314069999999987
11
165.6857809999999915
21
-101.0456920000000025
0
LINE
8
BLACK
6
CONTINUOUS
10
165.6857809999999915
20
-101.0456920000000025
11
165.5905429999999967
21
-100.9504539999999935
0
LINE
8
BLACK
6
CONTINUOUS
10
115.4351509999999905
20
-104.4613310000000013
11
115.4351509999999905
21
-105.4613310000000013
0
LINE
8
BLACK
6
CONTINUOUS
10
114.9351509999999905
20
-104.9613310000000013
11
115.9351509999999905
21
-104.9613310000000013
0
LINE
8
BLACK
6
CONTINUOUS
10
119.5905379999999951
20
-105.8761689999999902
11
118.4476809999999887
21
-105.8761689999999902
0
LINE
8
BLACK
6
CONTINUOUS
10
119.0191090000000003
20
-105.8761689999999902
11
119.0191090000000003
21
-103.8761689999999902
0
LINE
8
BLACK
6
CONTINUOUS
10
119.0191090000000003
20
-103.8761689999999902
11
118.8286329999999964
21
-104.1618829999999889
0
LINE
8
BLACK
6
CONTINUOUS
10
118.8286329999999964
20
-104.1618829999999889
11
118.6381569999999925
21
-104.3523589999999928
0
LINE
8
BLACK
6
CONTINUOUS
10
118.6381569999999925
20
-104.3523589999999928
11
118.4476809999999887
21
-104.4475970000000018
0
LINE
8
BLACK
6
CONTINUOUS
10
120.4476809999999887
20
-105.6856919999999889
11
120.5429189999999977
21
-105.7809309999999954
0
LINE
8
BLACK
6
CONTINUOUS
10
120.5429189999999977
20
-105.7809309999999954
11
120.4476809999999887
21
-105.8761689999999902
0
LINE
8
BLACK
6
CONTINUOUS
10
120.4476809999999887
20
-105.8761689999999902
11
120.3524429999999938
21
-105.7809309999999954
0
LINE
8
BLACK
6
CONTINUOUS
10
120.3524429999999938
20
-105.7809309999999954
11
120.4476809999999887
21
-105.6856919999999889
0
LINE
8
BLACK
6
CONTINUOUS
10
120.4476809999999887
20
-105.6856919999999889
11
120.4476809999999887
21
-105.8761689999999902
0
LINE
8
BLACK
6
CONTINUOUS
10
121.781013999999999
20
-103.8761689999999902
11
121.9714910000000003
21
-103.8761689999999902
0
LINE
8
BLACK
6
CONTINUOUS
10
121.9714910000000003
20
-103.8761689999999902
11
122.16196699999999
21
-103.9714069999999992
0
LINE
8
BLACK
6
CONTINUOUS
10
122.16196699999999
20
-103.9714069999999992
11
122.257204999999999
21
-104.0666449999999941
0
LINE
8
BLACK
6
CONTINUOUS
10
122.257204999999999
20
-104.0666449999999941
11
122.3524429999999938
21
-104.2571209999999979
0
LINE
8
BLACK
6
CONTINUOUS
10
122.3524429999999938
20
-104.2571209999999979
11
122.4476809999999887
21
-104.6380729999999915
0
LINE
8
BLACK
6
CONTINUOUS
10
122.4476809999999887
20
-104.6380729999999915
11
122.4476809999999887
21
-105.1142639999999915
0
LINE
8
BLACK
6
CONTINUOUS
10
122.4476809999999887
20
-105.1142639999999915
11
122.3524429999999938
21
-105.4952159999999992
0
LINE
8
BLACK
6
CONTINUOUS
10
122.3524429999999938
20
-105.4952159999999992
11
122.257204999999999
21
-105.6856919999999889
0
LINE
8
BLACK
6
CONTINUOUS
10
122.257204999999999
20
-105.6856919999999889
11
122.16196699999999
21
-105.7809309999999954
0
LINE
8
BLACK
6
CONTINUOUS
10
122.16196699999999
20
-105.7809309999999954
11
121.9714910000000003
21
-105.8761689999999902
0
LINE
8
BLACK
6
CONTINUOUS
10
121.9714910000000003
20
-105.8761689999999902
11
121.781013999999999
21
-105.8761689999999902
0
LINE
8
BLACK
6
CONTINUOUS
10
121.781013999999999
20
-105.8761689999999902
11
121.5905379999999951
21
-105.7809309999999954
0
LINE
8
BLACK
6
CONTINUOUS
10
121.5905379999999951
20
-105.7809309999999954
11
121.4953000000000003
21
-105.6856919999999889
0
LINE
8
BLACK
6
CONTINUOUS
10
121.4953000000000003
20
-105.6856919999999889
11
121.4000619999999913
21
-105.4952159999999992
0
LINE
8
BLACK
6
CONTINUOUS
10
121.4000619999999913
20
-105.4952159999999992
11
121.3048239999999964
21
-105.1142639999999915
0
LINE
8
BLACK
6
CONTINUOUS
10
121.3048239999999964
20
-105.1142639999999915
11
121.3048239999999964
21
-104.6380729999999915
0
LINE
8
BLACK
6
CONTINUOUS
10
121.3048239999999964
20
-104.6380729999999915
11
121.4000619999999913
21
-104.2571209999999979
0
LINE
8
BLACK
6
CONTINUOUS
10
121.4000619999999913
20
-104.2571209999999979
11
121.4953000000000003
21
-104.0666449999999941
0
LINE
8
BLACK
6
CONTINUOUS
10
121.4953000000000003
20
-104.0666449999999941
11
121.5905379999999951
21
-103.9714069999999992
0
LINE
8
BLACK
6
CONTINUOUS
10
121.5905379999999951
20
-103.9714069999999992
11
121.781013999999999
21
-103.8761689999999902
0
LINE
8
BLACK
6
CONTINUOUS
10
123.6857759999999899
20
-103.8761689999999902
11
123.8762529999999913
21
-103.8761689999999902
0
LINE
8
BLACK
6
CONTINUOUS
10
123.8762529999999913
20
-103.8761689999999902
11
124.0667289999999952
21
-103.9714069999999992
0
LINE
8
BLACK
6
CONTINUOUS
10
124.0667289999999952
20
-103.9714069999999992
11
124.16196699999999
21
-104.0666449999999941
0
LINE
8
BLACK
6
CONTINUOUS
10
124.16196699999999
20
-104.0666449999999941
11
124.257204999999999
21
-104.2571209999999979
0
LINE
8
BLACK
6
CONTINUOUS
10
124.257204999999999
20
-104.2571209999999979
11
124.3524429999999938
21
-104.6380729999999915
0
LINE
8
BLACK
6
CONTINUOUS
10
124.3524429999999938
20
-104.6380729999999915
11
124.3524429999999938
21
-105.1142639999999915
0
LINE
8
BLACK
6
CONTINUOUS
10
124.3524429999999938
20
-105.1142639999999915
11
124.257204999999999
21
-105.4952159999999992
0
LINE
8
BLACK
6
CONTINUOUS
10
124.257204999999999
20
-105.4952159999999992
11
124.16196699999999
21
-105.6856919999999889
0
LINE
8
BLACK
6
CONTINUOUS
10
124.16196699999999
20
-105.6856919999999889
11
124.0667289999999952
21
-105.7809309999999954
0
LINE
8
BLACK
6
CONTINUOUS
10
124.0667289999999952
20
-105.7809309999999954
11
123.8762529999999913
21
-105.8761689999999902
0
LINE
8
BLACK
6
CONTINUOUS
10
123.8762529999999913
20
-105.8761689999999902
11
123.6857759999999899
21
-105.8761689999999902
0
LINE
8
BLACK
6
CONTINUOUS
10
123.6857759999999899
20
-105.8761689999999902
11
123.4953000000000003
21
-105.7809309999999954
0
LINE
8
BLACK
6
CONTINUOUS
10
123.4953000000000003
20
-105.7809309999999954
11
123.4000619999999913
21
-105.6856919999999889
0
LINE
8
BLACK
6
CONTINUOUS
10
123.4000619999999913
20
-105.6856919999999889
11
123.3048239999999964
21
-105.4952159999999992
0
LINE
8
BLACK
6
CONTINUOUS
10
123.3048239999999964
20
-105.4952159999999992
11
123.2095859999999874
21
-105.1142639999999915
0
LINE
8
BLACK
6
CONTINUOUS
10
123.2095859999999874
20
-105.1142639999999915
11
123.2095859999999874
21
-104.6380729999999915
0
LINE
8
BLACK
6
CONTINUOUS
10
123.2095859999999874
20
-104.6380729999999915
11
123.3048239999999964
21
-104.2571209999999979
0
LINE
8
BLACK
6
CONTINUOUS
10
123.3048239999999964
20
-104.2571209999999979
11
123.4000619999999913
21
-104.0666449999999941
0
LINE
8
BLACK
6
CONTINUOUS
10
123.4000619999999913
20
-104.0666449999999941
11
123.4953000000000003
21
-103.9714069999999992
0
LINE
8
BLACK
6
CONTINUOUS
10
123.4953000000000003
20
-103.9714069999999992
11
123.6857759999999899
21
-103.8761689999999902
0
LINE
8
BLACK
6
CONTINUOUS
10
125.5905379999999951
20
-103.8761689999999902
11
125.7810149999999965
21
-103.8761689999999902
0
LINE
8
BLACK
6
CONTINUOUS
10
125.7810149999999965
20
-103.8761689999999902
11
125.9714910000000003
21
-103.9714069999999992
0
LINE
8
BLACK
6
CONTINUOUS
10
125.9714910000000003
20
-103.9714069999999992
11
126.0667289999999952
21
-104.0666449999999941
0
LINE
8
BLACK
6
CONTINUOUS
10
126.0667289999999952
20
-104.0666449999999941
11
126.16196699999999
21
-104.2571209999999979
0
LINE
8
BLACK
6
CONTINUOUS
10
126.16196699999999
20
-104.2571209999999979
11
126.257204999999999
21
-104.6380729999999915
0
LINE
8
BLACK
6
CONTINUOUS
10
126.257204999999999
20
-104.6380729999999915
11
126.257204999999999
21
-105.1142639999999915
0
LINE
8
BLACK
6
CONTINUOUS
10
126.257204999999999
20
-105.1142639999999915
11
126.16196699999999
21
-105.4952159999999992
0
LINE
8
BLACK
6
CONTINUOUS
10
126.16196699999999
20
-105.4952159999999992
11
126.0667289999999952
21
-105.6856919999999889
0
LINE
8
BLACK
6
CONTINUOUS
10
126.0667289999999952
20
-105.6856919999999889
11
125.9714910000000003
21
-105.7809309999999954
0
LINE
8
BLACK
6
CONTINUOUS
10
125.9714910000000003
20
-105.7809309999999954
11
125.7810149999999965
21
-105.8761689999999902
0
LINE
8
BLACK
6
CONTINUOUS
10
125.7810149999999965
20
-105.8761689999999902
11
125.5905379999999951
21
-105.8761689999999902
0
LINE
8
BLACK
6
CONTINUOUS
10
125.5905379999999951
20
-105.8761689999999902
11
125.4000619999999913
21
-105.7809309999999954
0
LINE
8
BLACK
6
CONTINUOUS
10
125.4000619999999913
20
-105.7809309999999954
11
125.3048239999999964
21
-105.6856919999999889
0
LINE
8
BLACK
6
CONTINUOUS
10
125.3048239999999964
20
-105.6856919999999889
11
125.2095859999999874
21
-105.4952159999999992
0
LINE
8
BLACK
6
CONTINUOUS
10
125.2095859999999874
20
-105.4952159999999992
11
125.1143479999999926
21
-105.1142639999999915
0
LINE
8
BLACK
6
CONTINUOUS
10
125.1143479999999926
20
-105.1142639999999915
11
125.1143479999999926
21
-104.6380729999999915
0
LINE
8
BLACK
6
CONTINUOUS
10
125.1143479999999926
20
-104.6380729999999915
11
125.2095859999999874
21
-104.2571209999999979
0
LINE
8
BLACK
6
CONTINUOUS
10
125.2095859999999874
20
-104.2571209999999979
11
125.3048239999999964
21
-104.0666449999999941
0
LINE
8
BLACK
6
CONTINUOUS
10
125.3048239999999964
20
-104.0666449999999941
11
125.4000619999999913
21
-103.9714069999999992
0
LINE
8
BLACK
6
CONTINUOUS
10
125.4000619999999913
20
-103.9714069999999992
11
125.5905379999999951
21
-103.8761689999999902
0
LINE
8
BLACK
6
CONTINUOUS
10
127.1143479999999926
20
-105.8761689999999902
11
127.1143479999999926
21
-104.5428349999999966
0
LINE
8
BLACK
6
CONTINUOUS
10
127.1143479999999926
20
-104.7333110000000005
11
127.2095859999999874
21
-104.6380729999999915
0
LINE
8
BLACK
6
CONTINUOUS
10
127.2095859999999874
20
-104.6380729999999915
11
127.4000619999999913
21
-104.5428349999999966
0
LINE
8
BLACK
6
CONTINUOUS
10
127.4000619999999913
20
-104.5428349999999966
11
127.6857769999999874
21
-104.5428349999999966
0
LINE
8
BLACK
6
CONTINUOUS
10
127.6857769999999874
20
-104.5428349999999966
11
127.8762529999999913
21
-104.6380729999999915
0
LINE
8
BLACK
6
CONTINUOUS
10
127.8762529999999913
20
-104.6380729999999915
11
127.9714910000000003
21
-104.8285499999999928
0
LINE
8
BLACK
6
CONTINUOUS
10
127.9714910000000003
20
-104.8285499999999928
11
127.9714910000000003
21
-105.8761689999999902
0
LINE
8
BLACK
6
CONTINUOUS
10
127.9714910000000003
20
-104.8285499999999928
11
128.0667289999999809
21
-104.6380729999999915
0
LINE
8
BLACK
6
CONTINUOUS
10
128.0667289999999809
20
-104.6380729999999915
11
128.257204999999999
21
-104.5428349999999966
0
LINE
8
BLACK
6
CONTINUOUS
10
128.257204999999999
20
-104.5428349999999966
11
128.5429189999999835
21
-104.5428349999999966
0
LINE
8
BLACK
6
CONTINUOUS
10
128.5429189999999835
20
-104.5428349999999966
11
128.733395999999999
21
-104.6380729999999915
0
LINE
8
BLACK
6
CONTINUOUS
10
128.733395999999999
20
-104.6380729999999915
11
128.8286339999999939
21
-104.8285499999999928
0
LINE
8
BLACK
6
CONTINUOUS
10
128.8286339999999939
20
-104.8285499999999928
11
128.8286339999999939
21
-105.8761689999999902
0
LINE
8
BLACK
6
CONTINUOUS
10
129.7810149999999965
20
-105.8761689999999902
11
129.7810149999999965
21
-104.5428349999999966
0
LINE
8
BLACK
6
CONTINUOUS
10
129.7810149999999965
20
-104.7333110000000005
11
129.8762529999999913
21
-104.6380729999999915
0
LINE
8
BLACK
6
CONTINUOUS
10
129.8762529999999913
20
-104.6380729999999915
11
130.0667289999999809
21
-104.5428349999999966
0
LINE
8
BLACK
6
CONTINUOUS
10
130.0667289999999809
20
-104.5428349999999966
11
130.3524439999999913
21
-104.5428349999999966
0
LINE
8
BLACK
6
CONTINUOUS
10
130.3524439999999913
20
-104.5428349999999966
11
130.542919999999981
21
-104.6380729999999915
0
LINE
8
BLACK
6
CONTINUOUS
10
130.542919999999981
20
-104.6380729999999915
11
130.6381580000000042
21
-104.8285499999999928
0
LINE
8
BLACK
6
CONTINUOUS
10
130.6381580000000042
20
-104.8285499999999928
11
130.6381580000000042
21
-105.8761689999999902
0
LINE
8
BLACK
6
CONTINUOUS
10
130.6381580000000042
20
-104.8285499999999928
11
130.733395999999999
21
-104.6380729999999915
0
LINE
8
BLACK
6
CONTINUOUS
10
130.733395999999999
20
-104.6380729999999915
11
130.9238719999999887
21
-104.5428349999999966
0
LINE
8
BLACK
6
CONTINUOUS
10
130.9238719999999887
20
-104.5428349999999966
11
131.2095860000000016
21
-104.5428349999999966
0
LINE
8
BLACK
6
CONTINUOUS
10
131.2095860000000016
20
-104.5428349999999966
11
131.4000629999999887
21
-104.6380729999999915
0
LINE
8
BLACK
6
CONTINUOUS
10
131.4000629999999887
20
-104.6380729999999915
11
131.4953009999999836
21
-104.8285499999999928
0
LINE
8
BLACK
6
CONTINUOUS
10
131.4953009999999836
20
-104.8285499999999928
11
131.4953009999999836
21
-105.8761689999999902
0
LINE
8
BLACK
6
CONTINUOUS
10
135.4000629999999887
20
-103.7809309999999954
11
133.6857779999999991
21
-106.3523589999999928
0
LINE
8
BLACK
6
CONTINUOUS
10
137.9714919999999836
20
-103.8761689999999902
11
138.1619689999999991
21
-103.8761689999999902
0
LINE
8
BLACK
6
CONTINUOUS
10
138.1619689999999991
20
-103.8761689999999902
11
138.3524449999999888
21
-103.9714069999999992
0
LINE
8
BLACK
6
CONTINUOUS
10
138.3524449999999888
20
-103.9714069999999992
11
138.4476829999999836
21
-104.0666449999999941
0
LINE
8
BLACK
6
CONTINUOUS
10
138.4476829999999836
20
-104.0666449999999941
11
138.5429210000000069
21
-104.2571209999999979
0
LINE
8
BLACK
6
CONTINUOUS
10
138.5429210000000069
20
-104.2571209999999979
11
138.6381590000000017
21
-104.6380729999999915
0
LINE
8
BLACK
6
CONTINUOUS
10
138.6381590000000017
20
-104.6380729999999915
11
138.6381590000000017
21
-105.1142639999999915
0
LINE
8
BLACK
6
CONTINUOUS
10
138.6381590000000017
20
-105.1142639999999915
11
138.5429210000000069
21
-105.4952159999999992
0
LINE
8
BLACK
6
CONTINUOUS
10
138.5429210000000069
20
-105.4952159999999992
11
138.4476829999999836
21
-105.6856919999999889
0
LINE
8
BLACK
6
CONTINUOUS
10
138.4476829999999836
20
-105.6856919999999889
11
138.3524449999999888
21
-105.7809309999999954
0
LINE
8
BLACK
6
CONTINUOUS
10
138.3524449999999888
20
-105.7809309999999954
11
138.1619689999999991
21
-105.8761689999999902
0
LINE
8
BLACK
6
CONTINUOUS
10
138.1619689999999991
20
-105.8761689999999902
11
137.9714919999999836
21
-105.8761689999999902
0
LINE
8
BLACK
6
CONTINUOUS
10
137.9714919999999836
20
-105.8761689999999902
11
137.7810159999999939
21
-105.7809309999999954
0
LINE
8
BLACK
6
CONTINUOUS
10
137.7810159999999939
20
-105.7809309999999954
11
137.6857779999999991
21
-105.6856919999999889
0
LINE
8
BLACK
6
CONTINUOUS
10
137.6857779999999991
20
-105.6856919999999889
11
137.5905400000000043
21
-105.4952159999999992
0
LINE
8
BLACK
6
CONTINUOUS
10
137.5905400000000043
20
-105.4952159999999992
11
137.495301999999981
21
-105.1142639999999915
0
LINE
8
BLACK
6
CONTINUOUS
10
137.495301999999981
20
-105.1142639999999915
11
137.495301999999981
21
-104.6380729999999915
0
LINE
8
BLACK
6
CONTINUOUS
10
137.495301999999981
20
-104.6380729999999915
11
137.5905400000000043
21
-104.2571209999999979
0
LINE
8
BLACK
6
CONTINUOUS
10
137.5905400000000043
20
-104.2571209999999979
11
137.6857779999999991
21
-104.0666449999999941
0
LINE
8
BLACK
6
CONTINUOUS
10
137.6857779999999991
20
-104.0666449999999941
11
137.7810159999999939
21
-103.9714069999999992
0
LINE
8
BLACK
6
CONTINUOUS
10
137.7810159999999939
20
-103.9714069999999992
11
137.9714919999999836
21
-103.8761689999999902
0
LINE
8
BLACK
6
CONTINUOUS
10
139.495301999999981
20
-105.6856919999999889
11
139.5905400000000043
21
-105.7809309999999954
0
LINE
8
BLACK
6
CONTINUOUS
10
139.5905400000000043
20
-105.7809309999999954
11
139.495301999999981
21
-105.8761689999999902
0
LINE
8
BLACK
6
CONTINUOUS
10
139.495301999999981
20
-105.8761689999999902
11
139.4000639999999862
21
-105.7809309999999954
0
LINE
8
BLACK
6
CONTINUOUS
10
139.4000639999999862
20
-105.7809309999999954
11
139.495301999999981
21
-105.6856919999999889
0
LINE
8
BLACK
6
CONTINUOUS
10
139.495301999999981
20
-105.6856919999999889
11
139.495301999999981
21
-105.8761689999999902
0
LINE
8
BLACK
6
CONTINUOUS
10
140.8286349999999914
20
-103.8761689999999902
11
141.0191120000000069
21
-103.8761689999999902
0
LINE
8
BLACK
6
CONTINUOUS
10
141.0191120000000069
20
-103.8761689999999902
11
141.2095879999999966
21
-103.9714069999999992
0
LINE
8
BLACK
6
CONTINUOUS
10
141.2095879999999966
20
-103.9714069999999992
11
141.3048259999999914
21
-104.0666449999999941
0
LINE
8
BLACK
6
CONTINUOUS
10
141.3048259999999914
20
-104.0666449999999941
11
141.4000639999999862
21
-104.2571209999999979
0
LINE
8
BLACK
6
CONTINUOUS
10
141.4000639999999862
20
-104.2571209999999979
11
141.495301999999981
21
-104.6380729999999915
0
LINE
8
BLACK
6
CONTINUOUS
10
141.495301999999981
20
-104.6380729999999915
11
141.495301999999981
21
-105.1142639999999915
0
LINE
8
BLACK
6
CONTINUOUS
10
141.495301999999981
20
-105.1142639999999915
11
141.4000639999999862
21
-105.4952159999999992
0
LINE
8
BLACK
6
CONTINUOUS
10
141.4000639999999862
20
-105.4952159999999992
11
141.3048259999999914
21
-105.6856919999999889
0
LINE
8
BLACK
6
CONTINUOUS
10
141.3048259999999914
20
-105.6856919999999889
11
141.2095879999999966
21
-105.7809309999999954
0
LINE
8
BLACK
6
CONTINUOUS
10
141.2095879999999966
20
-105.7809309999999954
11
141.0191120000000069
21
-105.8761689999999902
0
LINE
8
BLACK
6
CONTINUOUS
10
141.0191120000000069
20
-105.8761689999999902
11
140.8286349999999914
21
-105.8761689999999902
0
LINE
8
BLACK
6
CONTINUOUS
10
140.8286349999999914
20
-105.8761689999999902
11
140.6381590000000017
21
-105.7809309999999954
0
LINE
8
BLACK
6
CONTINUOUS
10
140.6381590000000017
20
-105.7809309999999954
11
140.5429210000000069
21
-105.6856919999999889
0
LINE
8
BLACK
6
CONTINUOUS
10
140.5429210000000069
20
-105.6856919999999889
11
140.4476829999999836
21
-105.4952159999999992
0
LINE
8
BLACK
6
CONTINUOUS
10
140.4476829999999836
20
-105.4952159999999992
11
140.3524449999999888
21
-105.1142639999999915
0
LINE
8
BLACK
6
CONTINUOUS
10
140.3524449999999888
20
-105.1142639999999915
11
140.3524449999999888
21
-104.6380729999999915
0
LINE
8
BLACK
6
CONTINUOUS
10
140.3524449999999888
20
-104.6380729999999915
11
140.4476829999999836
21
-104.2571209999999979
0
LINE
8
BLACK
6
CONTINUOUS
10
140.4476829999999836
20
-104.2571209999999979
11
140.5429210000000069
21
-104.0666449999999941
0
LINE
8
BLACK
6
CONTINUOUS
10
140.5429210000000069
20
-104.0666449999999941
11
140.6381590000000017
21
-103.9714069999999992
0
LINE
8
BLACK
6
CONTINUOUS
10
140.6381590000000017
20
-103.9714069999999992
11
140.8286349999999914
21
-103.8761689999999902
0
LINE
8
BLACK
6
CONTINUOUS
10
142.1619689999999991
20
-103.8761689999999902
11
143.4000639999999862
21
-103.8761689999999902
0
LINE
8
BLACK
6
CONTINUOUS
10
143.4000639999999862
20
-103.8761689999999902
11
142.7333969999999965
21
-104.6380729999999915
0
LINE
8
BLACK
6
CONTINUOUS
10
142.7333969999999965
20
-104.6380729999999915
11
143.0191120000000069
21
-104.6380729999999915
0
LINE
8
BLACK
6
CONTINUOUS
10
143.0191120000000069
20
-104.6380729999999915
11
143.2095879999999966
21
-104.7333110000000005
0
LINE
8
BLACK
6
CONTINUOUS
10
143.2095879999999966
20
-104.7333110000000005
11
143.3048259999999914
21
-104.8285499999999928
0
LINE
8
BLACK
6
CONTINUOUS
10
143.3048259999999914
20
-104.8285499999999928
11
143.4000639999999862
21
-105.0190259999999967
0
LINE
8
BLACK
6
CONTINUOUS
10
143.4000639999999862
20
-105.0190259999999967
11
143.4000639999999862
21
-105.4952159999999992
0
LINE
8
BLACK
6
CONTINUOUS
10
143.4000639999999862
20
-105.4952159999999992
11
143.3048259999999914
21
-105.6856919999999889
0
LINE
8
BLACK
6
CONTINUOUS
10
143.3048259999999914
20
-105.6856919999999889
11
143.2095879999999966
21
-105.7809309999999954
0
LINE
8
BLACK
6
CONTINUOUS
10
143.2095879999999966
20
-105.7809309999999954
11
143.0191120000000069
21
-105.8761689999999902
0
LINE
8
BLACK
6
CONTINUOUS
10
143.0191120000000069
20
-105.8761689999999902
11
142.4476829999999836
21
-105.8761689999999902
0
LINE
8
BLACK
6
CONTINUOUS
10
142.4476829999999836
20
-105.8761689999999902
11
142.257206999999994
21
-105.7809309999999954
0
LINE
8
BLACK
6
CONTINUOUS
10
142.257206999999994
20
-105.7809309999999954
11
142.1619689999999991
21
-105.6856919999999889
0
LINE
8
BLACK
6
CONTINUOUS
10
144.3524449999999888
20
-105.8761689999999902
11
144.7333969999999965
21
-105.8761689999999902
0
LINE
8
BLACK
6
CONTINUOUS
10
144.7333969999999965
20
-105.8761689999999902
11
144.9238739999999837
21
-105.7809309999999954
0
LINE
8
BLACK
6
CONTINUOUS
10
144.9238739999999837
20
-105.7809309999999954
11
145.0191120000000069
21
-105.6856919999999889
0
LINE
8
BLACK
6
CONTINUOUS
10
145.0191120000000069
20
-105.6856919999999889
11
145.2095879999999966
21
-105.3999779999999902
0
LINE
8
BLACK
6
CONTINUOUS
10
145.2095879999999966
20
-105.3999779999999902
11
145.3048259999999914
21
-105.0190259999999967
0
LINE
8
BLACK
6
CONTINUOUS
10
145.3048259999999914
20
-105.0190259999999967
11
145.3048259999999914
21
-104.2571209999999979
0
LINE
8
BLACK
6
CONTINUOUS
10
145.3048259999999914
20
-104.2571209999999979
11
145.2095879999999966
21
-104.0666449999999941
0
LINE
8
BLACK
6
CONTINUOUS
10
145.2095879999999966
20
-104.0666449999999941
11
145.1143500000000017
21
-103.9714069999999992
0
LINE
8
BLACK
6
CONTINUOUS
10
145.1143500000000017
20
-103.9714069999999992
11
144.9238739999999837
21
-103.8761689999999902
0
LINE
8
BLACK
6
CONTINUOUS
10
144.9238739999999837
20
-103.8761689999999902
11
144.5429210000000069
21
-103.8761689999999902
0
LINE
8
BLACK
6
CONTINUOUS
10
144.5429210000000069
20
-103.8761689999999902
11
144.3524449999999888
21
-103.9714069999999992
0
LINE
8
BLACK
6
CONTINUOUS
10
144.3524449999999888
20
-103.9714069999999992
11
144.257206999999994
21
-104.0666449999999941
0
LINE
8
BLACK
6
CONTINUOUS
10
144.257206999999994
20
-104.0666449999999941
11
144.1619689999999991
21
-104.2571209999999979
0
LINE
8
BLACK
6
CONTINUOUS
10
144.1619689999999991
20
-104.2571209999999979
11
144.1619689999999991
21
-104.7333110000000005
0
LINE
8
BLACK
6
CONTINUOUS
10
144.1619689999999991
20
-104.7333110000000005
11
144.257206999999994
21
-104.9237880000000018
0
LINE
8
BLACK
6
CONTINUOUS
10
144.257206999999994
20
-104.9237880000000018
11
144.3524449999999888
21
-105.0190259999999967
0
LINE
8
BLACK
6
CONTINUOUS
10
144.3524449999999888
20
-105.0190259999999967
11
144.5429210000000069
21
-105.1142639999999915
0
LINE
8
BLACK
6
CONTINUOUS
10
144.5429210000000069
20
-105.1142639999999915
11
144.9238739999999837
21
-105.1142639999999915
0
LINE
8
BLACK
6
CONTINUOUS
10
144.9238739999999837
20
-105.1142639999999915
11
145.1143500000000017
21
-105.0190259999999967
0
LINE
8
BLACK
6
CONTINUOUS
10
145.1143500000000017
20
-105.0190259999999967
11
145.2095879999999966
21
-104.9237880000000018
0
LINE
8
BLACK
6
CONTINUOUS
10
145.2095879999999966
20
-104.9237880000000018
11
145.3048259999999914
21
-104.7333110000000005
0
LINE
8
BLACK
6
CONTINUOUS
10
147.0191120000000069
20
-104.5428349999999966
11
147.0191120000000069
21
-105.8761689999999902
0
LINE
8
BLACK
6
CONTINUOUS
10
146.5429210000000069
20
-103.7809309999999954
11
146.0667310000000043
21
-105.2095020000000005
0
LINE
8
BLACK
6
CONTINUOUS
10
146.0667310000000043
20
-105.2095020000000005
11
147.3048259999999914
21
-105.2095020000000005
0
LINE
8
BLACK
6
CONTINUOUS
10
147.9714929999999811
20
-103.8761689999999902
11
147.9714929999999811
21
-104.2571209999999979
0
LINE
8
BLACK
6
CONTINUOUS
10
148.733397999999994
20
-103.8761689999999902
11
148.733397999999994
21
-104.2571209999999979
0
LINE
8
BLACK
6
CONTINUOUS
10
151.6857799999999941
20
-106.6380729999999915
11
151.5905410000000018
21
-106.5428349999999966
0
LINE
8
BLACK
6
CONTINUOUS
10
151.5905410000000018
20
-106.5428349999999966
11
151.4000649999999837
21
-106.2571209999999979
0
LINE
8
BLACK
6
CONTINUOUS
10
151.4000649999999837
20
-106.2571209999999979
11
151.3048269999999889
21
-106.0666449999999941
0
LINE
8
BLACK
6
CONTINUOUS
10
151.3048269999999889
20
-106.0666449999999941
11
151.209588999999994
21
-105.7809309999999954
0
LINE
8
BLACK
6
CONTINUOUS
10
151.209588999999994
20
-105.7809309999999954
11
151.1143509999999992
21
-105.3047399999999953
0
LINE
8
BLACK
6
CONTINUOUS
10
151.1143509999999992
20
-105.3047399999999953
11
151.1143509999999992
21
-104.9237880000000018
0
LINE
8
BLACK
6
CONTINUOUS
10
151.1143509999999992
20
-104.9237880000000018
11
151.209588999999994
21
-104.4475970000000018
0
LINE
8
BLACK
6
CONTINUOUS
10
151.209588999999994
20
-104.4475970000000018
11
151.3048269999999889
21
-104.1618829999999889
0
LINE
8
BLACK
6
CONTINUOUS
10
151.3048269999999889
20
-104.1618829999999889
11
151.4000649999999837
21
-103.9714069999999992
0
LINE
8
BLACK
6
CONTINUOUS
10
151.4000649999999837
20
-103.9714069999999992
11
151.5905410000000018
21
-103.6856919999999889
0
LINE
8
BLACK
6
CONTINUOUS
10
151.5905410000000018
20
-103.6856919999999889
11
151.6857799999999941
21
-103.590453999999994
0
LINE
8
BLACK
6
CONTINUOUS
10
152.2572079999999914
20
-103.8761689999999902
11
153.4953030000000069
21
-103.8761689999999902
0
LINE
8
BLACK
6
CONTINUOUS
10
153.4953030000000069
20
-103.8761689999999902
11
152.8286359999999888
21
-104.6380729999999915
0
LINE
8
BLACK
6
CONTINUOUS
10
152.8286359999999888
20
-104.6380729999999915
11
153.1143509999999992
21
-104.6380729999999915
0
LINE
8
BLACK
6
CONTINUOUS
10
153.1143509999999992
20
-104.6380729999999915
11
153.3048269999999889
21
-104.7333110000000005
0
LINE
8
BLACK
6
CONTINUOUS
10
153.3048269999999889
20
-104.7333110000000005
11
153.4000649999999837
21
-104.8285499999999928
0
LINE
8
BLACK
6
CONTINUOUS
10
153.4000649999999837
20
-104.8285499999999928
11
153.4953030000000069
21
-105.0190259999999967
0
LINE
8
BLACK
6
CONTINUOUS
10
153.4953030000000069
20
-105.0190259999999967
11
153.4953030000000069
21
-105.4952159999999992
0
LINE
8
BLACK
6
CONTINUOUS
10
153.4953030000000069
20
-105.4952159999999992
11
153.4000649999999837
21
-105.6856919999999889
0
LINE
8
BLACK
6
CONTINUOUS
10
153.4000649999999837
20
-105.6856919999999889
11
153.3048269999999889
21
-105.7809309999999954
0
LINE
8
BLACK
6
CONTINUOUS
10
153.3048269999999889
20
-105.7809309999999954
11
153.1143509999999992
21
-105.8761689999999902
0
LINE
8
BLACK
6
CONTINUOUS
10
153.1143509999999992
20
-105.8761689999999902
11
152.5429220000000043
21
-105.8761689999999902
0
LINE
8
BLACK
6
CONTINUOUS
10
152.5429220000000043
20
-105.8761689999999902
11
152.3524459999999863
21
-105.7809309999999954
0
LINE
8
BLACK
6
CONTINUOUS
10
152.3524459999999863
20
-105.7809309999999954
11
152.2572079999999914
21
-105.6856919999999889
0
LINE
8
BLACK
6
CONTINUOUS
10
155.8762559999999837
20
-105.8761689999999902
11
155.8762559999999837
21
-103.8761689999999902
0
LINE
8
BLACK
6
CONTINUOUS
10
156.7333989999999915
20
-105.8761689999999902
11
156.7333989999999915
21
-104.8285499999999928
0
LINE
8
BLACK
6
CONTINUOUS
10
156.7333989999999915
20
-104.8285499999999928
11
156.6381609999999966
21
-104.6380729999999915
0
LINE
8
BLACK
6
CONTINUOUS
10
156.6381609999999966
20
-104.6380729999999915
11
156.447685000000007
21
-104.5428349999999966
0
LINE
8
BLACK
6
CONTINUOUS
10
156.447685000000007
20
-104.5428349999999966
11
156.1619699999999966
21
-104.5428349999999966
0
LINE
8
BLACK
6
CONTINUOUS
10
156.1619699999999966
20
-104.5428349999999966
11
155.971494000000007
21
-104.6380729999999915
0
LINE
8
BLACK
6
CONTINUOUS
10
155.971494000000007
20
-104.6380729999999915
11
155.8762559999999837
21
-104.7333110000000005
0
LINE
8
BLACK
6
CONTINUOUS
10
157.971494000000007
20
-105.8761689999999902
11
157.7810179999999889
21
-105.7809309999999954
0
LINE
8
BLACK
6
CONTINUOUS
10
157.7810179999999889
20
-105.7809309999999954
11
157.6857799999999941
21
-105.6856919999999889
0
LINE
8
BLACK
6
CONTINUOUS
10
157.6857799999999941
20
-105.6856919999999889
11
157.5905419999999992
21
-105.4952159999999992
0
LINE
8
BLACK
6
CONTINUOUS
10
157.5905419999999992
20
-105.4952159999999992
11
157.5905419999999992
21
-104.9237880000000018
0
LINE
8
BLACK
6
CONTINUOUS
10
157.5905419999999992
20
-104.9237880000000018
11
157.6857799999999941
21
-104.7333110000000005
0
LINE
8
BLACK
6
CONTINUOUS
10
157.6857799999999941
20
-104.7333110000000005
11
157.7810179999999889
21
-104.6380729999999915
0
LINE
8
BLACK
6
CONTINUOUS
10
157.7810179999999889
20
-104.6380729999999915
11
157.971494000000007
21
-104.5428349999999966
0
LINE
8
BLACK
6
CONTINUOUS
10
157.971494000000007
20
-104.5428349999999966
11
158.2572089999999889
21
-104.5428349999999966
0
LINE
8
BLACK
6
CONTINUOUS
10
158.2572089999999889
20
-104.5428349999999966
11
158.447685000000007
21
-104.6380729999999915
0
LINE
8
BLACK
6
CONTINUOUS
10
158.447685000000007
20
-104.6380729999999915
11
158.5429230000000018
21
-104.7333110000000005
0
LINE
8
BLACK
6
CONTINUOUS
10
158.5429230000000018
20
-104.7333110000000005
11
158.6381609999999966
21
-104.9237880000000018
0
LINE
8
BLACK
6
CONTINUOUS
10
158.6381609999999966
20
-104.9237880000000018
11
158.6381609999999966
21
-105.4952159999999992
0
LINE
8
BLACK
6
CONTINUOUS
10
158.6381609999999966
20
-105.4952159999999992
11
158.5429230000000018
21
-105.6856919999999889
0
LINE
8
BLACK
6
CONTINUOUS
10
158.5429230000000018
20
-105.6856919999999889
11
158.447685000000007
21
-105.7809309999999954
0
LINE
8
BLACK
6
CONTINUOUS
10
158.447685000000007
20
-105.7809309999999954
11
158.2572089999999889
21
-105.8761689999999902
0
LINE
8
BLACK
6
CONTINUOUS
10
158.2572089999999889
20
-105.8761689999999902
11
157.971494000000007
21
-105.8761689999999902
0
LINE
8
BLACK
6
CONTINUOUS
10
159.7810179999999889
20
-105.8761689999999902
11
159.5905419999999992
21
-105.7809309999999954
0
LINE
8
BLACK
6
CONTINUOUS
10
159.5905419999999992
20
-105.7809309999999954
11
159.4953040000000044
21
-105.590453999999994
0
LINE
8
BLACK
6
CONTINUOUS
10
159.4953040000000044
20
-105.590453999999994
11
159.4953040000000044
21
-103.8761689999999902
0
LINE
8
BLACK
6
CONTINUOUS
10
161.3048279999999863
20
-105.7809309999999954
11
161.1143519999999967
21
-105.8761689999999902
0
LINE
8
BLACK
6
CONTINUOUS
10
161.1143519999999967
20
-105.8761689999999902
11
160.7333989999999915
21
-105.8761689999999902
0
LINE
8
BLACK
6
CONTINUOUS
10
160.7333989999999915
20
-105.8761689999999902
11
160.5429230000000018
21
-105.7809309999999954
0
LINE
8
BLACK
6
CONTINUOUS
10
160.5429230000000018
20
-105.7809309999999954
11
160.4476849999999786
21
-105.590453999999994
0
LINE
8
BLACK
6
CONTINUOUS
10
160.4476849999999786
20
-105.590453999999994
11
160.4476849999999786
21
-104.8285499999999928
0
LINE
8
BLACK
6
CONTINUOUS
10
160.4476849999999786
20
-104.8285499999999928
11
160.5429230000000018
21
-104.6380729999999915
0
LINE
8
BLACK
6
CONTINUOUS
10
160.5429230000000018
20
-104.6380729999999915
11
160.7333989999999915
21
-104.5428349999999966
0
LINE
8
BLACK
6
CONTINUOUS
10
160.7333989999999915
20
-104.5428349999999966
11
161.1143519999999967
21
-104.5428349999999966
0
LINE
8
BLACK
6
CONTINUOUS
10
161.1143519999999967
20
-104.5428349999999966
11
161.3048279999999863
21
-104.6380729999999915
0
LINE
8
BLACK
6
CONTINUOUS
10
161.3048279999999863
20
-104.6380729999999915
11
161.4000659999999812
21
-104.8285499999999928
0
LINE
8
BLACK
6
CONTINUOUS
10
161.4000659999999812
20
-104.8285499999999928
11
161.4000659999999812
21
-105.0190259999999967
0
LINE
8
BLACK
6
CONTINUOUS
10
161.4000659999999812
20
-105.0190259999999967
11
160.4476849999999786
21
-105.2095020000000005
0
LINE
8
BLACK
6
CONTINUOUS
10
162.1619709999999941
20
-105.7809309999999954
11
162.3524469999999837
21
-105.8761689999999902
0
LINE
8
BLACK
6
CONTINUOUS
10
162.3524469999999837
20
-105.8761689999999902
11
162.7333989999999915
21
-105.8761689999999902
0
LINE
8
BLACK
6
CONTINUOUS
10
162.7333989999999915
20
-105.8761689999999902
11
162.9238759999999786
21
-105.7809309999999954
0
LINE
8
BLACK
6
CONTINUOUS
10
162.9238759999999786
20
-105.7809309999999954
11
163.0191140000000019
21
-105.590453999999994
0
LINE
8
BLACK
6
CONTINUOUS
10
163.0191140000000019
20
-105.590453999999994
11
163.0191140000000019
21
-105.4952159999999992
0
LINE
8
BLACK
6
CONTINUOUS
10
163.0191140000000019
20
-105.4952159999999992
11
162.9238759999999786
21
-105.3047399999999953
0
LINE
8
BLACK
6
CONTINUOUS
10
162.9238759999999786
20
-105.3047399999999953
11
162.7333989999999915
21
-105.2095020000000005
0
LINE
8
BLACK
6
CONTINUOUS
10
162.7333989999999915
20
-105.2095020000000005
11
162.4476849999999786
21
-105.2095020000000005
0
LINE
8
BLACK
6
CONTINUOUS
10
162.4476849999999786
20
-105.2095020000000005
11
162.2572089999999889
21
-105.1142639999999915
0
LINE
8
BLACK
6
CONTINUOUS
10
162.2572089999999889
20
-105.1142639999999915
11
162.1619709999999941
21
-104.9237880000000018
0
LINE
8
BLACK
6
CONTINUOUS
10
162.1619709999999941
20
-104.9237880000000018
11
162.1619709999999941
21
-104.8285499999999928
0
LINE
8
BLACK
6
CONTINUOUS
10
162.1619709999999941
20
-104.8285499999999928
11
162.2572089999999889
21
-104.6380729999999915
0
LINE
8
BLACK
6
CONTINUOUS
10
162.2572089999999889
20
-104.6380729999999915
11
162.4476849999999786
21
-104.5428349999999966
0
LINE
8
BLACK
6
CONTINUOUS
10
162.4476849999999786
20
-104.5428349999999966
11
162.7333989999999915
21
-104.5428349999999966
0
LINE
8
BLACK
6
CONTINUOUS
10
162.7333989999999915
20
-104.5428349999999966
11
162.9238759999999786
21
-104.6380729999999915
0
LINE
8
BLACK
6
CONTINUOUS
10
163.6857809999999915
20
-106.6380729999999915
11
163.7810189999999864
21
-106.5428349999999966
0
LINE
8
BLACK
6
CONTINUOUS
10
163.7810189999999864
20
-106.5428349999999966
11
163.9714950000000044
21
-106.2571209999999979
0
LINE
8
BLACK
6
CONTINUOUS
10
163.9714950000000044
20
-106.2571209999999979
11
164.0667329999999993
21
-106.0666449999999941
0
LINE
8
BLACK
6
CONTINUOUS
10
164.0667329999999993
20
-106.0666449999999941
11
164.1619709999999941
21
-105.7809309999999954
0
LINE
8
BLACK
6
CONTINUOUS
10
164.1619709999999941
20
-105.7809309999999954
11
164.2572089999999889
21
-105.3047399999999953
0
LINE
8
BLACK
6
CONTINUOUS
10
164.2572089999999889
20
-105.3047399999999953
11
164.2572089999999889
21
-104.9237880000000018
0
LINE
8
BLACK
6
CONTINUOUS
10
164.2572089999999889
20
-104.9237880000000018
11
164.1619709999999941
21
-104.4475970000000018
0
LINE
8
BLACK
6
CONTINUOUS
10
164.1619709999999941
20
-104.4475970000000018
11
164.0667329999999993
21
-104.1618829999999889
0
LINE
8
BLACK
6
CONTINUOUS
10
164.0667329999999993
20
-104.1618829999999889
11
163.9714950000000044
21
-103.9714069999999992
0
LINE
8
BLACK
6
CONTINUOUS
10
163.9714950000000044
20
-103.9714069999999992
11
163.7810189999999864
21
-103.6856919999999889
0
LINE
8
BLACK
6
CONTINUOUS
10
163.7810189999999864
20
-103.6856919999999889
11
163.6857809999999915
21
-103.590453999999994
0
LINE
8
BLACK
6
CONTINUOUS
10
115.7755279999999942
20
-107.986707999999993
11
115.7755279999999942
21
-107.2159539999999964
0
LINE
8
BLACK
6
CONTINUOUS
10
115.7755279999999942
20
-107.2159539999999964
11
115.0047739999999976
21
-107.2159539999999964
0
LINE
8
BLACK
6
CONTINUOUS
10
115.0047739999999976
20
-107.2159539999999964
11
115.0047739999999976
21
-107.986707999999993
0
LINE
8
BLACK
6
CONTINUOUS
10
115.0047739999999976
20
-107.986707999999993
11
115.7755279999999942
21
-107.986707999999993
0
LINE
8
BLACK
6
CONTINUOUS
10
119.5905379999999951
20
-108.5161689999999908
11
118.4476809999999887
21
-108.5161689999999908
0
LINE
8
BLACK
6
CONTINUOUS
10
119.0191090000000003
20
-108.5161689999999908
11
119.0191090000000003
21
-106.5161689999999908
0
LINE
8
BLACK
6
CONTINUOUS
10
119.0191090000000003
20
-106.5161689999999908
11
118.8286329999999964
21
-106.8018829999999895
0
LINE
8
BLACK
6
CONTINUOUS
10
118.8286329999999964
20
-106.8018829999999895
11
118.6381569999999925
21
-106.9923589999999933
0
LINE
8
BLACK
6
CONTINUOUS
10
118.6381569999999925
20
-106.9923589999999933
11
118.4476809999999887
21
-107.0875969999999882
0
LINE
8
BLACK
6
CONTINUOUS
10
120.4476809999999887
20
-108.3256919999999894
11
120.5429189999999977
21
-108.4209309999999959
0
LINE
8
BLACK
6
CONTINUOUS
10
120.5429189999999977
20
-108.4209309999999959
11
120.4476809999999887
21
-108.5161689999999908
0
LINE
8
BLACK
6
CONTINUOUS
10
120.4476809999999887
20
-108.5161689999999908
11
120.3524429999999938
21
-108.4209309999999959
0
LINE
8
BLACK
6
CONTINUOUS
10
120.3524429999999938
20
-108.4209309999999959
11
120.4476809999999887
21
-108.3256919999999894
0
LINE
8
BLACK
6
CONTINUOUS
10
120.4476809999999887
20
-108.3256919999999894
11
120.4476809999999887
21
-108.5161689999999908
0
LINE
8
BLACK
6
CONTINUOUS
10
121.781013999999999
20
-106.5161689999999908
11
121.9714910000000003
21
-106.5161689999999908
0
LINE
8
BLACK
6
CONTINUOUS
10
121.9714910000000003
20
-106.5161689999999908
11
122.16196699999999
21
-106.6114069999999998
0
LINE
8
BLACK
6
CONTINUOUS
10
122.16196699999999
20
-106.6114069999999998
11
122.257204999999999
21
-106.7066449999999946
0
LINE
8
BLACK
6
CONTINUOUS
10
122.257204999999999
20
-106.7066449999999946
11
122.3524429999999938
21
-106.8971209999999985
0
LINE
8
BLACK
6
CONTINUOUS
10
122.3524429999999938
20
-106.8971209999999985
11
122.4476809999999887
21
-107.278072999999992
0
LINE
8
BLACK
6
CONTINUOUS
10
122.4476809999999887
20
-107.278072999999992
11
122.4476809999999887
21
-107.7542639999999921
0
LINE
8
BLACK
6
CONTINUOUS
10
122.4476809999999887
20
-107.7542639999999921
11
122.3524429999999938
21
-108.1352159999999998
0
LINE
8
BLACK
6
CONTINUOUS
10
122.3524429999999938
20
-108.1352159999999998
11
122.257204999999999
21
-108.3256919999999894
0
LINE
8
BLACK
6
CONTINUOUS
10
122.257204999999999
20
-108.3256919999999894
11
122.16196699999999
21
-108.4209309999999959
0
LINE
8
BLACK
6
CONTINUOUS
10
122.16196699999999
20
-108.4209309999999959
11
121.9714910000000003
21
-108.5161689999999908
0
LINE
8
BLACK
6
CONTINUOUS
10
121.9714910000000003
20
-108.5161689999999908
11
121.781013999999999
21
-108.5161689999999908
0
LINE
8
BLACK
6
CONTINUOUS
10
121.781013999999999
20
-108.5161689999999908
11
121.5905379999999951
21
-108.4209309999999959
0
LINE
8
BLACK
6
CONTINUOUS
10
121.5905379999999951
20
-108.4209309999999959
11
121.4953000000000003
21
-108.3256919999999894
0
LINE
8
BLACK
6
CONTINUOUS
10
121.4953000000000003
20
-108.3256919999999894
11
121.4000619999999913
21
-108.1352159999999998
0
LINE
8
BLACK
6
CONTINUOUS
10
121.4000619999999913
20
-108.1352159999999998
11
121.3048239999999964
21
-107.7542639999999921
0
LINE
8
BLACK
6
CONTINUOUS
10
121.3048239999999964
20
-107.7542639999999921
11
121.3048239999999964
21
-107.278072999999992
0
LINE
8
BLACK
6
CONTINUOUS
10
121.3048239999999964
20
-107.278072999999992
11
121.4000619999999913
21
-106.8971209999999985
0
LINE
8
BLACK
6
CONTINUOUS
10
121.4000619999999913
20
-106.8971209999999985
11
121.4953000000000003
21
-106.7066449999999946
0
LINE
8
BLACK
6
CONTINUOUS
10
121.4953000000000003
20
-106.7066449999999946
11
121.5905379999999951
21
-106.6114069999999998
0
LINE
8
BLACK
6
CONTINUOUS
10
121.5905379999999951
20
-106.6114069999999998
11
121.781013999999999
21
-106.5161689999999908
0
LINE
8
BLACK
6
CONTINUOUS
10
123.4000619999999913
20
-108.5161689999999908
11
123.781013999999999
21
-108.5161689999999908
0
LINE
8
BLACK
6
CONTINUOUS
10
123.781013999999999
20
-108.5161689999999908
11
123.9714910000000003
21
-108.4209309999999959
0
LINE
8
BLACK
6
CONTINUOUS
10
123.9714910000000003
20
-108.4209309999999959
11
124.0667289999999952
21
-108.3256919999999894
0
LINE
8
BLACK
6
CONTINUOUS
10
124.0667289999999952
20
-108.3256919999999894
11
124.257204999999999
21
-108.0399779999999907
0
LINE
8
BLACK
6
CONTINUOUS
10
124.257204999999999
20
-108.0399779999999907
11
124.3524429999999938
21
-107.6590259999999972
0
LINE
8
BLACK
6
CONTINUOUS
10
124.3524429999999938
20
-107.6590259999999972
11
124.3524429999999938
21
-106.8971209999999985
0
LINE
8
BLACK
6
CONTINUOUS
10
124.3524429999999938
20
-106.8971209999999985
11
124.257204999999999
21
-106.7066449999999946
0
LINE
8
BLACK
6
CONTINUOUS
10
124.257204999999999
20
-106.7066449999999946
11
124.16196699999999
21
-106.6114069999999998
0
LINE
8
BLACK
6
CONTINUOUS
10
124.16196699999999
20
-106.6114069999999998
11
123.9714910000000003
21
-106.5161689999999908
0
LINE
8
BLACK
6
CONTINUOUS
10
123.9714910000000003
20
-106.5161689999999908
11
123.5905379999999951
21
-106.5161689999999908
0
LINE
8
BLACK
6
CONTINUOUS
10
123.5905379999999951
20
-106.5161689999999908
11
123.4000619999999913
21
-106.6114069999999998
0
LINE
8
BLACK
6
CONTINUOUS
10
123.4000619999999913
20
-106.6114069999999998
11
123.3048239999999964
21
-106.7066449999999946
0
LINE
8
BLACK
6
CONTINUOUS
10
123.3048239999999964
20
-106.7066449999999946
11
123.2095859999999874
21
-106.8971209999999985
0
LINE
8
BLACK
6
CONTINUOUS
10
123.2095859999999874
20
-106.8971209999999985
11
123.2095859999999874
21
-107.3733110000000011
0
LINE
8
BLACK
6
CONTINUOUS
10
123.2095859999999874
20
-107.3733110000000011
11
123.3048239999999964
21
-107.5637879999999882
0
LINE
8
BLACK
6
CONTINUOUS
10
123.3048239999999964
20
-107.5637879999999882
11
123.4000619999999913
21
-107.6590259999999972
0
LINE
8
BLACK
6
CONTINUOUS
10
123.4000619999999913
20
-107.6590259999999972
11
123.5905379999999951
21
-107.7542639999999921
0
LINE
8
BLACK
6
CONTINUOUS
10
123.5905379999999951
20
-107.7542639999999921
11
123.9714910000000003
21
-107.7542639999999921
0
LINE
8
BLACK
6
CONTINUOUS
10
123.9714910000000003
20
-107.7542639999999921
11
124.16196699999999
21
-107.6590259999999972
0
LINE
8
BLACK
6
CONTINUOUS
10
124.16196699999999
20
-107.6590259999999972
11
124.257204999999999
21
-107.5637879999999882
0
LINE
8
BLACK
6
CONTINUOUS
10
124.257204999999999
20
-107.5637879999999882
11
124.3524429999999938
21
-107.3733110000000011
0
LINE
8
BLACK
6
CONTINUOUS
10
125.5905379999999951
20
-106.5161689999999908
11
125.7810149999999965
21
-106.5161689999999908
0
LINE
8
BLACK
6
CONTINUOUS
10
125.7810149999999965
20
-106.5161689999999908
11
125.9714910000000003
21
-106.6114069999999998
0
LINE
8
BLACK
6
CONTINUOUS
10
125.9714910000000003
20
-106.6114069999999998
11
126.0667289999999952
21
-106.7066449999999946
0
LINE
8
BLACK
6
CONTINUOUS
10
126.0667289999999952
20
-106.7066449999999946
11
126.16196699999999
21
-106.8971209999999985
0
LINE
8
BLACK
6
CONTINUOUS
10
126.16196699999999
20
-106.8971209999999985
11
126.257204999999999
21
-107.278072999999992
0
LINE
8
BLACK
6
CONTINUOUS
10
126.257204999999999
20
-107.278072999999992
11
126.257204999999999
21
-107.7542639999999921
0
LINE
8
BLACK
6
CONTINUOUS
10
126.257204999999999
20
-107.7542639999999921
11
126.16196699999999
21
-108.1352159999999998
0
LINE
8
BLACK
6
CONTINUOUS
10
126.16196699999999
20
-108.1352159999999998
11
126.0667289999999952
21
-108.3256919999999894
0
LINE
8
BLACK
6
CONTINUOUS
10
126.0667289999999952
20
-108.3256919999999894
11
125.9714910000000003
21
-108.4209309999999959
0
LINE
8
BLACK
6
CONTINUOUS
10
125.9714910000000003
20
-108.4209309999999959
11
125.7810149999999965
21
-108.5161689999999908
0
LINE
8
BLACK
6
CONTINUOUS
10
125.7810149999999965
20
-108.5161689999999908
11
125.5905379999999951
21
-108.5161689999999908
0
LINE
8
BLACK
6
CONTINUOUS
10
125.5905379999999951
20
-108.5161689999999908
11
125.4000619999999913
21
-108.4209309999999959
0
LINE
8
BLACK
6
CONTINUOUS
10
125.4000619999999913
20
-108.4209309999999959
11
125.3048239999999964
21
-108.3256919999999894
0
LINE
8
BLACK
6
CONTINUOUS
10
125.3048239999999964
20
-108.3256919999999894
11
125.2095859999999874
21
-108.1352159999999998
0
LINE
8
BLACK
6
CONTINUOUS
10
125.2095859999999874
20
-108.1352159999999998
11
125.1143479999999926
21
-107.7542639999999921
0
LINE
8
BLACK
6
CONTINUOUS
10
125.1143479999999926
20
-107.7542639999999921
11
125.1143479999999926
21
-107.278072999999992
0
LINE
8
BLACK
6
CONTINUOUS
10
125.1143479999999926
20
-107.278072999999992
11
125.2095859999999874
21
-106.8971209999999985
0
LINE
8
BLACK
6
CONTINUOUS
10
125.2095859999999874
20
-106.8971209999999985
11
125.3048239999999964
21
-106.7066449999999946
0
LINE
8
BLACK
6
CONTINUOUS
10
125.3048239999999964
20
-106.7066449999999946
11
125.4000619999999913
21
-106.6114069999999998
0
LINE
8
BLACK
6
CONTINUOUS
10
125.4000619999999913
20
-106.6114069999999998
11
125.5905379999999951
21
-106.5161689999999908
0
LINE
8
BLACK
6
CONTINUOUS
10
127.1143479999999926
20
-108.5161689999999908
11
127.1143479999999926
21
-107.1828349999999972
0
LINE
8
BLACK
6
CONTINUOUS
10
127.1143479999999926
20
-107.3733110000000011
11
127.2095859999999874
21
-107.278072999999992
0
LINE
8
BLACK
6
CONTINUOUS
10
127.2095859999999874
20
-107.278072999999992
11
127.4000619999999913
21
-107.1828349999999972
0
LINE
8
BLACK
6
CONTINUOUS
10
127.4000619999999913
20
-107.1828349999999972
11
127.6857769999999874
21
-107.1828349999999972
0
LINE
8
BLACK
6
CONTINUOUS
10
127.6857769999999874
20
-107.1828349999999972
11
127.8762529999999913
21
-107.278072999999992
0
LINE
8
BLACK
6
CONTINUOUS
10
127.8762529999999913
20
-107.278072999999992
11
127.9714910000000003
21
-107.4685499999999934
0
LINE
8
BLACK
6
CONTINUOUS
10
127.9714910000000003
20
-107.4685499999999934
11
127.9714910000000003
21
-108.5161689999999908
0
LINE
8
BLACK
6
CONTINUOUS
10
127.9714910000000003
20
-107.4685499999999934
11
128.0667289999999809
21
-107.278072999999992
0
LINE
8
BLACK
6
CONTINUOUS
10
128.0667289999999809
20
-107.278072999999992
11
128.257204999999999
21
-107.1828349999999972
0
LINE
8
BLACK
6
CONTINUOUS
10
128.257204999999999
20
-107.1828349999999972
11
128.5429189999999835
21
-107.1828349999999972
0
LINE
8
BLACK
6
CONTINUOUS
10
128.5429189999999835
20
-107.1828349999999972
11
128.733395999999999
21
-107.278072999999992
0
LINE
8
BLACK
6
CONTINUOUS
10
128.733395999999999
20
-107.278072999999992
11
128.8286339999999939
21
-107.4685499999999934
0
LINE
8
BLACK
6
CONTINUOUS
10
128.8286339999999939
20
-107.4685499999999934
11
128.8286339999999939
21
-108.5161689999999908
0
LINE
8
BLACK
6
CONTINUOUS
10
129.7810149999999965
20
-108.5161689999999908
11
129.7810149999999965
21
-107.1828349999999972
0
LINE
8
BLACK
6
CONTINUOUS
10
129.7810149999999965
20
-107.3733110000000011
11
129.8762529999999913
21
-107.278072999999992
0
LINE
8
BLACK
6
CONTINUOUS
10
129.8762529999999913
20
-107.278072999999992
11
130.0667289999999809
21
-107.1828349999999972
0
LINE
8
BLACK
6
CONTINUOUS
10
130.0667289999999809
20
-107.1828349999999972
11
130.3524439999999913
21
-107.1828349999999972
0
LINE
8
BLACK
6
CONTINUOUS
10
130.3524439999999913
20
-107.1828349999999972
11
130.542919999999981
21
-107.278072999999992
0
LINE
8
BLACK
6
CONTINUOUS
10
130.542919999999981
20
-107.278072999999992
11
130.6381580000000042
21
-107.4685499999999934
0
LINE
8
BLACK
6
CONTINUOUS
10
130.6381580000000042
20
-107.4685499999999934
11
130.6381580000000042
21
-108.5161689999999908
0
LINE
8
BLACK
6
CONTINUOUS
10
130.6381580000000042
20
-107.4685499999999934
11
130.733395999999999
21
-107.278072999999992
0
LINE
8
BLACK
6
CONTINUOUS
10
130.733395999999999
20
-107.278072999999992
11
130.9238719999999887
21
-107.1828349999999972
0
LINE
8
BLACK
6
CONTINUOUS
10
130.9238719999999887
20
-107.1828349999999972
11
131.2095860000000016
21
-107.1828349999999972
0
LINE
8
BLACK
6
CONTINUOUS
10
131.2095860000000016
20
-107.1828349999999972
11
131.4000629999999887
21
-107.278072999999992
0
LINE
8
BLACK
6
CONTINUOUS
10
131.4000629999999887
20
-107.278072999999992
11
131.4953009999999836
21
-107.4685499999999934
0
LINE
8
BLACK
6
CONTINUOUS
10
131.4953009999999836
20
-107.4685499999999934
11
131.4953009999999836
21
-108.5161689999999908
0
LINE
8
BLACK
6
CONTINUOUS
10
135.4000629999999887
20
-106.4209309999999959
11
133.6857779999999991
21
-108.9923589999999933
0
LINE
8
BLACK
6
CONTINUOUS
10
137.9714919999999836
20
-106.5161689999999908
11
138.1619689999999991
21
-106.5161689999999908
0
LINE
8
BLACK
6
CONTINUOUS
10
138.1619689999999991
20
-106.5161689999999908
11
138.3524449999999888
21
-106.6114069999999998
0
LINE
8
BLACK
6
CONTINUOUS
10
138.3524449999999888
20
-106.6114069999999998
11
138.4476829999999836
21
-106.7066449999999946
0
LINE
8
BLACK
6
CONTINUOUS
10
138.4476829999999836
20
-106.7066449999999946
11
138.5429210000000069
21
-106.8971209999999985
0
LINE
8
BLACK
6
CONTINUOUS
10
138.5429210000000069
20
-106.8971209999999985
11
138.6381590000000017
21
-107.278072999999992
0
LINE
8
BLACK
6
CONTINUOUS
10
138.6381590000000017
20
-107.278072999999992
11
138.6381590000000017
21
-107.7542639999999921
0
LINE
8
BLACK
6
CONTINUOUS
10
138.6381590000000017
20
-107.7542639999999921
11
138.5429210000000069
21
-108.1352159999999998
0
LINE
8
BLACK
6
CONTINUOUS
10
138.5429210000000069
20
-108.1352159999999998
11
138.4476829999999836
21
-108.3256919999999894
0
LINE
8
BLACK
6
CONTINUOUS
10
138.4476829999999836
20
-108.3256919999999894
11
138.3524449999999888
21
-108.4209309999999959
0
LINE
8
BLACK
6
CONTINUOUS
10
138.3524449999999888
20
-108.4209309999999959
11
138.1619689999999991
21
-108.5161689999999908
0
LINE
8
BLACK
6
CONTINUOUS
10
138.1619689999999991
20
-108.5161689999999908
11
137.9714919999999836
21
-108.5161689999999908
0
LINE
8
BLACK
6
CONTINUOUS
10
137.9714919999999836
20
-108.5161689999999908
11
137.7810159999999939
21
-108.4209309999999959
0
LINE
8
BLACK
6
CONTINUOUS
10
137.7810159999999939
20
-108.4209309999999959
11
137.6857779999999991
21
-108.3256919999999894
0
LINE
8
BLACK
6
CONTINUOUS
10
137.6857779999999991
20
-108.3256919999999894
11
137.5905400000000043
21
-108.1352159999999998
0
LINE
8
BLACK
6
CONTINUOUS
10
137.5905400000000043
20
-108.1352159999999998
11
137.495301999999981
21
-107.7542639999999921
0
LINE
8
BLACK
6
CONTINUOUS
10
137.495301999999981
20
-107.7542639999999921
11
137.495301999999981
21
-107.278072999999992
0
LINE
8
BLACK
6
CONTINUOUS
10
137.495301999999981
20
-107.278072999999992
11
137.5905400000000043
21
-106.8971209999999985
0
LINE
8
BLACK
6
CONTINUOUS
10
137.5905400000000043
20
-106.8971209999999985
11
137.6857779999999991
21
-106.7066449999999946
0
LINE
8
BLACK
6
CONTINUOUS
10
137.6857779999999991
20
-106.7066449999999946
11
137.7810159999999939
21
-106.6114069999999998
0
LINE
8
BLACK
6
CONTINUOUS
10
137.7810159999999939
20
-106.6114069999999998
11
137.9714919999999836
21
-106.5161689999999908
0
LINE
8
BLACK
6
CONTINUOUS
10
139.495301999999981
20
-108.3256919999999894
11
139.5905400000000043
21
-108.4209309999999959
0
LINE
8
BLACK
6
CONTINUOUS
10
139.5905400000000043
20
-108.4209309999999959
11
139.495301999999981
21
-108.5161689999999908
0
LINE
8
BLACK
6
CONTINUOUS
10
139.495301999999981
20
-108.5161689999999908
11
139.4000639999999862
21
-108.4209309999999959
0
LINE
8
BLACK
6
CONTINUOUS
10
139.4000639999999862
20
-108.4209309999999959
11
139.495301999999981
21
-108.3256919999999894
0
LINE
8
BLACK
6
CONTINUOUS
10
139.495301999999981
20
-108.3256919999999894
11
139.495301999999981
21
-108.5161689999999908
0
LINE
8
BLACK
6
CONTINUOUS
10
140.8286349999999914
20
-106.5161689999999908
11
141.0191120000000069
21
-106.5161689999999908
0
LINE
8
BLACK
6
CONTINUOUS
10
141.0191120000000069
20
-106.5161689999999908
11
141.2095879999999966
21
-106.6114069999999998
0
LINE
8
BLACK
6
CONTINUOUS
10
141.2095879999999966
20
-106.6114069999999998
11
141.3048259999999914
21
-106.7066449999999946
0
LINE
8
BLACK
6
CONTINUOUS
10
141.3048259999999914
20
-106.7066449999999946
11
141.4000639999999862
21
-106.8971209999999985
0
LINE
8
BLACK
6
CONTINUOUS
10
141.4000639999999862
20
-106.8971209999999985
11
141.495301999999981
21
-107.278072999999992
0
LINE
8
BLACK
6
CONTINUOUS
10
141.495301999999981
20
-107.278072999999992
11
141.495301999999981
21
-107.7542639999999921
0
LINE
8
BLACK
6
CONTINUOUS
10
141.495301999999981
20
-107.7542639999999921
11
141.4000639999999862
21
-108.1352159999999998
0
LINE
8
BLACK
6
CONTINUOUS
10
141.4000639999999862
20
-108.1352159999999998
11
141.3048259999999914
21
-108.3256919999999894
0
LINE
8
BLACK
6
CONTINUOUS
10
141.3048259999999914
20
-108.3256919999999894
11
141.2095879999999966
21
-108.4209309999999959
0
LINE
8
BLACK
6
CONTINUOUS
10
141.2095879999999966
20
-108.4209309999999959
11
141.0191120000000069
21
-108.5161689999999908
0
LINE
8
BLACK
6
CONTINUOUS
10
141.0191120000000069
20
-108.5161689999999908
11
140.8286349999999914
21
-108.5161689999999908
0
LINE
8
BLACK
6
CONTINUOUS
10
140.8286349999999914
20
-108.5161689999999908
11
140.6381590000000017
21
-108.4209309999999959
0
LINE
8
BLACK
6
CONTINUOUS
10
140.6381590000000017
20
-108.4209309999999959
11
140.5429210000000069
21
-108.3256919999999894
0
LINE
8
BLACK
6
CONTINUOUS
10
140.5429210000000069
20
-108.3256919999999894
11
140.4476829999999836
21
-108.1352159999999998
0
LINE
8
BLACK
6
CONTINUOUS
10
140.4476829999999836
20
-108.1352159999999998
11
140.3524449999999888
21
-107.7542639999999921
0
LINE
8
BLACK
6
CONTINUOUS
10
140.3524449999999888
20
-107.7542639999999921
11
140.3524449999999888
21
-107.278072999999992
0
LINE
8
BLACK
6
CONTINUOUS
10
140.3524449999999888
20
-107.278072999999992
11
140.4476829999999836
21
-106.8971209999999985
0
LINE
8
BLACK
6
CONTINUOUS
10
140.4476829999999836
20
-106.8971209999999985
11
140.5429210000000069
21
-106.7066449999999946
0
LINE
8
BLACK
6
CONTINUOUS
10
140.5429210000000069
20
-106.7066449999999946
11
140.6381590000000017
21
-106.6114069999999998
0
LINE
8
BLACK
6
CONTINUOUS
10
140.6381590000000017
20
-106.6114069999999998
11
140.8286349999999914
21
-106.5161689999999908
0
LINE
8
BLACK
6
CONTINUOUS
10
143.2095879999999966
20
-107.1828349999999972
11
143.2095879999999966
21
-108.5161689999999908
0
LINE
8
BLACK
6
CONTINUOUS
10
142.7333969999999965
20
-106.4209309999999959
11
142.257206999999994
21
-107.8495020000000011
0
LINE
8
BLACK
6
CONTINUOUS
10
142.257206999999994
20
-107.8495020000000011
11
143.495301999999981
21
-107.8495020000000011
0
LINE
8
BLACK
6
CONTINUOUS
10
144.1619689999999991
20
-106.7066449999999946
11
144.257206999999994
21
-106.6114069999999998
0
LINE
8
BLACK
6
CONTINUOUS
10
144.257206999999994
20
-106.6114069999999998
11
144.4476829999999836
21
-106.5161689999999908
0
LINE
8
BLACK
6
CONTINUOUS
10
144.4476829999999836
20
-106.5161689999999908
11
144.9238739999999837
21
-106.5161689999999908
0
LINE
8
BLACK
6
CONTINUOUS
10
144.9238739999999837
20
-106.5161689999999908
11
145.1143500000000017
21
-106.6114069999999998
0
LINE
8
BLACK
6
CONTINUOUS
10
145.1143500000000017
20
-106.6114069999999998
11
145.2095879999999966
21
-106.7066449999999946
0
LINE
8
BLACK
6
CONTINUOUS
10
145.2095879999999966
20
-106.7066449999999946
11
145.3048259999999914
21
-106.8971209999999985
0
LINE
8
BLACK
6
CONTINUOUS
10
145.3048259999999914
20
-106.8971209999999985
11
145.3048259999999914
21
-107.0875969999999882
0
LINE
8
BLACK
6
CONTINUOUS
10
145.3048259999999914
20
-107.0875969999999882
11
145.2095879999999966
21
-107.3733110000000011
0
LINE
8
BLACK
6
CONTINUOUS
10
145.2095879999999966
20
-107.3733110000000011
11
144.0667310000000043
21
-108.5161689999999908
0
LINE
8
BLACK
6
CONTINUOUS
10
144.0667310000000043
20
-108.5161689999999908
11
145.3048259999999914
21
-108.5161689999999908
0
LINE
8
BLACK
6
CONTINUOUS
10
146.257206999999994
20
-108.5161689999999908
11
146.6381590000000017
21
-108.5161689999999908
0
LINE
8
BLACK
6
CONTINUOUS
10
146.6381590000000017
20
-108.5161689999999908
11
146.8286359999999888
21
-108.4209309999999959
0
LINE
8
BLACK
6
CONTINUOUS
10
146.8286359999999888
20
-108.4209309999999959
11
146.9238739999999837
21
-108.3256919999999894
0
LINE
8
BLACK
6
CONTINUOUS
10
146.9238739999999837
20
-108.3256919999999894
11
147.1143500000000017
21
-108.0399779999999907
0
LINE
8
BLACK
6
CONTINUOUS
10
147.1143500000000017
20
-108.0399779999999907
11
147.2095879999999966
21
-107.6590259999999972
0
LINE
8
BLACK
6
CONTINUOUS
10
147.2095879999999966
20
-107.6590259999999972
11
147.2095879999999966
21
-106.8971209999999985
0
LINE
8
BLACK
6
CONTINUOUS
10
147.2095879999999966
20
-106.8971209999999985
11
147.1143500000000017
21
-106.7066449999999946
0
LINE
8
BLACK
6
CONTINUOUS
10
147.1143500000000017
20
-106.7066449999999946
11
147.0191120000000069
21
-106.6114069999999998
0
LINE
8
BLACK
6
CONTINUOUS
10
147.0191120000000069
20
-106.6114069999999998
11
146.8286359999999888
21
-106.5161689999999908
0
LINE
8
BLACK
6
CONTINUOUS
10
146.8286359999999888
20
-106.5161689999999908
11
146.4476829999999836
21
-106.5161689999999908
0
LINE
8
BLACK
6
CONTINUOUS
10
146.4476829999999836
20
-106.5161689999999908
11
146.257206999999994
21
-106.6114069999999998
0
LINE
8
BLACK
6
CONTINUOUS
10
146.257206999999994
20
-106.6114069999999998
11
146.1619689999999991
21
-106.7066449999999946
0
LINE
8
BLACK
6
CONTINUOUS
10
146.1619689999999991
20
-106.7066449999999946
11
146.0667310000000043
21
-106.8971209999999985
0
LINE
8
BLACK
6
CONTINUOUS
10
146.0667310000000043
20
-106.8971209999999985
11
146.0667310000000043
21
-107.3733110000000011
0
LINE
8
BLACK
6
CONTINUOUS
10
146.0667310000000043
20
-107.3733110000000011
11
146.1619689999999991
21
-107.5637879999999882
0
LINE
8
BLACK
6
CONTINUOUS
10
146.1619689999999991
20
-107.5637879999999882
11
146.257206999999994
21
-107.6590259999999972
0
LINE
8
BLACK
6
CONTINUOUS
10
146.257206999999994
20
-107.6590259999999972
11
146.4476829999999836
21
-107.7542639999999921
0
LINE
8
BLACK
6
CONTINUOUS
10
146.4476829999999836
20
-107.7542639999999921
11
146.8286359999999888
21
-107.7542639999999921
0
LINE
8
BLACK
6
CONTINUOUS
10
146.8286359999999888
20
-107.7542639999999921
11
147.0191120000000069
21
-107.6590259999999972
0
LINE
8
BLACK
6
CONTINUOUS
10
147.0191120000000069
20
-107.6590259999999972
11
147.1143500000000017
21
-107.5637879999999882
0
LINE
8
BLACK
6
CONTINUOUS
10
147.1143500000000017
20
-107.5637879999999882
11
147.2095879999999966
21
-107.3733110000000011
0
LINE
8
BLACK
6
CONTINUOUS
10
147.9714929999999811
20
-106.5161689999999908
11
147.9714929999999811
21
-106.8971209999999985
0
LINE
8
BLACK
6
CONTINUOUS
10
148.733397999999994
20
-106.5161689999999908
11
148.733397999999994
21
-106.8971209999999985
0
LINE
8
BLACK
6
CONTINUOUS
10
151.6857799999999941
20
-109.278072999999992
11
151.5905410000000018
21
-109.1828349999999972
0
LINE
8
BLACK
6
CONTINUOUS
10
151.5905410000000018
20
-109.1828349999999972
11
151.4000649999999837
21
-108.8971209999999985
0
LINE
8
BLACK
6
CONTINUOUS
10
151.4000649999999837
20
-108.8971209999999985
11
151.3048269999999889
21
-108.7066449999999946
0
LINE
8
BLACK
6
CONTINUOUS
10
151.3048269999999889
20
-108.7066449999999946
11
151.209588999999994
21
-108.4209309999999959
0
LINE
8
BLACK
6
CONTINUOUS
10
151.209588999999994
20
-108.4209309999999959
11
151.1143509999999992
21
-107.9447399999999959
0
LINE
8
BLACK
6
CONTINUOUS
10
151.1143509999999992
20
-107.9447399999999959
11
151.1143509999999992
21
-107.5637879999999882
0
LINE
8
BLACK
6
CONTINUOUS
10
151.1143509999999992
20
-107.5637879999999882
11
151.209588999999994
21
-107.0875969999999882
0
LINE
8
BLACK
6
CONTINUOUS
10
151.209588999999994
20
-107.0875969999999882
11
151.3048269999999889
21
-106.8018829999999895
0
LINE
8
BLACK
6
CONTINUOUS
10
151.3048269999999889
20
-106.8018829999999895
11
151.4000649999999837
21
-106.6114069999999998
0
LINE
8
BLACK
6
CONTINUOUS
10
151.4000649999999837
20
-106.6114069999999998
11
151.5905410000000018
21
-106.3256919999999894
0
LINE
8
BLACK
6
CONTINUOUS
10
151.5905410000000018
20
-106.3256919999999894
11
151.6857799999999941
21
-106.2304539999999946
0
LINE
8
BLACK
6
CONTINUOUS
10
152.3524459999999863
20
-106.7066449999999946
11
152.4476839999999811
21
-106.6114069999999998
0
LINE
8
BLACK
6
CONTINUOUS
10
152.4476839999999811
20
-106.6114069999999998
11
152.6381599999999992
21
-106.5161689999999908
0
LINE
8
BLACK
6
CONTINUOUS
10
152.6381599999999992
20
-106.5161689999999908
11
153.1143509999999992
21
-106.5161689999999908
0
LINE
8
BLACK
6
CONTINUOUS
10
153.1143509999999992
20
-106.5161689999999908
11
153.3048269999999889
21
-106.6114069999999998
0
LINE
8
BLACK
6
CONTINUOUS
10
153.3048269999999889
20
-106.6114069999999998
11
153.4000649999999837
21
-106.7066449999999946
0
LINE
8
BLACK
6
CONTINUOUS
10
153.4000649999999837
20
-106.7066449999999946
11
153.4953030000000069
21
-106.8971209999999985
0
LINE
8
BLACK
6
CONTINUOUS
10
153.4953030000000069
20
-106.8971209999999985
11
153.4953030000000069
21
-107.0875969999999882
0
LINE
8
BLACK
6
CONTINUOUS
10
153.4953030000000069
20
-107.0875969999999882
11
153.4000649999999837
21
-107.3733110000000011
0
LINE
8
BLACK
6
CONTINUOUS
10
153.4000649999999837
20
-107.3733110000000011
11
152.2572079999999914
21
-108.5161689999999908
0
LINE
8
BLACK
6
CONTINUOUS
10
152.2572079999999914
20
-108.5161689999999908
11
153.4953030000000069
21
-108.5161689999999908
0
LINE
8
BLACK
6
CONTINUOUS
10
154.733397999999994
20
-106.5161689999999908
11
154.9238749999999811
21
-106.5161689999999908
0
LINE
8
BLACK
6
CONTINUOUS
10
154.9238749999999811
20
-106.5161689999999908
11
155.1143509999999992
21
-106.6114069999999998
0
LINE
8
BLACK
6
CONTINUOUS
10
155.1143509999999992
20
-106.6114069999999998
11
155.209588999999994
21
-106.7066449999999946
0
LINE
8
BLACK
6
CONTINUOUS
10
155.209588999999994
20
-106.7066449999999946
11
155.3048269999999889
21
-106.8971209999999985
0
LINE
8
BLACK
6
CONTINUOUS
10
155.3048269999999889
20
-106.8971209999999985
11
155.4000649999999837
21
-107.278072999999992
0
LINE
8
BLACK
6
CONTINUOUS
10
155.4000649999999837
20
-107.278072999999992
11
155.4000649999999837
21
-107.7542639999999921
0
LINE
8
BLACK
6
CONTINUOUS
10
155.4000649999999837
20
-107.7542639999999921
11
155.3048269999999889
21
-108.1352159999999998
0
LINE
8
BLACK
6
CONTINUOUS
10
155.3048269999999889
20
-108.1352159999999998
11
155.209588999999994
21
-108.3256919999999894
0
LINE
8
BLACK
6
CONTINUOUS
10
155.209588999999994
20
-108.3256919999999894
11
155.1143509999999992
21
-108.4209309999999959
0
LINE
8
BLACK
6
CONTINUOUS
10
155.1143509999999992
20
-108.4209309999999959
11
154.9238749999999811
21
-108.5161689999999908
0
LINE
8
BLACK
6
CONTINUOUS
10
154.9238749999999811
20
-108.5161689999999908
11
154.733397999999994
21
-108.5161689999999908
0
LINE
8
BLACK
6
CONTINUOUS
10
154.733397999999994
20
-108.5161689999999908
11
154.5429220000000043
21
-108.4209309999999959
0
LINE
8
BLACK
6
CONTINUOUS
10
154.5429220000000043
20
-108.4209309999999959
11
154.4476839999999811
21
-108.3256919999999894
0
LINE
8
BLACK
6
CONTINUOUS
10
154.4476839999999811
20
-108.3256919999999894
11
154.3524459999999863
21
-108.1352159999999998
0
LINE
8
BLACK
6
CONTINUOUS
10
154.3524459999999863
20
-108.1352159999999998
11
154.2572079999999914
21
-107.7542639999999921
0
LINE
8
BLACK
6
CONTINUOUS
10
154.2572079999999914
20
-107.7542639999999921
11
154.2572079999999914
21
-107.278072999999992
0
LINE
8
BLACK
6
CONTINUOUS
10
154.2572079999999914
20
-107.278072999999992
11
154.3524459999999863
21
-106.8971209999999985
0
LINE
8
BLACK
6
CONTINUOUS
10
154.3524459999999863
20
-106.8971209999999985
11
154.4476839999999811
21
-106.7066449999999946
0
LINE
8
BLACK
6
CONTINUOUS
10
154.4476839999999811
20
-106.7066449999999946
11
154.5429220000000043
21
-106.6114069999999998
0
LINE
8
BLACK
6
CONTINUOUS
10
154.5429220000000043
20
-106.6114069999999998
11
154.733397999999994
21
-106.5161689999999908
0
LINE
8
BLACK
6
CONTINUOUS
10
157.7810179999999889
20
-108.5161689999999908
11
157.7810179999999889
21
-106.5161689999999908
0
LINE
8
BLACK
6
CONTINUOUS
10
158.6381609999999966
20
-108.5161689999999908
11
158.6381609999999966
21
-107.4685499999999934
0
LINE
8
BLACK
6
CONTINUOUS
10
158.6381609999999966
20
-107.4685499999999934
11
158.5429230000000018
21
-107.278072999999992
0
LINE
8
BLACK
6
CONTINUOUS
10
158.5429230000000018
20
-107.278072999999992
11
158.3524469999999837
21
-107.1828349999999972
0
LINE
8
BLACK
6
CONTINUOUS
10
158.3524469999999837
20
-107.1828349999999972
11
158.0667320000000018
21
-107.1828349999999972
0
LINE
8
BLACK
6
CONTINUOUS
10
158.0667320000000018
20
-107.1828349999999972
11
157.8762559999999837
21
-107.278072999999992
0
LINE
8
BLACK
6
CONTINUOUS
10
157.8762559999999837
20
-107.278072999999992
11
157.7810179999999889
21
-107.3733110000000011
0
LINE
8
BLACK
6
CONTINUOUS
10
159.8762559999999837
20
-108.5161689999999908
11
159.6857799999999941
21
-108.4209309999999959
0
LINE
8
BLACK
6
CONTINUOUS
10
159.6857799999999941
20
-108.4209309999999959
11
159.5905419999999992
21
-108.3256919999999894
0
LINE
8
BLACK
6
CONTINUOUS
10
159.5905419999999992
20
-108.3256919999999894
11
159.4953040000000044
21
-108.1352159999999998
0
LINE
8
BLACK
6
CONTINUOUS
10
159.4953040000000044
20
-108.1352159999999998
11
159.4953040000000044
21
-107.5637879999999882
0
LINE
8
BLACK
6
CONTINUOUS
10
159.4953040000000044
20
-107.5637879999999882
11
159.5905419999999992
21
-107.3733110000000011
0
LINE
8
BLACK
6
CONTINUOUS
10
159.5905419999999992
20
-107.3733110000000011
11
159.6857799999999941
21
-107.278072999999992
0
LINE
8
BLACK
6
CONTINUOUS
10
159.6857799999999941
20
-107.278072999999992
11
159.8762559999999837
21
-107.1828349999999972
0
LINE
8
BLACK
6
CONTINUOUS
10
159.8762559999999837
20
-107.1828349999999972
11
160.1619709999999941
21
-107.1828349999999972
0
LINE
8
BLACK
6
CONTINUOUS
10
160.1619709999999941
20
-107.1828349999999972
11
160.3524469999999837
21
-107.278072999999992
0
LINE
8
BLACK
6
CONTINUOUS
10
160.3524469999999837
20
-107.278072999999992
11
160.4476849999999786
21
-107.3733110000000011
0
LINE
8
BLACK
6
CONTINUOUS
10
160.4476849999999786
20
-107.3733110000000011
11
160.5429230000000018
21
-107.5637879999999882
0
LINE
8
BLACK
6
CONTINUOUS
10
160.5429230000000018
20
-107.5637879999999882
11
160.5429230000000018
21
-108.1352159999999998
0
LINE
8
BLACK
6
CONTINUOUS
10
160.5429230000000018
20
-108.1352159999999998
11
160.4476849999999786
21
-108.3256919999999894
0
LINE
8
BLACK
6
CONTINUOUS
10
160.4476849999999786
20
-108.3256919999999894
11
160.3524469999999837
21
-108.4209309999999959
0
LINE
8
BLACK
6
CONTINUOUS
10
160.3524469999999837
20
-108.4209309999999959
11
160.1619709999999941
21
-108.5161689999999908
0
LINE
8
BLACK
6
CONTINUOUS
10
160.1619709999999941
20
-108.5161689999999908
11
159.8762559999999837
21
-108.5161689999999908
0
LINE
8
BLACK
6
CONTINUOUS
10
161.6857799999999941
20
-108.5161689999999908
11
161.4953040000000044
21
-108.4209309999999959
0
LINE
8
BLACK
6
CONTINUOUS
10
161.4953040000000044
20
-108.4209309999999959
11
161.4000659999999812
21
-108.2304539999999946
0
LINE
8
BLACK
6
CONTINUOUS
10
161.4000659999999812
20
-108.2304539999999946
11
161.4000659999999812
21
-106.5161689999999908
0
LINE
8
BLACK
6
CONTINUOUS
10
163.2095899999999915
20
-108.4209309999999959
11
163.0191140000000019
21
-108.5161689999999908
0
LINE
8
BLACK
6
CONTINUOUS
10
163.0191140000000019
20
-108.5161689999999908
11
162.6381609999999966
21
-108.5161689999999908
0
LINE
8
BLACK
6
CONTINUOUS
10
162.6381609999999966
20
-108.5161689999999908
11
162.4476849999999786
21
-108.4209309999999959
0
LINE
8
BLACK
6
CONTINUOUS
10
162.4476849999999786
20
-108.4209309999999959
11
162.3524469999999837
21
-108.2304539999999946
0
LINE
8
BLACK
6
CONTINUOUS
10
162.3524469999999837
20
-108.2304539999999946
11
162.3524469999999837
21
-107.4685499999999934
0
LINE
8
BLACK
6
CONTINUOUS
10
162.3524469999999837
20
-107.4685499999999934
11
162.4476849999999786
21
-107.278072999999992
0
LINE
8
BLACK
6
CONTINUOUS
10
162.4476849999999786
20
-107.278072999999992
11
162.6381609999999966
21
-107.1828349999999972
0
LINE
8
BLACK
6
CONTINUOUS
10
162.6381609999999966
20
-107.1828349999999972
11
163.0191140000000019
21
-107.1828349999999972
0
LINE
8
BLACK
6
CONTINUOUS
10
163.0191140000000019
20
-107.1828349999999972
11
163.2095899999999915
21
-107.278072999999992
0
LINE
8
BLACK
6
CONTINUOUS
10
163.2095899999999915
20
-107.278072999999992
11
163.3048279999999863
21
-107.4685499999999934
0
LINE
8
BLACK
6
CONTINUOUS
10
163.3048279999999863
20
-107.4685499999999934
11
163.3048279999999863
21
-107.6590259999999972
0
LINE
8
BLACK
6
CONTINUOUS
10
163.3048279999999863
20
-107.6590259999999972
11
162.3524469999999837
21
-107.8495020000000011
0
LINE
8
BLACK
6
CONTINUOUS
10
164.0667329999999993
20
-108.4209309999999959
11
164.2572089999999889
21
-108.5161689999999908
0
LINE
8
BLACK
6
CONTINUOUS
10
164.2572089999999889
20
-108.5161689999999908
11
164.6381609999999966
21
-108.5161689999999908
0
LINE
8
BLACK
6
CONTINUOUS
10
164.6381609999999966
20
-108.5161689999999908
11
164.8286379999999838
21
-108.4209309999999959
0
LINE
8
BLACK
6
CONTINUOUS
10
164.8286379999999838
20
-108.4209309999999959
11
164.9238759999999786
21
-108.2304539999999946
0
LINE
8
BLACK
6
CONTINUOUS
10
164.9238759999999786
20
-108.2304539999999946
11
164.9238759999999786
21
-108.1352159999999998
0
LINE
8
BLACK
6
CONTINUOUS
10
164.9238759999999786
20
-108.1352159999999998
11
164.8286379999999838
21
-107.9447399999999959
0
LINE
8
BLACK
6
CONTINUOUS
10
164.8286379999999838
20
-107.9447399999999959
11
164.6381609999999966
21
-107.8495020000000011
0
LINE
8
BLACK
6
CONTINUOUS
10
164.6381609999999966
20
-107.8495020000000011
11
164.3524469999999837
21
-107.8495020000000011
0
LINE
8
BLACK
6
CONTINUOUS
10
164.3524469999999837
20
-107.8495020000000011
11
164.1619709999999941
21
-107.7542639999999921
0
LINE
8
BLACK
6
CONTINUOUS
10
164.1619709999999941
20
-107.7542639999999921
11
164.0667329999999993
21
-107.5637879999999882
0
LINE
8
BLACK
6
CONTINUOUS
10
164.0667329999999993
20
-107.5637879999999882
11
164.0667329999999993
21
-107.4685499999999934
0
LINE
8
BLACK
6
CONTINUOUS
10
164.0667329999999993
20
-107.4685499999999934
11
164.1619709999999941
21
-107.278072999999992
0
LINE
8
BLACK
6
CONTINUOUS
10
164.1619709999999941
20
-107.278072999999992
11
164.3524469999999837
21
-107.1828349999999972
0
LINE
8
BLACK
6
CONTINUOUS
10
164.3524469999999837
20
-107.1828349999999972
11
164.6381609999999966
21
-107.1828349999999972
0
LINE
8
BLACK
6
CONTINUOUS
10
164.6381609999999966
20
-107.1828349999999972
11
164.8286379999999838
21
-107.278072999999992
0
LINE
8
BLACK
6
CONTINUOUS
10
165.5905429999999967
20
-109.278072999999992
11
165.6857809999999915
21
-109.1828349999999972
0
LINE
8
BLACK
6
CONTINUOUS
10
165.6857809999999915
20
-109.1828349999999972
11
165.8762569999999812
21
-108.8971209999999985
0
LINE
8
BLACK
6
CONTINUOUS
10
165.8762569999999812
20
-108.8971209999999985
11
165.9714950000000044
21
-108.7066449999999946
0
LINE
8
BLACK
6
CONTINUOUS
10
165.9714950000000044
20
-108.7066449999999946
11
166.0667329999999993
21
-108.4209309999999959
0
LINE
8
BLACK
6
CONTINUOUS
10
166.0667329999999993
20
-108.4209309999999959
11
166.1619709999999941
21
-107.9447399999999959
0
LINE
8
BLACK
6
CONTINUOUS
10
166.1619709999999941
20
-107.9447399999999959
11
166.1619709999999941
21
-107.5637879999999882
0
LINE
8
BLACK
6
CONTINUOUS
10
166.1619709999999941
20
-107.5637879999999882
11
166.0667329999999993
21
-107.0875969999999882
0
LINE
8
BLACK
6
CONTINUOUS
10
166.0667329999999993
20
-107.0875969999999882
11
165.9714950000000044
21
-106.8018829999999895
0
LINE
8
BLACK
6
CONTINUOUS
10
165.9714950000000044
20
-106.8018829999999895
11
165.8762569999999812
21
-106.6114069999999998
0
LINE
8
BLACK
6
CONTINUOUS
10
165.8762569999999812
20
-106.6114069999999998
11
165.6857809999999915
21
-106.3256919999999894
0
LINE
8
BLACK
6
CONTINUOUS
10
165.6857809999999915
20
-106.3256919999999894
11
165.5905429999999967
21
-106.2304539999999946
0
LINE
8
BLACK
6
CONTINUOUS
10
114.9351509999999905
20
-111.2413309999999882
11
115.9351509999999905
21
-110.2413309999999882
0
LINE
8
BLACK
6
CONTINUOUS
10
115.9351509999999905
20
-110.2413309999999882
11
114.9351509999999905
21
-109.2413309999999882
0
LINE
8
BLACK
6
CONTINUOUS
10
114.9351509999999905
20
-109.2413309999999882
11
113.9351509999999905
21
-110.2413309999999882
0
LINE
8
BLACK
6
CONTINUOUS
10
113.9351509999999905
20
-110.2413309999999882
11
114.9351509999999905
21
-111.2413309999999882
0
LINE
8
BLACK
6
CONTINUOUS
10
119.4000619999999913
20
-109.8228349999999978
11
119.4000619999999913
21
-111.1561689999999913
0
LINE
8
BLACK
6
CONTINUOUS
10
118.9238709999999912
20
-109.0609309999999965
11
118.4476809999999887
21
-110.4895020000000017
0
LINE
8
BLACK
6
CONTINUOUS
10
118.4476809999999887
20
-110.4895020000000017
11
119.6857759999999899
21
-110.4895020000000017
0
LINE
8
BLACK
6
CONTINUOUS
10
120.4476809999999887
20
-110.96569199999999
11
120.5429189999999977
21
-111.0609309999999965
0
LINE
8
BLACK
6
CONTINUOUS
10
120.5429189999999977
20
-111.0609309999999965
11
120.4476809999999887
21
-111.1561689999999913
0
LINE
8
BLACK
6
CONTINUOUS
10
120.4476809999999887
20
-111.1561689999999913
11
120.3524429999999938
21
-111.0609309999999965
0
LINE
8
BLACK
6
CONTINUOUS
10
120.3524429999999938
20
-111.0609309999999965
11
120.4476809999999887
21
-110.96569199999999
0
LINE
8
BLACK
6
CONTINUOUS
10
120.4476809999999887
20
-110.96569199999999
11
120.4476809999999887
21
-111.1561689999999913
0
LINE
8
BLACK
6
CONTINUOUS
10
121.2095860000000016
20
-109.1561689999999913
11
122.4476809999999887
21
-109.1561689999999913
0
LINE
8
BLACK
6
CONTINUOUS
10
122.4476809999999887
20
-109.1561689999999913
11
121.781013999999999
21
-109.9180729999999926
0
LINE
8
BLACK
6
CONTINUOUS
10
121.781013999999999
20
-109.9180729999999926
11
122.0667289999999952
21
-109.9180729999999926
0
LINE
8
BLACK
6
CONTINUOUS
10
122.0667289999999952
20
-109.9180729999999926
11
122.257204999999999
21
-110.0133110000000016
0
LINE
8
BLACK
6
CONTINUOUS
10
122.257204999999999
20
-110.0133110000000016
11
122.3524429999999938
21
-110.1085499999999939
0
LINE
8
BLACK
6
CONTINUOUS
10
122.3524429999999938
20
-110.1085499999999939
11
122.4476809999999887
21
-110.2990259999999978
0
LINE
8
BLACK
6
CONTINUOUS
10
122.4476809999999887
20
-110.2990259999999978
11
122.4476809999999887
21
-110.7752160000000003
0
LINE
8
BLACK
6
CONTINUOUS
10
122.4476809999999887
20
-110.7752160000000003
11
122.3524429999999938
21
-110.96569199999999
0
LINE
8
BLACK
6
CONTINUOUS
10
122.3524429999999938
20
-110.96569199999999
11
122.257204999999999
21
-111.0609309999999965
0
LINE
8
BLACK
6
CONTINUOUS
10
122.257204999999999
20
-111.0609309999999965
11
122.0667289999999952
21
-111.1561689999999913
0
LINE
8
BLACK
6
CONTINUOUS
10
122.0667289999999952
20
-111.1561689999999913
11
121.4953000000000003
21
-111.1561689999999913
0
LINE
8
BLACK
6
CONTINUOUS
10
121.4953000000000003
20
-111.1561689999999913
11
121.3048239999999964
21
-111.0609309999999965
0
LINE
8
BLACK
6
CONTINUOUS
10
121.3048239999999964
20
-111.0609309999999965
11
121.2095860000000016
21
-110.96569199999999
0
LINE
8
BLACK
6
CONTINUOUS
10
123.6857759999999899
20
-109.1561689999999913
11
123.8762529999999913
21
-109.1561689999999913
0
LINE
8
BLACK
6
CONTINUOUS
10
123.8762529999999913
20
-109.1561689999999913
11
124.0667289999999952
21
-109.2514070000000004
0
LINE
8
BLACK
6
CONTINUOUS
10
124.0667289999999952
20
-109.2514070000000004
11
124.16196699999999
21
-109.3466449999999952
0
LINE
8
BLACK
6
CONTINUOUS
10
124.16196699999999
20
-109.3466449999999952
11
124.257204999999999
21
-109.5371209999999991
0
LINE
8
BLACK
6
CONTINUOUS
10
124.257204999999999
20
-109.5371209999999991
11
124.3524429999999938
21
-109.9180729999999926
0
LINE
8
BLACK
6
CONTINUOUS
10
124.3524429999999938
20
-109.9180729999999926
11
124.3524429999999938
21
-110.3942639999999926
0
LINE
8
BLACK
6
CONTINUOUS
10
124.3524429999999938
20
-110.3942639999999926
11
124.257204999999999
21
-110.7752160000000003
0
LINE
8
BLACK
6
CONTINUOUS
10
124.257204999999999
20
-110.7752160000000003
11
124.16196699999999
21
-110.96569199999999
0
LINE
8
BLACK
6
CONTINUOUS
10
124.16196699999999
20
-110.96569199999999
11
124.0667289999999952
21
-111.0609309999999965
0
LINE
8
BLACK
6
CONTINUOUS
10
124.0667289999999952
20
-111.0609309999999965
11
123.8762529999999913
21
-111.1561689999999913
0
LINE
8
BLACK
6
CONTINUOUS
10
123.8762529999999913
20
-111.1561689999999913
11
123.6857759999999899
21
-111.1561689999999913
0
LINE
8
BLACK
6
CONTINUOUS
10
123.6857759999999899
20
-111.1561689999999913
11
123.4953000000000003
21
-111.0609309999999965
0
LINE
8
BLACK
6
CONTINUOUS
10
123.4953000000000003
20
-111.0609309999999965
11
123.4000619999999913
21
-110.96569199999999
0
LINE
8
BLACK
6
CONTINUOUS
10
123.4000619999999913
20
-110.96569199999999
11
123.3048239999999964
21
-110.7752160000000003
0
LINE
8
BLACK
6
CONTINUOUS
10
123.3048239999999964
20
-110.7752160000000003
11
123.2095859999999874
21
-110.3942639999999926
0
LINE
8
BLACK
6
CONTINUOUS
10
123.2095859999999874
20
-110.3942639999999926
11
123.2095859999999874
21
-109.9180729999999926
0
LINE
8
BLACK
6
CONTINUOUS
10
123.2095859999999874
20
-109.9180729999999926
11
123.3048239999999964
21
-109.5371209999999991
0
LINE
8
BLACK
6
CONTINUOUS
10
123.3048239999999964
20
-109.5371209999999991
11
123.4000619999999913
21
-109.3466449999999952
0
LINE
8
BLACK
6
CONTINUOUS
10
123.4000619999999913
20
-109.3466449999999952
11
123.4953000000000003
21
-109.2514070000000004
0
LINE
8
BLACK
6
CONTINUOUS
10
123.4953000000000003
20
-109.2514070000000004
11
123.6857759999999899
21
-109.1561689999999913
0
LINE
8
BLACK
6
CONTINUOUS
10
125.5905379999999951
20
-109.1561689999999913
11
125.7810149999999965
21
-109.1561689999999913
0
LINE
8
BLACK
6
CONTINUOUS
10
125.7810149999999965
20
-109.1561689999999913
11
125.9714910000000003
21
-109.2514070000000004
0
LINE
8
BLACK
6
CONTINUOUS
10
125.9714910000000003
20
-109.2514070000000004
11
126.0667289999999952
21
-109.3466449999999952
0
LINE
8
BLACK
6
CONTINUOUS
10
126.0667289999999952
20
-109.3466449999999952
11
126.16196699999999
21
-109.5371209999999991
0
LINE
8
BLACK
6
CONTINUOUS
10
126.16196699999999
20
-109.5371209999999991
11
126.257204999999999
21
-109.9180729999999926
0
LINE
8
BLACK
6
CONTINUOUS
10
126.257204999999999
20
-109.9180729999999926
11
126.257204999999999
21
-110.3942639999999926
0
LINE
8
BLACK
6
CONTINUOUS
10
126.257204999999999
20
-110.3942639999999926
11
126.16196699999999
21
-110.7752160000000003
0
LINE
8
BLACK
6
CONTINUOUS
10
126.16196699999999
20
-110.7752160000000003
11
126.0667289999999952
21
-110.96569199999999
0
LINE
8
BLACK
6
CONTINUOUS
10
126.0667289999999952
20
-110.96569199999999
11
125.9714910000000003
21
-111.0609309999999965
0
LINE
8
BLACK
6
CONTINUOUS
10
125.9714910000000003
20
-111.0609309999999965
11
125.7810149999999965
21
-111.1561689999999913
0
LINE
8
BLACK
6
CONTINUOUS
10
125.7810149999999965
20
-111.1561689999999913
11
125.5905379999999951
21
-111.1561689999999913
0
LINE
8
BLACK
6
CONTINUOUS
10
125.5905379999999951
20
-111.1561689999999913
11
125.4000619999999913
21
-111.0609309999999965
0
LINE
8
BLACK
6
CONTINUOUS
10
125.4000619999999913
20
-111.0609309999999965
11
125.3048239999999964
21
-110.96569199999999
0
LINE
8
BLACK
6
CONTINUOUS
10
125.3048239999999964
20
-110.96569199999999
11
125.2095859999999874
21
-110.7752160000000003
0
LINE
8
BLACK
6
CONTINUOUS
10
125.2095859999999874
20
-110.7752160000000003
11
125.1143479999999926
21
-110.3942639999999926
0
LINE
8
BLACK
6
CONTINUOUS
10
125.1143479999999926
20
-110.3942639999999926
11
125.1143479999999926
21
-109.9180729999999926
0
LINE
8
BLACK
6
CONTINUOUS
10
125.1143479999999926
20
-109.9180729999999926
11
125.2095859999999874
21
-109.5371209999999991
0
LINE
8
BLACK
6
CONTINUOUS
10
125.2095859999999874
20
-109.5371209999999991
11
125.3048239999999964
21
-109.3466449999999952
0
LINE
8
BLACK
6
CONTINUOUS
10
125.3048239999999964
20
-109.3466449999999952
11
125.4000619999999913
21
-109.2514070000000004
0
LINE
8
BLACK
6
CONTINUOUS
10
125.4000619999999913
20
-109.2514070000000004
11
125.5905379999999951
21
-109.1561689999999913
0
LINE
8
BLACK
6
CONTINUOUS
10
127.1143479999999926
20
-111.1561689999999913
11
127.1143479999999926
21
-109.8228349999999978
0
LINE
8
BLACK
6
CONTINUOUS
10
127.1143479999999926
20
-110.0133110000000016
11
127.2095859999999874
21
-109.9180729999999926
0
LINE
8
BLACK
6
CONTINUOUS
10
127.2095859999999874
20
-109.9180729999999926
11
127.4000619999999913
21
-109.8228349999999978
0
LINE
8
BLACK
6
CONTINUOUS
10
127.4000619999999913
20
-109.8228349999999978
11
127.6857769999999874
21
-109.8228349999999978
0
LINE
8
BLACK
6
CONTINUOUS
10
127.6857769999999874
20
-109.8228349999999978
11
127.8762529999999913
21
-109.9180729999999926
0
LINE
8
BLACK
6
CONTINUOUS
10
127.8762529999999913
20
-109.9180729999999926
11
127.9714910000000003
21
-110.1085499999999939
0
LINE
8
BLACK
6
CONTINUOUS
10
127.9714910000000003
20
-110.1085499999999939
11
127.9714910000000003
21
-111.1561689999999913
0
LINE
8
BLACK
6
CONTINUOUS
10
127.9714910000000003
20
-110.1085499999999939
11
128.0667289999999809
21
-109.9180729999999926
0
LINE
8
BLACK
6
CONTINUOUS
10
128.0667289999999809
20
-109.9180729999999926
11
128.257204999999999
21
-109.8228349999999978
0
LINE
8
BLACK
6
CONTINUOUS
10
128.257204999999999
20
-109.8228349999999978
11
128.5429189999999835
21
-109.8228349999999978
0
LINE
8
BLACK
6
CONTINUOUS
10
128.5429189999999835
20
-109.8228349999999978
11
128.733395999999999
21
-109.9180729999999926
0
LINE
8
BLACK
6
CONTINUOUS
10
128.733395999999999
20
-109.9180729999999926
11
128.8286339999999939
21
-110.1085499999999939
0
LINE
8
BLACK
6
CONTINUOUS
10
128.8286339999999939
20
-110.1085499999999939
11
128.8286339999999939
21
-111.1561689999999913
0
LINE
8
BLACK
6
CONTINUOUS
10
129.7810149999999965
20
-111.1561689999999913
11
129.7810149999999965
21
-109.8228349999999978
0
LINE
8
BLACK
6
CONTINUOUS
10
129.7810149999999965
20
-110.0133110000000016
11
129.8762529999999913
21
-109.9180729999999926
0
LINE
8
BLACK
6
CONTINUOUS
10
129.8762529999999913
20
-109.9180729999999926
11
130.0667289999999809
21
-109.8228349999999978
0
LINE
8
BLACK
6
CONTINUOUS
10
130.0667289999999809
20
-109.8228349999999978
11
130.3524439999999913
21
-109.8228349999999978
0
LINE
8
BLACK
6
CONTINUOUS
10
130.3524439999999913
20
-109.8228349999999978
11
130.542919999999981
21
-109.9180729999999926
0
LINE
8
BLACK
6
CONTINUOUS
10
130.542919999999981
20
-109.9180729999999926
11
130.6381580000000042
21
-110.1085499999999939
0
LINE
8
BLACK
6
CONTINUOUS
10
130.6381580000000042
20
-110.1085499999999939
11
130.6381580000000042
21
-111.1561689999999913
0
LINE
8
BLACK
6
CONTINUOUS
10
130.6381580000000042
20
-110.1085499999999939
11
130.733395999999999
21
-109.9180729999999926
0
LINE
8
BLACK
6
CONTINUOUS
10
130.733395999999999
20
-109.9180729999999926
11
130.9238719999999887
21
-109.8228349999999978
0
LINE
8
BLACK
6
CONTINUOUS
10
130.9238719999999887
20
-109.8228349999999978
11
131.2095860000000016
21
-109.8228349999999978
0
LINE
8
BLACK
6
CONTINUOUS
10
131.2095860000000016
20
-109.8228349999999978
11
131.4000629999999887
21
-109.9180729999999926
0
LINE
8
BLACK
6
CONTINUOUS
10
131.4000629999999887
20
-109.9180729999999926
11
131.4953009999999836
21
-110.1085499999999939
0
LINE
8
BLACK
6
CONTINUOUS
10
131.4953009999999836
20
-110.1085499999999939
11
131.4953009999999836
21
-111.1561689999999913
0
LINE
8
BLACK
6
CONTINUOUS
10
135.4000629999999887
20
-109.0609309999999965
11
133.6857779999999991
21
-111.6323589999999939
0
LINE
8
BLACK
6
CONTINUOUS
10
137.9714919999999836
20
-109.1561689999999913
11
138.1619689999999991
21
-109.1561689999999913
0
LINE
8
BLACK
6
CONTINUOUS
10
138.1619689999999991
20
-109.1561689999999913
11
138.3524449999999888
21
-109.2514070000000004
0
LINE
8
BLACK
6
CONTINUOUS
10
138.3524449999999888
20
-109.2514070000000004
11
138.4476829999999836
21
-109.3466449999999952
0
LINE
8
BLACK
6
CONTINUOUS
10
138.4476829999999836
20
-109.3466449999999952
11
138.5429210000000069
21
-109.5371209999999991
0
LINE
8
BLACK
6
CONTINUOUS
10
138.5429210000000069
20
-109.5371209999999991
11
138.6381590000000017
21
-109.9180729999999926
0
LINE
8
BLACK
6
CONTINUOUS
10
138.6381590000000017
20
-109.9180729999999926
11
138.6381590000000017
21
-110.3942639999999926
0
LINE
8
BLACK
6
CONTINUOUS
10
138.6381590000000017
20
-110.3942639999999926
11
138.5429210000000069
21
-110.7752160000000003
0
LINE
8
BLACK
6
CONTINUOUS
10
138.5429210000000069
20
-110.7752160000000003
11
138.4476829999999836
21
-110.96569199999999
0
LINE
8
BLACK
6
CONTINUOUS
10
138.4476829999999836
20
-110.96569199999999
11
138.3524449999999888
21
-111.0609309999999965
0
LINE
8
BLACK
6
CONTINUOUS
10
138.3524449999999888
20
-111.0609309999999965
11
138.1619689999999991
21
-111.1561689999999913
0
LINE
8
BLACK
6
CONTINUOUS
10
138.1619689999999991
20
-111.1561689999999913
11
137.9714919999999836
21
-111.1561689999999913
0
LINE
8
BLACK
6
CONTINUOUS
10
137.9714919999999836
20
-111.1561689999999913
11
137.7810159999999939
21
-111.0609309999999965
0
LINE
8
BLACK
6
CONTINUOUS
10
137.7810159999999939
20
-111.0609309999999965
11
137.6857779999999991
21
-110.96569199999999
0
LINE
8
BLACK
6
CONTINUOUS
10
137.6857779999999991
20
-110.96569199999999
11
137.5905400000000043
21
-110.7752160000000003
0
LINE
8
BLACK
6
CONTINUOUS
10
137.5905400000000043
20
-110.7752160000000003
11
137.495301999999981
21
-110.3942639999999926
0
LINE
8
BLACK
6
CONTINUOUS
10
137.495301999999981
20
-110.3942639999999926
11
137.495301999999981
21
-109.9180729999999926
0
LINE
8
BLACK
6
CONTINUOUS
10
137.495301999999981
20
-109.9180729999999926
11
137.5905400000000043
21
-109.5371209999999991
0
LINE
8
BLACK
6
CONTINUOUS
10
137.5905400000000043
20
-109.5371209999999991
11
137.6857779999999991
21
-109.3466449999999952
0
LINE
8
BLACK
6
CONTINUOUS
10
137.6857779999999991
20
-109.3466449999999952
11
137.7810159999999939
21
-109.2514070000000004
0
LINE
8
BLACK
6
CONTINUOUS
10
137.7810159999999939
20
-109.2514070000000004
11
137.9714919999999836
21
-109.1561689999999913
0
LINE
8
BLACK
6
CONTINUOUS
10
139.495301999999981
20
-110.96569199999999
11
139.5905400000000043
21
-111.0609309999999965
0
LINE
8
BLACK
6
CONTINUOUS
10
139.5905400000000043
20
-111.0609309999999965
11
139.495301999999981
21
-111.1561689999999913
0
LINE
8
BLACK
6
CONTINUOUS
10
139.495301999999981
20
-111.1561689999999913
11
139.4000639999999862
21
-111.0609309999999965
0
LINE
8
BLACK
6
CONTINUOUS
10
139.4000639999999862
20
-111.0609309999999965
11
139.495301999999981
21
-110.96569199999999
0
LINE
8
BLACK
6
CONTINUOUS
10
139.495301999999981
20
-110.96569199999999
11
139.495301999999981
21
-111.1561689999999913
0
LINE
8
BLACK
6
CONTINUOUS
10
141.495301999999981
20
-111.1561689999999913
11
140.3524449999999888
21
-111.1561689999999913
0
LINE
8
BLACK
6
CONTINUOUS
10
140.9238729999999862
20
-111.1561689999999913
11
140.9238729999999862
21
-109.1561689999999913
0
LINE
8
BLACK
6
CONTINUOUS
10
140.9238729999999862
20
-109.1561689999999913
11
140.7333969999999965
21
-109.44188299999999
0
LINE
8
BLACK
6
CONTINUOUS
10
140.7333969999999965
20
-109.44188299999999
11
140.5429210000000069
21
-109.6323589999999939
0
LINE
8
BLACK
6
CONTINUOUS
10
140.5429210000000069
20
-109.6323589999999939
11
140.3524449999999888
21
-109.7275969999999887
0
LINE
8
BLACK
6
CONTINUOUS
10
143.2095879999999966
20
-109.1561689999999913
11
142.8286349999999914
21
-109.1561689999999913
0
LINE
8
BLACK
6
CONTINUOUS
10
142.8286349999999914
20
-109.1561689999999913
11
142.6381590000000017
21
-109.2514070000000004
0
LINE
8
BLACK
6
CONTINUOUS
10
142.6381590000000017
20
-109.2514070000000004
11
142.5429210000000069
21
-109.3466449999999952
0
LINE
8
BLACK
6
CONTINUOUS
10
142.5429210000000069
20
-109.3466449999999952
11
142.3524449999999888
21
-109.6323589999999939
0
LINE
8
BLACK
6
CONTINUOUS
10
142.3524449999999888
20
-109.6323589999999939
11
142.257206999999994
21
-110.0133110000000016
0
LINE
8
BLACK
6
CONTINUOUS
10
142.257206999999994
20
-110.0133110000000016
11
142.257206999999994
21
-110.7752160000000003
0
LINE
8
BLACK
6
CONTINUOUS
10
142.257206999999994
20
-110.7752160000000003
11
142.3524449999999888
21
-110.96569199999999
0
LINE
8
BLACK
6
CONTINUOUS
10
142.3524449999999888
20
-110.96569199999999
11
142.4476829999999836
21
-111.0609309999999965
0
LINE
8
BLACK
6
CONTINUOUS
10
142.4476829999999836
20
-111.0609309999999965
11
142.6381590000000017
21
-111.1561689999999913
0
LINE
8
BLACK
6
CONTINUOUS
10
142.6381590000000017
20
-111.1561689999999913
11
143.0191120000000069
21
-111.1561689999999913
0
LINE
8
BLACK
6
CONTINUOUS
10
143.0191120000000069
20
-111.1561689999999913
11
143.2095879999999966
21
-111.0609309999999965
0
LINE
8
BLACK
6
CONTINUOUS
10
143.2095879999999966
20
-111.0609309999999965
11
143.3048259999999914
21
-110.96569199999999
0
LINE
8
BLACK
6
CONTINUOUS
10
143.3048259999999914
20
-110.96569199999999
11
143.4000639999999862
21
-110.7752160000000003
0
LINE
8
BLACK
6
CONTINUOUS
10
143.4000639999999862
20
-110.7752160000000003
11
143.4000639999999862
21
-110.2990259999999978
0
LINE
8
BLACK
6
CONTINUOUS
10
143.4000639999999862
20
-110.2990259999999978
11
143.3048259999999914
21
-110.1085499999999939
0
LINE
8
BLACK
6
CONTINUOUS
10
143.3048259999999914
20
-110.1085499999999939
11
143.2095879999999966
21
-110.0133110000000016
0
LINE
8
BLACK
6
CONTINUOUS
10
143.2095879999999966
20
-110.0133110000000016
11
143.0191120000000069
21
-109.9180729999999926
0
LINE
8
BLACK
6
CONTINUOUS
10
143.0191120000000069
20
-109.9180729999999926
11
142.6381590000000017
21
-109.9180729999999926
0
LINE
8
BLACK
6
CONTINUOUS
10
142.6381590000000017
20
-109.9180729999999926
11
142.4476829999999836
21
-110.0133110000000016
0
LINE
8
BLACK
6
CONTINUOUS
10
142.4476829999999836
20
-110.0133110000000016
11
142.3524449999999888
21
-110.1085499999999939
0
LINE
8
BLACK
6
CONTINUOUS
10
142.3524449999999888
20
-110.1085499999999939
11
142.257206999999994
21
-110.2990259999999978
0
LINE
8
BLACK
6
CONTINUOUS
10
144.3524449999999888
20
-111.1561689999999913
11
144.7333969999999965
21
-111.1561689999999913
0
LINE
8
BLACK
6
CONTINUOUS
10
144.7333969999999965
20
-111.1561689999999913
11
144.9238739999999837
21
-111.0609309999999965
0
LINE
8
BLACK
6
CONTINUOUS
10
144.9238739999999837
20
-111.0609309999999965
11
145.0191120000000069
21
-110.96569199999999
0
LINE
8
BLACK
6
CONTINUOUS
10
145.0191120000000069
20
-110.96569199999999
11
145.2095879999999966
21
-110.6799779999999913
0
LINE
8
BLACK
6
CONTINUOUS
10
145.2095879999999966
20
-110.6799779999999913
11
145.3048259999999914
21
-110.2990259999999978
0
LINE
8
BLACK
6
CONTINUOUS
10
145.3048259999999914
20
-110.2990259999999978
11
145.3048259999999914
21
-109.5371209999999991
0
LINE
8
BLACK
6
CONTINUOUS
10
145.3048259999999914
20
-109.5371209999999991
11
145.2095879999999966
21
-109.3466449999999952
0
LINE
8
BLACK
6
CONTINUOUS
10
145.2095879999999966
20
-109.3466449999999952
11
145.1143500000000017
21
-109.2514070000000004
0
LINE
8
BLACK
6
CONTINUOUS
10
145.1143500000000017
20
-109.2514070000000004
11
144.9238739999999837
21
-109.1561689999999913
0
LINE
8
BLACK
6
CONTINUOUS
10
144.9238739999999837
20
-109.1561689999999913
11
144.5429210000000069
21
-109.1561689999999913
0
LINE
8
BLACK
6
CONTINUOUS
10
144.5429210000000069
20
-109.1561689999999913
11
144.3524449999999888
21
-109.2514070000000004
0
LINE
8
BLACK
6
CONTINUOUS
10
144.3524449999999888
20
-109.2514070000000004
11
144.257206999999994
21
-109.3466449999999952
0
LINE
8
BLACK
6
CONTINUOUS
10
144.257206999999994
20
-109.3466449999999952
11
144.1619689999999991
21
-109.5371209999999991
0
LINE
8
BLACK
6
CONTINUOUS
10
144.1619689999999991
20
-109.5371209999999991
11
144.1619689999999991
21
-110.0133110000000016
0
LINE
8
BLACK
6
CONTINUOUS
10
144.1619689999999991
20
-110.0133110000000016
11
144.257206999999994
21
-110.2037879999999888
0
LINE
8
BLACK
6
CONTINUOUS
10
144.257206999999994
20
-110.2037879999999888
11
144.3524449999999888
21
-110.2990259999999978
0
LINE
8
BLACK
6
CONTINUOUS
10
144.3524449999999888
20
-110.2990259999999978
11
144.5429210000000069
21
-110.3942639999999926
0
LINE
8
BLACK
6
CONTINUOUS
10
144.5429210000000069
20
-110.3942639999999926
11
144.9238739999999837
21
-110.3942639999999926
0
LINE
8
BLACK
6
CONTINUOUS
10
144.9238739999999837
20
-110.3942639999999926
11
145.1143500000000017
21
-110.2990259999999978
0
LINE
8
BLACK
6
CONTINUOUS
10
145.1143500000000017
20
-110.2990259999999978
11
145.2095879999999966
21
-110.2037879999999888
0
LINE
8
BLACK
6
CONTINUOUS
10
145.2095879999999966
20
-110.2037879999999888
11
145.3048259999999914
21
-110.0133110000000016
0
LINE
8
BLACK
6
CONTINUOUS
10
145.9714929999999811
20
-109.1561689999999913
11
147.2095879999999966
21
-109.1561689999999913
0
LINE
8
BLACK
6
CONTINUOUS
10
147.2095879999999966
20
-109.1561689999999913
11
146.5429210000000069
21
-109.9180729999999926
0
LINE
8
BLACK
6
CONTINUOUS
10
146.5429210000000069
20
-109.9180729999999926
11
146.8286359999999888
21
-109.9180729999999926
0
LINE
8
BLACK
6
CONTINUOUS
10
146.8286359999999888
20
-109.9180729999999926
11
147.0191120000000069
21
-110.0133110000000016
0
LINE
8
BLACK
6
CONTINUOUS
10
147.0191120000000069
20
-110.0133110000000016
11
147.1143500000000017
21
-110.1085499999999939
0
LINE
8
BLACK
6
CONTINUOUS
10
147.1143500000000017
20
-110.1085499999999939
11
147.2095879999999966
21
-110.2990259999999978
0
LINE
8
BLACK
6
CONTINUOUS
10
147.2095879999999966
20
-110.2990259999999978
11
147.2095879999999966
21
-110.7752160000000003
0
LINE
8
BLACK
6
CONTINUOUS
10
147.2095879999999966
20
-110.7752160000000003
11
147.1143500000000017
21
-110.96569199999999
0
LINE
8
BLACK
6
CONTINUOUS
10
147.1143500000000017
20
-110.96569199999999
11
147.0191120000000069
21
-111.0609309999999965
0
LINE
8
BLACK
6
CONTINUOUS
10
147.0191120000000069
20
-111.0609309999999965
11
146.8286359999999888
21
-111.1561689999999913
0
LINE
8
BLACK
6
CONTINUOUS
10
146.8286359999999888
20
-111.1561689999999913
11
146.257206999999994
21
-111.1561689999999913
0
LINE
8
BLACK
6
CONTINUOUS
10
146.257206999999994
20
-111.1561689999999913
11
146.0667310000000043
21
-111.0609309999999965
0
LINE
8
BLACK
6
CONTINUOUS
10
146.0667310000000043
20
-111.0609309999999965
11
145.9714929999999811
21
-110.96569199999999
0
LINE
8
BLACK
6
CONTINUOUS
10
147.9714929999999811
20
-109.1561689999999913
11
147.9714929999999811
21
-109.5371209999999991
0
LINE
8
BLACK
6
CONTINUOUS
10
148.733397999999994
20
-109.1561689999999913
11
148.733397999999994
21
-109.5371209999999991
0
LINE
8
BLACK
6
CONTINUOUS
10
151.6857799999999941
20
-111.9180729999999926
11
151.5905410000000018
21
-111.8228349999999978
0
LINE
8
BLACK
6
CONTINUOUS
10
151.5905410000000018
20
-111.8228349999999978
11
151.4000649999999837
21
-111.5371209999999991
0
LINE
8
BLACK
6
CONTINUOUS
10
151.4000649999999837
20
-111.5371209999999991
11
151.3048269999999889
21
-111.3466449999999952
0
LINE
8
BLACK
6
CONTINUOUS
10
151.3048269999999889
20
-111.3466449999999952
11
151.209588999999994
21
-111.0609309999999965
0
LINE
8
BLACK
6
CONTINUOUS
10
151.209588999999994
20
-111.0609309999999965
11
151.1143509999999992
21
-110.5847399999999965
0
LINE
8
BLACK
6
CONTINUOUS
10
151.1143509999999992
20
-110.5847399999999965
11
151.1143509999999992
21
-110.2037879999999888
0
LINE
8
BLACK
6
CONTINUOUS
10
151.1143509999999992
20
-110.2037879999999888
11
151.209588999999994
21
-109.7275969999999887
0
LINE
8
BLACK
6
CONTINUOUS
10
151.209588999999994
20
-109.7275969999999887
11
151.3048269999999889
21
-109.44188299999999
0
LINE
8
BLACK
6
CONTINUOUS
10
151.3048269999999889
20
-109.44188299999999
11
151.4000649999999837
21
-109.2514070000000004
0
LINE
8
BLACK
6
CONTINUOUS
10
151.4000649999999837
20
-109.2514070000000004
11
151.5905410000000018
21
-108.96569199999999
0
LINE
8
BLACK
6
CONTINUOUS
10
151.5905410000000018
20
-108.96569199999999
11
151.6857799999999941
21
-108.8704539999999952
0
LINE
8
BLACK
6
CONTINUOUS
10
152.2572079999999914
20
-109.1561689999999913
11
153.4953030000000069
21
-109.1561689999999913
0
LINE
8
BLACK
6
CONTINUOUS
10
153.4953030000000069
20
-109.1561689999999913
11
152.8286359999999888
21
-109.9180729999999926
0
LINE
8
BLACK
6
CONTINUOUS
10
152.8286359999999888
20
-109.9180729999999926
11
153.1143509999999992
21
-109.9180729999999926
0
LINE
8
BLACK
6
CONTINUOUS
10
153.1143509999999992
20
-109.9180729999999926
11
153.3048269999999889
21
-110.0133110000000016
0
LINE
8
BLACK
6
CONTINUOUS
10
153.3048269999999889
20
-110.0133110000000016
11
153.4000649999999837
21
-110.1085499999999939
0
LINE
8
BLACK
6
CONTINUOUS
10
153.4000649999999837
20
-110.1085499999999939
11
153.4953030000000069
21
-110.2990259999999978
0
LINE
8
BLACK
6
CONTINUOUS
10
153.4953030000000069
20
-110.2990259999999978
11
153.4953030000000069
21
-110.7752160000000003
0
LINE
8
BLACK
6
CONTINUOUS
10
153.4953030000000069
20
-110.7752160000000003
11
153.4000649999999837
21
-110.96569199999999
0
LINE
8
BLACK
6
CONTINUOUS
10
153.4000649999999837
20
-110.96569199999999
11
153.3048269999999889
21
-111.0609309999999965
0
LINE
8
BLACK
6
CONTINUOUS
10
153.3048269999999889
20
-111.0609309999999965
11
153.1143509999999992
21
-111.1561689999999913
0
LINE
8
BLACK
6
CONTINUOUS
10
153.1143509999999992
20
-111.1561689999999913
11
152.5429220000000043
21
-111.1561689999999913
0
LINE
8
BLACK
6
CONTINUOUS
10
152.5429220000000043
20
-111.1561689999999913
11
152.3524459999999863
21
-111.0609309999999965
0
LINE
8
BLACK
6
CONTINUOUS
10
152.3524459999999863
20
-111.0609309999999965
11
152.2572079999999914
21
-110.96569199999999
0
LINE
8
BLACK
6
CONTINUOUS
10
155.8762559999999837
20
-111.1561689999999913
11
155.8762559999999837
21
-109.1561689999999913
0
LINE
8
BLACK
6
CONTINUOUS
10
156.7333989999999915
20
-111.1561689999999913
11
156.7333989999999915
21
-110.1085499999999939
0
LINE
8
BLACK
6
CONTINUOUS
10
156.7333989999999915
20
-110.1085499999999939
11
156.6381609999999966
21
-109.9180729999999926
0
LINE
8
BLACK
6
CONTINUOUS
10
156.6381609999999966
20
-109.9180729999999926
11
156.447685000000007
21
-109.8228349999999978
0
LINE
8
BLACK
6
CONTINUOUS
10
156.447685000000007
20
-109.8228349999999978
11
156.1619699999999966
21
-109.8228349999999978
0
LINE
8
BLACK
6
CONTINUOUS
10
156.1619699999999966
20
-109.8228349999999978
11
155.971494000000007
21
-109.9180729999999926
0
LINE
8
BLACK
6
CONTINUOUS
10
155.971494000000007
20
-109.9180729999999926
11
155.8762559999999837
21
-110.0133110000000016
0
LINE
8
BLACK
6
CONTINUOUS
10
157.971494000000007
20
-111.1561689999999913
11
157.7810179999999889
21
-111.0609309999999965
0
LINE
8
BLACK
6
CONTINUOUS
10
157.7810179999999889
20
-111.0609309999999965
11
157.6857799999999941
21
-110.96569199999999
0
LINE
8
BLACK
6
CONTINUOUS
10
157.6857799999999941
20
-110.96569199999999
11
157.5905419999999992
21
-110.7752160000000003
0
LINE
8
BLACK
6
CONTINUOUS
10
157.5905419999999992
20
-110.7752160000000003
11
157.5905419999999992
21
-110.2037879999999888
0
LINE
8
BLACK
6
CONTINUOUS
10
157.5905419999999992
20
-110.2037879999999888
11
157.6857799999999941
21
-110.0133110000000016
0
LINE
8
BLACK
6
CONTINUOUS
10
157.6857799999999941
20
-110.0133110000000016
11
157.7810179999999889
21
-109.9180729999999926
0
LINE
8
BLACK
6
CONTINUOUS
10
157.7810179999999889
20
-109.9180729999999926
11
157.971494000000007
21
-109.8228349999999978
0
LINE
8
BLACK
6
CONTINUOUS
10
157.971494000000007
20
-109.8228349999999978
11
158.2572089999999889
21
-109.8228349999999978
0
LINE
8
BLACK
6
CONTINUOUS
10
158.2572089999999889
20
-109.8228349999999978
11
158.447685000000007
21
-109.9180729999999926
0
LINE
8
BLACK
6
CONTINUOUS
10
158.447685000000007
20
-109.9180729999999926
11
158.5429230000000018
21
-110.0133110000000016
0
LINE
8
BLACK
6
CONTINUOUS
10
158.5429230000000018
20
-110.0133110000000016
11
158.6381609999999966
21
-110.2037879999999888
0
LINE
8
BLACK
6
CONTINUOUS
10
158.6381609999999966
20
-110.2037879999999888
11
158.6381609999999966
21
-110.7752160000000003
0
LINE
8
BLACK
6
CONTINUOUS
10
158.6381609999999966
20
-110.7752160000000003
11
158.5429230000000018
21
-110.96569199999999
0
LINE
8
BLACK
6
CONTINUOUS
10
158.5429230000000018
20
-110.96569199999999
11
158.447685000000007
21
-111.0609309999999965
0
LINE
8
BLACK
6
CONTINUOUS
10
158.447685000000007
20
-111.0609309999999965
11
158.2572089999999889
21
-111.1561689999999913
0
LINE
8
BLACK
6
CONTINUOUS
10
158.2572089999999889
20
-111.1561689999999913
11
157.971494000000007
21
-111.1561689999999913
0
LINE
8
BLACK
6
CONTINUOUS
10
159.7810179999999889
20
-111.1561689999999913
11
159.5905419999999992
21
-111.0609309999999965
0
LINE
8
BLACK
6
CONTINUOUS
10
159.5905419999999992
20
-111.0609309999999965
11
159.4953040000000044
21
-110.8704539999999952
0
LINE
8
BLACK
6
CONTINUOUS
10
159.4953040000000044
20
-110.8704539999999952
11
159.4953040000000044
21
-109.1561689999999913
0
LINE
8
BLACK
6
CONTINUOUS
10
161.3048279999999863
20
-111.0609309999999965
11
161.1143519999999967
21
-111.1561689999999913
0
LINE
8
BLACK
6
CONTINUOUS
10
161.1143519999999967
20
-111.1561689999999913
11
160.7333989999999915
21
-111.1561689999999913
0
LINE
8
BLACK
6
CONTINUOUS
10
160.7333989999999915
20
-111.1561689999999913
11
160.5429230000000018
21
-111.0609309999999965
0
LINE
8
BLACK
6
CONTINUOUS
10
160.5429230000000018
20
-111.0609309999999965
11
160.4476849999999786
21
-110.8704539999999952
0
LINE
8
BLACK
6
CONTINUOUS
10
160.4476849999999786
20
-110.8704539999999952
11
160.4476849999999786
21
-110.1085499999999939
0
LINE
8
BLACK
6
CONTINUOUS
10
160.4476849999999786
20
-110.1085499999999939
11
160.5429230000000018
21
-109.9180729999999926
0
LINE
8
BLACK
6
CONTINUOUS
10
160.5429230000000018
20
-109.9180729999999926
11
160.7333989999999915
21
-109.8228349999999978
0
LINE
8
BLACK
6
CONTINUOUS
10
160.7333989999999915
20
-109.8228349999999978
11
161.1143519999999967
21
-109.8228349999999978
0
LINE
8
BLACK
6
CONTINUOUS
10
161.1143519999999967
20
-109.8228349999999978
11
161.3048279999999863
21
-109.9180729999999926
0
LINE
8
BLACK
6
CONTINUOUS
10
161.3048279999999863
20
-109.9180729999999926
11
161.4000659999999812
21
-110.1085499999999939
0
LINE
8
BLACK
6
CONTINUOUS
10
161.4000659999999812
20
-110.1085499999999939
11
161.4000659999999812
21
-110.2990259999999978
0
LINE
8
BLACK
6
CONTINUOUS
10
161.4000659999999812
20
-110.2990259999999978
11
160.4476849999999786
21
-110.4895020000000017
0
LINE
8
BLACK
6
CONTINUOUS
10
162.1619709999999941
20
-111.0609309999999965
11
162.3524469999999837
21
-111.1561689999999913
0
LINE
8
BLACK
6
CONTINUOUS
10
162.3524469999999837
20
-111.1561689999999913
11
162.7333989999999915
21
-111.1561689999999913
0
LINE
8
BLACK
6
CONTINUOUS
10
162.7333989999999915
20
-111.1561689999999913
11
162.9238759999999786
21
-111.0609309999999965
0
LINE
8
BLACK
6
CONTINUOUS
10
162.9238759999999786
20
-111.0609309999999965
11
163.0191140000000019
21
-110.8704539999999952
0
LINE
8
BLACK
6
CONTINUOUS
10
163.0191140000000019
20
-110.8704539999999952
11
163.0191140000000019
21
-110.7752160000000003
0
LINE
8
BLACK
6
CONTINUOUS
10
163.0191140000000019
20
-110.7752160000000003
11
162.9238759999999786
21
-110.5847399999999965
0
LINE
8
BLACK
6
CONTINUOUS
10
162.9238759999999786
20
-110.5847399999999965
11
162.7333989999999915
21
-110.4895020000000017
0
LINE
8
BLACK
6
CONTINUOUS
10
162.7333989999999915
20
-110.4895020000000017
11
162.4476849999999786
21
-110.4895020000000017
0
LINE
8
BLACK
6
CONTINUOUS
10
162.4476849999999786
20
-110.4895020000000017
11
162.2572089999999889
21
-110.3942639999999926
0
LINE
8
BLACK
6
CONTINUOUS
10
162.2572089999999889
20
-110.3942639999999926
11
162.1619709999999941
21
-110.2037879999999888
0
LINE
8
BLACK
6
CONTINUOUS
10
162.1619709999999941
20
-110.2037879999999888
11
162.1619709999999941
21
-110.1085499999999939
0
LINE
8
BLACK
6
CONTINUOUS
10
162.1619709999999941
20
-110.1085499999999939
11
162.2572089999999889
21
-109.9180729999999926
0
LINE
8
BLACK
6
CONTINUOUS
10
162.2572089999999889
20
-109.9180729999999926
11
162.4476849999999786
21
-109.8228349999999978
0
LINE
8
BLACK
6
CONTINUOUS
10
162.4476849999999786
20
-109.8228349999999978
11
162.7333989999999915
21
-109.8228349999999978
0
LINE
8
BLACK
6
CONTINUOUS
10
162.7333989999999915
20
-109.8228349999999978
11
162.9238759999999786
21
-109.9180729999999926
0
LINE
8
BLACK
6
CONTINUOUS
10
163.6857809999999915
20
-111.9180729999999926
11
163.7810189999999864
21
-111.8228349999999978
0
LINE
8
BLACK
6
CONTINUOUS
10
163.7810189999999864
20
-111.8228349999999978
11
163.9714950000000044
21
-111.5371209999999991
0
LINE
8
BLACK
6
CONTINUOUS
10
163.9714950000000044
20
-111.5371209999999991
11
164.0667329999999993
21
-111.3466449999999952
0
LINE
8
BLACK
6
CONTINUOUS
10
164.0667329999999993
20
-111.3466449999999952
11
164.1619709999999941
21
-111.0609309999999965
0
LINE
8
BLACK
6
CONTINUOUS
10
164.1619709999999941
20
-111.0609309999999965
11
164.2572089999999889
21
-110.5847399999999965
0
LINE
8
BLACK
6
CONTINUOUS
10
164.2572089999999889
20
-110.5847399999999965
11
164.2572089999999889
21
-110.2037879999999888
0
LINE
8
BLACK
6
CONTINUOUS
10
164.2572089999999889
20
-110.2037879999999888
11
164.1619709999999941
21
-109.7275969999999887
0
LINE
8
BLACK
6
CONTINUOUS
10
164.1619709999999941
20
-109.7275969999999887
11
164.0667329999999993
21
-109.44188299999999
0
LINE
8
BLACK
6
CONTINUOUS
10
164.0667329999999993
20
-109.44188299999999
11
163.9714950000000044
21
-109.2514070000000004
0
LINE
8
BLACK
6
CONTINUOUS
10
163.9714950000000044
20
-109.2514070000000004
11
163.7810189999999864
21
-108.96569199999999
0
LINE
8
BLACK
6
CONTINUOUS
10
163.7810189999999864
20
-108.96569199999999
11
163.6857809999999915
21
-108.8704539999999952
  0
ENDSEC
  0
EOF
