  0
SECTION
  2
HEADER
  9
$ANGBASE
  50
0.0
  9
$ANGDIR
  70
1
  9
$MEASUREMENT
  70
1
  0
ENDSEC
  0
SECTION
  2
TABLES
  0
TABLE
  2
LTYPE
  70
4
  0
LTYPE
  5
40F
  2
CONTINUOUS
  70
0
  3
Solid line
  72
65
  73
0
  40
0.0
  0
LTYPE
  5
410
  2
DASHDOT
 70
0
  3
Dash Dot ____ _ ____ _
 72
65
 73
4
 40
2.0
 49
1.25
 49
-0.25
 49
0.25
 49
-0.25
  0
LTYPE
  5
411
  2
DASHED
 70
0
  3
Dashed __ __ __ __ __
 72
65
 73
2
 40
0.75
 49
0.5
 49
-0.25
  0
LTYPE
  5
43B
  2
DOTTED
 70
0
  3
Dotted .  .  .  .
 72
65
 73
2
 40
0.2
 49
0.0
 49
-0.2
  0
ENDTAB
  0
TABLE
  2
STYLE
  70
4
  0
STYLE
  2
KICAD
  70
0
  40
0
  41
1
  42
1
  50
0
  71
0
  3
isocp.shx
  0
STYLE
  2
KICADB
  70
0
  40
0
  41
1
  42
1
  50
0
  71
0
  3
isocp.shx
  0
STYLE
  2
KICADI
  70
0
  40
0
  41
1
  42
1
  50
15
  71
0
  3
isocp.shx
  0
STYLE
  2
KICADBI
  70
0
  40
0
  41
1
  42
1
  50
15
  71
0
  3
isocp.shx
  0
ENDTAB
  0
TABLE
  2
LAYER
  70
1
  0
LAYER
  2
BLACK
  70
0
  62
7
  6
CONTINUOUS
  0
ENDTAB
  0
ENDSEC
  0
SECTION
  2
ENTITIES
0
LINE
8
BLACK
6
CONTINUOUS
10
166.7272399999999948
20
-91.4582499999999925
11
165.0272400000000061
21
-91.4582499999999925
0
LINE
8
BLACK
6
CONTINUOUS
10
165.0272400000000061
20
-91.4582499999999925
11
165.0272400000000061
21
-89.7582499999999897
0
LINE
8
BLACK
6
CONTINUOUS
10
165.0272400000000061
20
-89.7582499999999897
11
166.7272399999999948
21
-89.7582499999999897
0
LINE
8
BLACK
6
CONTINUOUS
10
166.7272399999999948
20
-89.7582499999999897
11
166.7272399999999948
21
-91.4582499999999925
0
LINE
8
BLACK
6
CONTINUOUS
10
161.0599039999999889
20
-89.7998520000000013
11
161.2222399999999993
21
-89.8721279999999894
0
LINE
8
BLACK
6
CONTINUOUS
10
161.2222399999999993
20
-89.8721279999999894
11
161.3660009999999829
21
-89.9765769999999918
0
LINE
8
BLACK
6
CONTINUOUS
10
161.3660009999999829
20
-89.9765769999999918
11
161.4849040000000002
21
-90.1086329999999975
0
LINE
8
BLACK
6
CONTINUOUS
10
161.4849040000000002
20
-90.1086329999999975
11
161.5737539999999797
21
-90.2625239999999991
0
LINE
8
BLACK
6
CONTINUOUS
10
161.5737539999999797
20
-90.2625239999999991
11
161.6286649999999838
21
-90.4315249999999935
0
LINE
8
BLACK
6
CONTINUOUS
10
161.6286649999999838
20
-90.4315249999999935
11
161.6472399999999823
21
-90.6082499999999982
0
LINE
8
BLACK
6
CONTINUOUS
10
161.6472399999999823
20
-90.6082499999999982
11
161.6286649999999838
21
-90.7849750000000029
0
LINE
8
BLACK
6
CONTINUOUS
10
161.6286649999999838
20
-90.7849750000000029
11
161.5737539999999797
21
-90.9539759999999973
0
LINE
8
BLACK
6
CONTINUOUS
10
161.5737539999999797
20
-90.9539759999999973
11
161.4849040000000002
21
-91.1078669999999988
0
LINE
8
BLACK
6
CONTINUOUS
10
161.4849040000000002
20
-91.1078669999999988
11
161.3660009999999829
21
-91.2399229999999903
0
LINE
8
BLACK
6
CONTINUOUS
10
161.3660009999999829
20
-91.2399229999999903
11
161.2222399999999993
21
-91.3443719999999928
0
LINE
8
BLACK
6
CONTINUOUS
10
161.2222399999999993
20
-91.3443719999999928
11
161.0599039999999889
21
-91.416647999999995
0
LINE
8
BLACK
6
CONTINUOUS
10
161.0599039999999889
20
-91.416647999999995
11
160.8860889999999984
21
-91.4535939999999954
0
LINE
8
BLACK
6
CONTINUOUS
10
160.8860889999999984
20
-91.4535939999999954
11
160.708391000000006
21
-91.4535939999999954
0
LINE
8
BLACK
6
CONTINUOUS
10
160.708391000000006
20
-91.4535939999999954
11
160.5345759999999871
21
-91.416647999999995
0
LINE
8
BLACK
6
CONTINUOUS
10
160.5345759999999871
20
-91.416647999999995
11
160.372240000000005
21
-91.3443719999999928
0
LINE
8
BLACK
6
CONTINUOUS
10
160.372240000000005
20
-91.3443719999999928
11
160.228478999999993
21
-91.2399229999999903
0
LINE
8
BLACK
6
CONTINUOUS
10
160.228478999999993
20
-91.2399229999999903
11
160.1095760000000041
21
-91.1078669999999988
0
LINE
8
BLACK
6
CONTINUOUS
10
160.1095760000000041
20
-91.1078669999999988
11
160.0207259999999962
21
-90.9539759999999973
0
LINE
8
BLACK
6
CONTINUOUS
10
160.0207259999999962
20
-90.9539759999999973
11
159.9658149999999921
21
-90.7849750000000029
0
LINE
8
BLACK
6
CONTINUOUS
10
159.9658149999999921
20
-90.7849750000000029
11
159.9472399999999936
21
-90.6082499999999982
0
LINE
8
BLACK
6
CONTINUOUS
10
159.9472399999999936
20
-90.6082499999999982
11
159.9658149999999921
21
-90.4315249999999935
0
LINE
8
BLACK
6
CONTINUOUS
10
159.9658149999999921
20
-90.4315249999999935
11
160.0207259999999962
21
-90.2625239999999991
0
LINE
8
BLACK
6
CONTINUOUS
10
160.0207259999999962
20
-90.2625239999999991
11
160.1095760000000041
21
-90.1086329999999975
0
LINE
8
BLACK
6
CONTINUOUS
10
160.1095760000000041
20
-90.1086329999999975
11
160.228478999999993
21
-89.9765769999999918
0
LINE
8
BLACK
6
CONTINUOUS
10
160.228478999999993
20
-89.9765769999999918
11
160.372240000000005
21
-89.8721279999999894
0
LINE
8
BLACK
6
CONTINUOUS
10
160.372240000000005
20
-89.8721279999999894
11
160.5345759999999871
21
-89.7998520000000013
0
LINE
8
BLACK
6
CONTINUOUS
10
160.5345759999999871
20
-89.7998520000000013
11
160.708391000000006
21
-89.762906000000001
0
LINE
8
BLACK
6
CONTINUOUS
10
160.708391000000006
20
-89.762906000000001
11
160.8860889999999984
21
-89.762906000000001
0
LINE
8
BLACK
6
CONTINUOUS
10
160.8860889999999984
20
-89.762906000000001
11
161.0599039999999889
21
-89.7998520000000013
0
LINE
8
BLACK
6
CONTINUOUS
10
163.5999039999999809
20
-89.7998520000000013
11
163.7622399999999914
21
-89.8721279999999894
0
LINE
8
BLACK
6
CONTINUOUS
10
163.7622399999999914
20
-89.8721279999999894
11
163.9060010000000034
21
-89.9765769999999918
0
LINE
8
BLACK
6
CONTINUOUS
10
163.9060010000000034
20
-89.9765769999999918
11
164.0249039999999923
21
-90.1086329999999975
0
LINE
8
BLACK
6
CONTINUOUS
10
164.0249039999999923
20
-90.1086329999999975
11
164.1137540000000001
21
-90.2625239999999991
0
LINE
8
BLACK
6
CONTINUOUS
10
164.1137540000000001
20
-90.2625239999999991
11
164.1686650000000043
21
-90.4315249999999935
0
LINE
8
BLACK
6
CONTINUOUS
10
164.1686650000000043
20
-90.4315249999999935
11
164.1872400000000027
21
-90.6082499999999982
0
LINE
8
BLACK
6
CONTINUOUS
10
164.1872400000000027
20
-90.6082499999999982
11
164.1686650000000043
21
-90.7849750000000029
0
LINE
8
BLACK
6
CONTINUOUS
10
164.1686650000000043
20
-90.7849750000000029
11
164.1137540000000001
21
-90.9539759999999973
0
LINE
8
BLACK
6
CONTINUOUS
10
164.1137540000000001
20
-90.9539759999999973
11
164.0249039999999923
21
-91.1078669999999988
0
LINE
8
BLACK
6
CONTINUOUS
10
164.0249039999999923
20
-91.1078669999999988
11
163.9060010000000034
21
-91.2399229999999903
0
LINE
8
BLACK
6
CONTINUOUS
10
163.9060010000000034
20
-91.2399229999999903
11
163.7622399999999914
21
-91.3443719999999928
0
LINE
8
BLACK
6
CONTINUOUS
10
163.7622399999999914
20
-91.3443719999999928
11
163.5999039999999809
21
-91.416647999999995
0
LINE
8
BLACK
6
CONTINUOUS
10
163.5999039999999809
20
-91.416647999999995
11
163.4260889999999904
21
-91.4535939999999954
0
LINE
8
BLACK
6
CONTINUOUS
10
163.4260889999999904
20
-91.4535939999999954
11
163.248390999999998
21
-91.4535939999999954
0
LINE
8
BLACK
6
CONTINUOUS
10
163.248390999999998
20
-91.4535939999999954
11
163.0745759999999791
21
-91.416647999999995
0
LINE
8
BLACK
6
CONTINUOUS
10
163.0745759999999791
20
-91.416647999999995
11
162.9122399999999971
21
-91.3443719999999928
0
LINE
8
BLACK
6
CONTINUOUS
10
162.9122399999999971
20
-91.3443719999999928
11
162.768478999999985
21
-91.2399229999999903
0
LINE
8
BLACK
6
CONTINUOUS
10
162.768478999999985
20
-91.2399229999999903
11
162.6495759999999962
21
-91.1078669999999988
0
LINE
8
BLACK
6
CONTINUOUS
10
162.6495759999999962
20
-91.1078669999999988
11
162.5607259999999883
21
-90.9539759999999973
0
LINE
8
BLACK
6
CONTINUOUS
10
162.5607259999999883
20
-90.9539759999999973
11
162.5058149999999841
21
-90.7849750000000029
0
LINE
8
BLACK
6
CONTINUOUS
10
162.5058149999999841
20
-90.7849750000000029
11
162.4872399999999857
21
-90.6082499999999982
0
LINE
8
BLACK
6
CONTINUOUS
10
162.4872399999999857
20
-90.6082499999999982
11
162.5058149999999841
21
-90.4315249999999935
0
LINE
8
BLACK
6
CONTINUOUS
10
162.5058149999999841
20
-90.4315249999999935
11
162.5607259999999883
21
-90.2625239999999991
0
LINE
8
BLACK
6
CONTINUOUS
10
162.5607259999999883
20
-90.2625239999999991
11
162.6495759999999962
21
-90.1086329999999975
0
LINE
8
BLACK
6
CONTINUOUS
10
162.6495759999999962
20
-90.1086329999999975
11
162.768478999999985
21
-89.9765769999999918
0
LINE
8
BLACK
6
CONTINUOUS
10
162.768478999999985
20
-89.9765769999999918
11
162.9122399999999971
21
-89.8721279999999894
0
LINE
8
BLACK
6
CONTINUOUS
10
162.9122399999999971
20
-89.8721279999999894
11
163.0745759999999791
21
-89.7998520000000013
0
LINE
8
BLACK
6
CONTINUOUS
10
163.0745759999999791
20
-89.7998520000000013
11
163.248390999999998
21
-89.762906000000001
0
LINE
8
BLACK
6
CONTINUOUS
10
163.248390999999998
20
-89.762906000000001
11
163.4260889999999904
21
-89.762906000000001
0
LINE
8
BLACK
6
CONTINUOUS
10
163.4260889999999904
20
-89.762906000000001
11
163.5999039999999809
21
-89.7998520000000013
0
LINE
8
BLACK
6
CONTINUOUS
10
145.7646430000000066
20
-88.3096680000000021
11
145.813305999999983
21
-88.3421839999999889
0
LINE
8
BLACK
6
CONTINUOUS
10
145.813305999999983
20
-88.3421839999999889
11
145.8458219999999983
21
-88.3908469999999937
0
LINE
8
BLACK
6
CONTINUOUS
10
145.8458219999999983
20
-88.3908469999999937
11
145.8572399999999902
21
-88.4482500000000016
0
LINE
8
BLACK
6
CONTINUOUS
10
145.8572399999999902
20
-88.4482500000000016
11
145.8572399999999902
21
-90.0982499999999931
0
LINE
8
BLACK
6
CONTINUOUS
10
145.8572399999999902
20
-90.0982499999999931
11
145.8458219999999983
21
-90.1556530000000009
0
LINE
8
BLACK
6
CONTINUOUS
10
145.8458219999999983
20
-90.1556530000000009
11
145.813305999999983
21
-90.2043159999999915
0
LINE
8
BLACK
6
CONTINUOUS
10
145.813305999999983
20
-90.2043159999999915
11
145.7646430000000066
21
-90.2368319999999926
0
LINE
8
BLACK
6
CONTINUOUS
10
145.7646430000000066
20
-90.2368319999999926
11
145.7072399999999845
21
-90.2482499999999987
0
LINE
8
BLACK
6
CONTINUOUS
10
145.7072399999999845
20
-90.2482499999999987
11
145.4072400000000016
21
-90.2482499999999987
0
LINE
8
BLACK
6
CONTINUOUS
10
145.4072400000000016
20
-90.2482499999999987
11
145.3498369999999795
21
-90.2368319999999926
0
LINE
8
BLACK
6
CONTINUOUS
10
145.3498369999999795
20
-90.2368319999999926
11
145.3011740000000032
21
-90.2043159999999915
0
LINE
8
BLACK
6
CONTINUOUS
10
145.3011740000000032
20
-90.2043159999999915
11
145.2686579999999879
21
-90.1556530000000009
0
LINE
8
BLACK
6
CONTINUOUS
10
145.2686579999999879
20
-90.1556530000000009
11
145.2572399999999959
21
-90.0982499999999931
0
LINE
8
BLACK
6
CONTINUOUS
10
145.2572399999999959
20
-90.0982499999999931
11
145.2572399999999959
21
-88.4482500000000016
0
LINE
8
BLACK
6
CONTINUOUS
10
145.2572399999999959
20
-88.4482500000000016
11
145.2686579999999879
21
-88.3908469999999937
0
LINE
8
BLACK
6
CONTINUOUS
10
145.2686579999999879
20
-88.3908469999999937
11
145.3011740000000032
21
-88.3421839999999889
0
LINE
8
BLACK
6
CONTINUOUS
10
145.3011740000000032
20
-88.3421839999999889
11
145.3498369999999795
21
-88.3096680000000021
0
LINE
8
BLACK
6
CONTINUOUS
10
145.3498369999999795
20
-88.3096680000000021
11
145.4072400000000016
21
-88.2982499999999959
0
LINE
8
BLACK
6
CONTINUOUS
10
145.4072400000000016
20
-88.2982499999999959
11
145.7072399999999845
21
-88.2982499999999959
0
LINE
8
BLACK
6
CONTINUOUS
10
145.7072399999999845
20
-88.2982499999999959
11
145.7646430000000066
21
-88.3096680000000021
0
LINE
8
BLACK
6
CONTINUOUS
10
147.0346429999999884
20
-88.3096680000000021
11
147.0833059999999932
21
-88.3421839999999889
0
LINE
8
BLACK
6
CONTINUOUS
10
147.0833059999999932
20
-88.3421839999999889
11
147.1158219999999801
21
-88.3908469999999937
0
LINE
8
BLACK
6
CONTINUOUS
10
147.1158219999999801
20
-88.3908469999999937
11
147.1272400000000005
21
-88.4482500000000016
0
LINE
8
BLACK
6
CONTINUOUS
10
147.1272400000000005
20
-88.4482500000000016
11
147.1272400000000005
21
-90.0982499999999931
0
LINE
8
BLACK
6
CONTINUOUS
10
147.1272400000000005
20
-90.0982499999999931
11
147.1158219999999801
21
-90.1556530000000009
0
LINE
8
BLACK
6
CONTINUOUS
10
147.1158219999999801
20
-90.1556530000000009
11
147.0833059999999932
21
-90.2043159999999915
0
LINE
8
BLACK
6
CONTINUOUS
10
147.0833059999999932
20
-90.2043159999999915
11
147.0346429999999884
21
-90.2368319999999926
0
LINE
8
BLACK
6
CONTINUOUS
10
147.0346429999999884
20
-90.2368319999999926
11
146.9772399999999948
21
-90.2482499999999987
0
LINE
8
BLACK
6
CONTINUOUS
10
146.9772399999999948
20
-90.2482499999999987
11
146.6772399999999834
21
-90.2482499999999987
0
LINE
8
BLACK
6
CONTINUOUS
10
146.6772399999999834
20
-90.2482499999999987
11
146.6198369999999898
21
-90.2368319999999926
0
LINE
8
BLACK
6
CONTINUOUS
10
146.6198369999999898
20
-90.2368319999999926
11
146.571173999999985
21
-90.2043159999999915
0
LINE
8
BLACK
6
CONTINUOUS
10
146.571173999999985
20
-90.2043159999999915
11
146.5386579999999981
21
-90.1556530000000009
0
LINE
8
BLACK
6
CONTINUOUS
10
146.5386579999999981
20
-90.1556530000000009
11
146.5272400000000061
21
-90.0982499999999931
0
LINE
8
BLACK
6
CONTINUOUS
10
146.5272400000000061
20
-90.0982499999999931
11
146.5272400000000061
21
-88.4482500000000016
0
LINE
8
BLACK
6
CONTINUOUS
10
146.5272400000000061
20
-88.4482500000000016
11
146.5386579999999981
21
-88.3908469999999937
0
LINE
8
BLACK
6
CONTINUOUS
10
146.5386579999999981
20
-88.3908469999999937
11
146.571173999999985
21
-88.3421839999999889
0
LINE
8
BLACK
6
CONTINUOUS
10
146.571173999999985
20
-88.3421839999999889
11
146.6198369999999898
21
-88.3096680000000021
0
LINE
8
BLACK
6
CONTINUOUS
10
146.6198369999999898
20
-88.3096680000000021
11
146.6772399999999834
21
-88.2982499999999959
0
LINE
8
BLACK
6
CONTINUOUS
10
146.6772399999999834
20
-88.2982499999999959
11
146.9772399999999948
21
-88.2982499999999959
0
LINE
8
BLACK
6
CONTINUOUS
10
146.9772399999999948
20
-88.2982499999999959
11
147.0346429999999884
21
-88.3096680000000021
0
LINE
8
BLACK
6
CONTINUOUS
10
148.3046429999999987
20
-88.3096680000000021
11
148.3533060000000035
21
-88.3421839999999889
0
LINE
8
BLACK
6
CONTINUOUS
10
148.3533060000000035
20
-88.3421839999999889
11
148.3858219999999903
21
-88.3908469999999937
0
LINE
8
BLACK
6
CONTINUOUS
10
148.3858219999999903
20
-88.3908469999999937
11
148.3972399999999823
21
-88.4482500000000016
0
LINE
8
BLACK
6
CONTINUOUS
10
148.3972399999999823
20
-88.4482500000000016
11
148.3972399999999823
21
-90.0982499999999931
0
LINE
8
BLACK
6
CONTINUOUS
10
148.3972399999999823
20
-90.0982499999999931
11
148.3858219999999903
21
-90.1556530000000009
0
LINE
8
BLACK
6
CONTINUOUS
10
148.3858219999999903
20
-90.1556530000000009
11
148.3533060000000035
21
-90.2043159999999915
0
LINE
8
BLACK
6
CONTINUOUS
10
148.3533060000000035
20
-90.2043159999999915
11
148.3046429999999987
21
-90.2368319999999926
0
LINE
8
BLACK
6
CONTINUOUS
10
148.3046429999999987
20
-90.2368319999999926
11
148.247240000000005
21
-90.2482499999999987
0
LINE
8
BLACK
6
CONTINUOUS
10
148.247240000000005
20
-90.2482499999999987
11
147.9472399999999936
21
-90.2482499999999987
0
LINE
8
BLACK
6
CONTINUOUS
10
147.9472399999999936
20
-90.2482499999999987
11
147.889837
21
-90.2368319999999926
0
LINE
8
BLACK
6
CONTINUOUS
10
147.889837
20
-90.2368319999999926
11
147.8411739999999952
21
-90.2043159999999915
0
LINE
8
BLACK
6
CONTINUOUS
10
147.8411739999999952
20
-90.2043159999999915
11
147.8086579999999799
21
-90.1556530000000009
0
LINE
8
BLACK
6
CONTINUOUS
10
147.8086579999999799
20
-90.1556530000000009
11
147.797239999999988
21
-90.0982499999999931
0
LINE
8
BLACK
6
CONTINUOUS
10
147.797239999999988
20
-90.0982499999999931
11
147.797239999999988
21
-88.4482500000000016
0
LINE
8
BLACK
6
CONTINUOUS
10
147.797239999999988
20
-88.4482500000000016
11
147.8086579999999799
21
-88.3908469999999937
0
LINE
8
BLACK
6
CONTINUOUS
10
147.8086579999999799
20
-88.3908469999999937
11
147.8411739999999952
21
-88.3421839999999889
0
LINE
8
BLACK
6
CONTINUOUS
10
147.8411739999999952
20
-88.3421839999999889
11
147.889837
21
-88.3096680000000021
0
LINE
8
BLACK
6
CONTINUOUS
10
147.889837
20
-88.3096680000000021
11
147.9472399999999936
21
-88.2982499999999959
0
LINE
8
BLACK
6
CONTINUOUS
10
147.9472399999999936
20
-88.2982499999999959
11
148.247240000000005
21
-88.2982499999999959
0
LINE
8
BLACK
6
CONTINUOUS
10
148.247240000000005
20
-88.2982499999999959
11
148.3046429999999987
21
-88.3096680000000021
0
LINE
8
BLACK
6
CONTINUOUS
10
149.5746429999999805
20
-88.3096680000000021
11
149.6233059999999853
21
-88.3421839999999889
0
LINE
8
BLACK
6
CONTINUOUS
10
149.6233059999999853
20
-88.3421839999999889
11
149.6558220000000006
21
-88.3908469999999937
0
LINE
8
BLACK
6
CONTINUOUS
10
149.6558220000000006
20
-88.3908469999999937
11
149.6672399999999925
21
-88.4482500000000016
0
LINE
8
BLACK
6
CONTINUOUS
10
149.6672399999999925
20
-88.4482500000000016
11
149.6672399999999925
21
-90.0982499999999931
0
LINE
8
BLACK
6
CONTINUOUS
10
149.6672399999999925
20
-90.0982499999999931
11
149.6558220000000006
21
-90.1556530000000009
0
LINE
8
BLACK
6
CONTINUOUS
10
149.6558220000000006
20
-90.1556530000000009
11
149.6233059999999853
21
-90.2043159999999915
0
LINE
8
BLACK
6
CONTINUOUS
10
149.6233059999999853
20
-90.2043159999999915
11
149.5746429999999805
21
-90.2368319999999926
0
LINE
8
BLACK
6
CONTINUOUS
10
149.5746429999999805
20
-90.2368319999999926
11
149.5172399999999868
21
-90.2482499999999987
0
LINE
8
BLACK
6
CONTINUOUS
10
149.5172399999999868
20
-90.2482499999999987
11
149.2172400000000039
21
-90.2482499999999987
0
LINE
8
BLACK
6
CONTINUOUS
10
149.2172400000000039
20
-90.2482499999999987
11
149.1598369999999818
21
-90.2368319999999926
0
LINE
8
BLACK
6
CONTINUOUS
10
149.1598369999999818
20
-90.2368319999999926
11
149.1111740000000054
21
-90.2043159999999915
0
LINE
8
BLACK
6
CONTINUOUS
10
149.1111740000000054
20
-90.2043159999999915
11
149.0786579999999901
21
-90.1556530000000009
0
LINE
8
BLACK
6
CONTINUOUS
10
149.0786579999999901
20
-90.1556530000000009
11
149.0672399999999982
21
-90.0982499999999931
0
LINE
8
BLACK
6
CONTINUOUS
10
149.0672399999999982
20
-90.0982499999999931
11
149.0672399999999982
21
-88.4482500000000016
0
LINE
8
BLACK
6
CONTINUOUS
10
149.0672399999999982
20
-88.4482500000000016
11
149.0786579999999901
21
-88.3908469999999937
0
LINE
8
BLACK
6
CONTINUOUS
10
149.0786579999999901
20
-88.3908469999999937
11
149.1111740000000054
21
-88.3421839999999889
0
LINE
8
BLACK
6
CONTINUOUS
10
149.1111740000000054
20
-88.3421839999999889
11
149.1598369999999818
21
-88.3096680000000021
0
LINE
8
BLACK
6
CONTINUOUS
10
149.1598369999999818
20
-88.3096680000000021
11
149.2172400000000039
21
-88.2982499999999959
0
LINE
8
BLACK
6
CONTINUOUS
10
149.2172400000000039
20
-88.2982499999999959
11
149.5172399999999868
21
-88.2982499999999959
0
LINE
8
BLACK
6
CONTINUOUS
10
149.5172399999999868
20
-88.2982499999999959
11
149.5746429999999805
21
-88.3096680000000021
0
LINE
8
BLACK
6
CONTINUOUS
10
150.8446429999999907
20
-88.3096680000000021
11
150.8933059999999955
21
-88.3421839999999889
0
LINE
8
BLACK
6
CONTINUOUS
10
150.8933059999999955
20
-88.3421839999999889
11
150.9258219999999824
21
-88.3908469999999937
0
LINE
8
BLACK
6
CONTINUOUS
10
150.9258219999999824
20
-88.3908469999999937
11
150.9372400000000027
21
-88.4482500000000016
0
LINE
8
BLACK
6
CONTINUOUS
10
150.9372400000000027
20
-88.4482500000000016
11
150.9372400000000027
21
-90.0982499999999931
0
LINE
8
BLACK
6
CONTINUOUS
10
150.9372400000000027
20
-90.0982499999999931
11
150.9258219999999824
21
-90.1556530000000009
0
LINE
8
BLACK
6
CONTINUOUS
10
150.9258219999999824
20
-90.1556530000000009
11
150.8933059999999955
21
-90.2043159999999915
0
LINE
8
BLACK
6
CONTINUOUS
10
150.8933059999999955
20
-90.2043159999999915
11
150.8446429999999907
21
-90.2368319999999926
0
LINE
8
BLACK
6
CONTINUOUS
10
150.8446429999999907
20
-90.2368319999999926
11
150.7872399999999971
21
-90.2482499999999987
0
LINE
8
BLACK
6
CONTINUOUS
10
150.7872399999999971
20
-90.2482499999999987
11
150.4872399999999857
21
-90.2482499999999987
0
LINE
8
BLACK
6
CONTINUOUS
10
150.4872399999999857
20
-90.2482499999999987
11
150.429836999999992
21
-90.2368319999999926
0
LINE
8
BLACK
6
CONTINUOUS
10
150.429836999999992
20
-90.2368319999999926
11
150.3811739999999872
21
-90.2043159999999915
0
LINE
8
BLACK
6
CONTINUOUS
10
150.3811739999999872
20
-90.2043159999999915
11
150.3486580000000004
21
-90.1556530000000009
0
LINE
8
BLACK
6
CONTINUOUS
10
150.3486580000000004
20
-90.1556530000000009
11
150.33723999999998
21
-90.0982499999999931
0
LINE
8
BLACK
6
CONTINUOUS
10
150.33723999999998
20
-90.0982499999999931
11
150.33723999999998
21
-88.4482500000000016
0
LINE
8
BLACK
6
CONTINUOUS
10
150.33723999999998
20
-88.4482500000000016
11
150.3486580000000004
21
-88.3908469999999937
0
LINE
8
BLACK
6
CONTINUOUS
10
150.3486580000000004
20
-88.3908469999999937
11
150.3811739999999872
21
-88.3421839999999889
0
LINE
8
BLACK
6
CONTINUOUS
10
150.3811739999999872
20
-88.3421839999999889
11
150.429836999999992
21
-88.3096680000000021
0
LINE
8
BLACK
6
CONTINUOUS
10
150.429836999999992
20
-88.3096680000000021
11
150.4872399999999857
21
-88.2982499999999959
0
LINE
8
BLACK
6
CONTINUOUS
10
150.4872399999999857
20
-88.2982499999999959
11
150.7872399999999971
21
-88.2982499999999959
0
LINE
8
BLACK
6
CONTINUOUS
10
150.7872399999999971
20
-88.2982499999999959
11
150.8446429999999907
21
-88.3096680000000021
0
LINE
8
BLACK
6
CONTINUOUS
10
152.1146430000000009
20
-88.3096680000000021
11
152.1633060000000057
21
-88.3421839999999889
0
LINE
8
BLACK
6
CONTINUOUS
10
152.1633060000000057
20
-88.3421839999999889
11
152.1958219999999926
21
-88.3908469999999937
0
LINE
8
BLACK
6
CONTINUOUS
10
152.1958219999999926
20
-88.3908469999999937
11
152.2072399999999845
21
-88.4482500000000016
0
LINE
8
BLACK
6
CONTINUOUS
10
152.2072399999999845
20
-88.4482500000000016
11
152.2072399999999845
21
-90.0982499999999931
0
LINE
8
BLACK
6
CONTINUOUS
10
152.2072399999999845
20
-90.0982499999999931
11
152.1958219999999926
21
-90.1556530000000009
0
LINE
8
BLACK
6
CONTINUOUS
10
152.1958219999999926
20
-90.1556530000000009
11
152.1633060000000057
21
-90.2043159999999915
0
LINE
8
BLACK
6
CONTINUOUS
10
152.1633060000000057
20
-90.2043159999999915
11
152.1146430000000009
21
-90.2368319999999926
0
LINE
8
BLACK
6
CONTINUOUS
10
152.1146430000000009
20
-90.2368319999999926
11
152.0572400000000073
21
-90.2482499999999987
0
LINE
8
BLACK
6
CONTINUOUS
10
152.0572400000000073
20
-90.2482499999999987
11
151.7572399999999959
21
-90.2482499999999987
0
LINE
8
BLACK
6
CONTINUOUS
10
151.7572399999999959
20
-90.2482499999999987
11
151.6998370000000023
21
-90.2368319999999926
0
LINE
8
BLACK
6
CONTINUOUS
10
151.6998370000000023
20
-90.2368319999999926
11
151.6511739999999975
21
-90.2043159999999915
0
LINE
8
BLACK
6
CONTINUOUS
10
151.6511739999999975
20
-90.2043159999999915
11
151.6186579999999822
21
-90.1556530000000009
0
LINE
8
BLACK
6
CONTINUOUS
10
151.6186579999999822
20
-90.1556530000000009
11
151.6072399999999902
21
-90.0982499999999931
0
LINE
8
BLACK
6
CONTINUOUS
10
151.6072399999999902
20
-90.0982499999999931
11
151.6072399999999902
21
-88.4482500000000016
0
LINE
8
BLACK
6
CONTINUOUS
10
151.6072399999999902
20
-88.4482500000000016
11
151.6186579999999822
21
-88.3908469999999937
0
LINE
8
BLACK
6
CONTINUOUS
10
151.6186579999999822
20
-88.3908469999999937
11
151.6511739999999975
21
-88.3421839999999889
0
LINE
8
BLACK
6
CONTINUOUS
10
151.6511739999999975
20
-88.3421839999999889
11
151.6998370000000023
21
-88.3096680000000021
0
LINE
8
BLACK
6
CONTINUOUS
10
151.6998370000000023
20
-88.3096680000000021
11
151.7572399999999959
21
-88.2982499999999959
0
LINE
8
BLACK
6
CONTINUOUS
10
151.7572399999999959
20
-88.2982499999999959
11
152.0572400000000073
21
-88.2982499999999959
0
LINE
8
BLACK
6
CONTINUOUS
10
152.0572400000000073
20
-88.2982499999999959
11
152.1146430000000009
21
-88.3096680000000021
0
LINE
8
BLACK
6
CONTINUOUS
10
153.3846429999999827
20
-88.3096680000000021
11
153.4333059999999875
21
-88.3421839999999889
0
LINE
8
BLACK
6
CONTINUOUS
10
153.4333059999999875
20
-88.3421839999999889
11
153.4658220000000028
21
-88.3908469999999937
0
LINE
8
BLACK
6
CONTINUOUS
10
153.4658220000000028
20
-88.3908469999999937
11
153.4772399999999948
21
-88.4482500000000016
0
LINE
8
BLACK
6
CONTINUOUS
10
153.4772399999999948
20
-88.4482500000000016
11
153.4772399999999948
21
-90.0982499999999931
0
LINE
8
BLACK
6
CONTINUOUS
10
153.4772399999999948
20
-90.0982499999999931
11
153.4658220000000028
21
-90.1556530000000009
0
LINE
8
BLACK
6
CONTINUOUS
10
153.4658220000000028
20
-90.1556530000000009
11
153.4333059999999875
21
-90.2043159999999915
0
LINE
8
BLACK
6
CONTINUOUS
10
153.4333059999999875
20
-90.2043159999999915
11
153.3846429999999827
21
-90.2368319999999926
0
LINE
8
BLACK
6
CONTINUOUS
10
153.3846429999999827
20
-90.2368319999999926
11
153.3272399999999891
21
-90.2482499999999987
0
LINE
8
BLACK
6
CONTINUOUS
10
153.3272399999999891
20
-90.2482499999999987
11
153.0272400000000061
21
-90.2482499999999987
0
LINE
8
BLACK
6
CONTINUOUS
10
153.0272400000000061
20
-90.2482499999999987
11
152.9698369999999841
21
-90.2368319999999926
0
LINE
8
BLACK
6
CONTINUOUS
10
152.9698369999999841
20
-90.2368319999999926
11
152.9211739999999793
21
-90.2043159999999915
0
LINE
8
BLACK
6
CONTINUOUS
10
152.9211739999999793
20
-90.2043159999999915
11
152.8886579999999924
21
-90.1556530000000009
0
LINE
8
BLACK
6
CONTINUOUS
10
152.8886579999999924
20
-90.1556530000000009
11
152.8772400000000005
21
-90.0982499999999931
0
LINE
8
BLACK
6
CONTINUOUS
10
152.8772400000000005
20
-90.0982499999999931
11
152.8772400000000005
21
-88.4482500000000016
0
LINE
8
BLACK
6
CONTINUOUS
10
152.8772400000000005
20
-88.4482500000000016
11
152.8886579999999924
21
-88.3908469999999937
0
LINE
8
BLACK
6
CONTINUOUS
10
152.8886579999999924
20
-88.3908469999999937
11
152.9211739999999793
21
-88.3421839999999889
0
LINE
8
BLACK
6
CONTINUOUS
10
152.9211739999999793
20
-88.3421839999999889
11
152.9698369999999841
21
-88.3096680000000021
0
LINE
8
BLACK
6
CONTINUOUS
10
152.9698369999999841
20
-88.3096680000000021
11
153.0272400000000061
21
-88.2982499999999959
0
LINE
8
BLACK
6
CONTINUOUS
10
153.0272400000000061
20
-88.2982499999999959
11
153.3272399999999891
21
-88.2982499999999959
0
LINE
8
BLACK
6
CONTINUOUS
10
153.3272399999999891
20
-88.2982499999999959
11
153.3846429999999827
21
-88.3096680000000021
0
LINE
8
BLACK
6
CONTINUOUS
10
124.9217079999999953
20
-86.7941840000000013
11
125.0414299999999912
21
-86.8711249999999922
0
LINE
8
BLACK
6
CONTINUOUS
10
125.0414299999999912
20
-86.8711249999999922
11
125.1346269999999947
21
-86.9786799999999971
0
LINE
8
BLACK
6
CONTINUOUS
10
125.1346269999999947
20
-86.9786799999999971
11
125.1937459999999902
21
-87.1081339999999926
0
LINE
8
BLACK
6
CONTINUOUS
10
125.1937459999999902
20
-87.1081339999999926
11
125.2139999999999986
21
-87.2489999999999952
0
LINE
8
BLACK
6
CONTINUOUS
10
125.2139999999999986
20
-87.2489999999999952
11
125.1937459999999902
21
-87.3898659999999978
0
LINE
8
BLACK
6
CONTINUOUS
10
125.1937459999999902
20
-87.3898659999999978
11
125.1346269999999947
21
-87.5193199999999933
0
LINE
8
BLACK
6
CONTINUOUS
10
125.1346269999999947
20
-87.5193199999999933
11
125.0414299999999912
21
-87.6268749999999983
0
LINE
8
BLACK
6
CONTINUOUS
10
125.0414299999999912
20
-87.6268749999999983
11
124.9217079999999953
21
-87.7038159999999891
0
LINE
8
BLACK
6
CONTINUOUS
10
124.9217079999999953
20
-87.7038159999999891
11
124.7851569999999981
21
-87.7439109999999971
0
LINE
8
BLACK
6
CONTINUOUS
10
124.7851569999999981
20
-87.7439109999999971
11
124.6428429999999992
21
-87.7439109999999971
0
LINE
8
BLACK
6
CONTINUOUS
10
124.6428429999999992
20
-87.7439109999999971
11
124.5062919999999878
21
-87.7038159999999891
0
LINE
8
BLACK
6
CONTINUOUS
10
124.5062919999999878
20
-87.7038159999999891
11
124.3865699999999919
21
-87.6268749999999983
0
LINE
8
BLACK
6
CONTINUOUS
10
124.3865699999999919
20
-87.6268749999999983
11
124.2933729999999883
21
-87.5193199999999933
0
LINE
8
BLACK
6
CONTINUOUS
10
124.2933729999999883
20
-87.5193199999999933
11
124.2342539999999929
21
-87.3898659999999978
0
LINE
8
BLACK
6
CONTINUOUS
10
124.2342539999999929
20
-87.3898659999999978
11
124.2139999999999986
21
-87.2489999999999952
0
LINE
8
BLACK
6
CONTINUOUS
10
124.2139999999999986
20
-87.2489999999999952
11
124.2342539999999929
21
-87.1081339999999926
0
LINE
8
BLACK
6
CONTINUOUS
10
124.2342539999999929
20
-87.1081339999999926
11
124.2933729999999883
21
-86.9786799999999971
0
LINE
8
BLACK
6
CONTINUOUS
10
124.2933729999999883
20
-86.9786799999999971
11
124.3865699999999919
21
-86.8711249999999922
0
LINE
8
BLACK
6
CONTINUOUS
10
124.3865699999999919
20
-86.8711249999999922
11
124.5062919999999878
21
-86.7941840000000013
0
LINE
8
BLACK
6
CONTINUOUS
10
124.5062919999999878
20
-86.7941840000000013
11
124.6428429999999992
21
-86.7540889999999933
0
LINE
8
BLACK
6
CONTINUOUS
10
124.6428429999999992
20
-86.7540889999999933
11
124.7851569999999981
21
-86.7540889999999933
0
LINE
8
BLACK
6
CONTINUOUS
10
124.7851569999999981
20
-86.7540889999999933
11
124.9217079999999953
21
-86.7941840000000013
0
LINE
8
BLACK
6
CONTINUOUS
10
174.5947079999999971
20
-86.7941840000000013
11
174.714429999999993
21
-86.8711249999999922
0
LINE
8
BLACK
6
CONTINUOUS
10
174.714429999999993
20
-86.8711249999999922
11
174.8076269999999965
21
-86.9786799999999971
0
LINE
8
BLACK
6
CONTINUOUS
10
174.8076269999999965
20
-86.9786799999999971
11
174.8667460000000062
21
-87.1081339999999926
0
LINE
8
BLACK
6
CONTINUOUS
10
174.8667460000000062
20
-87.1081339999999926
11
174.8870000000000005
21
-87.2489999999999952
0
LINE
8
BLACK
6
CONTINUOUS
10
174.8870000000000005
20
-87.2489999999999952
11
174.8667460000000062
21
-87.3898659999999978
0
LINE
8
BLACK
6
CONTINUOUS
10
174.8667460000000062
20
-87.3898659999999978
11
174.8076269999999965
21
-87.5193199999999933
0
LINE
8
BLACK
6
CONTINUOUS
10
174.8076269999999965
20
-87.5193199999999933
11
174.714429999999993
21
-87.6268749999999983
0
LINE
8
BLACK
6
CONTINUOUS
10
174.714429999999993
20
-87.6268749999999983
11
174.5947079999999971
21
-87.7038159999999891
0
LINE
8
BLACK
6
CONTINUOUS
10
174.5947079999999971
20
-87.7038159999999891
11
174.4581569999999999
21
-87.7439109999999971
0
LINE
8
BLACK
6
CONTINUOUS
10
174.4581569999999999
20
-87.7439109999999971
11
174.315843000000001
21
-87.7439109999999971
0
LINE
8
BLACK
6
CONTINUOUS
10
174.315843000000001
20
-87.7439109999999971
11
174.1792920000000038
21
-87.7038159999999891
0
LINE
8
BLACK
6
CONTINUOUS
10
174.1792920000000038
20
-87.7038159999999891
11
174.0595699999999795
21
-87.6268749999999983
0
LINE
8
BLACK
6
CONTINUOUS
10
174.0595699999999795
20
-87.6268749999999983
11
173.9663730000000044
21
-87.5193199999999933
0
LINE
8
BLACK
6
CONTINUOUS
10
173.9663730000000044
20
-87.5193199999999933
11
173.9072539999999947
21
-87.3898659999999978
0
LINE
8
BLACK
6
CONTINUOUS
10
173.9072539999999947
20
-87.3898659999999978
11
173.8870000000000005
21
-87.2489999999999952
0
LINE
8
BLACK
6
CONTINUOUS
10
173.8870000000000005
20
-87.2489999999999952
11
173.9072539999999947
21
-87.1081339999999926
0
LINE
8
BLACK
6
CONTINUOUS
10
173.9072539999999947
20
-87.1081339999999926
11
173.9663730000000044
21
-86.9786799999999971
0
LINE
8
BLACK
6
CONTINUOUS
10
173.9663730000000044
20
-86.9786799999999971
11
174.0595699999999795
21
-86.8711249999999922
0
LINE
8
BLACK
6
CONTINUOUS
10
174.0595699999999795
20
-86.8711249999999922
11
174.1792920000000038
21
-86.7941840000000013
0
LINE
8
BLACK
6
CONTINUOUS
10
174.1792920000000038
20
-86.7941840000000013
11
174.315843000000001
21
-86.7540889999999933
0
LINE
8
BLACK
6
CONTINUOUS
10
174.315843000000001
20
-86.7540889999999933
11
174.4581569999999999
21
-86.7540889999999933
0
LINE
8
BLACK
6
CONTINUOUS
10
174.4581569999999999
20
-86.7540889999999933
11
174.5947079999999971
21
-86.7941840000000013
0
LINE
8
BLACK
6
CONTINUOUS
10
125.2139999999999986
20
-86.4789999999999992
11
124.2139999999999986
21
-86.4789999999999992
0
LINE
8
BLACK
6
CONTINUOUS
10
124.2139999999999986
20
-86.4789999999999992
11
124.2139999999999986
21
-85.4789999999999992
0
LINE
8
BLACK
6
CONTINUOUS
10
124.2139999999999986
20
-85.4789999999999992
11
125.2139999999999986
21
-85.4789999999999992
0
LINE
8
BLACK
6
CONTINUOUS
10
125.2139999999999986
20
-85.4789999999999992
11
125.2139999999999986
21
-86.4789999999999992
0
LINE
8
BLACK
6
CONTINUOUS
10
174.8870000000000005
20
-86.4789999999999992
11
173.8870000000000005
21
-86.4789999999999992
0
LINE
8
BLACK
6
CONTINUOUS
10
173.8870000000000005
20
-86.4789999999999992
11
173.8870000000000005
21
-85.4789999999999992
0
LINE
8
BLACK
6
CONTINUOUS
10
173.8870000000000005
20
-85.4789999999999992
11
174.8870000000000005
21
-85.4789999999999992
0
LINE
8
BLACK
6
CONTINUOUS
10
174.8870000000000005
20
-85.4789999999999992
11
174.8870000000000005
21
-86.4789999999999992
0
LINE
8
BLACK
6
CONTINUOUS
10
145.7646430000000066
20
-83.3596679999999992
11
145.813305999999983
21
-83.3921840000000003
0
LINE
8
BLACK
6
CONTINUOUS
10
145.813305999999983
20
-83.3921840000000003
11
145.8458219999999983
21
-83.4408469999999909
0
LINE
8
BLACK
6
CONTINUOUS
10
145.8458219999999983
20
-83.4408469999999909
11
145.8572399999999902
21
-83.4982499999999987
0
LINE
8
BLACK
6
CONTINUOUS
10
145.8572399999999902
20
-83.4982499999999987
11
145.8572399999999902
21
-85.1482499999999902
0
LINE
8
BLACK
6
CONTINUOUS
10
145.8572399999999902
20
-85.1482499999999902
11
145.8458219999999983
21
-85.2056529999999981
0
LINE
8
BLACK
6
CONTINUOUS
10
145.8458219999999983
20
-85.2056529999999981
11
145.813305999999983
21
-85.2543160000000029
0
LINE
8
BLACK
6
CONTINUOUS
10
145.813305999999983
20
-85.2543160000000029
11
145.7646430000000066
21
-85.2868319999999898
0
LINE
8
BLACK
6
CONTINUOUS
10
145.7646430000000066
20
-85.2868319999999898
11
145.7072399999999845
21
-85.2982499999999959
0
LINE
8
BLACK
6
CONTINUOUS
10
145.7072399999999845
20
-85.2982499999999959
11
145.4072400000000016
21
-85.2982499999999959
0
LINE
8
BLACK
6
CONTINUOUS
10
145.4072400000000016
20
-85.2982499999999959
11
145.3498369999999795
21
-85.2868319999999898
0
LINE
8
BLACK
6
CONTINUOUS
10
145.3498369999999795
20
-85.2868319999999898
11
145.3011740000000032
21
-85.2543160000000029
0
LINE
8
BLACK
6
CONTINUOUS
10
145.3011740000000032
20
-85.2543160000000029
11
145.2686579999999879
21
-85.2056529999999981
0
LINE
8
BLACK
6
CONTINUOUS
10
145.2686579999999879
20
-85.2056529999999981
11
145.2572399999999959
21
-85.1482499999999902
0
LINE
8
BLACK
6
CONTINUOUS
10
145.2572399999999959
20
-85.1482499999999902
11
145.2572399999999959
21
-83.4982499999999987
0
LINE
8
BLACK
6
CONTINUOUS
10
145.2572399999999959
20
-83.4982499999999987
11
145.2686579999999879
21
-83.4408469999999909
0
LINE
8
BLACK
6
CONTINUOUS
10
145.2686579999999879
20
-83.4408469999999909
11
145.3011740000000032
21
-83.3921840000000003
0
LINE
8
BLACK
6
CONTINUOUS
10
145.3011740000000032
20
-83.3921840000000003
11
145.3498369999999795
21
-83.3596679999999992
0
LINE
8
BLACK
6
CONTINUOUS
10
145.3498369999999795
20
-83.3596679999999992
11
145.4072400000000016
21
-83.3482499999999931
0
LINE
8
BLACK
6
CONTINUOUS
10
145.4072400000000016
20
-83.3482499999999931
11
145.7072399999999845
21
-83.3482499999999931
0
LINE
8
BLACK
6
CONTINUOUS
10
145.7072399999999845
20
-83.3482499999999931
11
145.7646430000000066
21
-83.3596679999999992
0
LINE
8
BLACK
6
CONTINUOUS
10
147.0346429999999884
20
-83.3596679999999992
11
147.0833059999999932
21
-83.3921840000000003
0
LINE
8
BLACK
6
CONTINUOUS
10
147.0833059999999932
20
-83.3921840000000003
11
147.1158219999999801
21
-83.4408469999999909
0
LINE
8
BLACK
6
CONTINUOUS
10
147.1158219999999801
20
-83.4408469999999909
11
147.1272400000000005
21
-83.4982499999999987
0
LINE
8
BLACK
6
CONTINUOUS
10
147.1272400000000005
20
-83.4982499999999987
11
147.1272400000000005
21
-85.1482499999999902
0
LINE
8
BLACK
6
CONTINUOUS
10
147.1272400000000005
20
-85.1482499999999902
11
147.1158219999999801
21
-85.2056529999999981
0
LINE
8
BLACK
6
CONTINUOUS
10
147.1158219999999801
20
-85.2056529999999981
11
147.0833059999999932
21
-85.2543160000000029
0
LINE
8
BLACK
6
CONTINUOUS
10
147.0833059999999932
20
-85.2543160000000029
11
147.0346429999999884
21
-85.2868319999999898
0
LINE
8
BLACK
6
CONTINUOUS
10
147.0346429999999884
20
-85.2868319999999898
11
146.9772399999999948
21
-85.2982499999999959
0
LINE
8
BLACK
6
CONTINUOUS
10
146.9772399999999948
20
-85.2982499999999959
11
146.6772399999999834
21
-85.2982499999999959
0
LINE
8
BLACK
6
CONTINUOUS
10
146.6772399999999834
20
-85.2982499999999959
11
146.6198369999999898
21
-85.2868319999999898
0
LINE
8
BLACK
6
CONTINUOUS
10
146.6198369999999898
20
-85.2868319999999898
11
146.571173999999985
21
-85.2543160000000029
0
LINE
8
BLACK
6
CONTINUOUS
10
146.571173999999985
20
-85.2543160000000029
11
146.5386579999999981
21
-85.2056529999999981
0
LINE
8
BLACK
6
CONTINUOUS
10
146.5386579999999981
20
-85.2056529999999981
11
146.5272400000000061
21
-85.1482499999999902
0
LINE
8
BLACK
6
CONTINUOUS
10
146.5272400000000061
20
-85.1482499999999902
11
146.5272400000000061
21
-83.4982499999999987
0
LINE
8
BLACK
6
CONTINUOUS
10
146.5272400000000061
20
-83.4982499999999987
11
146.5386579999999981
21
-83.4408469999999909
0
LINE
8
BLACK
6
CONTINUOUS
10
146.5386579999999981
20
-83.4408469999999909
11
146.571173999999985
21
-83.3921840000000003
0
LINE
8
BLACK
6
CONTINUOUS
10
146.571173999999985
20
-83.3921840000000003
11
146.6198369999999898
21
-83.3596679999999992
0
LINE
8
BLACK
6
CONTINUOUS
10
146.6198369999999898
20
-83.3596679999999992
11
146.6772399999999834
21
-83.3482499999999931
0
LINE
8
BLACK
6
CONTINUOUS
10
146.6772399999999834
20
-83.3482499999999931
11
146.9772399999999948
21
-83.3482499999999931
0
LINE
8
BLACK
6
CONTINUOUS
10
146.9772399999999948
20
-83.3482499999999931
11
147.0346429999999884
21
-83.3596679999999992
0
LINE
8
BLACK
6
CONTINUOUS
10
148.3046429999999987
20
-83.3596679999999992
11
148.3533060000000035
21
-83.3921840000000003
0
LINE
8
BLACK
6
CONTINUOUS
10
148.3533060000000035
20
-83.3921840000000003
11
148.3858219999999903
21
-83.4408469999999909
0
LINE
8
BLACK
6
CONTINUOUS
10
148.3858219999999903
20
-83.4408469999999909
11
148.3972399999999823
21
-83.4982499999999987
0
LINE
8
BLACK
6
CONTINUOUS
10
148.3972399999999823
20
-83.4982499999999987
11
148.3972399999999823
21
-85.1482499999999902
0
LINE
8
BLACK
6
CONTINUOUS
10
148.3972399999999823
20
-85.1482499999999902
11
148.3858219999999903
21
-85.2056529999999981
0
LINE
8
BLACK
6
CONTINUOUS
10
148.3858219999999903
20
-85.2056529999999981
11
148.3533060000000035
21
-85.2543160000000029
0
LINE
8
BLACK
6
CONTINUOUS
10
148.3533060000000035
20
-85.2543160000000029
11
148.3046429999999987
21
-85.2868319999999898
0
LINE
8
BLACK
6
CONTINUOUS
10
148.3046429999999987
20
-85.2868319999999898
11
148.247240000000005
21
-85.2982499999999959
0
LINE
8
BLACK
6
CONTINUOUS
10
148.247240000000005
20
-85.2982499999999959
11
147.9472399999999936
21
-85.2982499999999959
0
LINE
8
BLACK
6
CONTINUOUS
10
147.9472399999999936
20
-85.2982499999999959
11
147.889837
21
-85.2868319999999898
0
LINE
8
BLACK
6
CONTINUOUS
10
147.889837
20
-85.2868319999999898
11
147.8411739999999952
21
-85.2543160000000029
0
LINE
8
BLACK
6
CONTINUOUS
10
147.8411739999999952
20
-85.2543160000000029
11
147.8086579999999799
21
-85.2056529999999981
0
LINE
8
BLACK
6
CONTINUOUS
10
147.8086579999999799
20
-85.2056529999999981
11
147.797239999999988
21
-85.1482499999999902
0
LINE
8
BLACK
6
CONTINUOUS
10
147.797239999999988
20
-85.1482499999999902
11
147.797239999999988
21
-83.4982499999999987
0
LINE
8
BLACK
6
CONTINUOUS
10
147.797239999999988
20
-83.4982499999999987
11
147.8086579999999799
21
-83.4408469999999909
0
LINE
8
BLACK
6
CONTINUOUS
10
147.8086579999999799
20
-83.4408469999999909
11
147.8411739999999952
21
-83.3921840000000003
0
LINE
8
BLACK
6
CONTINUOUS
10
147.8411739999999952
20
-83.3921840000000003
11
147.889837
21
-83.3596679999999992
0
LINE
8
BLACK
6
CONTINUOUS
10
147.889837
20
-83.3596679999999992
11
147.9472399999999936
21
-83.3482499999999931
0
LINE
8
BLACK
6
CONTINUOUS
10
147.9472399999999936
20
-83.3482499999999931
11
148.247240000000005
21
-83.3482499999999931
0
LINE
8
BLACK
6
CONTINUOUS
10
148.247240000000005
20
-83.3482499999999931
11
148.3046429999999987
21
-83.3596679999999992
0
LINE
8
BLACK
6
CONTINUOUS
10
149.5746429999999805
20
-83.3596679999999992
11
149.6233059999999853
21
-83.3921840000000003
0
LINE
8
BLACK
6
CONTINUOUS
10
149.6233059999999853
20
-83.3921840000000003
11
149.6558220000000006
21
-83.4408469999999909
0
LINE
8
BLACK
6
CONTINUOUS
10
149.6558220000000006
20
-83.4408469999999909
11
149.6672399999999925
21
-83.4982499999999987
0
LINE
8
BLACK
6
CONTINUOUS
10
149.6672399999999925
20
-83.4982499999999987
11
149.6672399999999925
21
-85.1482499999999902
0
LINE
8
BLACK
6
CONTINUOUS
10
149.6672399999999925
20
-85.1482499999999902
11
149.6558220000000006
21
-85.2056529999999981
0
LINE
8
BLACK
6
CONTINUOUS
10
149.6558220000000006
20
-85.2056529999999981
11
149.6233059999999853
21
-85.2543160000000029
0
LINE
8
BLACK
6
CONTINUOUS
10
149.6233059999999853
20
-85.2543160000000029
11
149.5746429999999805
21
-85.2868319999999898
0
LINE
8
BLACK
6
CONTINUOUS
10
149.5746429999999805
20
-85.2868319999999898
11
149.5172399999999868
21
-85.2982499999999959
0
LINE
8
BLACK
6
CONTINUOUS
10
149.5172399999999868
20
-85.2982499999999959
11
149.2172400000000039
21
-85.2982499999999959
0
LINE
8
BLACK
6
CONTINUOUS
10
149.2172400000000039
20
-85.2982499999999959
11
149.1598369999999818
21
-85.2868319999999898
0
LINE
8
BLACK
6
CONTINUOUS
10
149.1598369999999818
20
-85.2868319999999898
11
149.1111740000000054
21
-85.2543160000000029
0
LINE
8
BLACK
6
CONTINUOUS
10
149.1111740000000054
20
-85.2543160000000029
11
149.0786579999999901
21
-85.2056529999999981
0
LINE
8
BLACK
6
CONTINUOUS
10
149.0786579999999901
20
-85.2056529999999981
11
149.0672399999999982
21
-85.1482499999999902
0
LINE
8
BLACK
6
CONTINUOUS
10
149.0672399999999982
20
-85.1482499999999902
11
149.0672399999999982
21
-83.4982499999999987
0
LINE
8
BLACK
6
CONTINUOUS
10
149.0672399999999982
20
-83.4982499999999987
11
149.0786579999999901
21
-83.4408469999999909
0
LINE
8
BLACK
6
CONTINUOUS
10
149.0786579999999901
20
-83.4408469999999909
11
149.1111740000000054
21
-83.3921840000000003
0
LINE
8
BLACK
6
CONTINUOUS
10
149.1111740000000054
20
-83.3921840000000003
11
149.1598369999999818
21
-83.3596679999999992
0
LINE
8
BLACK
6
CONTINUOUS
10
149.1598369999999818
20
-83.3596679999999992
11
149.2172400000000039
21
-83.3482499999999931
0
LINE
8
BLACK
6
CONTINUOUS
10
149.2172400000000039
20
-83.3482499999999931
11
149.5172399999999868
21
-83.3482499999999931
0
LINE
8
BLACK
6
CONTINUOUS
10
149.5172399999999868
20
-83.3482499999999931
11
149.5746429999999805
21
-83.3596679999999992
0
LINE
8
BLACK
6
CONTINUOUS
10
150.8446429999999907
20
-83.3596679999999992
11
150.8933059999999955
21
-83.3921840000000003
0
LINE
8
BLACK
6
CONTINUOUS
10
150.8933059999999955
20
-83.3921840000000003
11
150.9258219999999824
21
-83.4408469999999909
0
LINE
8
BLACK
6
CONTINUOUS
10
150.9258219999999824
20
-83.4408469999999909
11
150.9372400000000027
21
-83.4982499999999987
0
LINE
8
BLACK
6
CONTINUOUS
10
150.9372400000000027
20
-83.4982499999999987
11
150.9372400000000027
21
-85.1482499999999902
0
LINE
8
BLACK
6
CONTINUOUS
10
150.9372400000000027
20
-85.1482499999999902
11
150.9258219999999824
21
-85.2056529999999981
0
LINE
8
BLACK
6
CONTINUOUS
10
150.9258219999999824
20
-85.2056529999999981
11
150.8933059999999955
21
-85.2543160000000029
0
LINE
8
BLACK
6
CONTINUOUS
10
150.8933059999999955
20
-85.2543160000000029
11
150.8446429999999907
21
-85.2868319999999898
0
LINE
8
BLACK
6
CONTINUOUS
10
150.8446429999999907
20
-85.2868319999999898
11
150.7872399999999971
21
-85.2982499999999959
0
LINE
8
BLACK
6
CONTINUOUS
10
150.7872399999999971
20
-85.2982499999999959
11
150.4872399999999857
21
-85.2982499999999959
0
LINE
8
BLACK
6
CONTINUOUS
10
150.4872399999999857
20
-85.2982499999999959
11
150.429836999999992
21
-85.2868319999999898
0
LINE
8
BLACK
6
CONTINUOUS
10
150.429836999999992
20
-85.2868319999999898
11
150.3811739999999872
21
-85.2543160000000029
0
LINE
8
BLACK
6
CONTINUOUS
10
150.3811739999999872
20
-85.2543160000000029
11
150.3486580000000004
21
-85.2056529999999981
0
LINE
8
BLACK
6
CONTINUOUS
10
150.3486580000000004
20
-85.2056529999999981
11
150.33723999999998
21
-85.1482499999999902
0
LINE
8
BLACK
6
CONTINUOUS
10
150.33723999999998
20
-85.1482499999999902
11
150.33723999999998
21
-83.4982499999999987
0
LINE
8
BLACK
6
CONTINUOUS
10
150.33723999999998
20
-83.4982499999999987
11
150.3486580000000004
21
-83.4408469999999909
0
LINE
8
BLACK
6
CONTINUOUS
10
150.3486580000000004
20
-83.4408469999999909
11
150.3811739999999872
21
-83.3921840000000003
0
LINE
8
BLACK
6
CONTINUOUS
10
150.3811739999999872
20
-83.3921840000000003
11
150.429836999999992
21
-83.3596679999999992
0
LINE
8
BLACK
6
CONTINUOUS
10
150.429836999999992
20
-83.3596679999999992
11
150.4872399999999857
21
-83.3482499999999931
0
LINE
8
BLACK
6
CONTINUOUS
10
150.4872399999999857
20
-83.3482499999999931
11
150.7872399999999971
21
-83.3482499999999931
0
LINE
8
BLACK
6
CONTINUOUS
10
150.7872399999999971
20
-83.3482499999999931
11
150.8446429999999907
21
-83.3596679999999992
0
LINE
8
BLACK
6
CONTINUOUS
10
152.1146430000000009
20
-83.3596679999999992
11
152.1633060000000057
21
-83.3921840000000003
0
LINE
8
BLACK
6
CONTINUOUS
10
152.1633060000000057
20
-83.3921840000000003
11
152.1958219999999926
21
-83.4408469999999909
0
LINE
8
BLACK
6
CONTINUOUS
10
152.1958219999999926
20
-83.4408469999999909
11
152.2072399999999845
21
-83.4982499999999987
0
LINE
8
BLACK
6
CONTINUOUS
10
152.2072399999999845
20
-83.4982499999999987
11
152.2072399999999845
21
-85.1482499999999902
0
LINE
8
BLACK
6
CONTINUOUS
10
152.2072399999999845
20
-85.1482499999999902
11
152.1958219999999926
21
-85.2056529999999981
0
LINE
8
BLACK
6
CONTINUOUS
10
152.1958219999999926
20
-85.2056529999999981
11
152.1633060000000057
21
-85.2543160000000029
0
LINE
8
BLACK
6
CONTINUOUS
10
152.1633060000000057
20
-85.2543160000000029
11
152.1146430000000009
21
-85.2868319999999898
0
LINE
8
BLACK
6
CONTINUOUS
10
152.1146430000000009
20
-85.2868319999999898
11
152.0572400000000073
21
-85.2982499999999959
0
LINE
8
BLACK
6
CONTINUOUS
10
152.0572400000000073
20
-85.2982499999999959
11
151.7572399999999959
21
-85.2982499999999959
0
LINE
8
BLACK
6
CONTINUOUS
10
151.7572399999999959
20
-85.2982499999999959
11
151.6998370000000023
21
-85.2868319999999898
0
LINE
8
BLACK
6
CONTINUOUS
10
151.6998370000000023
20
-85.2868319999999898
11
151.6511739999999975
21
-85.2543160000000029
0
LINE
8
BLACK
6
CONTINUOUS
10
151.6511739999999975
20
-85.2543160000000029
11
151.6186579999999822
21
-85.2056529999999981
0
LINE
8
BLACK
6
CONTINUOUS
10
151.6186579999999822
20
-85.2056529999999981
11
151.6072399999999902
21
-85.1482499999999902
0
LINE
8
BLACK
6
CONTINUOUS
10
151.6072399999999902
20
-85.1482499999999902
11
151.6072399999999902
21
-83.4982499999999987
0
LINE
8
BLACK
6
CONTINUOUS
10
151.6072399999999902
20
-83.4982499999999987
11
151.6186579999999822
21
-83.4408469999999909
0
LINE
8
BLACK
6
CONTINUOUS
10
151.6186579999999822
20
-83.4408469999999909
11
151.6511739999999975
21
-83.3921840000000003
0
LINE
8
BLACK
6
CONTINUOUS
10
151.6511739999999975
20
-83.3921840000000003
11
151.6998370000000023
21
-83.3596679999999992
0
LINE
8
BLACK
6
CONTINUOUS
10
151.6998370000000023
20
-83.3596679999999992
11
151.7572399999999959
21
-83.3482499999999931
0
LINE
8
BLACK
6
CONTINUOUS
10
151.7572399999999959
20
-83.3482499999999931
11
152.0572400000000073
21
-83.3482499999999931
0
LINE
8
BLACK
6
CONTINUOUS
10
152.0572400000000073
20
-83.3482499999999931
11
152.1146430000000009
21
-83.3596679999999992
0
LINE
8
BLACK
6
CONTINUOUS
10
153.3846429999999827
20
-83.3596679999999992
11
153.4333059999999875
21
-83.3921840000000003
0
LINE
8
BLACK
6
CONTINUOUS
10
153.4333059999999875
20
-83.3921840000000003
11
153.4658220000000028
21
-83.4408469999999909
0
LINE
8
BLACK
6
CONTINUOUS
10
153.4658220000000028
20
-83.4408469999999909
11
153.4772399999999948
21
-83.4982499999999987
0
LINE
8
BLACK
6
CONTINUOUS
10
153.4772399999999948
20
-83.4982499999999987
11
153.4772399999999948
21
-85.1482499999999902
0
LINE
8
BLACK
6
CONTINUOUS
10
153.4772399999999948
20
-85.1482499999999902
11
153.4658220000000028
21
-85.2056529999999981
0
LINE
8
BLACK
6
CONTINUOUS
10
153.4658220000000028
20
-85.2056529999999981
11
153.4333059999999875
21
-85.2543160000000029
0
LINE
8
BLACK
6
CONTINUOUS
10
153.4333059999999875
20
-85.2543160000000029
11
153.3846429999999827
21
-85.2868319999999898
0
LINE
8
BLACK
6
CONTINUOUS
10
153.3846429999999827
20
-85.2868319999999898
11
153.3272399999999891
21
-85.2982499999999959
0
LINE
8
BLACK
6
CONTINUOUS
10
153.3272399999999891
20
-85.2982499999999959
11
153.0272400000000061
21
-85.2982499999999959
0
LINE
8
BLACK
6
CONTINUOUS
10
153.0272400000000061
20
-85.2982499999999959
11
152.9698369999999841
21
-85.2868319999999898
0
LINE
8
BLACK
6
CONTINUOUS
10
152.9698369999999841
20
-85.2868319999999898
11
152.9211739999999793
21
-85.2543160000000029
0
LINE
8
BLACK
6
CONTINUOUS
10
152.9211739999999793
20
-85.2543160000000029
11
152.8886579999999924
21
-85.2056529999999981
0
LINE
8
BLACK
6
CONTINUOUS
10
152.8886579999999924
20
-85.2056529999999981
11
152.8772400000000005
21
-85.1482499999999902
0
LINE
8
BLACK
6
CONTINUOUS
10
152.8772400000000005
20
-85.1482499999999902
11
152.8772400000000005
21
-83.4982499999999987
0
LINE
8
BLACK
6
CONTINUOUS
10
152.8772400000000005
20
-83.4982499999999987
11
152.8886579999999924
21
-83.4408469999999909
0
LINE
8
BLACK
6
CONTINUOUS
10
152.8886579999999924
20
-83.4408469999999909
11
152.9211739999999793
21
-83.3921840000000003
0
LINE
8
BLACK
6
CONTINUOUS
10
152.9211739999999793
20
-83.3921840000000003
11
152.9698369999999841
21
-83.3596679999999992
0
LINE
8
BLACK
6
CONTINUOUS
10
152.9698369999999841
20
-83.3596679999999992
11
153.0272400000000061
21
-83.3482499999999931
0
LINE
8
BLACK
6
CONTINUOUS
10
153.0272400000000061
20
-83.3482499999999931
11
153.3272399999999891
21
-83.3482499999999931
0
LINE
8
BLACK
6
CONTINUOUS
10
153.3272399999999891
20
-83.3482499999999931
11
153.3846429999999827
21
-83.3596679999999992
0
LINE
8
BLACK
6
CONTINUOUS
10
142.583627000000007
20
-83.6853289999999959
11
142.6606779999999901
21
-83.7368120000000005
0
LINE
8
BLACK
6
CONTINUOUS
10
142.6606779999999901
20
-83.7368120000000005
11
142.7121609999999805
21
-83.8138629999999978
0
LINE
8
BLACK
6
CONTINUOUS
10
142.7121609999999805
20
-83.8138629999999978
11
142.7302399999999807
21
-83.9047499999999928
0
LINE
8
BLACK
6
CONTINUOUS
10
142.7302399999999807
20
-83.9047499999999928
11
142.7302399999999807
21
-84.4047499999999928
0
LINE
8
BLACK
6
CONTINUOUS
10
142.7302399999999807
20
-84.4047499999999928
11
142.7121609999999805
21
-84.4956370000000021
0
LINE
8
BLACK
6
CONTINUOUS
10
142.7121609999999805
20
-84.4956370000000021
11
142.6606779999999901
21
-84.5726879999999994
0
LINE
8
BLACK
6
CONTINUOUS
10
142.6606779999999901
20
-84.5726879999999994
11
142.583627000000007
21
-84.6241709999999898
0
LINE
8
BLACK
6
CONTINUOUS
10
142.583627000000007
20
-84.6241709999999898
11
142.4927399999999977
21
-84.64224999999999
0
LINE
8
BLACK
6
CONTINUOUS
10
142.4927399999999977
20
-84.64224999999999
11
142.0177400000000034
21
-84.64224999999999
0
LINE
8
BLACK
6
CONTINUOUS
10
142.0177400000000034
20
-84.64224999999999
11
141.9268529999999942
21
-84.6241709999999898
0
LINE
8
BLACK
6
CONTINUOUS
10
141.9268529999999942
20
-84.6241709999999898
11
141.8498019999999826
21
-84.5726879999999994
0
LINE
8
BLACK
6
CONTINUOUS
10
141.8498019999999826
20
-84.5726879999999994
11
141.7983189999999922
21
-84.4956370000000021
0
LINE
8
BLACK
6
CONTINUOUS
10
141.7983189999999922
20
-84.4956370000000021
11
141.7802399999999921
21
-84.4047499999999928
0
LINE
8
BLACK
6
CONTINUOUS
10
141.7802399999999921
20
-84.4047499999999928
11
141.7802399999999921
21
-83.9047499999999928
0
LINE
8
BLACK
6
CONTINUOUS
10
141.7802399999999921
20
-83.9047499999999928
11
141.7983189999999922
21
-83.8138629999999978
0
LINE
8
BLACK
6
CONTINUOUS
10
141.7983189999999922
20
-83.8138629999999978
11
141.8498019999999826
21
-83.7368120000000005
0
LINE
8
BLACK
6
CONTINUOUS
10
141.8498019999999826
20
-83.7368120000000005
11
141.9268529999999942
21
-83.6853289999999959
0
LINE
8
BLACK
6
CONTINUOUS
10
141.9268529999999942
20
-83.6853289999999959
11
142.0177400000000034
21
-83.6672499999999957
0
LINE
8
BLACK
6
CONTINUOUS
10
142.0177400000000034
20
-83.6672499999999957
11
142.4927399999999977
21
-83.6672499999999957
0
LINE
8
BLACK
6
CONTINUOUS
10
142.4927399999999977
20
-83.6672499999999957
11
142.583627000000007
21
-83.6853289999999959
0
LINE
8
BLACK
6
CONTINUOUS
10
144.1076269999999795
20
-83.6853289999999959
11
144.184677999999991
21
-83.7368120000000005
0
LINE
8
BLACK
6
CONTINUOUS
10
144.184677999999991
20
-83.7368120000000005
11
144.2361609999999814
21
-83.8138629999999978
0
LINE
8
BLACK
6
CONTINUOUS
10
144.2361609999999814
20
-83.8138629999999978
11
144.2542399999999816
21
-83.9047499999999928
0
LINE
8
BLACK
6
CONTINUOUS
10
144.2542399999999816
20
-83.9047499999999928
11
144.2542399999999816
21
-84.4047499999999928
0
LINE
8
BLACK
6
CONTINUOUS
10
144.2542399999999816
20
-84.4047499999999928
11
144.2361609999999814
21
-84.4956370000000021
0
LINE
8
BLACK
6
CONTINUOUS
10
144.2361609999999814
20
-84.4956370000000021
11
144.184677999999991
21
-84.5726879999999994
0
LINE
8
BLACK
6
CONTINUOUS
10
144.184677999999991
20
-84.5726879999999994
11
144.1076269999999795
21
-84.6241709999999898
0
LINE
8
BLACK
6
CONTINUOUS
10
144.1076269999999795
20
-84.6241709999999898
11
144.0167399999999986
21
-84.64224999999999
0
LINE
8
BLACK
6
CONTINUOUS
10
144.0167399999999986
20
-84.64224999999999
11
143.5417400000000043
21
-84.64224999999999
0
LINE
8
BLACK
6
CONTINUOUS
10
143.5417400000000043
20
-84.64224999999999
11
143.4508529999999951
21
-84.6241709999999898
0
LINE
8
BLACK
6
CONTINUOUS
10
143.4508529999999951
20
-84.6241709999999898
11
143.3738019999999835
21
-84.5726879999999994
0
LINE
8
BLACK
6
CONTINUOUS
10
143.3738019999999835
20
-84.5726879999999994
11
143.3223189999999931
21
-84.4956370000000021
0
LINE
8
BLACK
6
CONTINUOUS
10
143.3223189999999931
20
-84.4956370000000021
11
143.304239999999993
21
-84.4047499999999928
0
LINE
8
BLACK
6
CONTINUOUS
10
143.304239999999993
20
-84.4047499999999928
11
143.304239999999993
21
-83.9047499999999928
0
LINE
8
BLACK
6
CONTINUOUS
10
143.304239999999993
20
-83.9047499999999928
11
143.3223189999999931
21
-83.8138629999999978
0
LINE
8
BLACK
6
CONTINUOUS
10
143.3223189999999931
20
-83.8138629999999978
11
143.3738019999999835
21
-83.7368120000000005
0
LINE
8
BLACK
6
CONTINUOUS
10
143.3738019999999835
20
-83.7368120000000005
11
143.4508529999999951
21
-83.6853289999999959
0
LINE
8
BLACK
6
CONTINUOUS
10
143.4508529999999951
20
-83.6853289999999959
11
143.5417400000000043
21
-83.6672499999999957
0
LINE
8
BLACK
6
CONTINUOUS
10
143.5417400000000043
20
-83.6672499999999957
11
144.0167399999999986
21
-83.6672499999999957
0
LINE
8
BLACK
6
CONTINUOUS
10
144.0167399999999986
20
-83.6672499999999957
11
144.1076269999999795
21
-83.6853289999999959
0
LINE
8
BLACK
6
CONTINUOUS
10
155.2836269999999956
20
-83.431328999999991
11
155.3606780000000072
21
-83.4828119999999956
0
LINE
8
BLACK
6
CONTINUOUS
10
155.3606780000000072
20
-83.4828119999999956
11
155.4121609999999976
21
-83.5598629999999929
0
LINE
8
BLACK
6
CONTINUOUS
10
155.4121609999999976
20
-83.5598629999999929
11
155.4302399999999977
21
-83.6507500000000022
0
LINE
8
BLACK
6
CONTINUOUS
10
155.4302399999999977
20
-83.6507500000000022
11
155.4302399999999977
21
-84.1507500000000022
0
LINE
8
BLACK
6
CONTINUOUS
10
155.4302399999999977
20
-84.1507500000000022
11
155.4121609999999976
21
-84.2416369999999972
0
LINE
8
BLACK
6
CONTINUOUS
10
155.4121609999999976
20
-84.2416369999999972
11
155.3606780000000072
21
-84.3186879999999945
0
LINE
8
BLACK
6
CONTINUOUS
10
155.3606780000000072
20
-84.3186879999999945
11
155.2836269999999956
21
-84.3701709999999991
0
LINE
8
BLACK
6
CONTINUOUS
10
155.2836269999999956
20
-84.3701709999999991
11
155.1927399999999864
21
-84.3882499999999993
0
LINE
8
BLACK
6
CONTINUOUS
10
155.1927399999999864
20
-84.3882499999999993
11
154.7177399999999921
21
-84.3882499999999993
0
LINE
8
BLACK
6
CONTINUOUS
10
154.7177399999999921
20
-84.3882499999999993
11
154.6268529999999828
21
-84.3701709999999991
0
LINE
8
BLACK
6
CONTINUOUS
10
154.6268529999999828
20
-84.3701709999999991
11
154.5498019999999997
21
-84.3186879999999945
0
LINE
8
BLACK
6
CONTINUOUS
10
154.5498019999999997
20
-84.3186879999999945
11
154.4983189999999809
21
-84.2416369999999972
0
LINE
8
BLACK
6
CONTINUOUS
10
154.4983189999999809
20
-84.2416369999999972
11
154.4802399999999807
21
-84.1507500000000022
0
LINE
8
BLACK
6
CONTINUOUS
10
154.4802399999999807
20
-84.1507500000000022
11
154.4802399999999807
21
-83.6507500000000022
0
LINE
8
BLACK
6
CONTINUOUS
10
154.4802399999999807
20
-83.6507500000000022
11
154.4983189999999809
21
-83.5598629999999929
0
LINE
8
BLACK
6
CONTINUOUS
10
154.4983189999999809
20
-83.5598629999999929
11
154.5498019999999997
21
-83.4828119999999956
0
LINE
8
BLACK
6
CONTINUOUS
10
154.5498019999999997
20
-83.4828119999999956
11
154.6268529999999828
21
-83.431328999999991
0
LINE
8
BLACK
6
CONTINUOUS
10
154.6268529999999828
20
-83.431328999999991
11
154.7177399999999921
21
-83.4132499999999908
0
LINE
8
BLACK
6
CONTINUOUS
10
154.7177399999999921
20
-83.4132499999999908
11
155.1927399999999864
21
-83.4132499999999908
0
LINE
8
BLACK
6
CONTINUOUS
10
155.1927399999999864
20
-83.4132499999999908
11
155.2836269999999956
21
-83.431328999999991
0
LINE
8
BLACK
6
CONTINUOUS
10
156.8076269999999965
20
-83.431328999999991
11
156.8846779999999796
21
-83.4828119999999956
0
LINE
8
BLACK
6
CONTINUOUS
10
156.8846779999999796
20
-83.4828119999999956
11
156.9361609999999985
21
-83.5598629999999929
0
LINE
8
BLACK
6
CONTINUOUS
10
156.9361609999999985
20
-83.5598629999999929
11
156.9542399999999986
21
-83.6507500000000022
0
LINE
8
BLACK
6
CONTINUOUS
10
156.9542399999999986
20
-83.6507500000000022
11
156.9542399999999986
21
-84.1507500000000022
0
LINE
8
BLACK
6
CONTINUOUS
10
156.9542399999999986
20
-84.1507500000000022
11
156.9361609999999985
21
-84.2416369999999972
0
LINE
8
BLACK
6
CONTINUOUS
10
156.9361609999999985
20
-84.2416369999999972
11
156.8846779999999796
21
-84.3186879999999945
0
LINE
8
BLACK
6
CONTINUOUS
10
156.8846779999999796
20
-84.3186879999999945
11
156.8076269999999965
21
-84.3701709999999991
0
LINE
8
BLACK
6
CONTINUOUS
10
156.8076269999999965
20
-84.3701709999999991
11
156.7167399999999873
21
-84.3882499999999993
0
LINE
8
BLACK
6
CONTINUOUS
10
156.7167399999999873
20
-84.3882499999999993
11
156.241739999999993
21
-84.3882499999999993
0
LINE
8
BLACK
6
CONTINUOUS
10
156.241739999999993
20
-84.3882499999999993
11
156.1508529999999837
21
-84.3701709999999991
0
LINE
8
BLACK
6
CONTINUOUS
10
156.1508529999999837
20
-84.3701709999999991
11
156.0738020000000006
21
-84.3186879999999945
0
LINE
8
BLACK
6
CONTINUOUS
10
156.0738020000000006
20
-84.3186879999999945
11
156.0223189999999818
21
-84.2416369999999972
0
LINE
8
BLACK
6
CONTINUOUS
10
156.0223189999999818
20
-84.2416369999999972
11
156.0042399999999816
21
-84.1507500000000022
0
LINE
8
BLACK
6
CONTINUOUS
10
156.0042399999999816
20
-84.1507500000000022
11
156.0042399999999816
21
-83.6507500000000022
0
LINE
8
BLACK
6
CONTINUOUS
10
156.0042399999999816
20
-83.6507500000000022
11
156.0223189999999818
21
-83.5598629999999929
0
LINE
8
BLACK
6
CONTINUOUS
10
156.0223189999999818
20
-83.5598629999999929
11
156.0738020000000006
21
-83.4828119999999956
0
LINE
8
BLACK
6
CONTINUOUS
10
156.0738020000000006
20
-83.4828119999999956
11
156.1508529999999837
21
-83.431328999999991
0
LINE
8
BLACK
6
CONTINUOUS
10
156.1508529999999837
20
-83.431328999999991
11
156.241739999999993
21
-83.4132499999999908
0
LINE
8
BLACK
6
CONTINUOUS
10
156.241739999999993
20
-83.4132499999999908
11
156.7167399999999873
21
-83.4132499999999908
0
LINE
8
BLACK
6
CONTINUOUS
10
156.7167399999999873
20
-83.4132499999999908
11
156.8076269999999965
21
-83.431328999999991
0
LINE
8
BLACK
6
CONTINUOUS
10
125.7097399999999965
20
-83.1707499999999982
11
124.0747399999999914
21
-83.1707499999999982
0
LINE
8
BLACK
6
CONTINUOUS
10
124.0747399999999914
20
-83.1707499999999982
11
124.0747399999999914
21
-81.5357499999999931
0
LINE
8
BLACK
6
CONTINUOUS
10
124.0747399999999914
20
-81.5357499999999931
11
125.7097399999999965
21
-81.5357499999999931
0
LINE
8
BLACK
6
CONTINUOUS
10
125.7097399999999965
20
-81.5357499999999931
11
125.7097399999999965
21
-83.1707499999999982
0
LINE
8
BLACK
6
CONTINUOUS
10
129.5741510000000005
20
-81.5562460000000016
11
129.7469399999999951
21
-81.6167080000000027
0
LINE
8
BLACK
6
CONTINUOUS
10
129.7469399999999951
20
-81.6167080000000027
11
129.9019429999999886
21
-81.7141029999999944
0
LINE
8
BLACK
6
CONTINUOUS
10
129.9019429999999886
20
-81.7141029999999944
11
130.0313869999999952
21
-81.8435470000000009
0
LINE
8
BLACK
6
CONTINUOUS
10
130.0313869999999952
20
-81.8435470000000009
11
130.1287820000000011
21
-81.9985499999999945
0
LINE
8
BLACK
6
CONTINUOUS
10
130.1287820000000011
20
-81.9985499999999945
11
130.1892440000000022
21
-82.1713390000000032
0
LINE
8
BLACK
6
CONTINUOUS
10
130.1892440000000022
20
-82.1713390000000032
11
130.2097399999999823
21
-82.3532500000000027
0
LINE
8
BLACK
6
CONTINUOUS
10
130.2097399999999823
20
-82.3532500000000027
11
130.1892440000000022
21
-82.5351610000000022
0
LINE
8
BLACK
6
CONTINUOUS
10
130.1892440000000022
20
-82.5351610000000022
11
130.1287820000000011
21
-82.7079499999999967
0
LINE
8
BLACK
6
CONTINUOUS
10
130.1287820000000011
20
-82.7079499999999967
11
130.0313869999999952
21
-82.8629529999999903
0
LINE
8
BLACK
6
CONTINUOUS
10
130.0313869999999952
20
-82.8629529999999903
11
129.9019429999999886
21
-82.9923969999999969
0
LINE
8
BLACK
6
CONTINUOUS
10
129.9019429999999886
20
-82.9923969999999969
11
129.7469399999999951
21
-83.0897920000000028
0
LINE
8
BLACK
6
CONTINUOUS
10
129.7469399999999951
20
-83.0897920000000028
11
129.5741510000000005
21
-83.1502539999999897
0
LINE
8
BLACK
6
CONTINUOUS
10
129.5741510000000005
20
-83.1502539999999897
11
129.3922399999999868
21
-83.1707499999999982
0
LINE
8
BLACK
6
CONTINUOUS
10
129.3922399999999868
20
-83.1707499999999982
11
129.2103290000000015
21
-83.1502539999999897
0
LINE
8
BLACK
6
CONTINUOUS
10
129.2103290000000015
20
-83.1502539999999897
11
129.037540000000007
21
-83.0897920000000028
0
LINE
8
BLACK
6
CONTINUOUS
10
129.037540000000007
20
-83.0897920000000028
11
128.882536999999985
21
-82.9923969999999969
0
LINE
8
BLACK
6
CONTINUOUS
10
128.882536999999985
20
-82.9923969999999969
11
128.7530930000000069
21
-82.8629529999999903
0
LINE
8
BLACK
6
CONTINUOUS
10
128.7530930000000069
20
-82.8629529999999903
11
128.655698000000001
21
-82.7079499999999967
0
LINE
8
BLACK
6
CONTINUOUS
10
128.655698000000001
20
-82.7079499999999967
11
128.5952359999999999
21
-82.5351610000000022
0
LINE
8
BLACK
6
CONTINUOUS
10
128.5952359999999999
20
-82.5351610000000022
11
128.5747399999999914
21
-82.3532500000000027
0
LINE
8
BLACK
6
CONTINUOUS
10
128.5747399999999914
20
-82.3532500000000027
11
128.5952359999999999
21
-82.1713390000000032
0
LINE
8
BLACK
6
CONTINUOUS
10
128.5952359999999999
20
-82.1713390000000032
11
128.655698000000001
21
-81.9985499999999945
0
LINE
8
BLACK
6
CONTINUOUS
10
128.655698000000001
20
-81.9985499999999945
11
128.7530930000000069
21
-81.8435470000000009
0
LINE
8
BLACK
6
CONTINUOUS
10
128.7530930000000069
20
-81.8435470000000009
11
128.882536999999985
21
-81.7141029999999944
0
LINE
8
BLACK
6
CONTINUOUS
10
128.882536999999985
20
-81.7141029999999944
11
129.037540000000007
21
-81.6167080000000027
0
LINE
8
BLACK
6
CONTINUOUS
10
129.037540000000007
20
-81.6167080000000027
11
129.2103290000000015
21
-81.5562460000000016
0
LINE
8
BLACK
6
CONTINUOUS
10
129.2103290000000015
20
-81.5562460000000016
11
129.3922399999999868
21
-81.5357499999999931
0
LINE
8
BLACK
6
CONTINUOUS
10
129.3922399999999868
20
-81.5357499999999931
11
129.5741510000000005
21
-81.5562460000000016
0
LINE
8
BLACK
6
CONTINUOUS
10
169.5241509999999892
20
-81.5562460000000016
11
169.6969399999999837
21
-81.6167080000000027
0
LINE
8
BLACK
6
CONTINUOUS
10
169.6969399999999837
20
-81.6167080000000027
11
169.8519430000000057
21
-81.7141029999999944
0
LINE
8
BLACK
6
CONTINUOUS
10
169.8519430000000057
20
-81.7141029999999944
11
169.9813869999999838
21
-81.8435470000000009
0
LINE
8
BLACK
6
CONTINUOUS
10
169.9813869999999838
20
-81.8435470000000009
11
170.0787819999999897
21
-81.9985499999999945
0
LINE
8
BLACK
6
CONTINUOUS
10
170.0787819999999897
20
-81.9985499999999945
11
170.1392439999999908
21
-82.1713390000000032
0
LINE
8
BLACK
6
CONTINUOUS
10
170.1392439999999908
20
-82.1713390000000032
11
170.1597399999999993
21
-82.3532500000000027
0
LINE
8
BLACK
6
CONTINUOUS
10
170.1597399999999993
20
-82.3532500000000027
11
170.1392439999999908
21
-82.5351610000000022
0
LINE
8
BLACK
6
CONTINUOUS
10
170.1392439999999908
20
-82.5351610000000022
11
170.0787819999999897
21
-82.7079499999999967
0
LINE
8
BLACK
6
CONTINUOUS
10
170.0787819999999897
20
-82.7079499999999967
11
169.9813869999999838
21
-82.8629529999999903
0
LINE
8
BLACK
6
CONTINUOUS
10
169.9813869999999838
20
-82.8629529999999903
11
169.8519430000000057
21
-82.9923969999999969
0
LINE
8
BLACK
6
CONTINUOUS
10
169.8519430000000057
20
-82.9923969999999969
11
169.6969399999999837
21
-83.0897920000000028
0
LINE
8
BLACK
6
CONTINUOUS
10
169.6969399999999837
20
-83.0897920000000028
11
169.5241509999999892
21
-83.1502539999999897
0
LINE
8
BLACK
6
CONTINUOUS
10
169.5241509999999892
20
-83.1502539999999897
11
169.3422400000000039
21
-83.1707499999999982
0
LINE
8
BLACK
6
CONTINUOUS
10
169.3422400000000039
20
-83.1707499999999982
11
169.1603289999999902
21
-83.1502539999999897
0
LINE
8
BLACK
6
CONTINUOUS
10
169.1603289999999902
20
-83.1502539999999897
11
168.9875399999999956
21
-83.0897920000000028
0
LINE
8
BLACK
6
CONTINUOUS
10
168.9875399999999956
20
-83.0897920000000028
11
168.8325370000000021
21
-82.9923969999999969
0
LINE
8
BLACK
6
CONTINUOUS
10
168.8325370000000021
20
-82.9923969999999969
11
168.7030929999999955
21
-82.8629529999999903
0
LINE
8
BLACK
6
CONTINUOUS
10
168.7030929999999955
20
-82.8629529999999903
11
168.6056979999999896
21
-82.7079499999999967
0
LINE
8
BLACK
6
CONTINUOUS
10
168.6056979999999896
20
-82.7079499999999967
11
168.5452359999999885
21
-82.5351610000000022
0
LINE
8
BLACK
6
CONTINUOUS
10
168.5452359999999885
20
-82.5351610000000022
11
168.52473999999998
21
-82.3532500000000027
0
LINE
8
BLACK
6
CONTINUOUS
10
168.52473999999998
20
-82.3532500000000027
11
168.5452359999999885
21
-82.1713390000000032
0
LINE
8
BLACK
6
CONTINUOUS
10
168.5452359999999885
20
-82.1713390000000032
11
168.6056979999999896
21
-81.9985499999999945
0
LINE
8
BLACK
6
CONTINUOUS
10
168.6056979999999896
20
-81.9985499999999945
11
168.7030929999999955
21
-81.8435470000000009
0
LINE
8
BLACK
6
CONTINUOUS
10
168.7030929999999955
20
-81.8435470000000009
11
168.8325370000000021
21
-81.7141029999999944
0
LINE
8
BLACK
6
CONTINUOUS
10
168.8325370000000021
20
-81.7141029999999944
11
168.9875399999999956
21
-81.6167080000000027
0
LINE
8
BLACK
6
CONTINUOUS
10
168.9875399999999956
20
-81.6167080000000027
11
169.1603289999999902
21
-81.5562460000000016
0
LINE
8
BLACK
6
CONTINUOUS
10
169.1603289999999902
20
-81.5562460000000016
11
169.3422400000000039
21
-81.5357499999999931
0
LINE
8
BLACK
6
CONTINUOUS
10
169.3422400000000039
20
-81.5357499999999931
11
169.5241509999999892
21
-81.5562460000000016
0
LINE
8
BLACK
6
CONTINUOUS
10
174.6597399999999993
20
-83.1707499999999982
11
173.02473999999998
21
-83.1707499999999982
0
LINE
8
BLACK
6
CONTINUOUS
10
173.02473999999998
20
-83.1707499999999982
11
173.02473999999998
21
-81.5357499999999931
0
LINE
8
BLACK
6
CONTINUOUS
10
173.02473999999998
20
-81.5357499999999931
11
174.6597399999999993
21
-81.5357499999999931
0
LINE
8
BLACK
6
CONTINUOUS
10
174.6597399999999993
20
-81.5357499999999931
11
174.6597399999999993
21
-83.1707499999999982
0
LINE
8
BLACK
6
CONTINUOUS
10
142.583627000000007
20
-81.860328999999993
11
142.6606779999999901
21
-81.9118119999999976
0
LINE
8
BLACK
6
CONTINUOUS
10
142.6606779999999901
20
-81.9118119999999976
11
142.7121609999999805
21
-81.9888629999999949
0
LINE
8
BLACK
6
CONTINUOUS
10
142.7121609999999805
20
-81.9888629999999949
11
142.7302399999999807
21
-82.07974999999999
0
LINE
8
BLACK
6
CONTINUOUS
10
142.7302399999999807
20
-82.07974999999999
11
142.7302399999999807
21
-82.57974999999999
0
LINE
8
BLACK
6
CONTINUOUS
10
142.7302399999999807
20
-82.57974999999999
11
142.7121609999999805
21
-82.6706369999999993
0
LINE
8
BLACK
6
CONTINUOUS
10
142.7121609999999805
20
-82.6706369999999993
11
142.6606779999999901
21
-82.7476879999999966
0
LINE
8
BLACK
6
CONTINUOUS
10
142.6606779999999901
20
-82.7476879999999966
11
142.583627000000007
21
-82.7991710000000012
0
LINE
8
BLACK
6
CONTINUOUS
10
142.583627000000007
20
-82.7991710000000012
11
142.4927399999999977
21
-82.8172500000000014
0
LINE
8
BLACK
6
CONTINUOUS
10
142.4927399999999977
20
-82.8172500000000014
11
142.0177400000000034
21
-82.8172500000000014
0
LINE
8
BLACK
6
CONTINUOUS
10
142.0177400000000034
20
-82.8172500000000014
11
141.9268529999999942
21
-82.7991710000000012
0
LINE
8
BLACK
6
CONTINUOUS
10
141.9268529999999942
20
-82.7991710000000012
11
141.8498019999999826
21
-82.7476879999999966
0
LINE
8
BLACK
6
CONTINUOUS
10
141.8498019999999826
20
-82.7476879999999966
11
141.7983189999999922
21
-82.6706369999999993
0
LINE
8
BLACK
6
CONTINUOUS
10
141.7983189999999922
20
-82.6706369999999993
11
141.7802399999999921
21
-82.57974999999999
0
LINE
8
BLACK
6
CONTINUOUS
10
141.7802399999999921
20
-82.57974999999999
11
141.7802399999999921
21
-82.07974999999999
0
LINE
8
BLACK
6
CONTINUOUS
10
141.7802399999999921
20
-82.07974999999999
11
141.7983189999999922
21
-81.9888629999999949
0
LINE
8
BLACK
6
CONTINUOUS
10
141.7983189999999922
20
-81.9888629999999949
11
141.8498019999999826
21
-81.9118119999999976
0
LINE
8
BLACK
6
CONTINUOUS
10
141.8498019999999826
20
-81.9118119999999976
11
141.9268529999999942
21
-81.860328999999993
0
LINE
8
BLACK
6
CONTINUOUS
10
141.9268529999999942
20
-81.860328999999993
11
142.0177400000000034
21
-81.8422499999999928
0
LINE
8
BLACK
6
CONTINUOUS
10
142.0177400000000034
20
-81.8422499999999928
11
142.4927399999999977
21
-81.8422499999999928
0
LINE
8
BLACK
6
CONTINUOUS
10
142.4927399999999977
20
-81.8422499999999928
11
142.583627000000007
21
-81.860328999999993
0
LINE
8
BLACK
6
CONTINUOUS
10
144.1076269999999795
20
-81.860328999999993
11
144.184677999999991
21
-81.9118119999999976
0
LINE
8
BLACK
6
CONTINUOUS
10
144.184677999999991
20
-81.9118119999999976
11
144.2361609999999814
21
-81.9888629999999949
0
LINE
8
BLACK
6
CONTINUOUS
10
144.2361609999999814
20
-81.9888629999999949
11
144.2542399999999816
21
-82.07974999999999
0
LINE
8
BLACK
6
CONTINUOUS
10
144.2542399999999816
20
-82.07974999999999
11
144.2542399999999816
21
-82.57974999999999
0
LINE
8
BLACK
6
CONTINUOUS
10
144.2542399999999816
20
-82.57974999999999
11
144.2361609999999814
21
-82.6706369999999993
0
LINE
8
BLACK
6
CONTINUOUS
10
144.2361609999999814
20
-82.6706369999999993
11
144.184677999999991
21
-82.7476879999999966
0
LINE
8
BLACK
6
CONTINUOUS
10
144.184677999999991
20
-82.7476879999999966
11
144.1076269999999795
21
-82.7991710000000012
0
LINE
8
BLACK
6
CONTINUOUS
10
144.1076269999999795
20
-82.7991710000000012
11
144.0167399999999986
21
-82.8172500000000014
0
LINE
8
BLACK
6
CONTINUOUS
10
144.0167399999999986
20
-82.8172500000000014
11
143.5417400000000043
21
-82.8172500000000014
0
LINE
8
BLACK
6
CONTINUOUS
10
143.5417400000000043
20
-82.8172500000000014
11
143.4508529999999951
21
-82.7991710000000012
0
LINE
8
BLACK
6
CONTINUOUS
10
143.4508529999999951
20
-82.7991710000000012
11
143.3738019999999835
21
-82.7476879999999966
0
LINE
8
BLACK
6
CONTINUOUS
10
143.3738019999999835
20
-82.7476879999999966
11
143.3223189999999931
21
-82.6706369999999993
0
LINE
8
BLACK
6
CONTINUOUS
10
143.3223189999999931
20
-82.6706369999999993
11
143.304239999999993
21
-82.57974999999999
0
LINE
8
BLACK
6
CONTINUOUS
10
143.304239999999993
20
-82.57974999999999
11
143.304239999999993
21
-82.07974999999999
0
LINE
8
BLACK
6
CONTINUOUS
10
143.304239999999993
20
-82.07974999999999
11
143.3223189999999931
21
-81.9888629999999949
0
LINE
8
BLACK
6
CONTINUOUS
10
143.3223189999999931
20
-81.9888629999999949
11
143.3738019999999835
21
-81.9118119999999976
0
LINE
8
BLACK
6
CONTINUOUS
10
143.3738019999999835
20
-81.9118119999999976
11
143.4508529999999951
21
-81.860328999999993
0
LINE
8
BLACK
6
CONTINUOUS
10
143.4508529999999951
20
-81.860328999999993
11
143.5417400000000043
21
-81.8422499999999928
0
LINE
8
BLACK
6
CONTINUOUS
10
143.5417400000000043
20
-81.8422499999999928
11
144.0167399999999986
21
-81.8422499999999928
0
LINE
8
BLACK
6
CONTINUOUS
10
144.0167399999999986
20
-81.8422499999999928
11
144.1076269999999795
21
-81.860328999999993
0
LINE
8
BLACK
6
CONTINUOUS
10
145.8856269999999995
20
-81.6533289999999994
11
145.9626779999999826
21
-81.7048119999999898
0
LINE
8
BLACK
6
CONTINUOUS
10
145.9626779999999826
20
-81.7048119999999898
11
146.0141610000000014
21
-81.7818630000000013
0
LINE
8
BLACK
6
CONTINUOUS
10
146.0141610000000014
20
-81.7818630000000013
11
146.0322400000000016
21
-81.8727499999999964
0
LINE
8
BLACK
6
CONTINUOUS
10
146.0322400000000016
20
-81.8727499999999964
11
146.0322400000000016
21
-82.3727499999999964
0
LINE
8
BLACK
6
CONTINUOUS
10
146.0322400000000016
20
-82.3727499999999964
11
146.0141610000000014
21
-82.4636369999999914
0
LINE
8
BLACK
6
CONTINUOUS
10
146.0141610000000014
20
-82.4636369999999914
11
145.9626779999999826
21
-82.5406880000000029
0
LINE
8
BLACK
6
CONTINUOUS
10
145.9626779999999826
20
-82.5406880000000029
11
145.8856269999999995
21
-82.5921709999999933
0
LINE
8
BLACK
6
CONTINUOUS
10
145.8856269999999995
20
-82.5921709999999933
11
145.7947399999999902
21
-82.6102499999999935
0
LINE
8
BLACK
6
CONTINUOUS
10
145.7947399999999902
20
-82.6102499999999935
11
145.3197399999999959
21
-82.6102499999999935
0
LINE
8
BLACK
6
CONTINUOUS
10
145.3197399999999959
20
-82.6102499999999935
11
145.2288529999999867
21
-82.5921709999999933
0
LINE
8
BLACK
6
CONTINUOUS
10
145.2288529999999867
20
-82.5921709999999933
11
145.1518020000000035
21
-82.5406880000000029
0
LINE
8
BLACK
6
CONTINUOUS
10
145.1518020000000035
20
-82.5406880000000029
11
145.1003189999999847
21
-82.4636369999999914
0
LINE
8
BLACK
6
CONTINUOUS
10
145.1003189999999847
20
-82.4636369999999914
11
145.0822399999999845
21
-82.3727499999999964
0
LINE
8
BLACK
6
CONTINUOUS
10
145.0822399999999845
20
-82.3727499999999964
11
145.0822399999999845
21
-81.8727499999999964
0
LINE
8
BLACK
6
CONTINUOUS
10
145.0822399999999845
20
-81.8727499999999964
11
145.1003189999999847
21
-81.7818630000000013
0
LINE
8
BLACK
6
CONTINUOUS
10
145.1003189999999847
20
-81.7818630000000013
11
145.1518020000000035
21
-81.7048119999999898
0
LINE
8
BLACK
6
CONTINUOUS
10
145.1518020000000035
20
-81.7048119999999898
11
145.2288529999999867
21
-81.6533289999999994
0
LINE
8
BLACK
6
CONTINUOUS
10
145.2288529999999867
20
-81.6533289999999994
11
145.3197399999999959
21
-81.6352499999999992
0
LINE
8
BLACK
6
CONTINUOUS
10
145.3197399999999959
20
-81.6352499999999992
11
145.7947399999999902
21
-81.6352499999999992
0
LINE
8
BLACK
6
CONTINUOUS
10
145.7947399999999902
20
-81.6352499999999992
11
145.8856269999999995
21
-81.6533289999999994
0
LINE
8
BLACK
6
CONTINUOUS
10
148.4256269999999915
20
-81.6533289999999994
11
148.5026780000000031
21
-81.7048119999999898
0
LINE
8
BLACK
6
CONTINUOUS
10
148.5026780000000031
20
-81.7048119999999898
11
148.5541609999999935
21
-81.7818630000000013
0
LINE
8
BLACK
6
CONTINUOUS
10
148.5541609999999935
20
-81.7818630000000013
11
148.5722399999999936
21
-81.8727499999999964
0
LINE
8
BLACK
6
CONTINUOUS
10
148.5722399999999936
20
-81.8727499999999964
11
148.5722399999999936
21
-82.3727499999999964
0
LINE
8
BLACK
6
CONTINUOUS
10
148.5722399999999936
20
-82.3727499999999964
11
148.5541609999999935
21
-82.4636369999999914
0
LINE
8
BLACK
6
CONTINUOUS
10
148.5541609999999935
20
-82.4636369999999914
11
148.5026780000000031
21
-82.5406880000000029
0
LINE
8
BLACK
6
CONTINUOUS
10
148.5026780000000031
20
-82.5406880000000029
11
148.4256269999999915
21
-82.5921709999999933
0
LINE
8
BLACK
6
CONTINUOUS
10
148.4256269999999915
20
-82.5921709999999933
11
148.3347399999999823
21
-82.6102499999999935
0
LINE
8
BLACK
6
CONTINUOUS
10
148.3347399999999823
20
-82.6102499999999935
11
147.859739999999988
21
-82.6102499999999935
0
LINE
8
BLACK
6
CONTINUOUS
10
147.859739999999988
20
-82.6102499999999935
11
147.7688530000000071
21
-82.5921709999999933
0
LINE
8
BLACK
6
CONTINUOUS
10
147.7688530000000071
20
-82.5921709999999933
11
147.6918019999999956
21
-82.5406880000000029
0
LINE
8
BLACK
6
CONTINUOUS
10
147.6918019999999956
20
-82.5406880000000029
11
147.6403190000000052
21
-82.4636369999999914
0
LINE
8
BLACK
6
CONTINUOUS
10
147.6403190000000052
20
-82.4636369999999914
11
147.622240000000005
21
-82.3727499999999964
0
LINE
8
BLACK
6
CONTINUOUS
10
147.622240000000005
20
-82.3727499999999964
11
147.622240000000005
21
-81.8727499999999964
0
LINE
8
BLACK
6
CONTINUOUS
10
147.622240000000005
20
-81.8727499999999964
11
147.6403190000000052
21
-81.7818630000000013
0
LINE
8
BLACK
6
CONTINUOUS
10
147.6403190000000052
20
-81.7818630000000013
11
147.6918019999999956
21
-81.7048119999999898
0
LINE
8
BLACK
6
CONTINUOUS
10
147.6918019999999956
20
-81.7048119999999898
11
147.7688530000000071
21
-81.6533289999999994
0
LINE
8
BLACK
6
CONTINUOUS
10
147.7688530000000071
20
-81.6533289999999994
11
147.859739999999988
21
-81.6352499999999992
0
LINE
8
BLACK
6
CONTINUOUS
10
147.859739999999988
20
-81.6352499999999992
11
148.3347399999999823
21
-81.6352499999999992
0
LINE
8
BLACK
6
CONTINUOUS
10
148.3347399999999823
20
-81.6352499999999992
11
148.4256269999999915
21
-81.6533289999999994
0
LINE
8
BLACK
6
CONTINUOUS
10
150.9656269999999836
20
-81.6533289999999994
11
151.0426779999999951
21
-81.7048119999999898
0
LINE
8
BLACK
6
CONTINUOUS
10
151.0426779999999951
20
-81.7048119999999898
11
151.0941609999999855
21
-81.7818630000000013
0
LINE
8
BLACK
6
CONTINUOUS
10
151.0941609999999855
20
-81.7818630000000013
11
151.1122399999999857
21
-81.8727499999999964
0
LINE
8
BLACK
6
CONTINUOUS
10
151.1122399999999857
20
-81.8727499999999964
11
151.1122399999999857
21
-82.3727499999999964
0
LINE
8
BLACK
6
CONTINUOUS
10
151.1122399999999857
20
-82.3727499999999964
11
151.0941609999999855
21
-82.4636369999999914
0
LINE
8
BLACK
6
CONTINUOUS
10
151.0941609999999855
20
-82.4636369999999914
11
151.0426779999999951
21
-82.5406880000000029
0
LINE
8
BLACK
6
CONTINUOUS
10
151.0426779999999951
20
-82.5406880000000029
11
150.9656269999999836
21
-82.5921709999999933
0
LINE
8
BLACK
6
CONTINUOUS
10
150.9656269999999836
20
-82.5921709999999933
11
150.8747400000000027
21
-82.6102499999999935
0
LINE
8
BLACK
6
CONTINUOUS
10
150.8747400000000027
20
-82.6102499999999935
11
150.39973999999998
21
-82.6102499999999935
0
LINE
8
BLACK
6
CONTINUOUS
10
150.39973999999998
20
-82.6102499999999935
11
150.3088529999999992
21
-82.5921709999999933
0
LINE
8
BLACK
6
CONTINUOUS
10
150.3088529999999992
20
-82.5921709999999933
11
150.2318019999999876
21
-82.5406880000000029
0
LINE
8
BLACK
6
CONTINUOUS
10
150.2318019999999876
20
-82.5406880000000029
11
150.1803189999999972
21
-82.4636369999999914
0
LINE
8
BLACK
6
CONTINUOUS
10
150.1803189999999972
20
-82.4636369999999914
11
150.1622399999999971
21
-82.3727499999999964
0
LINE
8
BLACK
6
CONTINUOUS
10
150.1622399999999971
20
-82.3727499999999964
11
150.1622399999999971
21
-81.8727499999999964
0
LINE
8
BLACK
6
CONTINUOUS
10
150.1622399999999971
20
-81.8727499999999964
11
150.1803189999999972
21
-81.7818630000000013
0
LINE
8
BLACK
6
CONTINUOUS
10
150.1803189999999972
20
-81.7818630000000013
11
150.2318019999999876
21
-81.7048119999999898
0
LINE
8
BLACK
6
CONTINUOUS
10
150.2318019999999876
20
-81.7048119999999898
11
150.3088529999999992
21
-81.6533289999999994
0
LINE
8
BLACK
6
CONTINUOUS
10
150.3088529999999992
20
-81.6533289999999994
11
150.39973999999998
21
-81.6352499999999992
0
LINE
8
BLACK
6
CONTINUOUS
10
150.39973999999998
20
-81.6352499999999992
11
150.8747400000000027
21
-81.6352499999999992
0
LINE
8
BLACK
6
CONTINUOUS
10
150.8747400000000027
20
-81.6352499999999992
11
150.9656269999999836
21
-81.6533289999999994
0
LINE
8
BLACK
6
CONTINUOUS
10
153.505627000000004
20
-81.6533289999999994
11
153.5826779999999872
21
-81.7048119999999898
0
LINE
8
BLACK
6
CONTINUOUS
10
153.5826779999999872
20
-81.7048119999999898
11
153.634161000000006
21
-81.7818630000000013
0
LINE
8
BLACK
6
CONTINUOUS
10
153.634161000000006
20
-81.7818630000000013
11
153.6522400000000061
21
-81.8727499999999964
0
LINE
8
BLACK
6
CONTINUOUS
10
153.6522400000000061
20
-81.8727499999999964
11
153.6522400000000061
21
-82.3727499999999964
0
LINE
8
BLACK
6
CONTINUOUS
10
153.6522400000000061
20
-82.3727499999999964
11
153.634161000000006
21
-82.4636369999999914
0
LINE
8
BLACK
6
CONTINUOUS
10
153.634161000000006
20
-82.4636369999999914
11
153.5826779999999872
21
-82.5406880000000029
0
LINE
8
BLACK
6
CONTINUOUS
10
153.5826779999999872
20
-82.5406880000000029
11
153.505627000000004
21
-82.5921709999999933
0
LINE
8
BLACK
6
CONTINUOUS
10
153.505627000000004
20
-82.5921709999999933
11
153.4147399999999948
21
-82.6102499999999935
0
LINE
8
BLACK
6
CONTINUOUS
10
153.4147399999999948
20
-82.6102499999999935
11
152.9397400000000005
21
-82.6102499999999935
0
LINE
8
BLACK
6
CONTINUOUS
10
152.9397400000000005
20
-82.6102499999999935
11
152.8488529999999912
21
-82.5921709999999933
0
LINE
8
BLACK
6
CONTINUOUS
10
152.8488529999999912
20
-82.5921709999999933
11
152.7718019999999797
21
-82.5406880000000029
0
LINE
8
BLACK
6
CONTINUOUS
10
152.7718019999999797
20
-82.5406880000000029
11
152.7203189999999893
21
-82.4636369999999914
0
LINE
8
BLACK
6
CONTINUOUS
10
152.7203189999999893
20
-82.4636369999999914
11
152.7022399999999891
21
-82.3727499999999964
0
LINE
8
BLACK
6
CONTINUOUS
10
152.7022399999999891
20
-82.3727499999999964
11
152.7022399999999891
21
-81.8727499999999964
0
LINE
8
BLACK
6
CONTINUOUS
10
152.7022399999999891
20
-81.8727499999999964
11
152.7203189999999893
21
-81.7818630000000013
0
LINE
8
BLACK
6
CONTINUOUS
10
152.7203189999999893
20
-81.7818630000000013
11
152.7718019999999797
21
-81.7048119999999898
0
LINE
8
BLACK
6
CONTINUOUS
10
152.7718019999999797
20
-81.7048119999999898
11
152.8488529999999912
21
-81.6533289999999994
0
LINE
8
BLACK
6
CONTINUOUS
10
152.8488529999999912
20
-81.6533289999999994
11
152.9397400000000005
21
-81.6352499999999992
0
LINE
8
BLACK
6
CONTINUOUS
10
152.9397400000000005
20
-81.6352499999999992
11
153.4147399999999948
21
-81.6352499999999992
0
LINE
8
BLACK
6
CONTINUOUS
10
153.4147399999999948
20
-81.6352499999999992
11
153.505627000000004
21
-81.6533289999999994
0
LINE
8
BLACK
6
CONTINUOUS
10
155.2836269999999956
20
-81.6063290000000023
11
155.3606780000000072
21
-81.6578119999999927
0
LINE
8
BLACK
6
CONTINUOUS
10
155.3606780000000072
20
-81.6578119999999927
11
155.4121609999999976
21
-81.7348629999999901
0
LINE
8
BLACK
6
CONTINUOUS
10
155.4121609999999976
20
-81.7348629999999901
11
155.4302399999999977
21
-81.8257499999999993
0
LINE
8
BLACK
6
CONTINUOUS
10
155.4302399999999977
20
-81.8257499999999993
11
155.4302399999999977
21
-82.3257499999999993
0
LINE
8
BLACK
6
CONTINUOUS
10
155.4302399999999977
20
-82.3257499999999993
11
155.4121609999999976
21
-82.4166369999999944
0
LINE
8
BLACK
6
CONTINUOUS
10
155.4121609999999976
20
-82.4166369999999944
11
155.3606780000000072
21
-82.4936879999999917
0
LINE
8
BLACK
6
CONTINUOUS
10
155.3606780000000072
20
-82.4936879999999917
11
155.2836269999999956
21
-82.5451709999999963
0
LINE
8
BLACK
6
CONTINUOUS
10
155.2836269999999956
20
-82.5451709999999963
11
155.1927399999999864
21
-82.5632499999999965
0
LINE
8
BLACK
6
CONTINUOUS
10
155.1927399999999864
20
-82.5632499999999965
11
154.7177399999999921
21
-82.5632499999999965
0
LINE
8
BLACK
6
CONTINUOUS
10
154.7177399999999921
20
-82.5632499999999965
11
154.6268529999999828
21
-82.5451709999999963
0
LINE
8
BLACK
6
CONTINUOUS
10
154.6268529999999828
20
-82.5451709999999963
11
154.5498019999999997
21
-82.4936879999999917
0
LINE
8
BLACK
6
CONTINUOUS
10
154.5498019999999997
20
-82.4936879999999917
11
154.4983189999999809
21
-82.4166369999999944
0
LINE
8
BLACK
6
CONTINUOUS
10
154.4983189999999809
20
-82.4166369999999944
11
154.4802399999999807
21
-82.3257499999999993
0
LINE
8
BLACK
6
CONTINUOUS
10
154.4802399999999807
20
-82.3257499999999993
11
154.4802399999999807
21
-81.8257499999999993
0
LINE
8
BLACK
6
CONTINUOUS
10
154.4802399999999807
20
-81.8257499999999993
11
154.4983189999999809
21
-81.7348629999999901
0
LINE
8
BLACK
6
CONTINUOUS
10
154.4983189999999809
20
-81.7348629999999901
11
154.5498019999999997
21
-81.6578119999999927
0
LINE
8
BLACK
6
CONTINUOUS
10
154.5498019999999997
20
-81.6578119999999927
11
154.6268529999999828
21
-81.6063290000000023
0
LINE
8
BLACK
6
CONTINUOUS
10
154.6268529999999828
20
-81.6063290000000023
11
154.7177399999999921
21
-81.5882500000000022
0
LINE
8
BLACK
6
CONTINUOUS
10
154.7177399999999921
20
-81.5882500000000022
11
155.1927399999999864
21
-81.5882500000000022
0
LINE
8
BLACK
6
CONTINUOUS
10
155.1927399999999864
20
-81.5882500000000022
11
155.2836269999999956
21
-81.6063290000000023
0
LINE
8
BLACK
6
CONTINUOUS
10
156.8076269999999965
20
-81.6063290000000023
11
156.8846779999999796
21
-81.6578119999999927
0
LINE
8
BLACK
6
CONTINUOUS
10
156.8846779999999796
20
-81.6578119999999927
11
156.9361609999999985
21
-81.7348629999999901
0
LINE
8
BLACK
6
CONTINUOUS
10
156.9361609999999985
20
-81.7348629999999901
11
156.9542399999999986
21
-81.8257499999999993
0
LINE
8
BLACK
6
CONTINUOUS
10
156.9542399999999986
20
-81.8257499999999993
11
156.9542399999999986
21
-82.3257499999999993
0
LINE
8
BLACK
6
CONTINUOUS
10
156.9542399999999986
20
-82.3257499999999993
11
156.9361609999999985
21
-82.4166369999999944
0
LINE
8
BLACK
6
CONTINUOUS
10
156.9361609999999985
20
-82.4166369999999944
11
156.8846779999999796
21
-82.4936879999999917
0
LINE
8
BLACK
6
CONTINUOUS
10
156.8846779999999796
20
-82.4936879999999917
11
156.8076269999999965
21
-82.5451709999999963
0
LINE
8
BLACK
6
CONTINUOUS
10
156.8076269999999965
20
-82.5451709999999963
11
156.7167399999999873
21
-82.5632499999999965
0
LINE
8
BLACK
6
CONTINUOUS
10
156.7167399999999873
20
-82.5632499999999965
11
156.241739999999993
21
-82.5632499999999965
0
LINE
8
BLACK
6
CONTINUOUS
10
156.241739999999993
20
-82.5632499999999965
11
156.1508529999999837
21
-82.5451709999999963
0
LINE
8
BLACK
6
CONTINUOUS
10
156.1508529999999837
20
-82.5451709999999963
11
156.0738020000000006
21
-82.4936879999999917
0
LINE
8
BLACK
6
CONTINUOUS
10
156.0738020000000006
20
-82.4936879999999917
11
156.0223189999999818
21
-82.4166369999999944
0
LINE
8
BLACK
6
CONTINUOUS
10
156.0223189999999818
20
-82.4166369999999944
11
156.0042399999999816
21
-82.3257499999999993
0
LINE
8
BLACK
6
CONTINUOUS
10
156.0042399999999816
20
-82.3257499999999993
11
156.0042399999999816
21
-81.8257499999999993
0
LINE
8
BLACK
6
CONTINUOUS
10
156.0042399999999816
20
-81.8257499999999993
11
156.0223189999999818
21
-81.7348629999999901
0
LINE
8
BLACK
6
CONTINUOUS
10
156.0223189999999818
20
-81.7348629999999901
11
156.0738020000000006
21
-81.6578119999999927
0
LINE
8
BLACK
6
CONTINUOUS
10
156.0738020000000006
20
-81.6578119999999927
11
156.1508529999999837
21
-81.6063290000000023
0
LINE
8
BLACK
6
CONTINUOUS
10
156.1508529999999837
20
-81.6063290000000023
11
156.241739999999993
21
-81.5882500000000022
0
LINE
8
BLACK
6
CONTINUOUS
10
156.241739999999993
20
-81.5882500000000022
11
156.7167399999999873
21
-81.5882500000000022
0
LINE
8
BLACK
6
CONTINUOUS
10
156.7167399999999873
20
-81.5882500000000022
11
156.8076269999999965
21
-81.6063290000000023
0
LINE
8
BLACK
6
CONTINUOUS
10
145.8856269999999995
20
-79.8283289999999965
11
145.9626779999999826
21
-79.8798120000000011
0
LINE
8
BLACK
6
CONTINUOUS
10
145.9626779999999826
20
-79.8798120000000011
11
146.0141610000000014
21
-79.9568629999999985
0
LINE
8
BLACK
6
CONTINUOUS
10
146.0141610000000014
20
-79.9568629999999985
11
146.0322400000000016
21
-80.0477499999999935
0
LINE
8
BLACK
6
CONTINUOUS
10
146.0322400000000016
20
-80.0477499999999935
11
146.0322400000000016
21
-80.5477499999999935
0
LINE
8
BLACK
6
CONTINUOUS
10
146.0322400000000016
20
-80.5477499999999935
11
146.0141610000000014
21
-80.6386370000000028
0
LINE
8
BLACK
6
CONTINUOUS
10
146.0141610000000014
20
-80.6386370000000028
11
145.9626779999999826
21
-80.7156880000000001
0
LINE
8
BLACK
6
CONTINUOUS
10
145.9626779999999826
20
-80.7156880000000001
11
145.8856269999999995
21
-80.7671709999999905
0
LINE
8
BLACK
6
CONTINUOUS
10
145.8856269999999995
20
-80.7671709999999905
11
145.7947399999999902
21
-80.7852499999999907
0
LINE
8
BLACK
6
CONTINUOUS
10
145.7947399999999902
20
-80.7852499999999907
11
145.3197399999999959
21
-80.7852499999999907
0
LINE
8
BLACK
6
CONTINUOUS
10
145.3197399999999959
20
-80.7852499999999907
11
145.2288529999999867
21
-80.7671709999999905
0
LINE
8
BLACK
6
CONTINUOUS
10
145.2288529999999867
20
-80.7671709999999905
11
145.1518020000000035
21
-80.7156880000000001
0
LINE
8
BLACK
6
CONTINUOUS
10
145.1518020000000035
20
-80.7156880000000001
11
145.1003189999999847
21
-80.6386370000000028
0
LINE
8
BLACK
6
CONTINUOUS
10
145.1003189999999847
20
-80.6386370000000028
11
145.0822399999999845
21
-80.5477499999999935
0
LINE
8
BLACK
6
CONTINUOUS
10
145.0822399999999845
20
-80.5477499999999935
11
145.0822399999999845
21
-80.0477499999999935
0
LINE
8
BLACK
6
CONTINUOUS
10
145.0822399999999845
20
-80.0477499999999935
11
145.1003189999999847
21
-79.9568629999999985
0
LINE
8
BLACK
6
CONTINUOUS
10
145.1003189999999847
20
-79.9568629999999985
11
145.1518020000000035
21
-79.8798120000000011
0
LINE
8
BLACK
6
CONTINUOUS
10
145.1518020000000035
20
-79.8798120000000011
11
145.2288529999999867
21
-79.8283289999999965
0
LINE
8
BLACK
6
CONTINUOUS
10
145.2288529999999867
20
-79.8283289999999965
11
145.3197399999999959
21
-79.8102499999999964
0
LINE
8
BLACK
6
CONTINUOUS
10
145.3197399999999959
20
-79.8102499999999964
11
145.7947399999999902
21
-79.8102499999999964
0
LINE
8
BLACK
6
CONTINUOUS
10
145.7947399999999902
20
-79.8102499999999964
11
145.8856269999999995
21
-79.8283289999999965
0
LINE
8
BLACK
6
CONTINUOUS
10
148.4256269999999915
20
-79.8283289999999965
11
148.5026780000000031
21
-79.8798120000000011
0
LINE
8
BLACK
6
CONTINUOUS
10
148.5026780000000031
20
-79.8798120000000011
11
148.5541609999999935
21
-79.9568629999999985
0
LINE
8
BLACK
6
CONTINUOUS
10
148.5541609999999935
20
-79.9568629999999985
11
148.5722399999999936
21
-80.0477499999999935
0
LINE
8
BLACK
6
CONTINUOUS
10
148.5722399999999936
20
-80.0477499999999935
11
148.5722399999999936
21
-80.5477499999999935
0
LINE
8
BLACK
6
CONTINUOUS
10
148.5722399999999936
20
-80.5477499999999935
11
148.5541609999999935
21
-80.6386370000000028
0
LINE
8
BLACK
6
CONTINUOUS
10
148.5541609999999935
20
-80.6386370000000028
11
148.5026780000000031
21
-80.7156880000000001
0
LINE
8
BLACK
6
CONTINUOUS
10
148.5026780000000031
20
-80.7156880000000001
11
148.4256269999999915
21
-80.7671709999999905
0
LINE
8
BLACK
6
CONTINUOUS
10
148.4256269999999915
20
-80.7671709999999905
11
148.3347399999999823
21
-80.7852499999999907
0
LINE
8
BLACK
6
CONTINUOUS
10
148.3347399999999823
20
-80.7852499999999907
11
147.859739999999988
21
-80.7852499999999907
0
LINE
8
BLACK
6
CONTINUOUS
10
147.859739999999988
20
-80.7852499999999907
11
147.7688530000000071
21
-80.7671709999999905
0
LINE
8
BLACK
6
CONTINUOUS
10
147.7688530000000071
20
-80.7671709999999905
11
147.6918019999999956
21
-80.7156880000000001
0
LINE
8
BLACK
6
CONTINUOUS
10
147.6918019999999956
20
-80.7156880000000001
11
147.6403190000000052
21
-80.6386370000000028
0
LINE
8
BLACK
6
CONTINUOUS
10
147.6403190000000052
20
-80.6386370000000028
11
147.622240000000005
21
-80.5477499999999935
0
LINE
8
BLACK
6
CONTINUOUS
10
147.622240000000005
20
-80.5477499999999935
11
147.622240000000005
21
-80.0477499999999935
0
LINE
8
BLACK
6
CONTINUOUS
10
147.622240000000005
20
-80.0477499999999935
11
147.6403190000000052
21
-79.9568629999999985
0
LINE
8
BLACK
6
CONTINUOUS
10
147.6403190000000052
20
-79.9568629999999985
11
147.6918019999999956
21
-79.8798120000000011
0
LINE
8
BLACK
6
CONTINUOUS
10
147.6918019999999956
20
-79.8798120000000011
11
147.7688530000000071
21
-79.8283289999999965
0
LINE
8
BLACK
6
CONTINUOUS
10
147.7688530000000071
20
-79.8283289999999965
11
147.859739999999988
21
-79.8102499999999964
0
LINE
8
BLACK
6
CONTINUOUS
10
147.859739999999988
20
-79.8102499999999964
11
148.3347399999999823
21
-79.8102499999999964
0
LINE
8
BLACK
6
CONTINUOUS
10
148.3347399999999823
20
-79.8102499999999964
11
148.4256269999999915
21
-79.8283289999999965
0
LINE
8
BLACK
6
CONTINUOUS
10
150.9656269999999836
20
-79.8283289999999965
11
151.0426779999999951
21
-79.8798120000000011
0
LINE
8
BLACK
6
CONTINUOUS
10
151.0426779999999951
20
-79.8798120000000011
11
151.0941609999999855
21
-79.9568629999999985
0
LINE
8
BLACK
6
CONTINUOUS
10
151.0941609999999855
20
-79.9568629999999985
11
151.1122399999999857
21
-80.0477499999999935
0
LINE
8
BLACK
6
CONTINUOUS
10
151.1122399999999857
20
-80.0477499999999935
11
151.1122399999999857
21
-80.5477499999999935
0
LINE
8
BLACK
6
CONTINUOUS
10
151.1122399999999857
20
-80.5477499999999935
11
151.0941609999999855
21
-80.6386370000000028
0
LINE
8
BLACK
6
CONTINUOUS
10
151.0941609999999855
20
-80.6386370000000028
11
151.0426779999999951
21
-80.7156880000000001
0
LINE
8
BLACK
6
CONTINUOUS
10
151.0426779999999951
20
-80.7156880000000001
11
150.9656269999999836
21
-80.7671709999999905
0
LINE
8
BLACK
6
CONTINUOUS
10
150.9656269999999836
20
-80.7671709999999905
11
150.8747400000000027
21
-80.7852499999999907
0
LINE
8
BLACK
6
CONTINUOUS
10
150.8747400000000027
20
-80.7852499999999907
11
150.39973999999998
21
-80.7852499999999907
0
LINE
8
BLACK
6
CONTINUOUS
10
150.39973999999998
20
-80.7852499999999907
11
150.3088529999999992
21
-80.7671709999999905
0
LINE
8
BLACK
6
CONTINUOUS
10
150.3088529999999992
20
-80.7671709999999905
11
150.2318019999999876
21
-80.7156880000000001
0
LINE
8
BLACK
6
CONTINUOUS
10
150.2318019999999876
20
-80.7156880000000001
11
150.1803189999999972
21
-80.6386370000000028
0
LINE
8
BLACK
6
CONTINUOUS
10
150.1803189999999972
20
-80.6386370000000028
11
150.1622399999999971
21
-80.5477499999999935
0
LINE
8
BLACK
6
CONTINUOUS
10
150.1622399999999971
20
-80.5477499999999935
11
150.1622399999999971
21
-80.0477499999999935
0
LINE
8
BLACK
6
CONTINUOUS
10
150.1622399999999971
20
-80.0477499999999935
11
150.1803189999999972
21
-79.9568629999999985
0
LINE
8
BLACK
6
CONTINUOUS
10
150.1803189999999972
20
-79.9568629999999985
11
150.2318019999999876
21
-79.8798120000000011
0
LINE
8
BLACK
6
CONTINUOUS
10
150.2318019999999876
20
-79.8798120000000011
11
150.3088529999999992
21
-79.8283289999999965
0
LINE
8
BLACK
6
CONTINUOUS
10
150.3088529999999992
20
-79.8283289999999965
11
150.39973999999998
21
-79.8102499999999964
0
LINE
8
BLACK
6
CONTINUOUS
10
150.39973999999998
20
-79.8102499999999964
11
150.8747400000000027
21
-79.8102499999999964
0
LINE
8
BLACK
6
CONTINUOUS
10
150.8747400000000027
20
-79.8102499999999964
11
150.9656269999999836
21
-79.8283289999999965
0
LINE
8
BLACK
6
CONTINUOUS
10
153.505627000000004
20
-79.8283289999999965
11
153.5826779999999872
21
-79.8798120000000011
0
LINE
8
BLACK
6
CONTINUOUS
10
153.5826779999999872
20
-79.8798120000000011
11
153.634161000000006
21
-79.9568629999999985
0
LINE
8
BLACK
6
CONTINUOUS
10
153.634161000000006
20
-79.9568629999999985
11
153.6522400000000061
21
-80.0477499999999935
0
LINE
8
BLACK
6
CONTINUOUS
10
153.6522400000000061
20
-80.0477499999999935
11
153.6522400000000061
21
-80.5477499999999935
0
LINE
8
BLACK
6
CONTINUOUS
10
153.6522400000000061
20
-80.5477499999999935
11
153.634161000000006
21
-80.6386370000000028
0
LINE
8
BLACK
6
CONTINUOUS
10
153.634161000000006
20
-80.6386370000000028
11
153.5826779999999872
21
-80.7156880000000001
0
LINE
8
BLACK
6
CONTINUOUS
10
153.5826779999999872
20
-80.7156880000000001
11
153.505627000000004
21
-80.7671709999999905
0
LINE
8
BLACK
6
CONTINUOUS
10
153.505627000000004
20
-80.7671709999999905
11
153.4147399999999948
21
-80.7852499999999907
0
LINE
8
BLACK
6
CONTINUOUS
10
153.4147399999999948
20
-80.7852499999999907
11
152.9397400000000005
21
-80.7852499999999907
0
LINE
8
BLACK
6
CONTINUOUS
10
152.9397400000000005
20
-80.7852499999999907
11
152.8488529999999912
21
-80.7671709999999905
0
LINE
8
BLACK
6
CONTINUOUS
10
152.8488529999999912
20
-80.7671709999999905
11
152.7718019999999797
21
-80.7156880000000001
0
LINE
8
BLACK
6
CONTINUOUS
10
152.7718019999999797
20
-80.7156880000000001
11
152.7203189999999893
21
-80.6386370000000028
0
LINE
8
BLACK
6
CONTINUOUS
10
152.7203189999999893
20
-80.6386370000000028
11
152.7022399999999891
21
-80.5477499999999935
0
LINE
8
BLACK
6
CONTINUOUS
10
152.7022399999999891
20
-80.5477499999999935
11
152.7022399999999891
21
-80.0477499999999935
0
LINE
8
BLACK
6
CONTINUOUS
10
152.7022399999999891
20
-80.0477499999999935
11
152.7203189999999893
21
-79.9568629999999985
0
LINE
8
BLACK
6
CONTINUOUS
10
152.7203189999999893
20
-79.9568629999999985
11
152.7718019999999797
21
-79.8798120000000011
0
LINE
8
BLACK
6
CONTINUOUS
10
152.7718019999999797
20
-79.8798120000000011
11
152.8488529999999912
21
-79.8283289999999965
0
LINE
8
BLACK
6
CONTINUOUS
10
152.8488529999999912
20
-79.8283289999999965
11
152.9397400000000005
21
-79.8102499999999964
0
LINE
8
BLACK
6
CONTINUOUS
10
152.9397400000000005
20
-79.8102499999999964
11
153.4147399999999948
21
-79.8102499999999964
0
LINE
8
BLACK
6
CONTINUOUS
10
153.4147399999999948
20
-79.8102499999999964
11
153.505627000000004
21
-79.8283289999999965
0
LINE
8
BLACK
6
CONTINUOUS
10
125.7097399999999965
20
-78.7257499999999908
11
124.0747399999999914
21
-78.7257499999999908
0
LINE
8
BLACK
6
CONTINUOUS
10
124.0747399999999914
20
-78.7257499999999908
11
124.0747399999999914
21
-77.0907499999999999
0
LINE
8
BLACK
6
CONTINUOUS
10
124.0747399999999914
20
-77.0907499999999999
11
125.7097399999999965
21
-77.0907499999999999
0
LINE
8
BLACK
6
CONTINUOUS
10
125.7097399999999965
20
-77.0907499999999999
11
125.7097399999999965
21
-78.7257499999999908
0
LINE
8
BLACK
6
CONTINUOUS
10
129.5741510000000005
20
-77.1112459999999942
11
129.7469399999999951
21
-77.1717079999999953
0
LINE
8
BLACK
6
CONTINUOUS
10
129.7469399999999951
20
-77.1717079999999953
11
129.9019429999999886
21
-77.2691030000000012
0
LINE
8
BLACK
6
CONTINUOUS
10
129.9019429999999886
20
-77.2691030000000012
11
130.0313869999999952
21
-77.3985469999999935
0
LINE
8
BLACK
6
CONTINUOUS
10
130.0313869999999952
20
-77.3985469999999935
11
130.1287820000000011
21
-77.5535500000000013
0
LINE
8
BLACK
6
CONTINUOUS
10
130.1287820000000011
20
-77.5535500000000013
11
130.1892440000000022
21
-77.7263389999999958
0
LINE
8
BLACK
6
CONTINUOUS
10
130.1892440000000022
20
-77.7263389999999958
11
130.2097399999999823
21
-77.9082499999999953
0
LINE
8
BLACK
6
CONTINUOUS
10
130.2097399999999823
20
-77.9082499999999953
11
130.1892440000000022
21
-78.0901609999999948
0
LINE
8
BLACK
6
CONTINUOUS
10
130.1892440000000022
20
-78.0901609999999948
11
130.1287820000000011
21
-78.2629499999999894
0
LINE
8
BLACK
6
CONTINUOUS
10
130.1287820000000011
20
-78.2629499999999894
11
130.0313869999999952
21
-78.4179529999999971
0
LINE
8
BLACK
6
CONTINUOUS
10
130.0313869999999952
20
-78.4179529999999971
11
129.9019429999999886
21
-78.5473969999999895
0
LINE
8
BLACK
6
CONTINUOUS
10
129.9019429999999886
20
-78.5473969999999895
11
129.7469399999999951
21
-78.6447919999999954
0
LINE
8
BLACK
6
CONTINUOUS
10
129.7469399999999951
20
-78.6447919999999954
11
129.5741510000000005
21
-78.7052539999999965
0
LINE
8
BLACK
6
CONTINUOUS
10
129.5741510000000005
20
-78.7052539999999965
11
129.3922399999999868
21
-78.7257499999999908
0
LINE
8
BLACK
6
CONTINUOUS
10
129.3922399999999868
20
-78.7257499999999908
11
129.2103290000000015
21
-78.7052539999999965
0
LINE
8
BLACK
6
CONTINUOUS
10
129.2103290000000015
20
-78.7052539999999965
11
129.037540000000007
21
-78.6447919999999954
0
LINE
8
BLACK
6
CONTINUOUS
10
129.037540000000007
20
-78.6447919999999954
11
128.882536999999985
21
-78.5473969999999895
0
LINE
8
BLACK
6
CONTINUOUS
10
128.882536999999985
20
-78.5473969999999895
11
128.7530930000000069
21
-78.4179529999999971
0
LINE
8
BLACK
6
CONTINUOUS
10
128.7530930000000069
20
-78.4179529999999971
11
128.655698000000001
21
-78.2629499999999894
0
LINE
8
BLACK
6
CONTINUOUS
10
128.655698000000001
20
-78.2629499999999894
11
128.5952359999999999
21
-78.0901609999999948
0
LINE
8
BLACK
6
CONTINUOUS
10
128.5952359999999999
20
-78.0901609999999948
11
128.5747399999999914
21
-77.9082499999999953
0
LINE
8
BLACK
6
CONTINUOUS
10
128.5747399999999914
20
-77.9082499999999953
11
128.5952359999999999
21
-77.7263389999999958
0
LINE
8
BLACK
6
CONTINUOUS
10
128.5952359999999999
20
-77.7263389999999958
11
128.655698000000001
21
-77.5535500000000013
0
LINE
8
BLACK
6
CONTINUOUS
10
128.655698000000001
20
-77.5535500000000013
11
128.7530930000000069
21
-77.3985469999999935
0
LINE
8
BLACK
6
CONTINUOUS
10
128.7530930000000069
20
-77.3985469999999935
11
128.882536999999985
21
-77.2691030000000012
0
LINE
8
BLACK
6
CONTINUOUS
10
128.882536999999985
20
-77.2691030000000012
11
129.037540000000007
21
-77.1717079999999953
0
LINE
8
BLACK
6
CONTINUOUS
10
129.037540000000007
20
-77.1717079999999953
11
129.2103290000000015
21
-77.1112459999999942
0
LINE
8
BLACK
6
CONTINUOUS
10
129.2103290000000015
20
-77.1112459999999942
11
129.3922399999999868
21
-77.0907499999999999
0
LINE
8
BLACK
6
CONTINUOUS
10
129.3922399999999868
20
-77.0907499999999999
11
129.5741510000000005
21
-77.1112459999999942
0
LINE
8
BLACK
6
CONTINUOUS
10
169.5241509999999892
20
-77.1112459999999942
11
169.6969399999999837
21
-77.1717079999999953
0
LINE
8
BLACK
6
CONTINUOUS
10
169.6969399999999837
20
-77.1717079999999953
11
169.8519430000000057
21
-77.2691030000000012
0
LINE
8
BLACK
6
CONTINUOUS
10
169.8519430000000057
20
-77.2691030000000012
11
169.9813869999999838
21
-77.3985469999999935
0
LINE
8
BLACK
6
CONTINUOUS
10
169.9813869999999838
20
-77.3985469999999935
11
170.0787819999999897
21
-77.5535500000000013
0
LINE
8
BLACK
6
CONTINUOUS
10
170.0787819999999897
20
-77.5535500000000013
11
170.1392439999999908
21
-77.7263389999999958
0
LINE
8
BLACK
6
CONTINUOUS
10
170.1392439999999908
20
-77.7263389999999958
11
170.1597399999999993
21
-77.9082499999999953
0
LINE
8
BLACK
6
CONTINUOUS
10
170.1597399999999993
20
-77.9082499999999953
11
170.1392439999999908
21
-78.0901609999999948
0
LINE
8
BLACK
6
CONTINUOUS
10
170.1392439999999908
20
-78.0901609999999948
11
170.0787819999999897
21
-78.2629499999999894
0
LINE
8
BLACK
6
CONTINUOUS
10
170.0787819999999897
20
-78.2629499999999894
11
169.9813869999999838
21
-78.4179529999999971
0
LINE
8
BLACK
6
CONTINUOUS
10
169.9813869999999838
20
-78.4179529999999971
11
169.8519430000000057
21
-78.5473969999999895
0
LINE
8
BLACK
6
CONTINUOUS
10
169.8519430000000057
20
-78.5473969999999895
11
169.6969399999999837
21
-78.6447919999999954
0
LINE
8
BLACK
6
CONTINUOUS
10
169.6969399999999837
20
-78.6447919999999954
11
169.5241509999999892
21
-78.7052539999999965
0
LINE
8
BLACK
6
CONTINUOUS
10
169.5241509999999892
20
-78.7052539999999965
11
169.3422400000000039
21
-78.7257499999999908
0
LINE
8
BLACK
6
CONTINUOUS
10
169.3422400000000039
20
-78.7257499999999908
11
169.1603289999999902
21
-78.7052539999999965
0
LINE
8
BLACK
6
CONTINUOUS
10
169.1603289999999902
20
-78.7052539999999965
11
168.9875399999999956
21
-78.6447919999999954
0
LINE
8
BLACK
6
CONTINUOUS
10
168.9875399999999956
20
-78.6447919999999954
11
168.8325370000000021
21
-78.5473969999999895
0
LINE
8
BLACK
6
CONTINUOUS
10
168.8325370000000021
20
-78.5473969999999895
11
168.7030929999999955
21
-78.4179529999999971
0
LINE
8
BLACK
6
CONTINUOUS
10
168.7030929999999955
20
-78.4179529999999971
11
168.6056979999999896
21
-78.2629499999999894
0
LINE
8
BLACK
6
CONTINUOUS
10
168.6056979999999896
20
-78.2629499999999894
11
168.5452359999999885
21
-78.0901609999999948
0
LINE
8
BLACK
6
CONTINUOUS
10
168.5452359999999885
20
-78.0901609999999948
11
168.52473999999998
21
-77.9082499999999953
0
LINE
8
BLACK
6
CONTINUOUS
10
168.52473999999998
20
-77.9082499999999953
11
168.5452359999999885
21
-77.7263389999999958
0
LINE
8
BLACK
6
CONTINUOUS
10
168.5452359999999885
20
-77.7263389999999958
11
168.6056979999999896
21
-77.5535500000000013
0
LINE
8
BLACK
6
CONTINUOUS
10
168.6056979999999896
20
-77.5535500000000013
11
168.7030929999999955
21
-77.3985469999999935
0
LINE
8
BLACK
6
CONTINUOUS
10
168.7030929999999955
20
-77.3985469999999935
11
168.8325370000000021
21
-77.2691030000000012
0
LINE
8
BLACK
6
CONTINUOUS
10
168.8325370000000021
20
-77.2691030000000012
11
168.9875399999999956
21
-77.1717079999999953
0
LINE
8
BLACK
6
CONTINUOUS
10
168.9875399999999956
20
-77.1717079999999953
11
169.1603289999999902
21
-77.1112459999999942
0
LINE
8
BLACK
6
CONTINUOUS
10
169.1603289999999902
20
-77.1112459999999942
11
169.3422400000000039
21
-77.0907499999999999
0
LINE
8
BLACK
6
CONTINUOUS
10
169.3422400000000039
20
-77.0907499999999999
11
169.5241509999999892
21
-77.1112459999999942
0
LINE
8
BLACK
6
CONTINUOUS
10
174.6597399999999993
20
-78.7257499999999908
11
173.02473999999998
21
-78.7257499999999908
0
LINE
8
BLACK
6
CONTINUOUS
10
173.02473999999998
20
-78.7257499999999908
11
173.02473999999998
21
-77.0907499999999999
0
LINE
8
BLACK
6
CONTINUOUS
10
173.02473999999998
20
-77.0907499999999999
11
174.6597399999999993
21
-77.0907499999999999
0
LINE
8
BLACK
6
CONTINUOUS
10
174.6597399999999993
20
-77.0907499999999999
11
174.6597399999999993
21
-78.7257499999999908
0
LINE
8
BLACK
6
CONTINUOUS
10
143.8156270000000063
20
-76.331828999999999
11
143.8926779999999894
21
-76.3833119999999894
0
LINE
8
BLACK
6
CONTINUOUS
10
143.8926779999999894
20
-76.3833119999999894
11
143.9441609999999798
21
-76.460363000000001
0
LINE
8
BLACK
6
CONTINUOUS
10
143.9441609999999798
20
-76.460363000000001
11
143.96223999999998
21
-76.551249999999996
0
LINE
8
BLACK
6
CONTINUOUS
10
143.96223999999998
20
-76.551249999999996
11
143.96223999999998
21
-77.0262499999999903
0
LINE
8
BLACK
6
CONTINUOUS
10
143.96223999999998
20
-77.0262499999999903
11
143.9441609999999798
21
-77.1171369999999996
0
LINE
8
BLACK
6
CONTINUOUS
10
143.9441609999999798
20
-77.1171369999999996
11
143.8926779999999894
21
-77.1941879999999969
0
LINE
8
BLACK
6
CONTINUOUS
10
143.8926779999999894
20
-77.1941879999999969
11
143.8156270000000063
21
-77.2456710000000015
0
LINE
8
BLACK
6
CONTINUOUS
10
143.8156270000000063
20
-77.2456710000000015
11
143.7247399999999971
21
-77.2637500000000017
0
LINE
8
BLACK
6
CONTINUOUS
10
143.7247399999999971
20
-77.2637500000000017
11
143.1247400000000027
21
-77.2637500000000017
0
LINE
8
BLACK
6
CONTINUOUS
10
143.1247400000000027
20
-77.2637500000000017
11
143.0338529999999935
21
-77.2456710000000015
0
LINE
8
BLACK
6
CONTINUOUS
10
143.0338529999999935
20
-77.2456710000000015
11
142.9568019999999819
21
-77.1941879999999969
0
LINE
8
BLACK
6
CONTINUOUS
10
142.9568019999999819
20
-77.1941879999999969
11
142.9053189999999915
21
-77.1171369999999996
0
LINE
8
BLACK
6
CONTINUOUS
10
142.9053189999999915
20
-77.1171369999999996
11
142.8872399999999914
21
-77.0262499999999903
0
LINE
8
BLACK
6
CONTINUOUS
10
142.8872399999999914
20
-77.0262499999999903
11
142.8872399999999914
21
-76.551249999999996
0
LINE
8
BLACK
6
CONTINUOUS
10
142.8872399999999914
20
-76.551249999999996
11
142.9053189999999915
21
-76.460363000000001
0
LINE
8
BLACK
6
CONTINUOUS
10
142.9053189999999915
20
-76.460363000000001
11
142.9568019999999819
21
-76.3833119999999894
0
LINE
8
BLACK
6
CONTINUOUS
10
142.9568019999999819
20
-76.3833119999999894
11
143.0338529999999935
21
-76.331828999999999
0
LINE
8
BLACK
6
CONTINUOUS
10
143.0338529999999935
20
-76.331828999999999
11
143.1247400000000027
21
-76.3137499999999989
0
LINE
8
BLACK
6
CONTINUOUS
10
143.1247400000000027
20
-76.3137499999999989
11
143.7247399999999971
21
-76.3137499999999989
0
LINE
8
BLACK
6
CONTINUOUS
10
143.7247399999999971
20
-76.3137499999999989
11
143.8156270000000063
21
-76.331828999999999
0
LINE
8
BLACK
6
CONTINUOUS
10
145.5406270000000006
20
-76.331828999999999
11
145.6176779999999837
21
-76.3833119999999894
0
LINE
8
BLACK
6
CONTINUOUS
10
145.6176779999999837
20
-76.3833119999999894
11
145.6691610000000026
21
-76.460363000000001
0
LINE
8
BLACK
6
CONTINUOUS
10
145.6691610000000026
20
-76.460363000000001
11
145.6872400000000027
21
-76.551249999999996
0
LINE
8
BLACK
6
CONTINUOUS
10
145.6872400000000027
20
-76.551249999999996
11
145.6872400000000027
21
-77.0262499999999903
0
LINE
8
BLACK
6
CONTINUOUS
10
145.6872400000000027
20
-77.0262499999999903
11
145.6691610000000026
21
-77.1171369999999996
0
LINE
8
BLACK
6
CONTINUOUS
10
145.6691610000000026
20
-77.1171369999999996
11
145.6176779999999837
21
-77.1941879999999969
0
LINE
8
BLACK
6
CONTINUOUS
10
145.6176779999999837
20
-77.1941879999999969
11
145.5406270000000006
21
-77.2456710000000015
0
LINE
8
BLACK
6
CONTINUOUS
10
145.5406270000000006
20
-77.2456710000000015
11
145.4497399999999914
21
-77.2637500000000017
0
LINE
8
BLACK
6
CONTINUOUS
10
145.4497399999999914
20
-77.2637500000000017
11
144.8497399999999971
21
-77.2637500000000017
0
LINE
8
BLACK
6
CONTINUOUS
10
144.8497399999999971
20
-77.2637500000000017
11
144.7588529999999878
21
-77.2456710000000015
0
LINE
8
BLACK
6
CONTINUOUS
10
144.7588529999999878
20
-77.2456710000000015
11
144.6818020000000047
21
-77.1941879999999969
0
LINE
8
BLACK
6
CONTINUOUS
10
144.6818020000000047
20
-77.1941879999999969
11
144.6303189999999859
21
-77.1171369999999996
0
LINE
8
BLACK
6
CONTINUOUS
10
144.6303189999999859
20
-77.1171369999999996
11
144.6122399999999857
21
-77.0262499999999903
0
LINE
8
BLACK
6
CONTINUOUS
10
144.6122399999999857
20
-77.0262499999999903
11
144.6122399999999857
21
-76.551249999999996
0
LINE
8
BLACK
6
CONTINUOUS
10
144.6122399999999857
20
-76.551249999999996
11
144.6303189999999859
21
-76.460363000000001
0
LINE
8
BLACK
6
CONTINUOUS
10
144.6303189999999859
20
-76.460363000000001
11
144.6818020000000047
21
-76.3833119999999894
0
LINE
8
BLACK
6
CONTINUOUS
10
144.6818020000000047
20
-76.3833119999999894
11
144.7588529999999878
21
-76.331828999999999
0
LINE
8
BLACK
6
CONTINUOUS
10
144.7588529999999878
20
-76.331828999999999
11
144.8497399999999971
21
-76.3137499999999989
0
LINE
8
BLACK
6
CONTINUOUS
10
144.8497399999999971
20
-76.3137499999999989
11
145.4497399999999914
21
-76.3137499999999989
0
LINE
8
BLACK
6
CONTINUOUS
10
145.4497399999999914
20
-76.3137499999999989
11
145.5406270000000006
21
-76.331828999999999
0
LINE
8
BLACK
6
CONTINUOUS
10
153.8486269999999934
20
-76.2818290000000019
11
153.9256780000000049
21
-76.3333119999999923
0
LINE
8
BLACK
6
CONTINUOUS
10
153.9256780000000049
20
-76.3333119999999923
11
153.9771609999999953
21
-76.4103629999999896
0
LINE
8
BLACK
6
CONTINUOUS
10
153.9771609999999953
20
-76.4103629999999896
11
153.9952399999999955
21
-76.5012499999999989
0
LINE
8
BLACK
6
CONTINUOUS
10
153.9952399999999955
20
-76.5012499999999989
11
153.9952399999999955
21
-76.9762499999999932
0
LINE
8
BLACK
6
CONTINUOUS
10
153.9952399999999955
20
-76.9762499999999932
11
153.9771609999999953
21
-77.0671370000000024
0
LINE
8
BLACK
6
CONTINUOUS
10
153.9771609999999953
20
-77.0671370000000024
11
153.9256780000000049
21
-77.1441879999999998
0
LINE
8
BLACK
6
CONTINUOUS
10
153.9256780000000049
20
-77.1441879999999998
11
153.8486269999999934
21
-77.1956709999999902
0
LINE
8
BLACK
6
CONTINUOUS
10
153.8486269999999934
20
-77.1956709999999902
11
153.7577399999999841
21
-77.2137499999999903
0
LINE
8
BLACK
6
CONTINUOUS
10
153.7577399999999841
20
-77.2137499999999903
11
153.1577399999999898
21
-77.2137499999999903
0
LINE
8
BLACK
6
CONTINUOUS
10
153.1577399999999898
20
-77.2137499999999903
11
153.0668529999999805
21
-77.1956709999999902
0
LINE
8
BLACK
6
CONTINUOUS
10
153.0668529999999805
20
-77.1956709999999902
11
152.9898019999999974
21
-77.1441879999999998
0
LINE
8
BLACK
6
CONTINUOUS
10
152.9898019999999974
20
-77.1441879999999998
11
152.938319000000007
21
-77.0671370000000024
0
LINE
8
BLACK
6
CONTINUOUS
10
152.938319000000007
20
-77.0671370000000024
11
152.9202400000000068
21
-76.9762499999999932
0
LINE
8
BLACK
6
CONTINUOUS
10
152.9202400000000068
20
-76.9762499999999932
11
152.9202400000000068
21
-76.5012499999999989
0
LINE
8
BLACK
6
CONTINUOUS
10
152.9202400000000068
20
-76.5012499999999989
11
152.938319000000007
21
-76.4103629999999896
0
LINE
8
BLACK
6
CONTINUOUS
10
152.938319000000007
20
-76.4103629999999896
11
152.9898019999999974
21
-76.3333119999999923
0
LINE
8
BLACK
6
CONTINUOUS
10
152.9898019999999974
20
-76.3333119999999923
11
153.0668529999999805
21
-76.2818290000000019
0
LINE
8
BLACK
6
CONTINUOUS
10
153.0668529999999805
20
-76.2818290000000019
11
153.1577399999999898
21
-76.2637500000000017
0
LINE
8
BLACK
6
CONTINUOUS
10
153.1577399999999898
20
-76.2637500000000017
11
153.7577399999999841
21
-76.2637500000000017
0
LINE
8
BLACK
6
CONTINUOUS
10
153.7577399999999841
20
-76.2637500000000017
11
153.8486269999999934
21
-76.2818290000000019
0
LINE
8
BLACK
6
CONTINUOUS
10
155.5736269999999877
20
-76.2818290000000019
11
155.6506779999999992
21
-76.3333119999999923
0
LINE
8
BLACK
6
CONTINUOUS
10
155.6506779999999992
20
-76.3333119999999923
11
155.7021609999999896
21
-76.4103629999999896
0
LINE
8
BLACK
6
CONTINUOUS
10
155.7021609999999896
20
-76.4103629999999896
11
155.7202399999999898
21
-76.5012499999999989
0
LINE
8
BLACK
6
CONTINUOUS
10
155.7202399999999898
20
-76.5012499999999989
11
155.7202399999999898
21
-76.9762499999999932
0
LINE
8
BLACK
6
CONTINUOUS
10
155.7202399999999898
20
-76.9762499999999932
11
155.7021609999999896
21
-77.0671370000000024
0
LINE
8
BLACK
6
CONTINUOUS
10
155.7021609999999896
20
-77.0671370000000024
11
155.6506779999999992
21
-77.1441879999999998
0
LINE
8
BLACK
6
CONTINUOUS
10
155.6506779999999992
20
-77.1441879999999998
11
155.5736269999999877
21
-77.1956709999999902
0
LINE
8
BLACK
6
CONTINUOUS
10
155.5736269999999877
20
-77.1956709999999902
11
155.4827400000000068
21
-77.2137499999999903
0
LINE
8
BLACK
6
CONTINUOUS
10
155.4827400000000068
20
-77.2137499999999903
11
154.8827399999999841
21
-77.2137499999999903
0
LINE
8
BLACK
6
CONTINUOUS
10
154.8827399999999841
20
-77.2137499999999903
11
154.7918530000000032
21
-77.1956709999999902
0
LINE
8
BLACK
6
CONTINUOUS
10
154.7918530000000032
20
-77.1956709999999902
11
154.7148019999999917
21
-77.1441879999999998
0
LINE
8
BLACK
6
CONTINUOUS
10
154.7148019999999917
20
-77.1441879999999998
11
154.6633190000000013
21
-77.0671370000000024
0
LINE
8
BLACK
6
CONTINUOUS
10
154.6633190000000013
20
-77.0671370000000024
11
154.6452400000000011
21
-76.9762499999999932
0
LINE
8
BLACK
6
CONTINUOUS
10
154.6452400000000011
20
-76.9762499999999932
11
154.6452400000000011
21
-76.5012499999999989
0
LINE
8
BLACK
6
CONTINUOUS
10
154.6452400000000011
20
-76.5012499999999989
11
154.6633190000000013
21
-76.4103629999999896
0
LINE
8
BLACK
6
CONTINUOUS
10
154.6633190000000013
20
-76.4103629999999896
11
154.7148019999999917
21
-76.3333119999999923
0
LINE
8
BLACK
6
CONTINUOUS
10
154.7148019999999917
20
-76.3333119999999923
11
154.7918530000000032
21
-76.2818290000000019
0
LINE
8
BLACK
6
CONTINUOUS
10
154.7918530000000032
20
-76.2818290000000019
11
154.8827399999999841
21
-76.2637500000000017
0
LINE
8
BLACK
6
CONTINUOUS
10
154.8827399999999841
20
-76.2637500000000017
11
155.4827400000000068
21
-76.2637500000000017
0
LINE
8
BLACK
6
CONTINUOUS
10
155.4827400000000068
20
-76.2637500000000017
11
155.5736269999999877
21
-76.2818290000000019
0
LINE
8
BLACK
6
CONTINUOUS
10
143.9806269999999984
20
-74.6918289999999985
11
144.0576779999999815
21
-74.7433120000000031
0
LINE
8
BLACK
6
CONTINUOUS
10
144.0576779999999815
20
-74.7433120000000031
11
144.1091610000000003
21
-74.8203630000000004
0
LINE
8
BLACK
6
CONTINUOUS
10
144.1091610000000003
20
-74.8203630000000004
11
144.1272400000000005
21
-74.9112499999999955
0
LINE
8
BLACK
6
CONTINUOUS
10
144.1272400000000005
20
-74.9112499999999955
11
144.1272400000000005
21
-75.4112499999999955
0
LINE
8
BLACK
6
CONTINUOUS
10
144.1272400000000005
20
-75.4112499999999955
11
144.1091610000000003
21
-75.5021369999999905
0
LINE
8
BLACK
6
CONTINUOUS
10
144.1091610000000003
20
-75.5021369999999905
11
144.0576779999999815
21
-75.579188000000002
0
LINE
8
BLACK
6
CONTINUOUS
10
144.0576779999999815
20
-75.579188000000002
11
143.9806269999999984
21
-75.6306709999999924
0
LINE
8
BLACK
6
CONTINUOUS
10
143.9806269999999984
20
-75.6306709999999924
11
143.8897399999999891
21
-75.6487499999999926
0
LINE
8
BLACK
6
CONTINUOUS
10
143.8897399999999891
20
-75.6487499999999926
11
143.4147399999999948
21
-75.6487499999999926
0
LINE
8
BLACK
6
CONTINUOUS
10
143.4147399999999948
20
-75.6487499999999926
11
143.3238529999999855
21
-75.6306709999999924
0
LINE
8
BLACK
6
CONTINUOUS
10
143.3238529999999855
20
-75.6306709999999924
11
143.2468020000000024
21
-75.579188000000002
0
LINE
8
BLACK
6
CONTINUOUS
10
143.2468020000000024
20
-75.579188000000002
11
143.1953189999999836
21
-75.5021369999999905
0
LINE
8
BLACK
6
CONTINUOUS
10
143.1953189999999836
20
-75.5021369999999905
11
143.1772399999999834
21
-75.4112499999999955
0
LINE
8
BLACK
6
CONTINUOUS
10
143.1772399999999834
20
-75.4112499999999955
11
143.1772399999999834
21
-74.9112499999999955
0
LINE
8
BLACK
6
CONTINUOUS
10
143.1772399999999834
20
-74.9112499999999955
11
143.1953189999999836
21
-74.8203630000000004
0
LINE
8
BLACK
6
CONTINUOUS
10
143.1953189999999836
20
-74.8203630000000004
11
143.2468020000000024
21
-74.7433120000000031
0
LINE
8
BLACK
6
CONTINUOUS
10
143.2468020000000024
20
-74.7433120000000031
11
143.3238529999999855
21
-74.6918289999999985
0
LINE
8
BLACK
6
CONTINUOUS
10
143.3238529999999855
20
-74.6918289999999985
11
143.4147399999999948
21
-74.6737499999999983
0
LINE
8
BLACK
6
CONTINUOUS
10
143.4147399999999948
20
-74.6737499999999983
11
143.8897399999999891
21
-74.6737499999999983
0
LINE
8
BLACK
6
CONTINUOUS
10
143.8897399999999891
20
-74.6737499999999983
11
143.9806269999999984
21
-74.6918289999999985
0
LINE
8
BLACK
6
CONTINUOUS
10
145.8856269999999995
20
-74.5918289999999899
11
145.9626779999999826
21
-74.6433119999999946
0
LINE
8
BLACK
6
CONTINUOUS
10
145.9626779999999826
20
-74.6433119999999946
11
146.0141610000000014
21
-74.7203629999999919
0
LINE
8
BLACK
6
CONTINUOUS
10
146.0141610000000014
20
-74.7203629999999919
11
146.0322400000000016
21
-74.8112500000000011
0
LINE
8
BLACK
6
CONTINUOUS
10
146.0322400000000016
20
-74.8112500000000011
11
146.0322400000000016
21
-75.4112499999999955
0
LINE
8
BLACK
6
CONTINUOUS
10
146.0322400000000016
20
-75.4112499999999955
11
146.0141610000000014
21
-75.5021369999999905
0
LINE
8
BLACK
6
CONTINUOUS
10
146.0141610000000014
20
-75.5021369999999905
11
145.9626779999999826
21
-75.579188000000002
0
LINE
8
BLACK
6
CONTINUOUS
10
145.9626779999999826
20
-75.579188000000002
11
145.8856269999999995
21
-75.6306709999999924
0
LINE
8
BLACK
6
CONTINUOUS
10
145.8856269999999995
20
-75.6306709999999924
11
145.7947399999999902
21
-75.6487499999999926
0
LINE
8
BLACK
6
CONTINUOUS
10
145.7947399999999902
20
-75.6487499999999926
11
145.3197399999999959
21
-75.6487499999999926
0
LINE
8
BLACK
6
CONTINUOUS
10
145.3197399999999959
20
-75.6487499999999926
11
145.2288529999999867
21
-75.6306709999999924
0
LINE
8
BLACK
6
CONTINUOUS
10
145.2288529999999867
20
-75.6306709999999924
11
145.1518020000000035
21
-75.579188000000002
0
LINE
8
BLACK
6
CONTINUOUS
10
145.1518020000000035
20
-75.579188000000002
11
145.1003189999999847
21
-75.5021369999999905
0
LINE
8
BLACK
6
CONTINUOUS
10
145.1003189999999847
20
-75.5021369999999905
11
145.0822399999999845
21
-75.4112499999999955
0
LINE
8
BLACK
6
CONTINUOUS
10
145.0822399999999845
20
-75.4112499999999955
11
145.0822399999999845
21
-74.8112500000000011
0
LINE
8
BLACK
6
CONTINUOUS
10
145.0822399999999845
20
-74.8112500000000011
11
145.1003189999999847
21
-74.7203629999999919
0
LINE
8
BLACK
6
CONTINUOUS
10
145.1003189999999847
20
-74.7203629999999919
11
145.1518020000000035
21
-74.6433119999999946
0
LINE
8
BLACK
6
CONTINUOUS
10
145.1518020000000035
20
-74.6433119999999946
11
145.2288529999999867
21
-74.5918289999999899
0
LINE
8
BLACK
6
CONTINUOUS
10
145.2288529999999867
20
-74.5918289999999899
11
145.3197399999999959
21
-74.5737499999999898
0
LINE
8
BLACK
6
CONTINUOUS
10
145.3197399999999959
20
-74.5737499999999898
11
145.7947399999999902
21
-74.5737499999999898
0
LINE
8
BLACK
6
CONTINUOUS
10
145.7947399999999902
20
-74.5737499999999898
11
145.8856269999999995
21
-74.5918289999999899
0
LINE
8
BLACK
6
CONTINUOUS
10
153.3786269999999945
20
-74.5418289999999928
11
153.455678000000006
21
-74.5933119999999974
0
LINE
8
BLACK
6
CONTINUOUS
10
153.455678000000006
20
-74.5933119999999974
11
153.5071609999999964
21
-74.6703629999999947
0
LINE
8
BLACK
6
CONTINUOUS
10
153.5071609999999964
20
-74.6703629999999947
11
153.5252399999999966
21
-74.7612499999999898
0
LINE
8
BLACK
6
CONTINUOUS
10
153.5252399999999966
20
-74.7612499999999898
11
153.5252399999999966
21
-75.3612499999999983
0
LINE
8
BLACK
6
CONTINUOUS
10
153.5252399999999966
20
-75.3612499999999983
11
153.5071609999999964
21
-75.4521369999999933
0
LINE
8
BLACK
6
CONTINUOUS
10
153.5071609999999964
20
-75.4521369999999933
11
153.455678000000006
21
-75.5291879999999907
0
LINE
8
BLACK
6
CONTINUOUS
10
153.455678000000006
20
-75.5291879999999907
11
153.3786269999999945
21
-75.5806709999999953
0
LINE
8
BLACK
6
CONTINUOUS
10
153.3786269999999945
20
-75.5806709999999953
11
153.2877399999999852
21
-75.5987499999999955
0
LINE
8
BLACK
6
CONTINUOUS
10
153.2877399999999852
20
-75.5987499999999955
11
152.8127399999999909
21
-75.5987499999999955
0
LINE
8
BLACK
6
CONTINUOUS
10
152.8127399999999909
20
-75.5987499999999955
11
152.7218529999999816
21
-75.5806709999999953
0
LINE
8
BLACK
6
CONTINUOUS
10
152.7218529999999816
20
-75.5806709999999953
11
152.6448019999999985
21
-75.5291879999999907
0
LINE
8
BLACK
6
CONTINUOUS
10
152.6448019999999985
20
-75.5291879999999907
11
152.5933189999999797
21
-75.4521369999999933
0
LINE
8
BLACK
6
CONTINUOUS
10
152.5933189999999797
20
-75.4521369999999933
11
152.5752399999999795
21
-75.3612499999999983
0
LINE
8
BLACK
6
CONTINUOUS
10
152.5752399999999795
20
-75.3612499999999983
11
152.5752399999999795
21
-74.7612499999999898
0
LINE
8
BLACK
6
CONTINUOUS
10
152.5752399999999795
20
-74.7612499999999898
11
152.5933189999999797
21
-74.6703629999999947
0
LINE
8
BLACK
6
CONTINUOUS
10
152.5933189999999797
20
-74.6703629999999947
11
152.6448019999999985
21
-74.5933119999999974
0
LINE
8
BLACK
6
CONTINUOUS
10
152.6448019999999985
20
-74.5933119999999974
11
152.7218529999999816
21
-74.5418289999999928
0
LINE
8
BLACK
6
CONTINUOUS
10
152.7218529999999816
20
-74.5418289999999928
11
152.8127399999999909
21
-74.5237499999999926
0
LINE
8
BLACK
6
CONTINUOUS
10
152.8127399999999909
20
-74.5237499999999926
11
153.2877399999999852
21
-74.5237499999999926
0
LINE
8
BLACK
6
CONTINUOUS
10
153.2877399999999852
20
-74.5237499999999926
11
153.3786269999999945
21
-74.5418289999999928
0
LINE
8
BLACK
6
CONTINUOUS
10
155.2836269999999956
20
-74.6418290000000013
11
155.3606780000000072
21
-74.6933119999999917
0
LINE
8
BLACK
6
CONTINUOUS
10
155.3606780000000072
20
-74.6933119999999917
11
155.4121609999999976
21
-74.7703630000000032
0
LINE
8
BLACK
6
CONTINUOUS
10
155.4121609999999976
20
-74.7703630000000032
11
155.4302399999999977
21
-74.8612499999999983
0
LINE
8
BLACK
6
CONTINUOUS
10
155.4302399999999977
20
-74.8612499999999983
11
155.4302399999999977
21
-75.3612499999999983
0
LINE
8
BLACK
6
CONTINUOUS
10
155.4302399999999977
20
-75.3612499999999983
11
155.4121609999999976
21
-75.4521369999999933
0
LINE
8
BLACK
6
CONTINUOUS
10
155.4121609999999976
20
-75.4521369999999933
11
155.3606780000000072
21
-75.5291879999999907
0
LINE
8
BLACK
6
CONTINUOUS
10
155.3606780000000072
20
-75.5291879999999907
11
155.2836269999999956
21
-75.5806709999999953
0
LINE
8
BLACK
6
CONTINUOUS
10
155.2836269999999956
20
-75.5806709999999953
11
155.1927399999999864
21
-75.5987499999999955
0
LINE
8
BLACK
6
CONTINUOUS
10
155.1927399999999864
20
-75.5987499999999955
11
154.7177399999999921
21
-75.5987499999999955
0
LINE
8
BLACK
6
CONTINUOUS
10
154.7177399999999921
20
-75.5987499999999955
11
154.6268529999999828
21
-75.5806709999999953
0
LINE
8
BLACK
6
CONTINUOUS
10
154.6268529999999828
20
-75.5806709999999953
11
154.5498019999999997
21
-75.5291879999999907
0
LINE
8
BLACK
6
CONTINUOUS
10
154.5498019999999997
20
-75.5291879999999907
11
154.4983189999999809
21
-75.4521369999999933
0
LINE
8
BLACK
6
CONTINUOUS
10
154.4983189999999809
20
-75.4521369999999933
11
154.4802399999999807
21
-75.3612499999999983
0
LINE
8
BLACK
6
CONTINUOUS
10
154.4802399999999807
20
-75.3612499999999983
11
154.4802399999999807
21
-74.8612499999999983
0
LINE
8
BLACK
6
CONTINUOUS
10
154.4802399999999807
20
-74.8612499999999983
11
154.4983189999999809
21
-74.7703630000000032
0
LINE
8
BLACK
6
CONTINUOUS
10
154.4983189999999809
20
-74.7703630000000032
11
154.5498019999999997
21
-74.6933119999999917
0
LINE
8
BLACK
6
CONTINUOUS
10
154.5498019999999997
20
-74.6933119999999917
11
154.6268529999999828
21
-74.6418290000000013
0
LINE
8
BLACK
6
CONTINUOUS
10
154.6268529999999828
20
-74.6418290000000013
11
154.7177399999999921
21
-74.6237500000000011
0
LINE
8
BLACK
6
CONTINUOUS
10
154.7177399999999921
20
-74.6237500000000011
11
155.1927399999999864
21
-74.6237500000000011
0
LINE
8
BLACK
6
CONTINUOUS
10
155.1927399999999864
20
-74.6237500000000011
11
155.2836269999999956
21
-74.6418290000000013
0
LINE
8
BLACK
6
CONTINUOUS
10
147.6693549999999959
20
-72.5874570000000006
11
147.7180180000000007
21
-72.6199730000000017
0
LINE
8
BLACK
6
CONTINUOUS
10
147.7180180000000007
20
-72.6199730000000017
11
147.7505339999999876
21
-72.6686359999999922
0
LINE
8
BLACK
6
CONTINUOUS
10
147.7505339999999876
20
-72.6686359999999922
11
147.7619519999999795
21
-72.7260390000000001
0
LINE
8
BLACK
6
CONTINUOUS
10
147.7619519999999795
20
-72.7260390000000001
11
147.7619519999999795
21
-74.3760389999999916
0
LINE
8
BLACK
6
CONTINUOUS
10
147.7619519999999795
20
-74.3760389999999916
11
147.7505339999999876
21
-74.4334419999999994
0
LINE
8
BLACK
6
CONTINUOUS
10
147.7505339999999876
20
-74.4334419999999994
11
147.7180180000000007
21
-74.48210499999999
0
LINE
8
BLACK
6
CONTINUOUS
10
147.7180180000000007
20
-74.48210499999999
11
147.6693549999999959
21
-74.5146209999999911
0
LINE
8
BLACK
6
CONTINUOUS
10
147.6693549999999959
20
-74.5146209999999911
11
147.6119520000000023
21
-74.5260389999999973
0
LINE
8
BLACK
6
CONTINUOUS
10
147.6119520000000023
20
-74.5260389999999973
11
147.3119519999999909
21
-74.5260389999999973
0
LINE
8
BLACK
6
CONTINUOUS
10
147.3119519999999909
20
-74.5260389999999973
11
147.2545489999999972
21
-74.5146209999999911
0
LINE
8
BLACK
6
CONTINUOUS
10
147.2545489999999972
20
-74.5146209999999911
11
147.2058859999999925
21
-74.48210499999999
0
LINE
8
BLACK
6
CONTINUOUS
10
147.2058859999999925
20
-74.48210499999999
11
147.1733700000000056
21
-74.4334419999999994
0
LINE
8
BLACK
6
CONTINUOUS
10
147.1733700000000056
20
-74.4334419999999994
11
147.1619519999999852
21
-74.3760389999999916
0
LINE
8
BLACK
6
CONTINUOUS
10
147.1619519999999852
20
-74.3760389999999916
11
147.1619519999999852
21
-72.7260390000000001
0
LINE
8
BLACK
6
CONTINUOUS
10
147.1619519999999852
20
-72.7260390000000001
11
147.1733700000000056
21
-72.6686359999999922
0
LINE
8
BLACK
6
CONTINUOUS
10
147.1733700000000056
20
-72.6686359999999922
11
147.2058859999999925
21
-72.6199730000000017
0
LINE
8
BLACK
6
CONTINUOUS
10
147.2058859999999925
20
-72.6199730000000017
11
147.2545489999999972
21
-72.5874570000000006
0
LINE
8
BLACK
6
CONTINUOUS
10
147.2545489999999972
20
-72.5874570000000006
11
147.3119519999999909
21
-72.5760389999999944
0
LINE
8
BLACK
6
CONTINUOUS
10
147.3119519999999909
20
-72.5760389999999944
11
147.6119520000000023
21
-72.5760389999999944
0
LINE
8
BLACK
6
CONTINUOUS
10
147.6119520000000023
20
-72.5760389999999944
11
147.6693549999999959
21
-72.5874570000000006
0
LINE
8
BLACK
6
CONTINUOUS
10
148.9393550000000062
20
-72.5874570000000006
11
148.9880179999999825
21
-72.6199730000000017
0
LINE
8
BLACK
6
CONTINUOUS
10
148.9880179999999825
20
-72.6199730000000017
11
149.0205339999999978
21
-72.6686359999999922
0
LINE
8
BLACK
6
CONTINUOUS
10
149.0205339999999978
20
-72.6686359999999922
11
149.0319519999999898
21
-72.7260390000000001
0
LINE
8
BLACK
6
CONTINUOUS
10
149.0319519999999898
20
-72.7260390000000001
11
149.0319519999999898
21
-74.3760389999999916
0
LINE
8
BLACK
6
CONTINUOUS
10
149.0319519999999898
20
-74.3760389999999916
11
149.0205339999999978
21
-74.4334419999999994
0
LINE
8
BLACK
6
CONTINUOUS
10
149.0205339999999978
20
-74.4334419999999994
11
148.9880179999999825
21
-74.48210499999999
0
LINE
8
BLACK
6
CONTINUOUS
10
148.9880179999999825
20
-74.48210499999999
11
148.9393550000000062
21
-74.5146209999999911
0
LINE
8
BLACK
6
CONTINUOUS
10
148.9393550000000062
20
-74.5146209999999911
11
148.8819519999999841
21
-74.5260389999999973
0
LINE
8
BLACK
6
CONTINUOUS
10
148.8819519999999841
20
-74.5260389999999973
11
148.5819520000000011
21
-74.5260389999999973
0
LINE
8
BLACK
6
CONTINUOUS
10
148.5819520000000011
20
-74.5260389999999973
11
148.5245490000000075
21
-74.5146209999999911
0
LINE
8
BLACK
6
CONTINUOUS
10
148.5245490000000075
20
-74.5146209999999911
11
148.4758860000000027
21
-74.48210499999999
0
LINE
8
BLACK
6
CONTINUOUS
10
148.4758860000000027
20
-74.48210499999999
11
148.4433699999999874
21
-74.4334419999999994
0
LINE
8
BLACK
6
CONTINUOUS
10
148.4433699999999874
20
-74.4334419999999994
11
148.4319519999999955
21
-74.3760389999999916
0
LINE
8
BLACK
6
CONTINUOUS
10
148.4319519999999955
20
-74.3760389999999916
11
148.4319519999999955
21
-72.7260390000000001
0
LINE
8
BLACK
6
CONTINUOUS
10
148.4319519999999955
20
-72.7260390000000001
11
148.4433699999999874
21
-72.6686359999999922
0
LINE
8
BLACK
6
CONTINUOUS
10
148.4433699999999874
20
-72.6686359999999922
11
148.4758860000000027
21
-72.6199730000000017
0
LINE
8
BLACK
6
CONTINUOUS
10
148.4758860000000027
20
-72.6199730000000017
11
148.5245490000000075
21
-72.5874570000000006
0
LINE
8
BLACK
6
CONTINUOUS
10
148.5245490000000075
20
-72.5874570000000006
11
148.5819520000000011
21
-72.5760389999999944
0
LINE
8
BLACK
6
CONTINUOUS
10
148.5819520000000011
20
-72.5760389999999944
11
148.8819519999999841
21
-72.5760389999999944
0
LINE
8
BLACK
6
CONTINUOUS
10
148.8819519999999841
20
-72.5760389999999944
11
148.9393550000000062
21
-72.5874570000000006
0
LINE
8
BLACK
6
CONTINUOUS
10
150.209354999999988
20
-72.5874570000000006
11
150.2580179999999928
21
-72.6199730000000017
0
LINE
8
BLACK
6
CONTINUOUS
10
150.2580179999999928
20
-72.6199730000000017
11
150.2905339999999796
21
-72.6686359999999922
0
LINE
8
BLACK
6
CONTINUOUS
10
150.2905339999999796
20
-72.6686359999999922
11
150.301952
21
-72.7260390000000001
0
LINE
8
BLACK
6
CONTINUOUS
10
150.301952
20
-72.7260390000000001
11
150.301952
21
-74.3760389999999916
0
LINE
8
BLACK
6
CONTINUOUS
10
150.301952
20
-74.3760389999999916
11
150.2905339999999796
21
-74.4334419999999994
0
LINE
8
BLACK
6
CONTINUOUS
10
150.2905339999999796
20
-74.4334419999999994
11
150.2580179999999928
21
-74.48210499999999
0
LINE
8
BLACK
6
CONTINUOUS
10
150.2580179999999928
20
-74.48210499999999
11
150.209354999999988
21
-74.5146209999999911
0
LINE
8
BLACK
6
CONTINUOUS
10
150.209354999999988
20
-74.5146209999999911
11
150.1519519999999943
21
-74.5260389999999973
0
LINE
8
BLACK
6
CONTINUOUS
10
150.1519519999999943
20
-74.5260389999999973
11
149.8519519999999829
21
-74.5260389999999973
0
LINE
8
BLACK
6
CONTINUOUS
10
149.8519519999999829
20
-74.5260389999999973
11
149.7945489999999893
21
-74.5146209999999911
0
LINE
8
BLACK
6
CONTINUOUS
10
149.7945489999999893
20
-74.5146209999999911
11
149.7458859999999845
21
-74.48210499999999
0
LINE
8
BLACK
6
CONTINUOUS
10
149.7458859999999845
20
-74.48210499999999
11
149.7133699999999976
21
-74.4334419999999994
0
LINE
8
BLACK
6
CONTINUOUS
10
149.7133699999999976
20
-74.4334419999999994
11
149.7019520000000057
21
-74.3760389999999916
0
LINE
8
BLACK
6
CONTINUOUS
10
149.7019520000000057
20
-74.3760389999999916
11
149.7019520000000057
21
-72.7260390000000001
0
LINE
8
BLACK
6
CONTINUOUS
10
149.7019520000000057
20
-72.7260390000000001
11
149.7133699999999976
21
-72.6686359999999922
0
LINE
8
BLACK
6
CONTINUOUS
10
149.7133699999999976
20
-72.6686359999999922
11
149.7458859999999845
21
-72.6199730000000017
0
LINE
8
BLACK
6
CONTINUOUS
10
149.7458859999999845
20
-72.6199730000000017
11
149.7945489999999893
21
-72.5874570000000006
0
LINE
8
BLACK
6
CONTINUOUS
10
149.7945489999999893
20
-72.5874570000000006
11
149.8519519999999829
21
-72.5760389999999944
0
LINE
8
BLACK
6
CONTINUOUS
10
149.8519519999999829
20
-72.5760389999999944
11
150.1519519999999943
21
-72.5760389999999944
0
LINE
8
BLACK
6
CONTINUOUS
10
150.1519519999999943
20
-72.5760389999999944
11
150.209354999999988
21
-72.5874570000000006
0
LINE
8
BLACK
6
CONTINUOUS
10
151.4793549999999982
20
-72.5874570000000006
11
151.528018000000003
21
-72.6199730000000017
0
LINE
8
BLACK
6
CONTINUOUS
10
151.528018000000003
20
-72.6199730000000017
11
151.5605339999999899
21
-72.6686359999999922
0
LINE
8
BLACK
6
CONTINUOUS
10
151.5605339999999899
20
-72.6686359999999922
11
151.5719519999999818
21
-72.7260390000000001
0
LINE
8
BLACK
6
CONTINUOUS
10
151.5719519999999818
20
-72.7260390000000001
11
151.5719519999999818
21
-74.3760389999999916
0
LINE
8
BLACK
6
CONTINUOUS
10
151.5719519999999818
20
-74.3760389999999916
11
151.5605339999999899
21
-74.4334419999999994
0
LINE
8
BLACK
6
CONTINUOUS
10
151.5605339999999899
20
-74.4334419999999994
11
151.528018000000003
21
-74.48210499999999
0
LINE
8
BLACK
6
CONTINUOUS
10
151.528018000000003
20
-74.48210499999999
11
151.4793549999999982
21
-74.5146209999999911
0
LINE
8
BLACK
6
CONTINUOUS
10
151.4793549999999982
20
-74.5146209999999911
11
151.4219520000000045
21
-74.5260389999999973
0
LINE
8
BLACK
6
CONTINUOUS
10
151.4219520000000045
20
-74.5260389999999973
11
151.1219519999999932
21
-74.5260389999999973
0
LINE
8
BLACK
6
CONTINUOUS
10
151.1219519999999932
20
-74.5260389999999973
11
151.0645489999999995
21
-74.5146209999999911
0
LINE
8
BLACK
6
CONTINUOUS
10
151.0645489999999995
20
-74.5146209999999911
11
151.0158859999999947
21
-74.48210499999999
0
LINE
8
BLACK
6
CONTINUOUS
10
151.0158859999999947
20
-74.48210499999999
11
150.9833699999999794
21
-74.4334419999999994
0
LINE
8
BLACK
6
CONTINUOUS
10
150.9833699999999794
20
-74.4334419999999994
11
150.9719519999999875
21
-74.3760389999999916
0
LINE
8
BLACK
6
CONTINUOUS
10
150.9719519999999875
20
-74.3760389999999916
11
150.9719519999999875
21
-72.7260390000000001
0
LINE
8
BLACK
6
CONTINUOUS
10
150.9719519999999875
20
-72.7260390000000001
11
150.9833699999999794
21
-72.6686359999999922
0
LINE
8
BLACK
6
CONTINUOUS
10
150.9833699999999794
20
-72.6686359999999922
11
151.0158859999999947
21
-72.6199730000000017
0
LINE
8
BLACK
6
CONTINUOUS
10
151.0158859999999947
20
-72.6199730000000017
11
151.0645489999999995
21
-72.5874570000000006
0
LINE
8
BLACK
6
CONTINUOUS
10
151.0645489999999995
20
-72.5874570000000006
11
151.1219519999999932
21
-72.5760389999999944
0
LINE
8
BLACK
6
CONTINUOUS
10
151.1219519999999932
20
-72.5760389999999944
11
151.4219520000000045
21
-72.5760389999999944
0
LINE
8
BLACK
6
CONTINUOUS
10
151.4219520000000045
20
-72.5760389999999944
11
151.4793549999999982
21
-72.5874570000000006
0
LINE
8
BLACK
6
CONTINUOUS
10
125.7097399999999965
20
-74.2807499999999976
11
124.0747399999999914
21
-74.2807499999999976
0
LINE
8
BLACK
6
CONTINUOUS
10
124.0747399999999914
20
-74.2807499999999976
11
124.0747399999999914
21
-72.6457499999999925
0
LINE
8
BLACK
6
CONTINUOUS
10
124.0747399999999914
20
-72.6457499999999925
11
125.7097399999999965
21
-72.6457499999999925
0
LINE
8
BLACK
6
CONTINUOUS
10
125.7097399999999965
20
-72.6457499999999925
11
125.7097399999999965
21
-74.2807499999999976
0
LINE
8
BLACK
6
CONTINUOUS
10
129.5741510000000005
20
-72.666246000000001
11
129.7469399999999951
21
-72.7267080000000021
0
LINE
8
BLACK
6
CONTINUOUS
10
129.7469399999999951
20
-72.7267080000000021
11
129.9019429999999886
21
-72.8241029999999938
0
LINE
8
BLACK
6
CONTINUOUS
10
129.9019429999999886
20
-72.8241029999999938
11
130.0313869999999952
21
-72.9535470000000004
0
LINE
8
BLACK
6
CONTINUOUS
10
130.0313869999999952
20
-72.9535470000000004
11
130.1287820000000011
21
-73.1085499999999939
0
LINE
8
BLACK
6
CONTINUOUS
10
130.1287820000000011
20
-73.1085499999999939
11
130.1892440000000022
21
-73.2813390000000027
0
LINE
8
BLACK
6
CONTINUOUS
10
130.1892440000000022
20
-73.2813390000000027
11
130.2097399999999823
21
-73.4632500000000022
0
LINE
8
BLACK
6
CONTINUOUS
10
130.2097399999999823
20
-73.4632500000000022
11
130.1892440000000022
21
-73.6451610000000016
0
LINE
8
BLACK
6
CONTINUOUS
10
130.1892440000000022
20
-73.6451610000000016
11
130.1287820000000011
21
-73.8179499999999962
0
LINE
8
BLACK
6
CONTINUOUS
10
130.1287820000000011
20
-73.8179499999999962
11
130.0313869999999952
21
-73.9729529999999897
0
LINE
8
BLACK
6
CONTINUOUS
10
130.0313869999999952
20
-73.9729529999999897
11
129.9019429999999886
21
-74.1023969999999963
0
LINE
8
BLACK
6
CONTINUOUS
10
129.9019429999999886
20
-74.1023969999999963
11
129.7469399999999951
21
-74.1997920000000022
0
LINE
8
BLACK
6
CONTINUOUS
10
129.7469399999999951
20
-74.1997920000000022
11
129.5741510000000005
21
-74.2602540000000033
0
LINE
8
BLACK
6
CONTINUOUS
10
129.5741510000000005
20
-74.2602540000000033
11
129.3922399999999868
21
-74.2807499999999976
0
LINE
8
BLACK
6
CONTINUOUS
10
129.3922399999999868
20
-74.2807499999999976
11
129.2103290000000015
21
-74.2602540000000033
0
LINE
8
BLACK
6
CONTINUOUS
10
129.2103290000000015
20
-74.2602540000000033
11
129.037540000000007
21
-74.1997920000000022
0
LINE
8
BLACK
6
CONTINUOUS
10
129.037540000000007
20
-74.1997920000000022
11
128.882536999999985
21
-74.1023969999999963
0
LINE
8
BLACK
6
CONTINUOUS
10
128.882536999999985
20
-74.1023969999999963
11
128.7530930000000069
21
-73.9729529999999897
0
LINE
8
BLACK
6
CONTINUOUS
10
128.7530930000000069
20
-73.9729529999999897
11
128.655698000000001
21
-73.8179499999999962
0
LINE
8
BLACK
6
CONTINUOUS
10
128.655698000000001
20
-73.8179499999999962
11
128.5952359999999999
21
-73.6451610000000016
0
LINE
8
BLACK
6
CONTINUOUS
10
128.5952359999999999
20
-73.6451610000000016
11
128.5747399999999914
21
-73.4632500000000022
0
LINE
8
BLACK
6
CONTINUOUS
10
128.5747399999999914
20
-73.4632500000000022
11
128.5952359999999999
21
-73.2813390000000027
0
LINE
8
BLACK
6
CONTINUOUS
10
128.5952359999999999
20
-73.2813390000000027
11
128.655698000000001
21
-73.1085499999999939
0
LINE
8
BLACK
6
CONTINUOUS
10
128.655698000000001
20
-73.1085499999999939
11
128.7530930000000069
21
-72.9535470000000004
0
LINE
8
BLACK
6
CONTINUOUS
10
128.7530930000000069
20
-72.9535470000000004
11
128.882536999999985
21
-72.8241029999999938
0
LINE
8
BLACK
6
CONTINUOUS
10
128.882536999999985
20
-72.8241029999999938
11
129.037540000000007
21
-72.7267080000000021
0
LINE
8
BLACK
6
CONTINUOUS
10
129.037540000000007
20
-72.7267080000000021
11
129.2103290000000015
21
-72.666246000000001
0
LINE
8
BLACK
6
CONTINUOUS
10
129.2103290000000015
20
-72.666246000000001
11
129.3922399999999868
21
-72.6457499999999925
0
LINE
8
BLACK
6
CONTINUOUS
10
129.3922399999999868
20
-72.6457499999999925
11
129.5741510000000005
21
-72.666246000000001
0
LINE
8
BLACK
6
CONTINUOUS
10
169.5241509999999892
20
-72.666246000000001
11
169.6969399999999837
21
-72.7267080000000021
0
LINE
8
BLACK
6
CONTINUOUS
10
169.6969399999999837
20
-72.7267080000000021
11
169.8519430000000057
21
-72.8241029999999938
0
LINE
8
BLACK
6
CONTINUOUS
10
169.8519430000000057
20
-72.8241029999999938
11
169.9813869999999838
21
-72.9535470000000004
0
LINE
8
BLACK
6
CONTINUOUS
10
169.9813869999999838
20
-72.9535470000000004
11
170.0787819999999897
21
-73.1085499999999939
0
LINE
8
BLACK
6
CONTINUOUS
10
170.0787819999999897
20
-73.1085499999999939
11
170.1392439999999908
21
-73.2813390000000027
0
LINE
8
BLACK
6
CONTINUOUS
10
170.1392439999999908
20
-73.2813390000000027
11
170.1597399999999993
21
-73.4632500000000022
0
LINE
8
BLACK
6
CONTINUOUS
10
170.1597399999999993
20
-73.4632500000000022
11
170.1392439999999908
21
-73.6451610000000016
0
LINE
8
BLACK
6
CONTINUOUS
10
170.1392439999999908
20
-73.6451610000000016
11
170.0787819999999897
21
-73.8179499999999962
0
LINE
8
BLACK
6
CONTINUOUS
10
170.0787819999999897
20
-73.8179499999999962
11
169.9813869999999838
21
-73.9729529999999897
0
LINE
8
BLACK
6
CONTINUOUS
10
169.9813869999999838
20
-73.9729529999999897
11
169.8519430000000057
21
-74.1023969999999963
0
LINE
8
BLACK
6
CONTINUOUS
10
169.8519430000000057
20
-74.1023969999999963
11
169.6969399999999837
21
-74.1997920000000022
0
LINE
8
BLACK
6
CONTINUOUS
10
169.6969399999999837
20
-74.1997920000000022
11
169.5241509999999892
21
-74.2602540000000033
0
LINE
8
BLACK
6
CONTINUOUS
10
169.5241509999999892
20
-74.2602540000000033
11
169.3422400000000039
21
-74.2807499999999976
0
LINE
8
BLACK
6
CONTINUOUS
10
169.3422400000000039
20
-74.2807499999999976
11
169.1603289999999902
21
-74.2602540000000033
0
LINE
8
BLACK
6
CONTINUOUS
10
169.1603289999999902
20
-74.2602540000000033
11
168.9875399999999956
21
-74.1997920000000022
0
LINE
8
BLACK
6
CONTINUOUS
10
168.9875399999999956
20
-74.1997920000000022
11
168.8325370000000021
21
-74.1023969999999963
0
LINE
8
BLACK
6
CONTINUOUS
10
168.8325370000000021
20
-74.1023969999999963
11
168.7030929999999955
21
-73.9729529999999897
0
LINE
8
BLACK
6
CONTINUOUS
10
168.7030929999999955
20
-73.9729529999999897
11
168.6056979999999896
21
-73.8179499999999962
0
LINE
8
BLACK
6
CONTINUOUS
10
168.6056979999999896
20
-73.8179499999999962
11
168.5452359999999885
21
-73.6451610000000016
0
LINE
8
BLACK
6
CONTINUOUS
10
168.5452359999999885
20
-73.6451610000000016
11
168.52473999999998
21
-73.4632500000000022
0
LINE
8
BLACK
6
CONTINUOUS
10
168.52473999999998
20
-73.4632500000000022
11
168.5452359999999885
21
-73.2813390000000027
0
LINE
8
BLACK
6
CONTINUOUS
10
168.5452359999999885
20
-73.2813390000000027
11
168.6056979999999896
21
-73.1085499999999939
0
LINE
8
BLACK
6
CONTINUOUS
10
168.6056979999999896
20
-73.1085499999999939
11
168.7030929999999955
21
-72.9535470000000004
0
LINE
8
BLACK
6
CONTINUOUS
10
168.7030929999999955
20
-72.9535470000000004
11
168.8325370000000021
21
-72.8241029999999938
0
LINE
8
BLACK
6
CONTINUOUS
10
168.8325370000000021
20
-72.8241029999999938
11
168.9875399999999956
21
-72.7267080000000021
0
LINE
8
BLACK
6
CONTINUOUS
10
168.9875399999999956
20
-72.7267080000000021
11
169.1603289999999902
21
-72.666246000000001
0
LINE
8
BLACK
6
CONTINUOUS
10
169.1603289999999902
20
-72.666246000000001
11
169.3422400000000039
21
-72.6457499999999925
0
LINE
8
BLACK
6
CONTINUOUS
10
169.3422400000000039
20
-72.6457499999999925
11
169.5241509999999892
21
-72.666246000000001
0
LINE
8
BLACK
6
CONTINUOUS
10
174.6597399999999993
20
-74.2807499999999976
11
173.02473999999998
21
-74.2807499999999976
0
LINE
8
BLACK
6
CONTINUOUS
10
173.02473999999998
20
-74.2807499999999976
11
173.02473999999998
21
-72.6457499999999925
0
LINE
8
BLACK
6
CONTINUOUS
10
173.02473999999998
20
-72.6457499999999925
11
174.6597399999999993
21
-72.6457499999999925
0
LINE
8
BLACK
6
CONTINUOUS
10
174.6597399999999993
20
-72.6457499999999925
11
174.6597399999999993
21
-74.2807499999999976
0
LINE
8
BLACK
6
CONTINUOUS
10
145.8856269999999995
20
-72.8668289999999956
11
145.9626779999999826
21
-72.9183120000000002
0
LINE
8
BLACK
6
CONTINUOUS
10
145.9626779999999826
20
-72.9183120000000002
11
146.0141610000000014
21
-72.9953629999999976
0
LINE
8
BLACK
6
CONTINUOUS
10
146.0141610000000014
20
-72.9953629999999976
11
146.0322400000000016
21
-73.0862499999999926
0
LINE
8
BLACK
6
CONTINUOUS
10
146.0322400000000016
20
-73.0862499999999926
11
146.0322400000000016
21
-73.6862500000000011
0
LINE
8
BLACK
6
CONTINUOUS
10
146.0322400000000016
20
-73.6862500000000011
11
146.0141610000000014
21
-73.7771369999999962
0
LINE
8
BLACK
6
CONTINUOUS
10
146.0141610000000014
20
-73.7771369999999962
11
145.9626779999999826
21
-73.8541879999999935
0
LINE
8
BLACK
6
CONTINUOUS
10
145.9626779999999826
20
-73.8541879999999935
11
145.8856269999999995
21
-73.9056709999999981
0
LINE
8
BLACK
6
CONTINUOUS
10
145.8856269999999995
20
-73.9056709999999981
11
145.7947399999999902
21
-73.9237499999999983
0
LINE
8
BLACK
6
CONTINUOUS
10
145.7947399999999902
20
-73.9237499999999983
11
145.3197399999999959
21
-73.9237499999999983
0
LINE
8
BLACK
6
CONTINUOUS
10
145.3197399999999959
20
-73.9237499999999983
11
145.2288529999999867
21
-73.9056709999999981
0
LINE
8
BLACK
6
CONTINUOUS
10
145.2288529999999867
20
-73.9056709999999981
11
145.1518020000000035
21
-73.8541879999999935
0
LINE
8
BLACK
6
CONTINUOUS
10
145.1518020000000035
20
-73.8541879999999935
11
145.1003189999999847
21
-73.7771369999999962
0
LINE
8
BLACK
6
CONTINUOUS
10
145.1003189999999847
20
-73.7771369999999962
11
145.0822399999999845
21
-73.6862500000000011
0
LINE
8
BLACK
6
CONTINUOUS
10
145.0822399999999845
20
-73.6862500000000011
11
145.0822399999999845
21
-73.0862499999999926
0
LINE
8
BLACK
6
CONTINUOUS
10
145.0822399999999845
20
-73.0862499999999926
11
145.1003189999999847
21
-72.9953629999999976
0
LINE
8
BLACK
6
CONTINUOUS
10
145.1003189999999847
20
-72.9953629999999976
11
145.1518020000000035
21
-72.9183120000000002
0
LINE
8
BLACK
6
CONTINUOUS
10
145.1518020000000035
20
-72.9183120000000002
11
145.2288529999999867
21
-72.8668289999999956
0
LINE
8
BLACK
6
CONTINUOUS
10
145.2288529999999867
20
-72.8668289999999956
11
145.3197399999999959
21
-72.8487499999999955
0
LINE
8
BLACK
6
CONTINUOUS
10
145.3197399999999959
20
-72.8487499999999955
11
145.7947399999999902
21
-72.8487499999999955
0
LINE
8
BLACK
6
CONTINUOUS
10
145.7947399999999902
20
-72.8487499999999955
11
145.8856269999999995
21
-72.8668289999999956
0
LINE
8
BLACK
6
CONTINUOUS
10
153.3786269999999945
20
-72.8168289999999985
11
153.455678000000006
21
-72.8683120000000031
0
LINE
8
BLACK
6
CONTINUOUS
10
153.455678000000006
20
-72.8683120000000031
11
153.5071609999999964
21
-72.9453630000000004
0
LINE
8
BLACK
6
CONTINUOUS
10
153.5071609999999964
20
-72.9453630000000004
11
153.5252399999999966
21
-73.0362499999999955
0
LINE
8
BLACK
6
CONTINUOUS
10
153.5252399999999966
20
-73.0362499999999955
11
153.5252399999999966
21
-73.6362499999999898
0
LINE
8
BLACK
6
CONTINUOUS
10
153.5252399999999966
20
-73.6362499999999898
11
153.5071609999999964
21
-73.727136999999999
0
LINE
8
BLACK
6
CONTINUOUS
10
153.5071609999999964
20
-73.727136999999999
11
153.455678000000006
21
-73.8041879999999964
0
LINE
8
BLACK
6
CONTINUOUS
10
153.455678000000006
20
-73.8041879999999964
11
153.3786269999999945
21
-73.855671000000001
0
LINE
8
BLACK
6
CONTINUOUS
10
153.3786269999999945
20
-73.855671000000001
11
153.2877399999999852
21
-73.8737500000000011
0
LINE
8
BLACK
6
CONTINUOUS
10
153.2877399999999852
20
-73.8737500000000011
11
152.8127399999999909
21
-73.8737500000000011
0
LINE
8
BLACK
6
CONTINUOUS
10
152.8127399999999909
20
-73.8737500000000011
11
152.7218529999999816
21
-73.855671000000001
0
LINE
8
BLACK
6
CONTINUOUS
10
152.7218529999999816
20
-73.855671000000001
11
152.6448019999999985
21
-73.8041879999999964
0
LINE
8
BLACK
6
CONTINUOUS
10
152.6448019999999985
20
-73.8041879999999964
11
152.5933189999999797
21
-73.727136999999999
0
LINE
8
BLACK
6
CONTINUOUS
10
152.5933189999999797
20
-73.727136999999999
11
152.5752399999999795
21
-73.6362499999999898
0
LINE
8
BLACK
6
CONTINUOUS
10
152.5752399999999795
20
-73.6362499999999898
11
152.5752399999999795
21
-73.0362499999999955
0
LINE
8
BLACK
6
CONTINUOUS
10
152.5752399999999795
20
-73.0362499999999955
11
152.5933189999999797
21
-72.9453630000000004
0
LINE
8
BLACK
6
CONTINUOUS
10
152.5933189999999797
20
-72.9453630000000004
11
152.6448019999999985
21
-72.8683120000000031
0
LINE
8
BLACK
6
CONTINUOUS
10
152.6448019999999985
20
-72.8683120000000031
11
152.7218529999999816
21
-72.8168289999999985
0
LINE
8
BLACK
6
CONTINUOUS
10
152.7218529999999816
20
-72.8168289999999985
11
152.8127399999999909
21
-72.7987499999999983
0
LINE
8
BLACK
6
CONTINUOUS
10
152.8127399999999909
20
-72.7987499999999983
11
153.2877399999999852
21
-72.7987499999999983
0
LINE
8
BLACK
6
CONTINUOUS
10
153.2877399999999852
20
-72.7987499999999983
11
153.3786269999999945
21
-72.8168289999999985
0
LINE
8
BLACK
6
CONTINUOUS
10
143.9806269999999984
20
-72.8668289999999956
11
144.0576779999999815
21
-72.9183120000000002
0
LINE
8
BLACK
6
CONTINUOUS
10
144.0576779999999815
20
-72.9183120000000002
11
144.1091610000000003
21
-72.9953629999999976
0
LINE
8
BLACK
6
CONTINUOUS
10
144.1091610000000003
20
-72.9953629999999976
11
144.1272400000000005
21
-73.0862499999999926
0
LINE
8
BLACK
6
CONTINUOUS
10
144.1272400000000005
20
-73.0862499999999926
11
144.1272400000000005
21
-73.5862499999999926
0
LINE
8
BLACK
6
CONTINUOUS
10
144.1272400000000005
20
-73.5862499999999926
11
144.1091610000000003
21
-73.6771370000000019
0
LINE
8
BLACK
6
CONTINUOUS
10
144.1091610000000003
20
-73.6771370000000019
11
144.0576779999999815
21
-73.7541879999999992
0
LINE
8
BLACK
6
CONTINUOUS
10
144.0576779999999815
20
-73.7541879999999992
11
143.9806269999999984
21
-73.8056709999999896
0
LINE
8
BLACK
6
CONTINUOUS
10
143.9806269999999984
20
-73.8056709999999896
11
143.8897399999999891
21
-73.8237499999999898
0
LINE
8
BLACK
6
CONTINUOUS
10
143.8897399999999891
20
-73.8237499999999898
11
143.4147399999999948
21
-73.8237499999999898
0
LINE
8
BLACK
6
CONTINUOUS
10
143.4147399999999948
20
-73.8237499999999898
11
143.3238529999999855
21
-73.8056709999999896
0
LINE
8
BLACK
6
CONTINUOUS
10
143.3238529999999855
20
-73.8056709999999896
11
143.2468020000000024
21
-73.7541879999999992
0
LINE
8
BLACK
6
CONTINUOUS
10
143.2468020000000024
20
-73.7541879999999992
11
143.1953189999999836
21
-73.6771370000000019
0
LINE
8
BLACK
6
CONTINUOUS
10
143.1953189999999836
20
-73.6771370000000019
11
143.1772399999999834
21
-73.5862499999999926
0
LINE
8
BLACK
6
CONTINUOUS
10
143.1772399999999834
20
-73.5862499999999926
11
143.1772399999999834
21
-73.0862499999999926
0
LINE
8
BLACK
6
CONTINUOUS
10
143.1772399999999834
20
-73.0862499999999926
11
143.1953189999999836
21
-72.9953629999999976
0
LINE
8
BLACK
6
CONTINUOUS
10
143.1953189999999836
20
-72.9953629999999976
11
143.2468020000000024
21
-72.9183120000000002
0
LINE
8
BLACK
6
CONTINUOUS
10
143.2468020000000024
20
-72.9183120000000002
11
143.3238529999999855
21
-72.8668289999999956
0
LINE
8
BLACK
6
CONTINUOUS
10
143.3238529999999855
20
-72.8668289999999956
11
143.4147399999999948
21
-72.8487499999999955
0
LINE
8
BLACK
6
CONTINUOUS
10
143.4147399999999948
20
-72.8487499999999955
11
143.8897399999999891
21
-72.8487499999999955
0
LINE
8
BLACK
6
CONTINUOUS
10
143.8897399999999891
20
-72.8487499999999955
11
143.9806269999999984
21
-72.8668289999999956
0
LINE
8
BLACK
6
CONTINUOUS
10
155.2836269999999956
20
-72.8168289999999985
11
155.3606780000000072
21
-72.8683120000000031
0
LINE
8
BLACK
6
CONTINUOUS
10
155.3606780000000072
20
-72.8683120000000031
11
155.4121609999999976
21
-72.9453630000000004
0
LINE
8
BLACK
6
CONTINUOUS
10
155.4121609999999976
20
-72.9453630000000004
11
155.4302399999999977
21
-73.0362499999999955
0
LINE
8
BLACK
6
CONTINUOUS
10
155.4302399999999977
20
-73.0362499999999955
11
155.4302399999999977
21
-73.5362499999999955
0
LINE
8
BLACK
6
CONTINUOUS
10
155.4302399999999977
20
-73.5362499999999955
11
155.4121609999999976
21
-73.6271369999999905
0
LINE
8
BLACK
6
CONTINUOUS
10
155.4121609999999976
20
-73.6271369999999905
11
155.3606780000000072
21
-73.704188000000002
0
LINE
8
BLACK
6
CONTINUOUS
10
155.3606780000000072
20
-73.704188000000002
11
155.2836269999999956
21
-73.7556709999999924
0
LINE
8
BLACK
6
CONTINUOUS
10
155.2836269999999956
20
-73.7556709999999924
11
155.1927399999999864
21
-73.7737499999999926
0
LINE
8
BLACK
6
CONTINUOUS
10
155.1927399999999864
20
-73.7737499999999926
11
154.7177399999999921
21
-73.7737499999999926
0
LINE
8
BLACK
6
CONTINUOUS
10
154.7177399999999921
20
-73.7737499999999926
11
154.6268529999999828
21
-73.7556709999999924
0
LINE
8
BLACK
6
CONTINUOUS
10
154.6268529999999828
20
-73.7556709999999924
11
154.5498019999999997
21
-73.704188000000002
0
LINE
8
BLACK
6
CONTINUOUS
10
154.5498019999999997
20
-73.704188000000002
11
154.4983189999999809
21
-73.6271369999999905
0
LINE
8
BLACK
6
CONTINUOUS
10
154.4983189999999809
20
-73.6271369999999905
11
154.4802399999999807
21
-73.5362499999999955
0
LINE
8
BLACK
6
CONTINUOUS
10
154.4802399999999807
20
-73.5362499999999955
11
154.4802399999999807
21
-73.0362499999999955
0
LINE
8
BLACK
6
CONTINUOUS
10
154.4802399999999807
20
-73.0362499999999955
11
154.4983189999999809
21
-72.9453630000000004
0
LINE
8
BLACK
6
CONTINUOUS
10
154.4983189999999809
20
-72.9453630000000004
11
154.5498019999999997
21
-72.8683120000000031
0
LINE
8
BLACK
6
CONTINUOUS
10
154.5498019999999997
20
-72.8683120000000031
11
154.6268529999999828
21
-72.8168289999999985
0
LINE
8
BLACK
6
CONTINUOUS
10
154.6268529999999828
20
-72.8168289999999985
11
154.7177399999999921
21
-72.7987499999999983
0
LINE
8
BLACK
6
CONTINUOUS
10
154.7177399999999921
20
-72.7987499999999983
11
155.1927399999999864
21
-72.7987499999999983
0
LINE
8
BLACK
6
CONTINUOUS
10
155.1927399999999864
20
-72.7987499999999983
11
155.2836269999999956
21
-72.8168289999999985
0
LINE
8
BLACK
6
CONTINUOUS
10
133.5286270000000002
20
-70.847329000000002
11
133.6056779999999833
21
-70.8988119999999924
0
LINE
8
BLACK
6
CONTINUOUS
10
133.6056779999999833
20
-70.8988119999999924
11
133.6571610000000021
21
-70.9758629999999897
0
LINE
8
BLACK
6
CONTINUOUS
10
133.6571610000000021
20
-70.9758629999999897
11
133.6752400000000023
21
-71.066749999999999
0
LINE
8
BLACK
6
CONTINUOUS
10
133.6752400000000023
20
-71.066749999999999
11
133.6752400000000023
21
-71.5417499999999933
0
LINE
8
BLACK
6
CONTINUOUS
10
133.6752400000000023
20
-71.5417499999999933
11
133.6571610000000021
21
-71.6326370000000026
0
LINE
8
BLACK
6
CONTINUOUS
10
133.6571610000000021
20
-71.6326370000000026
11
133.6056779999999833
21
-71.7096879999999999
0
LINE
8
BLACK
6
CONTINUOUS
10
133.6056779999999833
20
-71.7096879999999999
11
133.5286270000000002
21
-71.7611709999999903
0
LINE
8
BLACK
6
CONTINUOUS
10
133.5286270000000002
20
-71.7611709999999903
11
133.4377399999999909
21
-71.7792499999999905
0
LINE
8
BLACK
6
CONTINUOUS
10
133.4377399999999909
20
-71.7792499999999905
11
132.8377399999999966
21
-71.7792499999999905
0
LINE
8
BLACK
6
CONTINUOUS
10
132.8377399999999966
20
-71.7792499999999905
11
132.7468529999999873
21
-71.7611709999999903
0
LINE
8
BLACK
6
CONTINUOUS
10
132.7468529999999873
20
-71.7611709999999903
11
132.6698020000000042
21
-71.7096879999999999
0
LINE
8
BLACK
6
CONTINUOUS
10
132.6698020000000042
20
-71.7096879999999999
11
132.6183189999999854
21
-71.6326370000000026
0
LINE
8
BLACK
6
CONTINUOUS
10
132.6183189999999854
20
-71.6326370000000026
11
132.6002399999999852
21
-71.5417499999999933
0
LINE
8
BLACK
6
CONTINUOUS
10
132.6002399999999852
20
-71.5417499999999933
11
132.6002399999999852
21
-71.066749999999999
0
LINE
8
BLACK
6
CONTINUOUS
10
132.6002399999999852
20
-71.066749999999999
11
132.6183189999999854
21
-70.9758629999999897
0
LINE
8
BLACK
6
CONTINUOUS
10
132.6183189999999854
20
-70.9758629999999897
11
132.6698020000000042
21
-70.8988119999999924
0
LINE
8
BLACK
6
CONTINUOUS
10
132.6698020000000042
20
-70.8988119999999924
11
132.7468529999999873
21
-70.847329000000002
0
LINE
8
BLACK
6
CONTINUOUS
10
132.7468529999999873
20
-70.847329000000002
11
132.8377399999999966
21
-70.8292500000000018
0
LINE
8
BLACK
6
CONTINUOUS
10
132.8377399999999966
20
-70.8292500000000018
11
133.4377399999999909
21
-70.8292500000000018
0
LINE
8
BLACK
6
CONTINUOUS
10
133.4377399999999909
20
-70.8292500000000018
11
133.5286270000000002
21
-70.847329000000002
0
LINE
8
BLACK
6
CONTINUOUS
10
135.2536269999999945
20
-70.847329000000002
11
135.330678000000006
21
-70.8988119999999924
0
LINE
8
BLACK
6
CONTINUOUS
10
135.330678000000006
20
-70.8988119999999924
11
135.3821609999999964
21
-70.9758629999999897
0
LINE
8
BLACK
6
CONTINUOUS
10
135.3821609999999964
20
-70.9758629999999897
11
135.4002399999999966
21
-71.066749999999999
0
LINE
8
BLACK
6
CONTINUOUS
10
135.4002399999999966
20
-71.066749999999999
11
135.4002399999999966
21
-71.5417499999999933
0
LINE
8
BLACK
6
CONTINUOUS
10
135.4002399999999966
20
-71.5417499999999933
11
135.3821609999999964
21
-71.6326370000000026
0
LINE
8
BLACK
6
CONTINUOUS
10
135.3821609999999964
20
-71.6326370000000026
11
135.330678000000006
21
-71.7096879999999999
0
LINE
8
BLACK
6
CONTINUOUS
10
135.330678000000006
20
-71.7096879999999999
11
135.2536269999999945
21
-71.7611709999999903
0
LINE
8
BLACK
6
CONTINUOUS
10
135.2536269999999945
20
-71.7611709999999903
11
135.1627399999999852
21
-71.7792499999999905
0
LINE
8
BLACK
6
CONTINUOUS
10
135.1627399999999852
20
-71.7792499999999905
11
134.5627399999999909
21
-71.7792499999999905
0
LINE
8
BLACK
6
CONTINUOUS
10
134.5627399999999909
20
-71.7792499999999905
11
134.4718529999999816
21
-71.7611709999999903
0
LINE
8
BLACK
6
CONTINUOUS
10
134.4718529999999816
20
-71.7611709999999903
11
134.3948019999999985
21
-71.7096879999999999
0
LINE
8
BLACK
6
CONTINUOUS
10
134.3948019999999985
20
-71.7096879999999999
11
134.3433189999999797
21
-71.6326370000000026
0
LINE
8
BLACK
6
CONTINUOUS
10
134.3433189999999797
20
-71.6326370000000026
11
134.325240000000008
21
-71.5417499999999933
0
LINE
8
BLACK
6
CONTINUOUS
10
134.325240000000008
20
-71.5417499999999933
11
134.325240000000008
21
-71.066749999999999
0
LINE
8
BLACK
6
CONTINUOUS
10
134.325240000000008
20
-71.066749999999999
11
134.3433189999999797
21
-70.9758629999999897
0
LINE
8
BLACK
6
CONTINUOUS
10
134.3433189999999797
20
-70.9758629999999897
11
134.3948019999999985
21
-70.8988119999999924
0
LINE
8
BLACK
6
CONTINUOUS
10
134.3948019999999985
20
-70.8988119999999924
11
134.4718529999999816
21
-70.847329000000002
0
LINE
8
BLACK
6
CONTINUOUS
10
134.4718529999999816
20
-70.847329000000002
11
134.5627399999999909
21
-70.8292500000000018
0
LINE
8
BLACK
6
CONTINUOUS
10
134.5627399999999909
20
-70.8292500000000018
11
135.1627399999999852
21
-70.8292500000000018
0
LINE
8
BLACK
6
CONTINUOUS
10
135.1627399999999852
20
-70.8292500000000018
11
135.2536269999999945
21
-70.847329000000002
0
LINE
8
BLACK
6
CONTINUOUS
10
164.2626269999999806
20
-70.7203289999999924
11
164.3396779999999922
21
-70.7718119999999971
0
LINE
8
BLACK
6
CONTINUOUS
10
164.3396779999999922
20
-70.7718119999999971
11
164.3911609999999826
21
-70.8488629999999944
0
LINE
8
BLACK
6
CONTINUOUS
10
164.3911609999999826
20
-70.8488629999999944
11
164.4092399999999827
21
-70.9397500000000036
0
LINE
8
BLACK
6
CONTINUOUS
10
164.4092399999999827
20
-70.9397500000000036
11
164.4092399999999827
21
-71.414749999999998
0
LINE
8
BLACK
6
CONTINUOUS
10
164.4092399999999827
20
-71.414749999999998
11
164.3911609999999826
21
-71.505636999999993
0
LINE
8
BLACK
6
CONTINUOUS
10
164.3911609999999826
20
-71.505636999999993
11
164.3396779999999922
21
-71.5826879999999903
0
LINE
8
BLACK
6
CONTINUOUS
10
164.3396779999999922
20
-71.5826879999999903
11
164.2626269999999806
21
-71.6341709999999949
0
LINE
8
BLACK
6
CONTINUOUS
10
164.2626269999999806
20
-71.6341709999999949
11
164.1717399999999998
21
-71.6522499999999951
0
LINE
8
BLACK
6
CONTINUOUS
10
164.1717399999999998
20
-71.6522499999999951
11
163.5717400000000055
21
-71.6522499999999951
0
LINE
8
BLACK
6
CONTINUOUS
10
163.5717400000000055
20
-71.6522499999999951
11
163.4808529999999962
21
-71.6341709999999949
0
LINE
8
BLACK
6
CONTINUOUS
10
163.4808529999999962
20
-71.6341709999999949
11
163.4038019999999847
21
-71.5826879999999903
0
LINE
8
BLACK
6
CONTINUOUS
10
163.4038019999999847
20
-71.5826879999999903
11
163.3523189999999943
21
-71.505636999999993
0
LINE
8
BLACK
6
CONTINUOUS
10
163.3523189999999943
20
-71.505636999999993
11
163.3342399999999941
21
-71.414749999999998
0
LINE
8
BLACK
6
CONTINUOUS
10
163.3342399999999941
20
-71.414749999999998
11
163.3342399999999941
21
-70.9397500000000036
0
LINE
8
BLACK
6
CONTINUOUS
10
163.3342399999999941
20
-70.9397500000000036
11
163.3523189999999943
21
-70.8488629999999944
0
LINE
8
BLACK
6
CONTINUOUS
10
163.3523189999999943
20
-70.8488629999999944
11
163.4038019999999847
21
-70.7718119999999971
0
LINE
8
BLACK
6
CONTINUOUS
10
163.4038019999999847
20
-70.7718119999999971
11
163.4808529999999962
21
-70.7203289999999924
0
LINE
8
BLACK
6
CONTINUOUS
10
163.4808529999999962
20
-70.7203289999999924
11
163.5717400000000055
21
-70.7022499999999923
0
LINE
8
BLACK
6
CONTINUOUS
10
163.5717400000000055
20
-70.7022499999999923
11
164.1717399999999998
21
-70.7022499999999923
0
LINE
8
BLACK
6
CONTINUOUS
10
164.1717399999999998
20
-70.7022499999999923
11
164.2626269999999806
21
-70.7203289999999924
0
LINE
8
BLACK
6
CONTINUOUS
10
165.9876270000000034
20
-70.7203289999999924
11
166.0646779999999865
21
-70.7718119999999971
0
LINE
8
BLACK
6
CONTINUOUS
10
166.0646779999999865
20
-70.7718119999999971
11
166.1161610000000053
21
-70.8488629999999944
0
LINE
8
BLACK
6
CONTINUOUS
10
166.1161610000000053
20
-70.8488629999999944
11
166.1342400000000055
21
-70.9397500000000036
0
LINE
8
BLACK
6
CONTINUOUS
10
166.1342400000000055
20
-70.9397500000000036
11
166.1342400000000055
21
-71.414749999999998
0
LINE
8
BLACK
6
CONTINUOUS
10
166.1342400000000055
20
-71.414749999999998
11
166.1161610000000053
21
-71.505636999999993
0
LINE
8
BLACK
6
CONTINUOUS
10
166.1161610000000053
20
-71.505636999999993
11
166.0646779999999865
21
-71.5826879999999903
0
LINE
8
BLACK
6
CONTINUOUS
10
166.0646779999999865
20
-71.5826879999999903
11
165.9876270000000034
21
-71.6341709999999949
0
LINE
8
BLACK
6
CONTINUOUS
10
165.9876270000000034
20
-71.6341709999999949
11
165.8967399999999941
21
-71.6522499999999951
0
LINE
8
BLACK
6
CONTINUOUS
10
165.8967399999999941
20
-71.6522499999999951
11
165.2967399999999998
21
-71.6522499999999951
0
LINE
8
BLACK
6
CONTINUOUS
10
165.2967399999999998
20
-71.6522499999999951
11
165.2058529999999905
21
-71.6341709999999949
0
LINE
8
BLACK
6
CONTINUOUS
10
165.2058529999999905
20
-71.6341709999999949
11
165.128801999999979
21
-71.5826879999999903
0
LINE
8
BLACK
6
CONTINUOUS
10
165.128801999999979
20
-71.5826879999999903
11
165.0773189999999886
21
-71.505636999999993
0
LINE
8
BLACK
6
CONTINUOUS
10
165.0773189999999886
20
-71.505636999999993
11
165.0592399999999884
21
-71.414749999999998
0
LINE
8
BLACK
6
CONTINUOUS
10
165.0592399999999884
20
-71.414749999999998
11
165.0592399999999884
21
-70.9397500000000036
0
LINE
8
BLACK
6
CONTINUOUS
10
165.0592399999999884
20
-70.9397500000000036
11
165.0773189999999886
21
-70.8488629999999944
0
LINE
8
BLACK
6
CONTINUOUS
10
165.0773189999999886
20
-70.8488629999999944
11
165.128801999999979
21
-70.7718119999999971
0
LINE
8
BLACK
6
CONTINUOUS
10
165.128801999999979
20
-70.7718119999999971
11
165.2058529999999905
21
-70.7203289999999924
0
LINE
8
BLACK
6
CONTINUOUS
10
165.2058529999999905
20
-70.7203289999999924
11
165.2967399999999998
21
-70.7022499999999923
0
LINE
8
BLACK
6
CONTINUOUS
10
165.2967399999999998
20
-70.7022499999999923
11
165.8967399999999941
21
-70.7022499999999923
0
LINE
8
BLACK
6
CONTINUOUS
10
165.8967399999999941
20
-70.7022499999999923
11
165.9876270000000034
21
-70.7203289999999924
0
LINE
8
BLACK
6
CONTINUOUS
10
130.5526710000000037
20
-69.1012800000000027
11
130.6337769999999807
21
-69.1554730000000006
0
LINE
8
BLACK
6
CONTINUOUS
10
130.6337769999999807
20
-69.1554730000000006
11
130.6879700000000071
21
-69.2365789999999919
0
LINE
8
BLACK
6
CONTINUOUS
10
130.6879700000000071
20
-69.2365789999999919
11
130.7069989999999962
21
-69.3322500000000019
0
LINE
8
BLACK
6
CONTINUOUS
10
130.7069989999999962
20
-69.3322500000000019
11
130.7069999999999936
21
-70.2322509999999909
0
LINE
8
BLACK
6
CONTINUOUS
10
130.7069999999999936
20
-70.2322509999999909
11
130.6879700000000071
21
-70.3279210000000035
0
LINE
8
BLACK
6
CONTINUOUS
10
130.6879700000000071
20
-70.3279210000000035
11
130.6337769999999807
21
-70.4090269999999947
0
LINE
8
BLACK
6
CONTINUOUS
10
130.6337769999999807
20
-70.4090269999999947
11
130.5526710000000037
21
-70.4632199999999926
0
LINE
8
BLACK
6
CONTINUOUS
10
130.5526710000000037
20
-70.4632199999999926
11
130.4569999999999936
21
-70.4822489999999959
0
LINE
8
BLACK
6
CONTINUOUS
10
130.4569999999999936
20
-70.4822489999999959
11
127.6069989999999876
21
-70.4822499999999934
0
LINE
8
BLACK
6
CONTINUOUS
10
127.6069989999999876
20
-70.4822499999999934
11
127.5113289999999893
21
-70.4632199999999926
0
LINE
8
BLACK
6
CONTINUOUS
10
127.5113289999999893
20
-70.4632199999999926
11
127.430222999999998
21
-70.4090269999999947
0
LINE
8
BLACK
6
CONTINUOUS
10
127.430222999999998
20
-70.4090269999999947
11
127.3760300000000001
21
-70.3279210000000035
0
LINE
8
BLACK
6
CONTINUOUS
10
127.3760300000000001
20
-70.3279210000000035
11
127.3570009999999968
21
-70.2322499999999934
0
LINE
8
BLACK
6
CONTINUOUS
10
127.3570009999999968
20
-70.2322499999999934
11
127.3569999999999993
21
-69.3322489999999902
0
LINE
8
BLACK
6
CONTINUOUS
10
127.3569999999999993
20
-69.3322489999999902
11
127.3760300000000001
21
-69.2365789999999919
0
LINE
8
BLACK
6
CONTINUOUS
10
127.3760300000000001
20
-69.2365789999999919
11
127.430222999999998
21
-69.1554730000000006
0
LINE
8
BLACK
6
CONTINUOUS
10
127.430222999999998
20
-69.1554730000000006
11
127.5113289999999893
21
-69.1012800000000027
0
LINE
8
BLACK
6
CONTINUOUS
10
127.5113289999999893
20
-69.1012800000000027
11
127.6069999999999993
21
-69.0822509999999994
0
LINE
8
BLACK
6
CONTINUOUS
10
127.6069999999999993
20
-69.0822509999999994
11
130.4570009999999911
21
-69.0822500000000019
0
LINE
8
BLACK
6
CONTINUOUS
10
130.4570009999999911
20
-69.0822500000000019
11
130.5526710000000037
21
-69.1012800000000027
0
LINE
8
BLACK
6
CONTINUOUS
10
171.19267099999999
20
-69.0440299999999922
11
171.2737769999999955
21
-69.0982229999999902
0
LINE
8
BLACK
6
CONTINUOUS
10
171.2737769999999955
20
-69.0982229999999902
11
171.3279699999999934
21
-69.1793289999999956
0
LINE
8
BLACK
6
CONTINUOUS
10
171.3279699999999934
20
-69.1793289999999956
11
171.3469989999999825
21
-69.2749999999999915
0
LINE
8
BLACK
6
CONTINUOUS
10
171.3469989999999825
20
-69.2749999999999915
11
171.34699999999998
21
-70.1750009999999946
0
LINE
8
BLACK
6
CONTINUOUS
10
171.34699999999998
20
-70.1750009999999946
11
171.3279699999999934
21
-70.270670999999993
0
LINE
8
BLACK
6
CONTINUOUS
10
171.3279699999999934
20
-70.270670999999993
11
171.2737769999999955
21
-70.3517769999999985
0
LINE
8
BLACK
6
CONTINUOUS
10
171.2737769999999955
20
-70.3517769999999985
11
171.19267099999999
21
-70.4059699999999964
0
LINE
8
BLACK
6
CONTINUOUS
10
171.19267099999999
20
-70.4059699999999964
11
171.09699999999998
21
-70.4249989999999997
0
LINE
8
BLACK
6
CONTINUOUS
10
171.09699999999998
20
-70.4249989999999997
11
168.2469989999999882
21
-70.4249999999999972
0
LINE
8
BLACK
6
CONTINUOUS
10
168.2469989999999882
20
-70.4249999999999972
11
168.151329000000004
21
-70.4059699999999964
0
LINE
8
BLACK
6
CONTINUOUS
10
168.151329000000004
20
-70.4059699999999964
11
168.0702229999999986
21
-70.3517769999999985
0
LINE
8
BLACK
6
CONTINUOUS
10
168.0702229999999986
20
-70.3517769999999985
11
168.0160300000000007
21
-70.270670999999993
0
LINE
8
BLACK
6
CONTINUOUS
10
168.0160300000000007
20
-70.270670999999993
11
167.9970009999999832
21
-70.1749999999999972
0
LINE
8
BLACK
6
CONTINUOUS
10
167.9970009999999832
20
-70.1749999999999972
11
167.9969999999999857
21
-69.274998999999994
0
LINE
8
BLACK
6
CONTINUOUS
10
167.9969999999999857
20
-69.274998999999994
11
168.0160300000000007
21
-69.1793289999999956
0
LINE
8
BLACK
6
CONTINUOUS
10
168.0160300000000007
20
-69.1793289999999956
11
168.0702229999999986
21
-69.0982229999999902
0
LINE
8
BLACK
6
CONTINUOUS
10
168.0702229999999986
20
-69.0982229999999902
11
168.151329000000004
21
-69.0440299999999922
0
LINE
8
BLACK
6
CONTINUOUS
10
168.151329000000004
20
-69.0440299999999922
11
168.2469999999999857
21
-69.0250010000000032
0
LINE
8
BLACK
6
CONTINUOUS
10
168.2469999999999857
20
-69.0250010000000032
11
171.0970010000000059
21
-69.0249999999999915
0
LINE
8
BLACK
6
CONTINUOUS
10
171.0970010000000059
20
-69.0249999999999915
11
171.19267099999999
21
-69.0440299999999922
0
LINE
8
BLACK
6
CONTINUOUS
10
132.3026429999999891
20
-68.2436679999999996
11
132.3513059999999939
21
-68.2761840000000007
0
LINE
8
BLACK
6
CONTINUOUS
10
132.3513059999999939
20
-68.2761840000000007
11
132.3838219999999808
21
-68.3248469999999912
0
LINE
8
BLACK
6
CONTINUOUS
10
132.3838219999999808
20
-68.3248469999999912
11
132.3952400000000011
21
-68.3822499999999991
0
LINE
8
BLACK
6
CONTINUOUS
10
132.3952400000000011
20
-68.3822499999999991
11
132.3952400000000011
21
-70.0322499999999906
0
LINE
8
BLACK
6
CONTINUOUS
10
132.3952400000000011
20
-70.0322499999999906
11
132.3838219999999808
21
-70.0896529999999984
0
LINE
8
BLACK
6
CONTINUOUS
10
132.3838219999999808
20
-70.0896529999999984
11
132.3513059999999939
21
-70.1383160000000032
0
LINE
8
BLACK
6
CONTINUOUS
10
132.3513059999999939
20
-70.1383160000000032
11
132.3026429999999891
21
-70.1708319999999901
0
LINE
8
BLACK
6
CONTINUOUS
10
132.3026429999999891
20
-70.1708319999999901
11
132.2452399999999955
21
-70.1822499999999962
0
LINE
8
BLACK
6
CONTINUOUS
10
132.2452399999999955
20
-70.1822499999999962
11
131.9452399999999841
21
-70.1822499999999962
0
LINE
8
BLACK
6
CONTINUOUS
10
131.9452399999999841
20
-70.1822499999999962
11
131.8878369999999904
21
-70.1708319999999901
0
LINE
8
BLACK
6
CONTINUOUS
10
131.8878369999999904
20
-70.1708319999999901
11
131.8391739999999857
21
-70.1383160000000032
0
LINE
8
BLACK
6
CONTINUOUS
10
131.8391739999999857
20
-70.1383160000000032
11
131.8066579999999988
21
-70.0896529999999984
0
LINE
8
BLACK
6
CONTINUOUS
10
131.8066579999999988
20
-70.0896529999999984
11
131.7952400000000068
21
-70.0322499999999906
0
LINE
8
BLACK
6
CONTINUOUS
10
131.7952400000000068
20
-70.0322499999999906
11
131.7952400000000068
21
-68.3822499999999991
0
LINE
8
BLACK
6
CONTINUOUS
10
131.7952400000000068
20
-68.3822499999999991
11
131.8066579999999988
21
-68.3248469999999912
0
LINE
8
BLACK
6
CONTINUOUS
10
131.8066579999999988
20
-68.3248469999999912
11
131.8391739999999857
21
-68.2761840000000007
0
LINE
8
BLACK
6
CONTINUOUS
10
131.8391739999999857
20
-68.2761840000000007
11
131.8878369999999904
21
-68.2436679999999996
0
LINE
8
BLACK
6
CONTINUOUS
10
131.8878369999999904
20
-68.2436679999999996
11
131.9452399999999841
21
-68.2322499999999934
0
LINE
8
BLACK
6
CONTINUOUS
10
131.9452399999999841
20
-68.2322499999999934
11
132.2452399999999955
21
-68.2322499999999934
0
LINE
8
BLACK
6
CONTINUOUS
10
132.2452399999999955
20
-68.2322499999999934
11
132.3026429999999891
21
-68.2436679999999996
0
LINE
8
BLACK
6
CONTINUOUS
10
133.5726429999999993
20
-68.2436679999999996
11
133.6213060000000041
21
-68.2761840000000007
0
LINE
8
BLACK
6
CONTINUOUS
10
133.6213060000000041
20
-68.2761840000000007
11
133.653821999999991
21
-68.3248469999999912
0
LINE
8
BLACK
6
CONTINUOUS
10
133.653821999999991
20
-68.3248469999999912
11
133.665239999999983
21
-68.3822499999999991
0
LINE
8
BLACK
6
CONTINUOUS
10
133.665239999999983
20
-68.3822499999999991
11
133.665239999999983
21
-70.0322499999999906
0
LINE
8
BLACK
6
CONTINUOUS
10
133.665239999999983
20
-70.0322499999999906
11
133.653821999999991
21
-70.0896529999999984
0
LINE
8
BLACK
6
CONTINUOUS
10
133.653821999999991
20
-70.0896529999999984
11
133.6213060000000041
21
-70.1383160000000032
0
LINE
8
BLACK
6
CONTINUOUS
10
133.6213060000000041
20
-70.1383160000000032
11
133.5726429999999993
21
-70.1708319999999901
0
LINE
8
BLACK
6
CONTINUOUS
10
133.5726429999999993
20
-70.1708319999999901
11
133.5152400000000057
21
-70.1822499999999962
0
LINE
8
BLACK
6
CONTINUOUS
10
133.5152400000000057
20
-70.1822499999999962
11
133.2152399999999943
21
-70.1822499999999962
0
LINE
8
BLACK
6
CONTINUOUS
10
133.2152399999999943
20
-70.1822499999999962
11
133.1578370000000007
21
-70.1708319999999901
0
LINE
8
BLACK
6
CONTINUOUS
10
133.1578370000000007
20
-70.1708319999999901
11
133.1091739999999959
21
-70.1383160000000032
0
LINE
8
BLACK
6
CONTINUOUS
10
133.1091739999999959
20
-70.1383160000000032
11
133.0766579999999806
21
-70.0896529999999984
0
LINE
8
BLACK
6
CONTINUOUS
10
133.0766579999999806
20
-70.0896529999999984
11
133.0652399999999886
21
-70.0322499999999906
0
LINE
8
BLACK
6
CONTINUOUS
10
133.0652399999999886
20
-70.0322499999999906
11
133.0652399999999886
21
-68.3822499999999991
0
LINE
8
BLACK
6
CONTINUOUS
10
133.0652399999999886
20
-68.3822499999999991
11
133.0766579999999806
21
-68.3248469999999912
0
LINE
8
BLACK
6
CONTINUOUS
10
133.0766579999999806
20
-68.3248469999999912
11
133.1091739999999959
21
-68.2761840000000007
0
LINE
8
BLACK
6
CONTINUOUS
10
133.1091739999999959
20
-68.2761840000000007
11
133.1578370000000007
21
-68.2436679999999996
0
LINE
8
BLACK
6
CONTINUOUS
10
133.1578370000000007
20
-68.2436679999999996
11
133.2152399999999943
21
-68.2322499999999934
0
LINE
8
BLACK
6
CONTINUOUS
10
133.2152399999999943
20
-68.2322499999999934
11
133.5152400000000057
21
-68.2322499999999934
0
LINE
8
BLACK
6
CONTINUOUS
10
133.5152400000000057
20
-68.2322499999999934
11
133.5726429999999993
21
-68.2436679999999996
0
LINE
8
BLACK
6
CONTINUOUS
10
134.8426429999999812
20
-68.2436679999999996
11
134.8913059999999859
21
-68.2761840000000007
0
LINE
8
BLACK
6
CONTINUOUS
10
134.8913059999999859
20
-68.2761840000000007
11
134.9238220000000013
21
-68.3248469999999912
0
LINE
8
BLACK
6
CONTINUOUS
10
134.9238220000000013
20
-68.3248469999999912
11
134.9352399999999932
21
-68.3822499999999991
0
LINE
8
BLACK
6
CONTINUOUS
10
134.9352399999999932
20
-68.3822499999999991
11
134.9352399999999932
21
-70.0322499999999906
0
LINE
8
BLACK
6
CONTINUOUS
10
134.9352399999999932
20
-70.0322499999999906
11
134.9238220000000013
21
-70.0896529999999984
0
LINE
8
BLACK
6
CONTINUOUS
10
134.9238220000000013
20
-70.0896529999999984
11
134.8913059999999859
21
-70.1383160000000032
0
LINE
8
BLACK
6
CONTINUOUS
10
134.8913059999999859
20
-70.1383160000000032
11
134.8426429999999812
21
-70.1708319999999901
0
LINE
8
BLACK
6
CONTINUOUS
10
134.8426429999999812
20
-70.1708319999999901
11
134.7852399999999875
21
-70.1822499999999962
0
LINE
8
BLACK
6
CONTINUOUS
10
134.7852399999999875
20
-70.1822499999999962
11
134.4852400000000046
21
-70.1822499999999962
0
LINE
8
BLACK
6
CONTINUOUS
10
134.4852400000000046
20
-70.1822499999999962
11
134.4278369999999825
21
-70.1708319999999901
0
LINE
8
BLACK
6
CONTINUOUS
10
134.4278369999999825
20
-70.1708319999999901
11
134.3791740000000061
21
-70.1383160000000032
0
LINE
8
BLACK
6
CONTINUOUS
10
134.3791740000000061
20
-70.1383160000000032
11
134.3466579999999908
21
-70.0896529999999984
0
LINE
8
BLACK
6
CONTINUOUS
10
134.3466579999999908
20
-70.0896529999999984
11
134.3352399999999989
21
-70.0322499999999906
0
LINE
8
BLACK
6
CONTINUOUS
10
134.3352399999999989
20
-70.0322499999999906
11
134.3352399999999989
21
-68.3822499999999991
0
LINE
8
BLACK
6
CONTINUOUS
10
134.3352399999999989
20
-68.3822499999999991
11
134.3466579999999908
21
-68.3248469999999912
0
LINE
8
BLACK
6
CONTINUOUS
10
134.3466579999999908
20
-68.3248469999999912
11
134.3791740000000061
21
-68.2761840000000007
0
LINE
8
BLACK
6
CONTINUOUS
10
134.3791740000000061
20
-68.2761840000000007
11
134.4278369999999825
21
-68.2436679999999996
0
LINE
8
BLACK
6
CONTINUOUS
10
134.4278369999999825
20
-68.2436679999999996
11
134.4852400000000046
21
-68.2322499999999934
0
LINE
8
BLACK
6
CONTINUOUS
10
134.4852400000000046
20
-68.2322499999999934
11
134.7852399999999875
21
-68.2322499999999934
0
LINE
8
BLACK
6
CONTINUOUS
10
134.7852399999999875
20
-68.2322499999999934
11
134.8426429999999812
21
-68.2436679999999996
0
LINE
8
BLACK
6
CONTINUOUS
10
136.1126429999999914
20
-68.2436679999999996
11
136.1613059999999962
21
-68.2761840000000007
0
LINE
8
BLACK
6
CONTINUOUS
10
136.1613059999999962
20
-68.2761840000000007
11
136.1938219999999831
21
-68.3248469999999912
0
LINE
8
BLACK
6
CONTINUOUS
10
136.1938219999999831
20
-68.3248469999999912
11
136.2052400000000034
21
-68.3822499999999991
0
LINE
8
BLACK
6
CONTINUOUS
10
136.2052400000000034
20
-68.3822499999999991
11
136.2052400000000034
21
-70.0322499999999906
0
LINE
8
BLACK
6
CONTINUOUS
10
136.2052400000000034
20
-70.0322499999999906
11
136.1938219999999831
21
-70.0896529999999984
0
LINE
8
BLACK
6
CONTINUOUS
10
136.1938219999999831
20
-70.0896529999999984
11
136.1613059999999962
21
-70.1383160000000032
0
LINE
8
BLACK
6
CONTINUOUS
10
136.1613059999999962
20
-70.1383160000000032
11
136.1126429999999914
21
-70.1708319999999901
0
LINE
8
BLACK
6
CONTINUOUS
10
136.1126429999999914
20
-70.1708319999999901
11
136.0552399999999977
21
-70.1822499999999962
0
LINE
8
BLACK
6
CONTINUOUS
10
136.0552399999999977
20
-70.1822499999999962
11
135.7552399999999864
21
-70.1822499999999962
0
LINE
8
BLACK
6
CONTINUOUS
10
135.7552399999999864
20
-70.1822499999999962
11
135.6978369999999927
21
-70.1708319999999901
0
LINE
8
BLACK
6
CONTINUOUS
10
135.6978369999999927
20
-70.1708319999999901
11
135.6491739999999879
21
-70.1383160000000032
0
LINE
8
BLACK
6
CONTINUOUS
10
135.6491739999999879
20
-70.1383160000000032
11
135.616658000000001
21
-70.0896529999999984
0
LINE
8
BLACK
6
CONTINUOUS
10
135.616658000000001
20
-70.0896529999999984
11
135.6052399999999807
21
-70.0322499999999906
0
LINE
8
BLACK
6
CONTINUOUS
10
135.6052399999999807
20
-70.0322499999999906
11
135.6052399999999807
21
-68.3822499999999991
0
LINE
8
BLACK
6
CONTINUOUS
10
135.6052399999999807
20
-68.3822499999999991
11
135.616658000000001
21
-68.3248469999999912
0
LINE
8
BLACK
6
CONTINUOUS
10
135.616658000000001
20
-68.3248469999999912
11
135.6491739999999879
21
-68.2761840000000007
0
LINE
8
BLACK
6
CONTINUOUS
10
135.6491739999999879
20
-68.2761840000000007
11
135.6978369999999927
21
-68.2436679999999996
0
LINE
8
BLACK
6
CONTINUOUS
10
135.6978369999999927
20
-68.2436679999999996
11
135.7552399999999864
21
-68.2322499999999934
0
LINE
8
BLACK
6
CONTINUOUS
10
135.7552399999999864
20
-68.2322499999999934
11
136.0552399999999977
21
-68.2322499999999934
0
LINE
8
BLACK
6
CONTINUOUS
10
136.0552399999999977
20
-68.2322499999999934
11
136.1126429999999914
21
-68.2436679999999996
0
LINE
8
BLACK
6
CONTINUOUS
10
163.036642999999998
20
-68.11666799999999
11
163.0853060000000028
21
-68.1491839999999911
0
LINE
8
BLACK
6
CONTINUOUS
10
163.0853060000000028
20
-68.1491839999999911
11
163.1178219999999897
21
-68.1978469999999959
0
LINE
8
BLACK
6
CONTINUOUS
10
163.1178219999999897
20
-68.1978469999999959
11
163.1292399999999816
21
-68.2552500000000038
0
LINE
8
BLACK
6
CONTINUOUS
10
163.1292399999999816
20
-68.2552500000000038
11
163.1292399999999816
21
-69.9052499999999952
0
LINE
8
BLACK
6
CONTINUOUS
10
163.1292399999999816
20
-69.9052499999999952
11
163.1178219999999897
21
-69.9626530000000031
0
LINE
8
BLACK
6
CONTINUOUS
10
163.1178219999999897
20
-69.9626530000000031
11
163.0853060000000028
21
-70.0113159999999937
0
LINE
8
BLACK
6
CONTINUOUS
10
163.0853060000000028
20
-70.0113159999999937
11
163.036642999999998
21
-70.0438319999999948
0
LINE
8
BLACK
6
CONTINUOUS
10
163.036642999999998
20
-70.0438319999999948
11
162.9792400000000043
21
-70.0552500000000009
0
LINE
8
BLACK
6
CONTINUOUS
10
162.9792400000000043
20
-70.0552500000000009
11
162.679239999999993
21
-70.0552500000000009
0
LINE
8
BLACK
6
CONTINUOUS
10
162.679239999999993
20
-70.0552500000000009
11
162.6218369999999993
21
-70.0438319999999948
0
LINE
8
BLACK
6
CONTINUOUS
10
162.6218369999999993
20
-70.0438319999999948
11
162.5731739999999945
21
-70.0113159999999937
0
LINE
8
BLACK
6
CONTINUOUS
10
162.5731739999999945
20
-70.0113159999999937
11
162.5406579999999792
21
-69.9626530000000031
0
LINE
8
BLACK
6
CONTINUOUS
10
162.5406579999999792
20
-69.9626530000000031
11
162.5292399999999873
21
-69.9052499999999952
0
LINE
8
BLACK
6
CONTINUOUS
10
162.5292399999999873
20
-69.9052499999999952
11
162.5292399999999873
21
-68.2552500000000038
0
LINE
8
BLACK
6
CONTINUOUS
10
162.5292399999999873
20
-68.2552500000000038
11
162.5406579999999792
21
-68.1978469999999959
0
LINE
8
BLACK
6
CONTINUOUS
10
162.5406579999999792
20
-68.1978469999999959
11
162.5731739999999945
21
-68.1491839999999911
0
LINE
8
BLACK
6
CONTINUOUS
10
162.5731739999999945
20
-68.1491839999999911
11
162.6218369999999993
21
-68.11666799999999
0
LINE
8
BLACK
6
CONTINUOUS
10
162.6218369999999993
20
-68.11666799999999
11
162.679239999999993
21
-68.1052499999999981
0
LINE
8
BLACK
6
CONTINUOUS
10
162.679239999999993
20
-68.1052499999999981
11
162.9792400000000043
21
-68.1052499999999981
0
LINE
8
BLACK
6
CONTINUOUS
10
162.9792400000000043
20
-68.1052499999999981
11
163.036642999999998
21
-68.11666799999999
0
LINE
8
BLACK
6
CONTINUOUS
10
164.3066429999999798
20
-68.11666799999999
11
164.3553059999999846
21
-68.1491839999999911
0
LINE
8
BLACK
6
CONTINUOUS
10
164.3553059999999846
20
-68.1491839999999911
11
164.3878219999999999
21
-68.1978469999999959
0
LINE
8
BLACK
6
CONTINUOUS
10
164.3878219999999999
20
-68.1978469999999959
11
164.3992399999999918
21
-68.2552500000000038
0
LINE
8
BLACK
6
CONTINUOUS
10
164.3992399999999918
20
-68.2552500000000038
11
164.3992399999999918
21
-69.9052499999999952
0
LINE
8
BLACK
6
CONTINUOUS
10
164.3992399999999918
20
-69.9052499999999952
11
164.3878219999999999
21
-69.9626530000000031
0
LINE
8
BLACK
6
CONTINUOUS
10
164.3878219999999999
20
-69.9626530000000031
11
164.3553059999999846
21
-70.0113159999999937
0
LINE
8
BLACK
6
CONTINUOUS
10
164.3553059999999846
20
-70.0113159999999937
11
164.3066429999999798
21
-70.0438319999999948
0
LINE
8
BLACK
6
CONTINUOUS
10
164.3066429999999798
20
-70.0438319999999948
11
164.2492399999999861
21
-70.0552500000000009
0
LINE
8
BLACK
6
CONTINUOUS
10
164.2492399999999861
20
-70.0552500000000009
11
163.9492400000000032
21
-70.0552500000000009
0
LINE
8
BLACK
6
CONTINUOUS
10
163.9492400000000032
20
-70.0552500000000009
11
163.8918369999999811
21
-70.0438319999999948
0
LINE
8
BLACK
6
CONTINUOUS
10
163.8918369999999811
20
-70.0438319999999948
11
163.8431740000000048
21
-70.0113159999999937
0
LINE
8
BLACK
6
CONTINUOUS
10
163.8431740000000048
20
-70.0113159999999937
11
163.8106579999999894
21
-69.9626530000000031
0
LINE
8
BLACK
6
CONTINUOUS
10
163.8106579999999894
20
-69.9626530000000031
11
163.7992399999999975
21
-69.9052499999999952
0
LINE
8
BLACK
6
CONTINUOUS
10
163.7992399999999975
20
-69.9052499999999952
11
163.7992399999999975
21
-68.2552500000000038
0
LINE
8
BLACK
6
CONTINUOUS
10
163.7992399999999975
20
-68.2552500000000038
11
163.8106579999999894
21
-68.1978469999999959
0
LINE
8
BLACK
6
CONTINUOUS
10
163.8106579999999894
20
-68.1978469999999959
11
163.8431740000000048
21
-68.1491839999999911
0
LINE
8
BLACK
6
CONTINUOUS
10
163.8431740000000048
20
-68.1491839999999911
11
163.8918369999999811
21
-68.11666799999999
0
LINE
8
BLACK
6
CONTINUOUS
10
163.8918369999999811
20
-68.11666799999999
11
163.9492400000000032
21
-68.1052499999999981
0
LINE
8
BLACK
6
CONTINUOUS
10
163.9492400000000032
20
-68.1052499999999981
11
164.2492399999999861
21
-68.1052499999999981
0
LINE
8
BLACK
6
CONTINUOUS
10
164.2492399999999861
20
-68.1052499999999981
11
164.3066429999999798
21
-68.11666799999999
0
LINE
8
BLACK
6
CONTINUOUS
10
165.57664299999999
20
-68.11666799999999
11
165.6253059999999948
21
-68.1491839999999911
0
LINE
8
BLACK
6
CONTINUOUS
10
165.6253059999999948
20
-68.1491839999999911
11
165.6578219999999817
21
-68.1978469999999959
0
LINE
8
BLACK
6
CONTINUOUS
10
165.6578219999999817
20
-68.1978469999999959
11
165.6692400000000021
21
-68.2552500000000038
0
LINE
8
BLACK
6
CONTINUOUS
10
165.6692400000000021
20
-68.2552500000000038
11
165.6692400000000021
21
-69.9052499999999952
0
LINE
8
BLACK
6
CONTINUOUS
10
165.6692400000000021
20
-69.9052499999999952
11
165.6578219999999817
21
-69.9626530000000031
0
LINE
8
BLACK
6
CONTINUOUS
10
165.6578219999999817
20
-69.9626530000000031
11
165.6253059999999948
21
-70.0113159999999937
0
LINE
8
BLACK
6
CONTINUOUS
10
165.6253059999999948
20
-70.0113159999999937
11
165.57664299999999
21
-70.0438319999999948
0
LINE
8
BLACK
6
CONTINUOUS
10
165.57664299999999
20
-70.0438319999999948
11
165.5192399999999964
21
-70.0552500000000009
0
LINE
8
BLACK
6
CONTINUOUS
10
165.5192399999999964
20
-70.0552500000000009
11
165.219239999999985
21
-70.0552500000000009
0
LINE
8
BLACK
6
CONTINUOUS
10
165.219239999999985
20
-70.0552500000000009
11
165.1618369999999913
21
-70.0438319999999948
0
LINE
8
BLACK
6
CONTINUOUS
10
165.1618369999999913
20
-70.0438319999999948
11
165.1131739999999866
21
-70.0113159999999937
0
LINE
8
BLACK
6
CONTINUOUS
10
165.1131739999999866
20
-70.0113159999999937
11
165.0806579999999997
21
-69.9626530000000031
0
LINE
8
BLACK
6
CONTINUOUS
10
165.0806579999999997
20
-69.9626530000000031
11
165.0692399999999793
21
-69.9052499999999952
0
LINE
8
BLACK
6
CONTINUOUS
10
165.0692399999999793
20
-69.9052499999999952
11
165.0692399999999793
21
-68.2552500000000038
0
LINE
8
BLACK
6
CONTINUOUS
10
165.0692399999999793
20
-68.2552500000000038
11
165.0806579999999997
21
-68.1978469999999959
0
LINE
8
BLACK
6
CONTINUOUS
10
165.0806579999999997
20
-68.1978469999999959
11
165.1131739999999866
21
-68.1491839999999911
0
LINE
8
BLACK
6
CONTINUOUS
10
165.1131739999999866
20
-68.1491839999999911
11
165.1618369999999913
21
-68.11666799999999
0
LINE
8
BLACK
6
CONTINUOUS
10
165.1618369999999913
20
-68.11666799999999
11
165.219239999999985
21
-68.1052499999999981
0
LINE
8
BLACK
6
CONTINUOUS
10
165.219239999999985
20
-68.1052499999999981
11
165.5192399999999964
21
-68.1052499999999981
0
LINE
8
BLACK
6
CONTINUOUS
10
165.5192399999999964
20
-68.1052499999999981
11
165.57664299999999
21
-68.11666799999999
0
LINE
8
BLACK
6
CONTINUOUS
10
166.8466430000000003
20
-68.11666799999999
11
166.895306000000005
21
-68.1491839999999911
0
LINE
8
BLACK
6
CONTINUOUS
10
166.895306000000005
20
-68.1491839999999911
11
166.9278219999999919
21
-68.1978469999999959
0
LINE
8
BLACK
6
CONTINUOUS
10
166.9278219999999919
20
-68.1978469999999959
11
166.9392399999999839
21
-68.2552500000000038
0
LINE
8
BLACK
6
CONTINUOUS
10
166.9392399999999839
20
-68.2552500000000038
11
166.9392399999999839
21
-69.9052499999999952
0
LINE
8
BLACK
6
CONTINUOUS
10
166.9392399999999839
20
-69.9052499999999952
11
166.9278219999999919
21
-69.9626530000000031
0
LINE
8
BLACK
6
CONTINUOUS
10
166.9278219999999919
20
-69.9626530000000031
11
166.895306000000005
21
-70.0113159999999937
0
LINE
8
BLACK
6
CONTINUOUS
10
166.895306000000005
20
-70.0113159999999937
11
166.8466430000000003
21
-70.0438319999999948
0
LINE
8
BLACK
6
CONTINUOUS
10
166.8466430000000003
20
-70.0438319999999948
11
166.7892400000000066
21
-70.0552500000000009
0
LINE
8
BLACK
6
CONTINUOUS
10
166.7892400000000066
20
-70.0552500000000009
11
166.4892399999999952
21
-70.0552500000000009
0
LINE
8
BLACK
6
CONTINUOUS
10
166.4892399999999952
20
-70.0552500000000009
11
166.4318370000000016
21
-70.0438319999999948
0
LINE
8
BLACK
6
CONTINUOUS
10
166.4318370000000016
20
-70.0438319999999948
11
166.3831739999999968
21
-70.0113159999999937
0
LINE
8
BLACK
6
CONTINUOUS
10
166.3831739999999968
20
-70.0113159999999937
11
166.3506579999999815
21
-69.9626530000000031
0
LINE
8
BLACK
6
CONTINUOUS
10
166.3506579999999815
20
-69.9626530000000031
11
166.3392399999999895
21
-69.9052499999999952
0
LINE
8
BLACK
6
CONTINUOUS
10
166.3392399999999895
20
-69.9052499999999952
11
166.3392399999999895
21
-68.2552500000000038
0
LINE
8
BLACK
6
CONTINUOUS
10
166.3392399999999895
20
-68.2552500000000038
11
166.3506579999999815
21
-68.1978469999999959
0
LINE
8
BLACK
6
CONTINUOUS
10
166.3506579999999815
20
-68.1978469999999959
11
166.3831739999999968
21
-68.1491839999999911
0
LINE
8
BLACK
6
CONTINUOUS
10
166.3831739999999968
20
-68.1491839999999911
11
166.4318370000000016
21
-68.11666799999999
0
LINE
8
BLACK
6
CONTINUOUS
10
166.4318370000000016
20
-68.11666799999999
11
166.4892399999999952
21
-68.1052499999999981
0
LINE
8
BLACK
6
CONTINUOUS
10
166.4892399999999952
20
-68.1052499999999981
11
166.7892400000000066
21
-68.1052499999999981
0
LINE
8
BLACK
6
CONTINUOUS
10
166.7892400000000066
20
-68.1052499999999981
11
166.8466430000000003
21
-68.11666799999999
0
LINE
8
BLACK
6
CONTINUOUS
10
147.6693549999999959
20
-67.6374569999999977
11
147.7180180000000007
21
-67.6699729999999988
0
LINE
8
BLACK
6
CONTINUOUS
10
147.7180180000000007
20
-67.6699729999999988
11
147.7505339999999876
21
-67.7186360000000036
0
LINE
8
BLACK
6
CONTINUOUS
10
147.7505339999999876
20
-67.7186360000000036
11
147.7619519999999795
21
-67.7760389999999973
0
LINE
8
BLACK
6
CONTINUOUS
10
147.7619519999999795
20
-67.7760389999999973
11
147.7619519999999795
21
-69.4260390000000029
0
LINE
8
BLACK
6
CONTINUOUS
10
147.7619519999999795
20
-69.4260390000000029
11
147.7505339999999876
21
-69.4834419999999966
0
LINE
8
BLACK
6
CONTINUOUS
10
147.7505339999999876
20
-69.4834419999999966
11
147.7180180000000007
21
-69.5321050000000014
0
LINE
8
BLACK
6
CONTINUOUS
10
147.7180180000000007
20
-69.5321050000000014
11
147.6693549999999959
21
-69.5646210000000025
0
LINE
8
BLACK
6
CONTINUOUS
10
147.6693549999999959
20
-69.5646210000000025
11
147.6119520000000023
21
-69.5760389999999944
0
LINE
8
BLACK
6
CONTINUOUS
10
147.6119520000000023
20
-69.5760389999999944
11
147.3119519999999909
21
-69.5760389999999944
0
LINE
8
BLACK
6
CONTINUOUS
10
147.3119519999999909
20
-69.5760389999999944
11
147.2545489999999972
21
-69.5646210000000025
0
LINE
8
BLACK
6
CONTINUOUS
10
147.2545489999999972
20
-69.5646210000000025
11
147.2058859999999925
21
-69.5321050000000014
0
LINE
8
BLACK
6
CONTINUOUS
10
147.2058859999999925
20
-69.5321050000000014
11
147.1733700000000056
21
-69.4834419999999966
0
LINE
8
BLACK
6
CONTINUOUS
10
147.1733700000000056
20
-69.4834419999999966
11
147.1619519999999852
21
-69.4260390000000029
0
LINE
8
BLACK
6
CONTINUOUS
10
147.1619519999999852
20
-69.4260390000000029
11
147.1619519999999852
21
-67.7760389999999973
0
LINE
8
BLACK
6
CONTINUOUS
10
147.1619519999999852
20
-67.7760389999999973
11
147.1733700000000056
21
-67.7186360000000036
0
LINE
8
BLACK
6
CONTINUOUS
10
147.1733700000000056
20
-67.7186360000000036
11
147.2058859999999925
21
-67.6699729999999988
0
LINE
8
BLACK
6
CONTINUOUS
10
147.2058859999999925
20
-67.6699729999999988
11
147.2545489999999972
21
-67.6374569999999977
0
LINE
8
BLACK
6
CONTINUOUS
10
147.2545489999999972
20
-67.6374569999999977
11
147.3119519999999909
21
-67.6260389999999916
0
LINE
8
BLACK
6
CONTINUOUS
10
147.3119519999999909
20
-67.6260389999999916
11
147.6119520000000023
21
-67.6260389999999916
0
LINE
8
BLACK
6
CONTINUOUS
10
147.6119520000000023
20
-67.6260389999999916
11
147.6693549999999959
21
-67.6374569999999977
0
LINE
8
BLACK
6
CONTINUOUS
10
148.9393550000000062
20
-67.6374569999999977
11
148.9880179999999825
21
-67.6699729999999988
0
LINE
8
BLACK
6
CONTINUOUS
10
148.9880179999999825
20
-67.6699729999999988
11
149.0205339999999978
21
-67.7186360000000036
0
LINE
8
BLACK
6
CONTINUOUS
10
149.0205339999999978
20
-67.7186360000000036
11
149.0319519999999898
21
-67.7760389999999973
0
LINE
8
BLACK
6
CONTINUOUS
10
149.0319519999999898
20
-67.7760389999999973
11
149.0319519999999898
21
-69.4260390000000029
0
LINE
8
BLACK
6
CONTINUOUS
10
149.0319519999999898
20
-69.4260390000000029
11
149.0205339999999978
21
-69.4834419999999966
0
LINE
8
BLACK
6
CONTINUOUS
10
149.0205339999999978
20
-69.4834419999999966
11
148.9880179999999825
21
-69.5321050000000014
0
LINE
8
BLACK
6
CONTINUOUS
10
148.9880179999999825
20
-69.5321050000000014
11
148.9393550000000062
21
-69.5646210000000025
0
LINE
8
BLACK
6
CONTINUOUS
10
148.9393550000000062
20
-69.5646210000000025
11
148.8819519999999841
21
-69.5760389999999944
0
LINE
8
BLACK
6
CONTINUOUS
10
148.8819519999999841
20
-69.5760389999999944
11
148.5819520000000011
21
-69.5760389999999944
0
LINE
8
BLACK
6
CONTINUOUS
10
148.5819520000000011
20
-69.5760389999999944
11
148.5245490000000075
21
-69.5646210000000025
0
LINE
8
BLACK
6
CONTINUOUS
10
148.5245490000000075
20
-69.5646210000000025
11
148.4758860000000027
21
-69.5321050000000014
0
LINE
8
BLACK
6
CONTINUOUS
10
148.4758860000000027
20
-69.5321050000000014
11
148.4433699999999874
21
-69.4834419999999966
0
LINE
8
BLACK
6
CONTINUOUS
10
148.4433699999999874
20
-69.4834419999999966
11
148.4319519999999955
21
-69.4260390000000029
0
LINE
8
BLACK
6
CONTINUOUS
10
148.4319519999999955
20
-69.4260390000000029
11
148.4319519999999955
21
-67.7760389999999973
0
LINE
8
BLACK
6
CONTINUOUS
10
148.4319519999999955
20
-67.7760389999999973
11
148.4433699999999874
21
-67.7186360000000036
0
LINE
8
BLACK
6
CONTINUOUS
10
148.4433699999999874
20
-67.7186360000000036
11
148.4758860000000027
21
-67.6699729999999988
0
LINE
8
BLACK
6
CONTINUOUS
10
148.4758860000000027
20
-67.6699729999999988
11
148.5245490000000075
21
-67.6374569999999977
0
LINE
8
BLACK
6
CONTINUOUS
10
148.5245490000000075
20
-67.6374569999999977
11
148.5819520000000011
21
-67.6260389999999916
0
LINE
8
BLACK
6
CONTINUOUS
10
148.5819520000000011
20
-67.6260389999999916
11
148.8819519999999841
21
-67.6260389999999916
0
LINE
8
BLACK
6
CONTINUOUS
10
148.8819519999999841
20
-67.6260389999999916
11
148.9393550000000062
21
-67.6374569999999977
0
LINE
8
BLACK
6
CONTINUOUS
10
150.209354999999988
20
-67.6374569999999977
11
150.2580179999999928
21
-67.6699729999999988
0
LINE
8
BLACK
6
CONTINUOUS
10
150.2580179999999928
20
-67.6699729999999988
11
150.2905339999999796
21
-67.7186360000000036
0
LINE
8
BLACK
6
CONTINUOUS
10
150.2905339999999796
20
-67.7186360000000036
11
150.301952
21
-67.7760389999999973
0
LINE
8
BLACK
6
CONTINUOUS
10
150.301952
20
-67.7760389999999973
11
150.301952
21
-69.4260390000000029
0
LINE
8
BLACK
6
CONTINUOUS
10
150.301952
20
-69.4260390000000029
11
150.2905339999999796
21
-69.4834419999999966
0
LINE
8
BLACK
6
CONTINUOUS
10
150.2905339999999796
20
-69.4834419999999966
11
150.2580179999999928
21
-69.5321050000000014
0
LINE
8
BLACK
6
CONTINUOUS
10
150.2580179999999928
20
-69.5321050000000014
11
150.209354999999988
21
-69.5646210000000025
0
LINE
8
BLACK
6
CONTINUOUS
10
150.209354999999988
20
-69.5646210000000025
11
150.1519519999999943
21
-69.5760389999999944
0
LINE
8
BLACK
6
CONTINUOUS
10
150.1519519999999943
20
-69.5760389999999944
11
149.8519519999999829
21
-69.5760389999999944
0
LINE
8
BLACK
6
CONTINUOUS
10
149.8519519999999829
20
-69.5760389999999944
11
149.7945489999999893
21
-69.5646210000000025
0
LINE
8
BLACK
6
CONTINUOUS
10
149.7945489999999893
20
-69.5646210000000025
11
149.7458859999999845
21
-69.5321050000000014
0
LINE
8
BLACK
6
CONTINUOUS
10
149.7458859999999845
20
-69.5321050000000014
11
149.7133699999999976
21
-69.4834419999999966
0
LINE
8
BLACK
6
CONTINUOUS
10
149.7133699999999976
20
-69.4834419999999966
11
149.7019520000000057
21
-69.4260390000000029
0
LINE
8
BLACK
6
CONTINUOUS
10
149.7019520000000057
20
-69.4260390000000029
11
149.7019520000000057
21
-67.7760389999999973
0
LINE
8
BLACK
6
CONTINUOUS
10
149.7019520000000057
20
-67.7760389999999973
11
149.7133699999999976
21
-67.7186360000000036
0
LINE
8
BLACK
6
CONTINUOUS
10
149.7133699999999976
20
-67.7186360000000036
11
149.7458859999999845
21
-67.6699729999999988
0
LINE
8
BLACK
6
CONTINUOUS
10
149.7458859999999845
20
-67.6699729999999988
11
149.7945489999999893
21
-67.6374569999999977
0
LINE
8
BLACK
6
CONTINUOUS
10
149.7945489999999893
20
-67.6374569999999977
11
149.8519519999999829
21
-67.6260389999999916
0
LINE
8
BLACK
6
CONTINUOUS
10
149.8519519999999829
20
-67.6260389999999916
11
150.1519519999999943
21
-67.6260389999999916
0
LINE
8
BLACK
6
CONTINUOUS
10
150.1519519999999943
20
-67.6260389999999916
11
150.209354999999988
21
-67.6374569999999977
0
LINE
8
BLACK
6
CONTINUOUS
10
151.4793549999999982
20
-67.6374569999999977
11
151.528018000000003
21
-67.6699729999999988
0
LINE
8
BLACK
6
CONTINUOUS
10
151.528018000000003
20
-67.6699729999999988
11
151.5605339999999899
21
-67.7186360000000036
0
LINE
8
BLACK
6
CONTINUOUS
10
151.5605339999999899
20
-67.7186360000000036
11
151.5719519999999818
21
-67.7760389999999973
0
LINE
8
BLACK
6
CONTINUOUS
10
151.5719519999999818
20
-67.7760389999999973
11
151.5719519999999818
21
-69.4260390000000029
0
LINE
8
BLACK
6
CONTINUOUS
10
151.5719519999999818
20
-69.4260390000000029
11
151.5605339999999899
21
-69.4834419999999966
0
LINE
8
BLACK
6
CONTINUOUS
10
151.5605339999999899
20
-69.4834419999999966
11
151.528018000000003
21
-69.5321050000000014
0
LINE
8
BLACK
6
CONTINUOUS
10
151.528018000000003
20
-69.5321050000000014
11
151.4793549999999982
21
-69.5646210000000025
0
LINE
8
BLACK
6
CONTINUOUS
10
151.4793549999999982
20
-69.5646210000000025
11
151.4219520000000045
21
-69.5760389999999944
0
LINE
8
BLACK
6
CONTINUOUS
10
151.4219520000000045
20
-69.5760389999999944
11
151.1219519999999932
21
-69.5760389999999944
0
LINE
8
BLACK
6
CONTINUOUS
10
151.1219519999999932
20
-69.5760389999999944
11
151.0645489999999995
21
-69.5646210000000025
0
LINE
8
BLACK
6
CONTINUOUS
10
151.0645489999999995
20
-69.5646210000000025
11
151.0158859999999947
21
-69.5321050000000014
0
LINE
8
BLACK
6
CONTINUOUS
10
151.0158859999999947
20
-69.5321050000000014
11
150.9833699999999794
21
-69.4834419999999966
0
LINE
8
BLACK
6
CONTINUOUS
10
150.9833699999999794
20
-69.4834419999999966
11
150.9719519999999875
21
-69.4260390000000029
0
LINE
8
BLACK
6
CONTINUOUS
10
150.9719519999999875
20
-69.4260390000000029
11
150.9719519999999875
21
-67.7760389999999973
0
LINE
8
BLACK
6
CONTINUOUS
10
150.9719519999999875
20
-67.7760389999999973
11
150.9833699999999794
21
-67.7186360000000036
0
LINE
8
BLACK
6
CONTINUOUS
10
150.9833699999999794
20
-67.7186360000000036
11
151.0158859999999947
21
-67.6699729999999988
0
LINE
8
BLACK
6
CONTINUOUS
10
151.0158859999999947
20
-67.6699729999999988
11
151.0645489999999995
21
-67.6374569999999977
0
LINE
8
BLACK
6
CONTINUOUS
10
151.0645489999999995
20
-67.6374569999999977
11
151.1219519999999932
21
-67.6260389999999916
0
LINE
8
BLACK
6
CONTINUOUS
10
151.1219519999999932
20
-67.6260389999999916
11
151.4219520000000045
21
-67.6260389999999916
0
LINE
8
BLACK
6
CONTINUOUS
10
151.4219520000000045
20
-67.6260389999999916
11
151.4793549999999982
21
-67.6374569999999977
0
LINE
8
BLACK
6
CONTINUOUS
10
147.6256269999999802
20
-65.7673290000000037
11
147.7026779999999917
21
-65.8188119999999941
0
LINE
8
BLACK
6
CONTINUOUS
10
147.7026779999999917
20
-65.8188119999999941
11
147.7541609999999821
21
-65.8958629999999914
0
LINE
8
BLACK
6
CONTINUOUS
10
147.7541609999999821
20
-65.8958629999999914
11
147.7722399999999823
21
-65.9867500000000007
0
LINE
8
BLACK
6
CONTINUOUS
10
147.7722399999999823
20
-65.9867500000000007
11
147.7722399999999823
21
-66.461749999999995
0
LINE
8
BLACK
6
CONTINUOUS
10
147.7722399999999823
20
-66.461749999999995
11
147.7541609999999821
21
-66.5526369999999901
0
LINE
8
BLACK
6
CONTINUOUS
10
147.7541609999999821
20
-66.5526369999999901
11
147.7026779999999917
21
-66.6296880000000016
0
LINE
8
BLACK
6
CONTINUOUS
10
147.7026779999999917
20
-66.6296880000000016
11
147.6256269999999802
21
-66.681170999999992
0
LINE
8
BLACK
6
CONTINUOUS
10
147.6256269999999802
20
-66.681170999999992
11
147.5347399999999993
21
-66.6992499999999922
0
LINE
8
BLACK
6
CONTINUOUS
10
147.5347399999999993
20
-66.6992499999999922
11
146.934740000000005
21
-66.6992499999999922
0
LINE
8
BLACK
6
CONTINUOUS
10
146.934740000000005
20
-66.6992499999999922
11
146.8438529999999957
21
-66.681170999999992
0
LINE
8
BLACK
6
CONTINUOUS
10
146.8438529999999957
20
-66.681170999999992
11
146.7668019999999842
21
-66.6296880000000016
0
LINE
8
BLACK
6
CONTINUOUS
10
146.7668019999999842
20
-66.6296880000000016
11
146.7153189999999938
21
-66.5526369999999901
0
LINE
8
BLACK
6
CONTINUOUS
10
146.7153189999999938
20
-66.5526369999999901
11
146.6972399999999936
21
-66.461749999999995
0
LINE
8
BLACK
6
CONTINUOUS
10
146.6972399999999936
20
-66.461749999999995
11
146.6972399999999936
21
-65.9867500000000007
0
LINE
8
BLACK
6
CONTINUOUS
10
146.6972399999999936
20
-65.9867500000000007
11
146.7153189999999938
21
-65.8958629999999914
0
LINE
8
BLACK
6
CONTINUOUS
10
146.7153189999999938
20
-65.8958629999999914
11
146.7668019999999842
21
-65.8188119999999941
0
LINE
8
BLACK
6
CONTINUOUS
10
146.7668019999999842
20
-65.8188119999999941
11
146.8438529999999957
21
-65.7673290000000037
0
LINE
8
BLACK
6
CONTINUOUS
10
146.8438529999999957
20
-65.7673290000000037
11
146.934740000000005
21
-65.7492500000000035
0
LINE
8
BLACK
6
CONTINUOUS
10
146.934740000000005
20
-65.7492500000000035
11
147.5347399999999993
21
-65.7492500000000035
0
LINE
8
BLACK
6
CONTINUOUS
10
147.5347399999999993
20
-65.7492500000000035
11
147.6256269999999802
21
-65.7673290000000037
0
LINE
8
BLACK
6
CONTINUOUS
10
149.3506270000000029
20
-65.7673290000000037
11
149.427677999999986
21
-65.8188119999999941
0
LINE
8
BLACK
6
CONTINUOUS
10
149.427677999999986
20
-65.8188119999999941
11
149.4791610000000048
21
-65.8958629999999914
0
LINE
8
BLACK
6
CONTINUOUS
10
149.4791610000000048
20
-65.8958629999999914
11
149.497240000000005
21
-65.9867500000000007
0
LINE
8
BLACK
6
CONTINUOUS
10
149.497240000000005
20
-65.9867500000000007
11
149.497240000000005
21
-66.461749999999995
0
LINE
8
BLACK
6
CONTINUOUS
10
149.497240000000005
20
-66.461749999999995
11
149.4791610000000048
21
-66.5526369999999901
0
LINE
8
BLACK
6
CONTINUOUS
10
149.4791610000000048
20
-66.5526369999999901
11
149.427677999999986
21
-66.6296880000000016
0
LINE
8
BLACK
6
CONTINUOUS
10
149.427677999999986
20
-66.6296880000000016
11
149.3506270000000029
21
-66.681170999999992
0
LINE
8
BLACK
6
CONTINUOUS
10
149.3506270000000029
20
-66.681170999999992
11
149.2597399999999936
21
-66.6992499999999922
0
LINE
8
BLACK
6
CONTINUOUS
10
149.2597399999999936
20
-66.6992499999999922
11
148.6597399999999993
21
-66.6992499999999922
0
LINE
8
BLACK
6
CONTINUOUS
10
148.6597399999999993
20
-66.6992499999999922
11
148.5688529999999901
21
-66.681170999999992
0
LINE
8
BLACK
6
CONTINUOUS
10
148.5688529999999901
20
-66.681170999999992
11
148.491802000000007
21
-66.6296880000000016
0
LINE
8
BLACK
6
CONTINUOUS
10
148.491802000000007
20
-66.6296880000000016
11
148.4403189999999881
21
-66.5526369999999901
0
LINE
8
BLACK
6
CONTINUOUS
10
148.4403189999999881
20
-66.5526369999999901
11
148.422239999999988
21
-66.461749999999995
0
LINE
8
BLACK
6
CONTINUOUS
10
148.422239999999988
20
-66.461749999999995
11
148.422239999999988
21
-65.9867500000000007
0
LINE
8
BLACK
6
CONTINUOUS
10
148.422239999999988
20
-65.9867500000000007
11
148.4403189999999881
21
-65.8958629999999914
0
LINE
8
BLACK
6
CONTINUOUS
10
148.4403189999999881
20
-65.8958629999999914
11
148.491802000000007
21
-65.8188119999999941
0
LINE
8
BLACK
6
CONTINUOUS
10
148.491802000000007
20
-65.8188119999999941
11
148.5688529999999901
21
-65.7673290000000037
0
LINE
8
BLACK
6
CONTINUOUS
10
148.5688529999999901
20
-65.7673290000000037
11
148.6597399999999993
21
-65.7492500000000035
0
LINE
8
BLACK
6
CONTINUOUS
10
148.6597399999999993
20
-65.7492500000000035
11
149.2597399999999936
21
-65.7492500000000035
0
LINE
8
BLACK
6
CONTINUOUS
10
149.2597399999999936
20
-65.7492500000000035
11
149.3506270000000029
21
-65.7673290000000037
0
LINE
8
BLACK
6
CONTINUOUS
10
137.9963869999999986
20
-65.2130789999999934
11
138.0734379999999817
21
-65.264561999999998
0
LINE
8
BLACK
6
CONTINUOUS
10
138.0734379999999817
20
-65.264561999999998
11
138.1249210000000005
21
-65.3416129999999953
0
LINE
8
BLACK
6
CONTINUOUS
10
138.1249210000000005
20
-65.3416129999999953
11
138.1430000000000007
21
-65.4324999999999903
0
LINE
8
BLACK
6
CONTINUOUS
10
138.1430000000000007
20
-65.4324999999999903
11
138.1430000000000007
21
-65.9324999999999903
0
LINE
8
BLACK
6
CONTINUOUS
10
138.1430000000000007
20
-65.9324999999999903
11
138.1249210000000005
21
-66.0233869999999996
0
LINE
8
BLACK
6
CONTINUOUS
10
138.1249210000000005
20
-66.0233869999999996
11
138.0734379999999817
21
-66.1004379999999969
0
LINE
8
BLACK
6
CONTINUOUS
10
138.0734379999999817
20
-66.1004379999999969
11
137.9963869999999986
21
-66.1519210000000015
0
LINE
8
BLACK
6
CONTINUOUS
10
137.9963869999999986
20
-66.1519210000000015
11
137.9054999999999893
21
-66.1700000000000017
0
LINE
8
BLACK
6
CONTINUOUS
10
137.9054999999999893
20
-66.1700000000000017
11
137.430499999999995
21
-66.1700000000000017
0
LINE
8
BLACK
6
CONTINUOUS
10
137.430499999999995
20
-66.1700000000000017
11
137.3396129999999857
21
-66.1519210000000015
0
LINE
8
BLACK
6
CONTINUOUS
10
137.3396129999999857
20
-66.1519210000000015
11
137.2625620000000026
21
-66.1004379999999969
0
LINE
8
BLACK
6
CONTINUOUS
10
137.2625620000000026
20
-66.1004379999999969
11
137.2110789999999838
21
-66.0233869999999996
0
LINE
8
BLACK
6
CONTINUOUS
10
137.2110789999999838
20
-66.0233869999999996
11
137.1929999999999836
21
-65.9324999999999903
0
LINE
8
BLACK
6
CONTINUOUS
10
137.1929999999999836
20
-65.9324999999999903
11
137.1929999999999836
21
-65.4324999999999903
0
LINE
8
BLACK
6
CONTINUOUS
10
137.1929999999999836
20
-65.4324999999999903
11
137.2110789999999838
21
-65.3416129999999953
0
LINE
8
BLACK
6
CONTINUOUS
10
137.2110789999999838
20
-65.3416129999999953
11
137.2625620000000026
21
-65.264561999999998
0
LINE
8
BLACK
6
CONTINUOUS
10
137.2625620000000026
20
-65.264561999999998
11
137.3396129999999857
21
-65.2130789999999934
0
LINE
8
BLACK
6
CONTINUOUS
10
137.3396129999999857
20
-65.2130789999999934
11
137.430499999999995
21
-65.1949999999999932
0
LINE
8
BLACK
6
CONTINUOUS
10
137.430499999999995
20
-65.1949999999999932
11
137.9054999999999893
21
-65.1949999999999932
0
LINE
8
BLACK
6
CONTINUOUS
10
137.9054999999999893
20
-65.1949999999999932
11
137.9963869999999986
21
-65.2130789999999934
0
LINE
8
BLACK
6
CONTINUOUS
10
139.6473869999999806
20
-65.113078999999999
11
139.7244379999999921
21
-65.1645620000000036
0
LINE
8
BLACK
6
CONTINUOUS
10
139.7244379999999921
20
-65.1645620000000036
11
139.7759209999999825
21
-65.241613000000001
0
LINE
8
BLACK
6
CONTINUOUS
10
139.7759209999999825
20
-65.241613000000001
11
139.7939999999999827
21
-65.332499999999996
0
LINE
8
BLACK
6
CONTINUOUS
10
139.7939999999999827
20
-65.332499999999996
11
139.7939999999999827
21
-65.9324999999999903
0
LINE
8
BLACK
6
CONTINUOUS
10
139.7939999999999827
20
-65.9324999999999903
11
139.7759209999999825
21
-66.0233869999999996
0
LINE
8
BLACK
6
CONTINUOUS
10
139.7759209999999825
20
-66.0233869999999996
11
139.7244379999999921
21
-66.1004379999999969
0
LINE
8
BLACK
6
CONTINUOUS
10
139.7244379999999921
20
-66.1004379999999969
11
139.6473869999999806
21
-66.1519210000000015
0
LINE
8
BLACK
6
CONTINUOUS
10
139.6473869999999806
20
-66.1519210000000015
11
139.5564999999999998
21
-66.1700000000000017
0
LINE
8
BLACK
6
CONTINUOUS
10
139.5564999999999998
20
-66.1700000000000017
11
139.0815000000000055
21
-66.1700000000000017
0
LINE
8
BLACK
6
CONTINUOUS
10
139.0815000000000055
20
-66.1700000000000017
11
138.9906129999999962
21
-66.1519210000000015
0
LINE
8
BLACK
6
CONTINUOUS
10
138.9906129999999962
20
-66.1519210000000015
11
138.9135619999999847
21
-66.1004379999999969
0
LINE
8
BLACK
6
CONTINUOUS
10
138.9135619999999847
20
-66.1004379999999969
11
138.8620789999999943
21
-66.0233869999999996
0
LINE
8
BLACK
6
CONTINUOUS
10
138.8620789999999943
20
-66.0233869999999996
11
138.8439999999999941
21
-65.9324999999999903
0
LINE
8
BLACK
6
CONTINUOUS
10
138.8439999999999941
20
-65.9324999999999903
11
138.8439999999999941
21
-65.332499999999996
0
LINE
8
BLACK
6
CONTINUOUS
10
138.8439999999999941
20
-65.332499999999996
11
138.8620789999999943
21
-65.241613000000001
0
LINE
8
BLACK
6
CONTINUOUS
10
138.8620789999999943
20
-65.241613000000001
11
138.9135619999999847
21
-65.1645620000000036
0
LINE
8
BLACK
6
CONTINUOUS
10
138.9135619999999847
20
-65.1645620000000036
11
138.9906129999999962
21
-65.113078999999999
0
LINE
8
BLACK
6
CONTINUOUS
10
138.9906129999999962
20
-65.113078999999999
11
139.0815000000000055
21
-65.0949999999999989
0
LINE
8
BLACK
6
CONTINUOUS
10
139.0815000000000055
20
-65.0949999999999989
11
139.5564999999999998
21
-65.0949999999999989
0
LINE
8
BLACK
6
CONTINUOUS
10
139.5564999999999998
20
-65.0949999999999989
11
139.6473869999999806
21
-65.113078999999999
0
LINE
8
BLACK
6
CONTINUOUS
10
142.7608869999999968
20
-65.2020789999999977
11
142.8379379999999799
21
-65.2535620000000023
0
LINE
8
BLACK
6
CONTINUOUS
10
142.8379379999999799
20
-65.2535620000000023
11
142.8894209999999987
21
-65.3306129999999996
0
LINE
8
BLACK
6
CONTINUOUS
10
142.8894209999999987
20
-65.3306129999999996
11
142.9074999999999989
21
-65.4214999999999947
0
LINE
8
BLACK
6
CONTINUOUS
10
142.9074999999999989
20
-65.4214999999999947
11
142.9074999999999989
21
-65.8965000000000032
0
LINE
8
BLACK
6
CONTINUOUS
10
142.9074999999999989
20
-65.8965000000000032
11
142.8894209999999987
21
-65.9873869999999982
0
LINE
8
BLACK
6
CONTINUOUS
10
142.8894209999999987
20
-65.9873869999999982
11
142.8379379999999799
21
-66.0644379999999956
0
LINE
8
BLACK
6
CONTINUOUS
10
142.8379379999999799
20
-66.0644379999999956
11
142.7608869999999968
21
-66.1159210000000002
0
LINE
8
BLACK
6
CONTINUOUS
10
142.7608869999999968
20
-66.1159210000000002
11
142.6699999999999875
21
-66.1340000000000003
0
LINE
8
BLACK
6
CONTINUOUS
10
142.6699999999999875
20
-66.1340000000000003
11
142.0699999999999932
21
-66.1340000000000003
0
LINE
8
BLACK
6
CONTINUOUS
10
142.0699999999999932
20
-66.1340000000000003
11
141.9791129999999839
21
-66.1159210000000002
0
LINE
8
BLACK
6
CONTINUOUS
10
141.9791129999999839
20
-66.1159210000000002
11
141.9020620000000008
21
-66.0644379999999956
0
LINE
8
BLACK
6
CONTINUOUS
10
141.9020620000000008
20
-66.0644379999999956
11
141.850578999999982
21
-65.9873869999999982
0
LINE
8
BLACK
6
CONTINUOUS
10
141.850578999999982
20
-65.9873869999999982
11
141.8324999999999818
21
-65.8965000000000032
0
LINE
8
BLACK
6
CONTINUOUS
10
141.8324999999999818
20
-65.8965000000000032
11
141.8324999999999818
21
-65.4214999999999947
0
LINE
8
BLACK
6
CONTINUOUS
10
141.8324999999999818
20
-65.4214999999999947
11
141.850578999999982
21
-65.3306129999999996
0
LINE
8
BLACK
6
CONTINUOUS
10
141.850578999999982
20
-65.3306129999999996
11
141.9020620000000008
21
-65.2535620000000023
0
LINE
8
BLACK
6
CONTINUOUS
10
141.9020620000000008
20
-65.2535620000000023
11
141.9791129999999839
21
-65.2020789999999977
0
LINE
8
BLACK
6
CONTINUOUS
10
141.9791129999999839
20
-65.2020789999999977
11
142.0699999999999932
21
-65.1839999999999975
0
LINE
8
BLACK
6
CONTINUOUS
10
142.0699999999999932
20
-65.1839999999999975
11
142.6699999999999875
21
-65.1839999999999975
0
LINE
8
BLACK
6
CONTINUOUS
10
142.6699999999999875
20
-65.1839999999999975
11
142.7608869999999968
21
-65.2020789999999977
0
LINE
8
BLACK
6
CONTINUOUS
10
144.4858869999999911
20
-65.2020789999999977
11
144.5629380000000026
21
-65.2535620000000023
0
LINE
8
BLACK
6
CONTINUOUS
10
144.5629380000000026
20
-65.2535620000000023
11
144.614420999999993
21
-65.3306129999999996
0
LINE
8
BLACK
6
CONTINUOUS
10
144.614420999999993
20
-65.3306129999999996
11
144.6324999999999932
21
-65.4214999999999947
0
LINE
8
BLACK
6
CONTINUOUS
10
144.6324999999999932
20
-65.4214999999999947
11
144.6324999999999932
21
-65.8965000000000032
0
LINE
8
BLACK
6
CONTINUOUS
10
144.6324999999999932
20
-65.8965000000000032
11
144.614420999999993
21
-65.9873869999999982
0
LINE
8
BLACK
6
CONTINUOUS
10
144.614420999999993
20
-65.9873869999999982
11
144.5629380000000026
21
-66.0644379999999956
0
LINE
8
BLACK
6
CONTINUOUS
10
144.5629380000000026
20
-66.0644379999999956
11
144.4858869999999911
21
-66.1159210000000002
0
LINE
8
BLACK
6
CONTINUOUS
10
144.4858869999999911
20
-66.1159210000000002
11
144.3949999999999818
21
-66.1340000000000003
0
LINE
8
BLACK
6
CONTINUOUS
10
144.3949999999999818
20
-66.1340000000000003
11
143.7949999999999875
21
-66.1340000000000003
0
LINE
8
BLACK
6
CONTINUOUS
10
143.7949999999999875
20
-66.1340000000000003
11
143.7041130000000067
21
-66.1159210000000002
0
LINE
8
BLACK
6
CONTINUOUS
10
143.7041130000000067
20
-66.1159210000000002
11
143.6270619999999951
21
-66.0644379999999956
0
LINE
8
BLACK
6
CONTINUOUS
10
143.6270619999999951
20
-66.0644379999999956
11
143.5755790000000047
21
-65.9873869999999982
0
LINE
8
BLACK
6
CONTINUOUS
10
143.5755790000000047
20
-65.9873869999999982
11
143.5575000000000045
21
-65.8965000000000032
0
LINE
8
BLACK
6
CONTINUOUS
10
143.5575000000000045
20
-65.8965000000000032
11
143.5575000000000045
21
-65.4214999999999947
0
LINE
8
BLACK
6
CONTINUOUS
10
143.5575000000000045
20
-65.4214999999999947
11
143.5755790000000047
21
-65.3306129999999996
0
LINE
8
BLACK
6
CONTINUOUS
10
143.5755790000000047
20
-65.3306129999999996
11
143.6270619999999951
21
-65.2535620000000023
0
LINE
8
BLACK
6
CONTINUOUS
10
143.6270619999999951
20
-65.2535620000000023
11
143.7041130000000067
21
-65.2020789999999977
0
LINE
8
BLACK
6
CONTINUOUS
10
143.7041130000000067
20
-65.2020789999999977
11
143.7949999999999875
21
-65.1839999999999975
0
LINE
8
BLACK
6
CONTINUOUS
10
143.7949999999999875
20
-65.1839999999999975
11
144.3949999999999818
21
-65.1839999999999975
0
LINE
8
BLACK
6
CONTINUOUS
10
144.3949999999999818
20
-65.1839999999999975
11
144.4858869999999911
21
-65.2020789999999977
0
LINE
8
BLACK
6
CONTINUOUS
10
132.3026429999999891
20
-63.2936679999999967
11
132.3513059999999939
21
-63.3261839999999978
0
LINE
8
BLACK
6
CONTINUOUS
10
132.3513059999999939
20
-63.3261839999999978
11
132.3838219999999808
21
-63.3748469999999955
0
LINE
8
BLACK
6
CONTINUOUS
10
132.3838219999999808
20
-63.3748469999999955
11
132.3952400000000011
21
-63.4322499999999962
0
LINE
8
BLACK
6
CONTINUOUS
10
132.3952400000000011
20
-63.4322499999999962
11
132.3952400000000011
21
-65.0822500000000019
0
LINE
8
BLACK
6
CONTINUOUS
10
132.3952400000000011
20
-65.0822500000000019
11
132.3838219999999808
21
-65.1396529999999956
0
LINE
8
BLACK
6
CONTINUOUS
10
132.3838219999999808
20
-65.1396529999999956
11
132.3513059999999939
21
-65.1883160000000004
0
LINE
8
BLACK
6
CONTINUOUS
10
132.3513059999999939
20
-65.1883160000000004
11
132.3026429999999891
21
-65.2208320000000015
0
LINE
8
BLACK
6
CONTINUOUS
10
132.3026429999999891
20
-65.2208320000000015
11
132.2452399999999955
21
-65.2322499999999934
0
LINE
8
BLACK
6
CONTINUOUS
10
132.2452399999999955
20
-65.2322499999999934
11
131.9452399999999841
21
-65.2322499999999934
0
LINE
8
BLACK
6
CONTINUOUS
10
131.9452399999999841
20
-65.2322499999999934
11
131.8878369999999904
21
-65.2208320000000015
0
LINE
8
BLACK
6
CONTINUOUS
10
131.8878369999999904
20
-65.2208320000000015
11
131.8391739999999857
21
-65.1883160000000004
0
LINE
8
BLACK
6
CONTINUOUS
10
131.8391739999999857
20
-65.1883160000000004
11
131.8066579999999988
21
-65.1396529999999956
0
LINE
8
BLACK
6
CONTINUOUS
10
131.8066579999999988
20
-65.1396529999999956
11
131.7952400000000068
21
-65.0822500000000019
0
LINE
8
BLACK
6
CONTINUOUS
10
131.7952400000000068
20
-65.0822500000000019
11
131.7952400000000068
21
-63.4322499999999962
0
LINE
8
BLACK
6
CONTINUOUS
10
131.7952400000000068
20
-63.4322499999999962
11
131.8066579999999988
21
-63.3748469999999955
0
LINE
8
BLACK
6
CONTINUOUS
10
131.8066579999999988
20
-63.3748469999999955
11
131.8391739999999857
21
-63.3261839999999978
0
LINE
8
BLACK
6
CONTINUOUS
10
131.8391739999999857
20
-63.3261839999999978
11
131.8878369999999904
21
-63.2936679999999967
0
LINE
8
BLACK
6
CONTINUOUS
10
131.8878369999999904
20
-63.2936679999999967
11
131.9452399999999841
21
-63.2822499999999977
0
LINE
8
BLACK
6
CONTINUOUS
10
131.9452399999999841
20
-63.2822499999999977
11
132.2452399999999955
21
-63.2822499999999977
0
LINE
8
BLACK
6
CONTINUOUS
10
132.2452399999999955
20
-63.2822499999999977
11
132.3026429999999891
21
-63.2936679999999967
0
LINE
8
BLACK
6
CONTINUOUS
10
133.5726429999999993
20
-63.2936679999999967
11
133.6213060000000041
21
-63.3261839999999978
0
LINE
8
BLACK
6
CONTINUOUS
10
133.6213060000000041
20
-63.3261839999999978
11
133.653821999999991
21
-63.3748469999999955
0
LINE
8
BLACK
6
CONTINUOUS
10
133.653821999999991
20
-63.3748469999999955
11
133.665239999999983
21
-63.4322499999999962
0
LINE
8
BLACK
6
CONTINUOUS
10
133.665239999999983
20
-63.4322499999999962
11
133.665239999999983
21
-65.0822500000000019
0
LINE
8
BLACK
6
CONTINUOUS
10
133.665239999999983
20
-65.0822500000000019
11
133.653821999999991
21
-65.1396529999999956
0
LINE
8
BLACK
6
CONTINUOUS
10
133.653821999999991
20
-65.1396529999999956
11
133.6213060000000041
21
-65.1883160000000004
0
LINE
8
BLACK
6
CONTINUOUS
10
133.6213060000000041
20
-65.1883160000000004
11
133.5726429999999993
21
-65.2208320000000015
0
LINE
8
BLACK
6
CONTINUOUS
10
133.5726429999999993
20
-65.2208320000000015
11
133.5152400000000057
21
-65.2322499999999934
0
LINE
8
BLACK
6
CONTINUOUS
10
133.5152400000000057
20
-65.2322499999999934
11
133.2152399999999943
21
-65.2322499999999934
0
LINE
8
BLACK
6
CONTINUOUS
10
133.2152399999999943
20
-65.2322499999999934
11
133.1578370000000007
21
-65.2208320000000015
0
LINE
8
BLACK
6
CONTINUOUS
10
133.1578370000000007
20
-65.2208320000000015
11
133.1091739999999959
21
-65.1883160000000004
0
LINE
8
BLACK
6
CONTINUOUS
10
133.1091739999999959
20
-65.1883160000000004
11
133.0766579999999806
21
-65.1396529999999956
0
LINE
8
BLACK
6
CONTINUOUS
10
133.0766579999999806
20
-65.1396529999999956
11
133.0652399999999886
21
-65.0822500000000019
0
LINE
8
BLACK
6
CONTINUOUS
10
133.0652399999999886
20
-65.0822500000000019
11
133.0652399999999886
21
-63.4322499999999962
0
LINE
8
BLACK
6
CONTINUOUS
10
133.0652399999999886
20
-63.4322499999999962
11
133.0766579999999806
21
-63.3748469999999955
0
LINE
8
BLACK
6
CONTINUOUS
10
133.0766579999999806
20
-63.3748469999999955
11
133.1091739999999959
21
-63.3261839999999978
0
LINE
8
BLACK
6
CONTINUOUS
10
133.1091739999999959
20
-63.3261839999999978
11
133.1578370000000007
21
-63.2936679999999967
0
LINE
8
BLACK
6
CONTINUOUS
10
133.1578370000000007
20
-63.2936679999999967
11
133.2152399999999943
21
-63.2822499999999977
0
LINE
8
BLACK
6
CONTINUOUS
10
133.2152399999999943
20
-63.2822499999999977
11
133.5152400000000057
21
-63.2822499999999977
0
LINE
8
BLACK
6
CONTINUOUS
10
133.5152400000000057
20
-63.2822499999999977
11
133.5726429999999993
21
-63.2936679999999967
0
LINE
8
BLACK
6
CONTINUOUS
10
134.8426429999999812
20
-63.2936679999999967
11
134.8913059999999859
21
-63.3261839999999978
0
LINE
8
BLACK
6
CONTINUOUS
10
134.8913059999999859
20
-63.3261839999999978
11
134.9238220000000013
21
-63.3748469999999955
0
LINE
8
BLACK
6
CONTINUOUS
10
134.9238220000000013
20
-63.3748469999999955
11
134.9352399999999932
21
-63.4322499999999962
0
LINE
8
BLACK
6
CONTINUOUS
10
134.9352399999999932
20
-63.4322499999999962
11
134.9352399999999932
21
-65.0822500000000019
0
LINE
8
BLACK
6
CONTINUOUS
10
134.9352399999999932
20
-65.0822500000000019
11
134.9238220000000013
21
-65.1396529999999956
0
LINE
8
BLACK
6
CONTINUOUS
10
134.9238220000000013
20
-65.1396529999999956
11
134.8913059999999859
21
-65.1883160000000004
0
LINE
8
BLACK
6
CONTINUOUS
10
134.8913059999999859
20
-65.1883160000000004
11
134.8426429999999812
21
-65.2208320000000015
0
LINE
8
BLACK
6
CONTINUOUS
10
134.8426429999999812
20
-65.2208320000000015
11
134.7852399999999875
21
-65.2322499999999934
0
LINE
8
BLACK
6
CONTINUOUS
10
134.7852399999999875
20
-65.2322499999999934
11
134.4852400000000046
21
-65.2322499999999934
0
LINE
8
BLACK
6
CONTINUOUS
10
134.4852400000000046
20
-65.2322499999999934
11
134.4278369999999825
21
-65.2208320000000015
0
LINE
8
BLACK
6
CONTINUOUS
10
134.4278369999999825
20
-65.2208320000000015
11
134.3791740000000061
21
-65.1883160000000004
0
LINE
8
BLACK
6
CONTINUOUS
10
134.3791740000000061
20
-65.1883160000000004
11
134.3466579999999908
21
-65.1396529999999956
0
LINE
8
BLACK
6
CONTINUOUS
10
134.3466579999999908
20
-65.1396529999999956
11
134.3352399999999989
21
-65.0822500000000019
0
LINE
8
BLACK
6
CONTINUOUS
10
134.3352399999999989
20
-65.0822500000000019
11
134.3352399999999989
21
-63.4322499999999962
0
LINE
8
BLACK
6
CONTINUOUS
10
134.3352399999999989
20
-63.4322499999999962
11
134.3466579999999908
21
-63.3748469999999955
0
LINE
8
BLACK
6
CONTINUOUS
10
134.3466579999999908
20
-63.3748469999999955
11
134.3791740000000061
21
-63.3261839999999978
0
LINE
8
BLACK
6
CONTINUOUS
10
134.3791740000000061
20
-63.3261839999999978
11
134.4278369999999825
21
-63.2936679999999967
0
LINE
8
BLACK
6
CONTINUOUS
10
134.4278369999999825
20
-63.2936679999999967
11
134.4852400000000046
21
-63.2822499999999977
0
LINE
8
BLACK
6
CONTINUOUS
10
134.4852400000000046
20
-63.2822499999999977
11
134.7852399999999875
21
-63.2822499999999977
0
LINE
8
BLACK
6
CONTINUOUS
10
134.7852399999999875
20
-63.2822499999999977
11
134.8426429999999812
21
-63.2936679999999967
0
LINE
8
BLACK
6
CONTINUOUS
10
136.1126429999999914
20
-63.2936679999999967
11
136.1613059999999962
21
-63.3261839999999978
0
LINE
8
BLACK
6
CONTINUOUS
10
136.1613059999999962
20
-63.3261839999999978
11
136.1938219999999831
21
-63.3748469999999955
0
LINE
8
BLACK
6
CONTINUOUS
10
136.1938219999999831
20
-63.3748469999999955
11
136.2052400000000034
21
-63.4322499999999962
0
LINE
8
BLACK
6
CONTINUOUS
10
136.2052400000000034
20
-63.4322499999999962
11
136.2052400000000034
21
-65.0822500000000019
0
LINE
8
BLACK
6
CONTINUOUS
10
136.2052400000000034
20
-65.0822500000000019
11
136.1938219999999831
21
-65.1396529999999956
0
LINE
8
BLACK
6
CONTINUOUS
10
136.1938219999999831
20
-65.1396529999999956
11
136.1613059999999962
21
-65.1883160000000004
0
LINE
8
BLACK
6
CONTINUOUS
10
136.1613059999999962
20
-65.1883160000000004
11
136.1126429999999914
21
-65.2208320000000015
0
LINE
8
BLACK
6
CONTINUOUS
10
136.1126429999999914
20
-65.2208320000000015
11
136.0552399999999977
21
-65.2322499999999934
0
LINE
8
BLACK
6
CONTINUOUS
10
136.0552399999999977
20
-65.2322499999999934
11
135.7552399999999864
21
-65.2322499999999934
0
LINE
8
BLACK
6
CONTINUOUS
10
135.7552399999999864
20
-65.2322499999999934
11
135.6978369999999927
21
-65.2208320000000015
0
LINE
8
BLACK
6
CONTINUOUS
10
135.6978369999999927
20
-65.2208320000000015
11
135.6491739999999879
21
-65.1883160000000004
0
LINE
8
BLACK
6
CONTINUOUS
10
135.6491739999999879
20
-65.1883160000000004
11
135.616658000000001
21
-65.1396529999999956
0
LINE
8
BLACK
6
CONTINUOUS
10
135.616658000000001
20
-65.1396529999999956
11
135.6052399999999807
21
-65.0822500000000019
0
LINE
8
BLACK
6
CONTINUOUS
10
135.6052399999999807
20
-65.0822500000000019
11
135.6052399999999807
21
-63.4322499999999962
0
LINE
8
BLACK
6
CONTINUOUS
10
135.6052399999999807
20
-63.4322499999999962
11
135.616658000000001
21
-63.3748469999999955
0
LINE
8
BLACK
6
CONTINUOUS
10
135.616658000000001
20
-63.3748469999999955
11
135.6491739999999879
21
-63.3261839999999978
0
LINE
8
BLACK
6
CONTINUOUS
10
135.6491739999999879
20
-63.3261839999999978
11
135.6978369999999927
21
-63.2936679999999967
0
LINE
8
BLACK
6
CONTINUOUS
10
135.6978369999999927
20
-63.2936679999999967
11
135.7552399999999864
21
-63.2822499999999977
0
LINE
8
BLACK
6
CONTINUOUS
10
135.7552399999999864
20
-63.2822499999999977
11
136.0552399999999977
21
-63.2822499999999977
0
LINE
8
BLACK
6
CONTINUOUS
10
136.0552399999999977
20
-63.2822499999999977
11
136.1126429999999914
21
-63.2936679999999967
0
LINE
8
BLACK
6
CONTINUOUS
10
163.036642999999998
20
-63.1666679999999943
11
163.0853060000000028
21
-63.1991839999999954
0
LINE
8
BLACK
6
CONTINUOUS
10
163.0853060000000028
20
-63.1991839999999954
11
163.1178219999999897
21
-63.2478470000000002
0
LINE
8
BLACK
6
CONTINUOUS
10
163.1178219999999897
20
-63.2478470000000002
11
163.1292399999999816
21
-63.3052499999999938
0
LINE
8
BLACK
6
CONTINUOUS
10
163.1292399999999816
20
-63.3052499999999938
11
163.1292399999999816
21
-64.9552499999999924
0
LINE
8
BLACK
6
CONTINUOUS
10
163.1292399999999816
20
-64.9552499999999924
11
163.1178219999999897
21
-65.0126530000000002
0
LINE
8
BLACK
6
CONTINUOUS
10
163.1178219999999897
20
-65.0126530000000002
11
163.0853060000000028
21
-65.0613159999999908
0
LINE
8
BLACK
6
CONTINUOUS
10
163.0853060000000028
20
-65.0613159999999908
11
163.036642999999998
21
-65.0938319999999919
0
LINE
8
BLACK
6
CONTINUOUS
10
163.036642999999998
20
-65.0938319999999919
11
162.9792400000000043
21
-65.1052499999999981
0
LINE
8
BLACK
6
CONTINUOUS
10
162.9792400000000043
20
-65.1052499999999981
11
162.679239999999993
21
-65.1052499999999981
0
LINE
8
BLACK
6
CONTINUOUS
10
162.679239999999993
20
-65.1052499999999981
11
162.6218369999999993
21
-65.0938319999999919
0
LINE
8
BLACK
6
CONTINUOUS
10
162.6218369999999993
20
-65.0938319999999919
11
162.5731739999999945
21
-65.0613159999999908
0
LINE
8
BLACK
6
CONTINUOUS
10
162.5731739999999945
20
-65.0613159999999908
11
162.5406579999999792
21
-65.0126530000000002
0
LINE
8
BLACK
6
CONTINUOUS
10
162.5406579999999792
20
-65.0126530000000002
11
162.5292399999999873
21
-64.9552499999999924
0
LINE
8
BLACK
6
CONTINUOUS
10
162.5292399999999873
20
-64.9552499999999924
11
162.5292399999999873
21
-63.3052499999999938
0
LINE
8
BLACK
6
CONTINUOUS
10
162.5292399999999873
20
-63.3052499999999938
11
162.5406579999999792
21
-63.2478470000000002
0
LINE
8
BLACK
6
CONTINUOUS
10
162.5406579999999792
20
-63.2478470000000002
11
162.5731739999999945
21
-63.1991839999999954
0
LINE
8
BLACK
6
CONTINUOUS
10
162.5731739999999945
20
-63.1991839999999954
11
162.6218369999999993
21
-63.1666679999999943
0
LINE
8
BLACK
6
CONTINUOUS
10
162.6218369999999993
20
-63.1666679999999943
11
162.679239999999993
21
-63.1552499999999952
0
LINE
8
BLACK
6
CONTINUOUS
10
162.679239999999993
20
-63.1552499999999952
11
162.9792400000000043
21
-63.1552499999999952
0
LINE
8
BLACK
6
CONTINUOUS
10
162.9792400000000043
20
-63.1552499999999952
11
163.036642999999998
21
-63.1666679999999943
0
LINE
8
BLACK
6
CONTINUOUS
10
164.3066429999999798
20
-63.1666679999999943
11
164.3553059999999846
21
-63.1991839999999954
0
LINE
8
BLACK
6
CONTINUOUS
10
164.3553059999999846
20
-63.1991839999999954
11
164.3878219999999999
21
-63.2478470000000002
0
LINE
8
BLACK
6
CONTINUOUS
10
164.3878219999999999
20
-63.2478470000000002
11
164.3992399999999918
21
-63.3052499999999938
0
LINE
8
BLACK
6
CONTINUOUS
10
164.3992399999999918
20
-63.3052499999999938
11
164.3992399999999918
21
-64.9552499999999924
0
LINE
8
BLACK
6
CONTINUOUS
10
164.3992399999999918
20
-64.9552499999999924
11
164.3878219999999999
21
-65.0126530000000002
0
LINE
8
BLACK
6
CONTINUOUS
10
164.3878219999999999
20
-65.0126530000000002
11
164.3553059999999846
21
-65.0613159999999908
0
LINE
8
BLACK
6
CONTINUOUS
10
164.3553059999999846
20
-65.0613159999999908
11
164.3066429999999798
21
-65.0938319999999919
0
LINE
8
BLACK
6
CONTINUOUS
10
164.3066429999999798
20
-65.0938319999999919
11
164.2492399999999861
21
-65.1052499999999981
0
LINE
8
BLACK
6
CONTINUOUS
10
164.2492399999999861
20
-65.1052499999999981
11
163.9492400000000032
21
-65.1052499999999981
0
LINE
8
BLACK
6
CONTINUOUS
10
163.9492400000000032
20
-65.1052499999999981
11
163.8918369999999811
21
-65.0938319999999919
0
LINE
8
BLACK
6
CONTINUOUS
10
163.8918369999999811
20
-65.0938319999999919
11
163.8431740000000048
21
-65.0613159999999908
0
LINE
8
BLACK
6
CONTINUOUS
10
163.8431740000000048
20
-65.0613159999999908
11
163.8106579999999894
21
-65.0126530000000002
0
LINE
8
BLACK
6
CONTINUOUS
10
163.8106579999999894
20
-65.0126530000000002
11
163.7992399999999975
21
-64.9552499999999924
0
LINE
8
BLACK
6
CONTINUOUS
10
163.7992399999999975
20
-64.9552499999999924
11
163.7992399999999975
21
-63.3052499999999938
0
LINE
8
BLACK
6
CONTINUOUS
10
163.7992399999999975
20
-63.3052499999999938
11
163.8106579999999894
21
-63.2478470000000002
0
LINE
8
BLACK
6
CONTINUOUS
10
163.8106579999999894
20
-63.2478470000000002
11
163.8431740000000048
21
-63.1991839999999954
0
LINE
8
BLACK
6
CONTINUOUS
10
163.8431740000000048
20
-63.1991839999999954
11
163.8918369999999811
21
-63.1666679999999943
0
LINE
8
BLACK
6
CONTINUOUS
10
163.8918369999999811
20
-63.1666679999999943
11
163.9492400000000032
21
-63.1552499999999952
0
LINE
8
BLACK
6
CONTINUOUS
10
163.9492400000000032
20
-63.1552499999999952
11
164.2492399999999861
21
-63.1552499999999952
0
LINE
8
BLACK
6
CONTINUOUS
10
164.2492399999999861
20
-63.1552499999999952
11
164.3066429999999798
21
-63.1666679999999943
0
LINE
8
BLACK
6
CONTINUOUS
10
165.57664299999999
20
-63.1666679999999943
11
165.6253059999999948
21
-63.1991839999999954
0
LINE
8
BLACK
6
CONTINUOUS
10
165.6253059999999948
20
-63.1991839999999954
11
165.6578219999999817
21
-63.2478470000000002
0
LINE
8
BLACK
6
CONTINUOUS
10
165.6578219999999817
20
-63.2478470000000002
11
165.6692400000000021
21
-63.3052499999999938
0
LINE
8
BLACK
6
CONTINUOUS
10
165.6692400000000021
20
-63.3052499999999938
11
165.6692400000000021
21
-64.9552499999999924
0
LINE
8
BLACK
6
CONTINUOUS
10
165.6692400000000021
20
-64.9552499999999924
11
165.6578219999999817
21
-65.0126530000000002
0
LINE
8
BLACK
6
CONTINUOUS
10
165.6578219999999817
20
-65.0126530000000002
11
165.6253059999999948
21
-65.0613159999999908
0
LINE
8
BLACK
6
CONTINUOUS
10
165.6253059999999948
20
-65.0613159999999908
11
165.57664299999999
21
-65.0938319999999919
0
LINE
8
BLACK
6
CONTINUOUS
10
165.57664299999999
20
-65.0938319999999919
11
165.5192399999999964
21
-65.1052499999999981
0
LINE
8
BLACK
6
CONTINUOUS
10
165.5192399999999964
20
-65.1052499999999981
11
165.219239999999985
21
-65.1052499999999981
0
LINE
8
BLACK
6
CONTINUOUS
10
165.219239999999985
20
-65.1052499999999981
11
165.1618369999999913
21
-65.0938319999999919
0
LINE
8
BLACK
6
CONTINUOUS
10
165.1618369999999913
20
-65.0938319999999919
11
165.1131739999999866
21
-65.0613159999999908
0
LINE
8
BLACK
6
CONTINUOUS
10
165.1131739999999866
20
-65.0613159999999908
11
165.0806579999999997
21
-65.0126530000000002
0
LINE
8
BLACK
6
CONTINUOUS
10
165.0806579999999997
20
-65.0126530000000002
11
165.0692399999999793
21
-64.9552499999999924
0
LINE
8
BLACK
6
CONTINUOUS
10
165.0692399999999793
20
-64.9552499999999924
11
165.0692399999999793
21
-63.3052499999999938
0
LINE
8
BLACK
6
CONTINUOUS
10
165.0692399999999793
20
-63.3052499999999938
11
165.0806579999999997
21
-63.2478470000000002
0
LINE
8
BLACK
6
CONTINUOUS
10
165.0806579999999997
20
-63.2478470000000002
11
165.1131739999999866
21
-63.1991839999999954
0
LINE
8
BLACK
6
CONTINUOUS
10
165.1131739999999866
20
-63.1991839999999954
11
165.1618369999999913
21
-63.1666679999999943
0
LINE
8
BLACK
6
CONTINUOUS
10
165.1618369999999913
20
-63.1666679999999943
11
165.219239999999985
21
-63.1552499999999952
0
LINE
8
BLACK
6
CONTINUOUS
10
165.219239999999985
20
-63.1552499999999952
11
165.5192399999999964
21
-63.1552499999999952
0
LINE
8
BLACK
6
CONTINUOUS
10
165.5192399999999964
20
-63.1552499999999952
11
165.57664299999999
21
-63.1666679999999943
0
LINE
8
BLACK
6
CONTINUOUS
10
166.8466430000000003
20
-63.1666679999999943
11
166.895306000000005
21
-63.1991839999999954
0
LINE
8
BLACK
6
CONTINUOUS
10
166.895306000000005
20
-63.1991839999999954
11
166.9278219999999919
21
-63.2478470000000002
0
LINE
8
BLACK
6
CONTINUOUS
10
166.9278219999999919
20
-63.2478470000000002
11
166.9392399999999839
21
-63.3052499999999938
0
LINE
8
BLACK
6
CONTINUOUS
10
166.9392399999999839
20
-63.3052499999999938
11
166.9392399999999839
21
-64.9552499999999924
0
LINE
8
BLACK
6
CONTINUOUS
10
166.9392399999999839
20
-64.9552499999999924
11
166.9278219999999919
21
-65.0126530000000002
0
LINE
8
BLACK
6
CONTINUOUS
10
166.9278219999999919
20
-65.0126530000000002
11
166.895306000000005
21
-65.0613159999999908
0
LINE
8
BLACK
6
CONTINUOUS
10
166.895306000000005
20
-65.0613159999999908
11
166.8466430000000003
21
-65.0938319999999919
0
LINE
8
BLACK
6
CONTINUOUS
10
166.8466430000000003
20
-65.0938319999999919
11
166.7892400000000066
21
-65.1052499999999981
0
LINE
8
BLACK
6
CONTINUOUS
10
166.7892400000000066
20
-65.1052499999999981
11
166.4892399999999952
21
-65.1052499999999981
0
LINE
8
BLACK
6
CONTINUOUS
10
166.4892399999999952
20
-65.1052499999999981
11
166.4318370000000016
21
-65.0938319999999919
0
LINE
8
BLACK
6
CONTINUOUS
10
166.4318370000000016
20
-65.0938319999999919
11
166.3831739999999968
21
-65.0613159999999908
0
LINE
8
BLACK
6
CONTINUOUS
10
166.3831739999999968
20
-65.0613159999999908
11
166.3506579999999815
21
-65.0126530000000002
0
LINE
8
BLACK
6
CONTINUOUS
10
166.3506579999999815
20
-65.0126530000000002
11
166.3392399999999895
21
-64.9552499999999924
0
LINE
8
BLACK
6
CONTINUOUS
10
166.3392399999999895
20
-64.9552499999999924
11
166.3392399999999895
21
-63.3052499999999938
0
LINE
8
BLACK
6
CONTINUOUS
10
166.3392399999999895
20
-63.3052499999999938
11
166.3506579999999815
21
-63.2478470000000002
0
LINE
8
BLACK
6
CONTINUOUS
10
166.3506579999999815
20
-63.2478470000000002
11
166.3831739999999968
21
-63.1991839999999954
0
LINE
8
BLACK
6
CONTINUOUS
10
166.3831739999999968
20
-63.1991839999999954
11
166.4318370000000016
21
-63.1666679999999943
0
LINE
8
BLACK
6
CONTINUOUS
10
166.4318370000000016
20
-63.1666679999999943
11
166.4892399999999952
21
-63.1552499999999952
0
LINE
8
BLACK
6
CONTINUOUS
10
166.4892399999999952
20
-63.1552499999999952
11
166.7892400000000066
21
-63.1552499999999952
0
LINE
8
BLACK
6
CONTINUOUS
10
166.7892400000000066
20
-63.1552499999999952
11
166.8466430000000003
21
-63.1666679999999943
0
LINE
8
BLACK
6
CONTINUOUS
10
142.6843869999999868
20
-63.5510789999999943
11
142.7614379999999983
21
-63.6025619999999989
0
LINE
8
BLACK
6
CONTINUOUS
10
142.7614379999999983
20
-63.6025619999999989
11
142.8129209999999887
21
-63.6796129999999962
0
LINE
8
BLACK
6
CONTINUOUS
10
142.8129209999999887
20
-63.6796129999999962
11
142.8309999999999889
21
-63.7704999999999984
0
LINE
8
BLACK
6
CONTINUOUS
10
142.8309999999999889
20
-63.7704999999999984
11
142.8309999999999889
21
-64.2454999999999927
0
LINE
8
BLACK
6
CONTINUOUS
10
142.8309999999999889
20
-64.2454999999999927
11
142.8129209999999887
21
-64.336387000000002
0
LINE
8
BLACK
6
CONTINUOUS
10
142.8129209999999887
20
-64.336387000000002
11
142.7614379999999983
21
-64.4134379999999993
0
LINE
8
BLACK
6
CONTINUOUS
10
142.7614379999999983
20
-64.4134379999999993
11
142.6843869999999868
21
-64.4649210000000039
0
LINE
8
BLACK
6
CONTINUOUS
10
142.6843869999999868
20
-64.4649210000000039
11
142.5935000000000059
21
-64.4830000000000041
0
LINE
8
BLACK
6
CONTINUOUS
10
142.5935000000000059
20
-64.4830000000000041
11
142.0935000000000059
21
-64.4830000000000041
0
LINE
8
BLACK
6
CONTINUOUS
10
142.0935000000000059
20
-64.4830000000000041
11
142.0026129999999966
21
-64.4649210000000039
0
LINE
8
BLACK
6
CONTINUOUS
10
142.0026129999999966
20
-64.4649210000000039
11
141.9255619999999851
21
-64.4134379999999993
0
LINE
8
BLACK
6
CONTINUOUS
10
141.9255619999999851
20
-64.4134379999999993
11
141.8740789999999947
21
-64.336387000000002
0
LINE
8
BLACK
6
CONTINUOUS
10
141.8740789999999947
20
-64.336387000000002
11
141.8559999999999945
21
-64.2454999999999927
0
LINE
8
BLACK
6
CONTINUOUS
10
141.8559999999999945
20
-64.2454999999999927
11
141.8559999999999945
21
-63.7704999999999984
0
LINE
8
BLACK
6
CONTINUOUS
10
141.8559999999999945
20
-63.7704999999999984
11
141.8740789999999947
21
-63.6796129999999962
0
LINE
8
BLACK
6
CONTINUOUS
10
141.8740789999999947
20
-63.6796129999999962
11
141.9255619999999851
21
-63.6025619999999989
0
LINE
8
BLACK
6
CONTINUOUS
10
141.9255619999999851
20
-63.6025619999999989
11
142.0026129999999966
21
-63.5510789999999943
0
LINE
8
BLACK
6
CONTINUOUS
10
142.0026129999999966
20
-63.5510789999999943
11
142.0935000000000059
21
-63.5329999999999941
0
LINE
8
BLACK
6
CONTINUOUS
10
142.0935000000000059
20
-63.5329999999999941
11
142.5935000000000059
21
-63.5329999999999941
0
LINE
8
BLACK
6
CONTINUOUS
10
142.5935000000000059
20
-63.5329999999999941
11
142.6843869999999868
21
-63.5510789999999943
0
LINE
8
BLACK
6
CONTINUOUS
10
144.5093870000000038
20
-63.5510789999999943
11
144.5864379999999869
21
-63.6025619999999989
0
LINE
8
BLACK
6
CONTINUOUS
10
144.5864379999999869
20
-63.6025619999999989
11
144.6379210000000057
21
-63.6796129999999962
0
LINE
8
BLACK
6
CONTINUOUS
10
144.6379210000000057
20
-63.6796129999999962
11
144.6560000000000059
21
-63.7704999999999984
0
LINE
8
BLACK
6
CONTINUOUS
10
144.6560000000000059
20
-63.7704999999999984
11
144.6560000000000059
21
-64.2454999999999927
0
LINE
8
BLACK
6
CONTINUOUS
10
144.6560000000000059
20
-64.2454999999999927
11
144.6379210000000057
21
-64.336387000000002
0
LINE
8
BLACK
6
CONTINUOUS
10
144.6379210000000057
20
-64.336387000000002
11
144.5864379999999869
21
-64.4134379999999993
0
LINE
8
BLACK
6
CONTINUOUS
10
144.5864379999999869
20
-64.4134379999999993
11
144.5093870000000038
21
-64.4649210000000039
0
LINE
8
BLACK
6
CONTINUOUS
10
144.5093870000000038
20
-64.4649210000000039
11
144.4184999999999945
21
-64.4830000000000041
0
LINE
8
BLACK
6
CONTINUOUS
10
144.4184999999999945
20
-64.4830000000000041
11
143.9184999999999945
21
-64.4830000000000041
0
LINE
8
BLACK
6
CONTINUOUS
10
143.9184999999999945
20
-64.4830000000000041
11
143.8276129999999853
21
-64.4649210000000039
0
LINE
8
BLACK
6
CONTINUOUS
10
143.8276129999999853
20
-64.4649210000000039
11
143.7505620000000022
21
-64.4134379999999993
0
LINE
8
BLACK
6
CONTINUOUS
10
143.7505620000000022
20
-64.4134379999999993
11
143.6990789999999834
21
-64.336387000000002
0
LINE
8
BLACK
6
CONTINUOUS
10
143.6990789999999834
20
-64.336387000000002
11
143.6809999999999832
21
-64.2454999999999927
0
LINE
8
BLACK
6
CONTINUOUS
10
143.6809999999999832
20
-64.2454999999999927
11
143.6809999999999832
21
-63.7704999999999984
0
LINE
8
BLACK
6
CONTINUOUS
10
143.6809999999999832
20
-63.7704999999999984
11
143.6990789999999834
21
-63.6796129999999962
0
LINE
8
BLACK
6
CONTINUOUS
10
143.6990789999999834
20
-63.6796129999999962
11
143.7505620000000022
21
-63.6025619999999989
0
LINE
8
BLACK
6
CONTINUOUS
10
143.7505620000000022
20
-63.6025619999999989
11
143.8276129999999853
21
-63.5510789999999943
0
LINE
8
BLACK
6
CONTINUOUS
10
143.8276129999999853
20
-63.5510789999999943
11
143.9184999999999945
21
-63.5329999999999941
0
LINE
8
BLACK
6
CONTINUOUS
10
143.9184999999999945
20
-63.5329999999999941
11
144.4184999999999945
21
-63.5329999999999941
0
LINE
8
BLACK
6
CONTINUOUS
10
144.4184999999999945
20
-63.5329999999999941
11
144.5093870000000038
21
-63.5510789999999943
0
LINE
8
BLACK
6
CONTINUOUS
10
139.6473869999999806
20
-63.3880789999999976
11
139.7244379999999921
21
-63.4395619999999951
0
LINE
8
BLACK
6
CONTINUOUS
10
139.7244379999999921
20
-63.4395619999999951
11
139.7759209999999825
21
-63.5166129999999995
0
LINE
8
BLACK
6
CONTINUOUS
10
139.7759209999999825
20
-63.5166129999999995
11
139.7939999999999827
21
-63.6074999999999946
0
LINE
8
BLACK
6
CONTINUOUS
10
139.7939999999999827
20
-63.6074999999999946
11
139.7939999999999827
21
-64.207499999999996
0
LINE
8
BLACK
6
CONTINUOUS
10
139.7939999999999827
20
-64.207499999999996
11
139.7759209999999825
21
-64.2983869999999911
0
LINE
8
BLACK
6
CONTINUOUS
10
139.7759209999999825
20
-64.2983869999999911
11
139.7244379999999921
21
-64.3754380000000026
0
LINE
8
BLACK
6
CONTINUOUS
10
139.7244379999999921
20
-64.3754380000000026
11
139.6473869999999806
21
-64.426920999999993
0
LINE
8
BLACK
6
CONTINUOUS
10
139.6473869999999806
20
-64.426920999999993
11
139.5564999999999998
21
-64.4449999999999932
0
LINE
8
BLACK
6
CONTINUOUS
10
139.5564999999999998
20
-64.4449999999999932
11
139.0815000000000055
21
-64.4449999999999932
0
LINE
8
BLACK
6
CONTINUOUS
10
139.0815000000000055
20
-64.4449999999999932
11
138.9906129999999962
21
-64.426920999999993
0
LINE
8
BLACK
6
CONTINUOUS
10
138.9906129999999962
20
-64.426920999999993
11
138.9135619999999847
21
-64.3754380000000026
0
LINE
8
BLACK
6
CONTINUOUS
10
138.9135619999999847
20
-64.3754380000000026
11
138.8620789999999943
21
-64.2983869999999911
0
LINE
8
BLACK
6
CONTINUOUS
10
138.8620789999999943
20
-64.2983869999999911
11
138.8439999999999941
21
-64.207499999999996
0
LINE
8
BLACK
6
CONTINUOUS
10
138.8439999999999941
20
-64.207499999999996
11
138.8439999999999941
21
-63.6074999999999946
0
LINE
8
BLACK
6
CONTINUOUS
10
138.8439999999999941
20
-63.6074999999999946
11
138.8620789999999943
21
-63.5166129999999995
0
LINE
8
BLACK
6
CONTINUOUS
10
138.8620789999999943
20
-63.5166129999999995
11
138.9135619999999847
21
-63.4395619999999951
0
LINE
8
BLACK
6
CONTINUOUS
10
138.9135619999999847
20
-63.4395619999999951
11
138.9906129999999962
21
-63.3880789999999976
0
LINE
8
BLACK
6
CONTINUOUS
10
138.9906129999999962
20
-63.3880789999999976
11
139.0815000000000055
21
-63.3699999999999974
0
LINE
8
BLACK
6
CONTINUOUS
10
139.0815000000000055
20
-63.3699999999999974
11
139.5564999999999998
21
-63.3699999999999974
0
LINE
8
BLACK
6
CONTINUOUS
10
139.5564999999999998
20
-63.3699999999999974
11
139.6473869999999806
21
-63.3880789999999976
0
LINE
8
BLACK
6
CONTINUOUS
10
130.5526710000000037
20
-63.0012799999999942
11
130.6337769999999807
21
-63.0554729999999992
0
LINE
8
BLACK
6
CONTINUOUS
10
130.6337769999999807
20
-63.0554729999999992
11
130.6879700000000071
21
-63.1365789999999976
0
LINE
8
BLACK
6
CONTINUOUS
10
130.6879700000000071
20
-63.1365789999999976
11
130.7069989999999962
21
-63.2322500000000005
0
LINE
8
BLACK
6
CONTINUOUS
10
130.7069989999999962
20
-63.2322500000000005
11
130.7069999999999936
21
-64.1322509999999966
0
LINE
8
BLACK
6
CONTINUOUS
10
130.7069999999999936
20
-64.1322509999999966
11
130.6879700000000071
21
-64.2279209999999949
0
LINE
8
BLACK
6
CONTINUOUS
10
130.6879700000000071
20
-64.2279209999999949
11
130.6337769999999807
21
-64.3090270000000004
0
LINE
8
BLACK
6
CONTINUOUS
10
130.6337769999999807
20
-64.3090270000000004
11
130.5526710000000037
21
-64.3632199999999983
0
LINE
8
BLACK
6
CONTINUOUS
10
130.5526710000000037
20
-64.3632199999999983
11
130.4569999999999936
21
-64.3822490000000016
0
LINE
8
BLACK
6
CONTINUOUS
10
130.4569999999999936
20
-64.3822490000000016
11
127.6069989999999876
21
-64.3822499999999991
0
LINE
8
BLACK
6
CONTINUOUS
10
127.6069989999999876
20
-64.3822499999999991
11
127.5113289999999893
21
-64.3632199999999983
0
LINE
8
BLACK
6
CONTINUOUS
10
127.5113289999999893
20
-64.3632199999999983
11
127.430222999999998
21
-64.3090270000000004
0
LINE
8
BLACK
6
CONTINUOUS
10
127.430222999999998
20
-64.3090270000000004
11
127.3760300000000001
21
-64.2279209999999949
0
LINE
8
BLACK
6
CONTINUOUS
10
127.3760300000000001
20
-64.2279209999999949
11
127.3570009999999968
21
-64.1322499999999991
0
LINE
8
BLACK
6
CONTINUOUS
10
127.3570009999999968
20
-64.1322499999999991
11
127.3569999999999993
21
-63.2322489999999959
0
LINE
8
BLACK
6
CONTINUOUS
10
127.3569999999999993
20
-63.2322489999999959
11
127.3760300000000001
21
-63.1365789999999976
0
LINE
8
BLACK
6
CONTINUOUS
10
127.3760300000000001
20
-63.1365789999999976
11
127.430222999999998
21
-63.0554729999999992
0
LINE
8
BLACK
6
CONTINUOUS
10
127.430222999999998
20
-63.0554729999999992
11
127.5113289999999893
21
-63.0012799999999942
0
LINE
8
BLACK
6
CONTINUOUS
10
127.5113289999999893
20
-63.0012799999999942
11
127.6069999999999993
21
-62.982250999999998
0
LINE
8
BLACK
6
CONTINUOUS
10
127.6069999999999993
20
-62.982250999999998
11
130.4570009999999911
21
-62.9822500000000005
0
LINE
8
BLACK
6
CONTINUOUS
10
130.4570009999999911
20
-62.9822500000000005
11
130.5526710000000037
21
-63.0012799999999942
0
LINE
8
BLACK
6
CONTINUOUS
10
137.9963869999999986
20
-63.3880789999999976
11
138.0734379999999817
21
-63.4395619999999951
0
LINE
8
BLACK
6
CONTINUOUS
10
138.0734379999999817
20
-63.4395619999999951
11
138.1249210000000005
21
-63.5166129999999995
0
LINE
8
BLACK
6
CONTINUOUS
10
138.1249210000000005
20
-63.5166129999999995
11
138.1430000000000007
21
-63.6074999999999946
0
LINE
8
BLACK
6
CONTINUOUS
10
138.1430000000000007
20
-63.6074999999999946
11
138.1430000000000007
21
-64.1075000000000017
0
LINE
8
BLACK
6
CONTINUOUS
10
138.1430000000000007
20
-64.1075000000000017
11
138.1249210000000005
21
-64.1983869999999968
0
LINE
8
BLACK
6
CONTINUOUS
10
138.1249210000000005
20
-64.1983869999999968
11
138.0734379999999817
21
-64.2754379999999941
0
LINE
8
BLACK
6
CONTINUOUS
10
138.0734379999999817
20
-64.2754379999999941
11
137.9963869999999986
21
-64.3269209999999987
0
LINE
8
BLACK
6
CONTINUOUS
10
137.9963869999999986
20
-64.3269209999999987
11
137.9054999999999893
21
-64.3449999999999989
0
LINE
8
BLACK
6
CONTINUOUS
10
137.9054999999999893
20
-64.3449999999999989
11
137.430499999999995
21
-64.3449999999999989
0
LINE
8
BLACK
6
CONTINUOUS
10
137.430499999999995
20
-64.3449999999999989
11
137.3396129999999857
21
-64.3269209999999987
0
LINE
8
BLACK
6
CONTINUOUS
10
137.3396129999999857
20
-64.3269209999999987
11
137.2625620000000026
21
-64.2754379999999941
0
LINE
8
BLACK
6
CONTINUOUS
10
137.2625620000000026
20
-64.2754379999999941
11
137.2110789999999838
21
-64.1983869999999968
0
LINE
8
BLACK
6
CONTINUOUS
10
137.2110789999999838
20
-64.1983869999999968
11
137.1929999999999836
21
-64.1075000000000017
0
LINE
8
BLACK
6
CONTINUOUS
10
137.1929999999999836
20
-64.1075000000000017
11
137.1929999999999836
21
-63.6074999999999946
0
LINE
8
BLACK
6
CONTINUOUS
10
137.1929999999999836
20
-63.6074999999999946
11
137.2110789999999838
21
-63.5166129999999995
0
LINE
8
BLACK
6
CONTINUOUS
10
137.2110789999999838
20
-63.5166129999999995
11
137.2625620000000026
21
-63.4395619999999951
0
LINE
8
BLACK
6
CONTINUOUS
10
137.2625620000000026
20
-63.4395619999999951
11
137.3396129999999857
21
-63.3880789999999976
0
LINE
8
BLACK
6
CONTINUOUS
10
137.3396129999999857
20
-63.3880789999999976
11
137.430499999999995
21
-63.3699999999999974
0
LINE
8
BLACK
6
CONTINUOUS
10
137.430499999999995
20
-63.3699999999999974
11
137.9054999999999893
21
-63.3699999999999974
0
LINE
8
BLACK
6
CONTINUOUS
10
137.9054999999999893
20
-63.3699999999999974
11
137.9963869999999986
21
-63.3880789999999976
0
LINE
8
BLACK
6
CONTINUOUS
10
171.19267099999999
20
-62.9440299999999979
11
171.2737769999999955
21
-62.9982229999999959
0
LINE
8
BLACK
6
CONTINUOUS
10
171.2737769999999955
20
-62.9982229999999959
11
171.3279699999999934
21
-63.0793289999999942
0
LINE
8
BLACK
6
CONTINUOUS
10
171.3279699999999934
20
-63.0793289999999942
11
171.3469989999999825
21
-63.1749999999999972
0
LINE
8
BLACK
6
CONTINUOUS
10
171.3469989999999825
20
-63.1749999999999972
11
171.34699999999998
21
-64.0750010000000003
0
LINE
8
BLACK
6
CONTINUOUS
10
171.34699999999998
20
-64.0750010000000003
11
171.3279699999999934
21
-64.1706709999999987
0
LINE
8
BLACK
6
CONTINUOUS
10
171.3279699999999934
20
-64.1706709999999987
11
171.2737769999999955
21
-64.2517770000000041
0
LINE
8
BLACK
6
CONTINUOUS
10
171.2737769999999955
20
-64.2517770000000041
11
171.19267099999999
21
-64.3059700000000021
0
LINE
8
BLACK
6
CONTINUOUS
10
171.19267099999999
20
-64.3059700000000021
11
171.09699999999998
21
-64.3249989999999912
0
LINE
8
BLACK
6
CONTINUOUS
10
171.09699999999998
20
-64.3249989999999912
11
168.2469989999999882
21
-64.3250000000000028
0
LINE
8
BLACK
6
CONTINUOUS
10
168.2469989999999882
20
-64.3250000000000028
11
168.151329000000004
21
-64.3059700000000021
0
LINE
8
BLACK
6
CONTINUOUS
10
168.151329000000004
20
-64.3059700000000021
11
168.0702229999999986
21
-64.2517770000000041
0
LINE
8
BLACK
6
CONTINUOUS
10
168.0702229999999986
20
-64.2517770000000041
11
168.0160300000000007
21
-64.1706709999999987
0
LINE
8
BLACK
6
CONTINUOUS
10
168.0160300000000007
20
-64.1706709999999987
11
167.9970009999999832
21
-64.0750000000000028
0
LINE
8
BLACK
6
CONTINUOUS
10
167.9970009999999832
20
-64.0750000000000028
11
167.9969999999999857
21
-63.1749989999999997
0
LINE
8
BLACK
6
CONTINUOUS
10
167.9969999999999857
20
-63.1749989999999997
11
168.0160300000000007
21
-63.0793289999999942
0
LINE
8
BLACK
6
CONTINUOUS
10
168.0160300000000007
20
-63.0793289999999942
11
168.0702229999999986
21
-62.9982229999999959
0
LINE
8
BLACK
6
CONTINUOUS
10
168.0702229999999986
20
-62.9982229999999959
11
168.151329000000004
21
-62.9440299999999979
0
LINE
8
BLACK
6
CONTINUOUS
10
168.151329000000004
20
-62.9440299999999979
11
168.2469999999999857
21
-62.9250009999999946
0
LINE
8
BLACK
6
CONTINUOUS
10
168.2469999999999857
20
-62.9250009999999946
11
171.0970010000000059
21
-62.9249999999999972
0
LINE
8
BLACK
6
CONTINUOUS
10
171.0970010000000059
20
-62.9249999999999972
11
171.19267099999999
21
-62.9440299999999979
0
LINE
8
BLACK
6
CONTINUOUS
10
142.7843869999999811
20
-61.3920789999999954
11
142.8614379999999926
21
-61.443562
0
LINE
8
BLACK
6
CONTINUOUS
10
142.8614379999999926
20
-61.443562
11
142.912920999999983
21
-61.5206129999999973
0
LINE
8
BLACK
6
CONTINUOUS
10
142.912920999999983
20
-61.5206129999999973
11
142.9309999999999832
21
-61.6114999999999995
0
LINE
8
BLACK
6
CONTINUOUS
10
142.9309999999999832
20
-61.6114999999999995
11
142.9309999999999832
21
-62.0864999999999938
0
LINE
8
BLACK
6
CONTINUOUS
10
142.9309999999999832
20
-62.0864999999999938
11
142.912920999999983
21
-62.177386999999996
0
LINE
8
BLACK
6
CONTINUOUS
10
142.912920999999983
20
-62.177386999999996
11
142.8614379999999926
21
-62.2544380000000004
0
LINE
8
BLACK
6
CONTINUOUS
10
142.8614379999999926
20
-62.2544380000000004
11
142.7843869999999811
21
-62.3059209999999979
0
LINE
8
BLACK
6
CONTINUOUS
10
142.7843869999999811
20
-62.3059209999999979
11
142.6935000000000002
21
-62.3239999999999981
0
LINE
8
BLACK
6
CONTINUOUS
10
142.6935000000000002
20
-62.3239999999999981
11
142.0935000000000059
21
-62.3239999999999981
0
LINE
8
BLACK
6
CONTINUOUS
10
142.0935000000000059
20
-62.3239999999999981
11
142.0026129999999966
21
-62.3059209999999979
0
LINE
8
BLACK
6
CONTINUOUS
10
142.0026129999999966
20
-62.3059209999999979
11
141.9255619999999851
21
-62.2544380000000004
0
LINE
8
BLACK
6
CONTINUOUS
10
141.9255619999999851
20
-62.2544380000000004
11
141.8740789999999947
21
-62.177386999999996
0
LINE
8
BLACK
6
CONTINUOUS
10
141.8740789999999947
20
-62.177386999999996
11
141.8559999999999945
21
-62.0864999999999938
0
LINE
8
BLACK
6
CONTINUOUS
10
141.8559999999999945
20
-62.0864999999999938
11
141.8559999999999945
21
-61.6114999999999995
0
LINE
8
BLACK
6
CONTINUOUS
10
141.8559999999999945
20
-61.6114999999999995
11
141.8740789999999947
21
-61.5206129999999973
0
LINE
8
BLACK
6
CONTINUOUS
10
141.8740789999999947
20
-61.5206129999999973
11
141.9255619999999851
21
-61.443562
0
LINE
8
BLACK
6
CONTINUOUS
10
141.9255619999999851
20
-61.443562
11
142.0026129999999966
21
-61.3920789999999954
0
LINE
8
BLACK
6
CONTINUOUS
10
142.0026129999999966
20
-61.3920789999999954
11
142.0935000000000059
21
-61.3739999999999952
0
LINE
8
BLACK
6
CONTINUOUS
10
142.0935000000000059
20
-61.3739999999999952
11
142.6935000000000002
21
-61.3739999999999952
0
LINE
8
BLACK
6
CONTINUOUS
10
142.6935000000000002
20
-61.3739999999999952
11
142.7843869999999811
21
-61.3920789999999954
0
LINE
8
BLACK
6
CONTINUOUS
10
144.5093870000000038
20
-61.3920789999999954
11
144.5864379999999869
21
-61.443562
0
LINE
8
BLACK
6
CONTINUOUS
10
144.5864379999999869
20
-61.443562
11
144.6379210000000057
21
-61.5206129999999973
0
LINE
8
BLACK
6
CONTINUOUS
10
144.6379210000000057
20
-61.5206129999999973
11
144.6560000000000059
21
-61.6114999999999995
0
LINE
8
BLACK
6
CONTINUOUS
10
144.6560000000000059
20
-61.6114999999999995
11
144.6560000000000059
21
-62.0864999999999938
0
LINE
8
BLACK
6
CONTINUOUS
10
144.6560000000000059
20
-62.0864999999999938
11
144.6379210000000057
21
-62.177386999999996
0
LINE
8
BLACK
6
CONTINUOUS
10
144.6379210000000057
20
-62.177386999999996
11
144.5864379999999869
21
-62.2544380000000004
0
LINE
8
BLACK
6
CONTINUOUS
10
144.5864379999999869
20
-62.2544380000000004
11
144.5093870000000038
21
-62.3059209999999979
0
LINE
8
BLACK
6
CONTINUOUS
10
144.5093870000000038
20
-62.3059209999999979
11
144.4184999999999945
21
-62.3239999999999981
0
LINE
8
BLACK
6
CONTINUOUS
10
144.4184999999999945
20
-62.3239999999999981
11
143.8185000000000002
21
-62.3239999999999981
0
LINE
8
BLACK
6
CONTINUOUS
10
143.8185000000000002
20
-62.3239999999999981
11
143.727612999999991
21
-62.3059209999999979
0
LINE
8
BLACK
6
CONTINUOUS
10
143.727612999999991
20
-62.3059209999999979
11
143.6505619999999794
21
-62.2544380000000004
0
LINE
8
BLACK
6
CONTINUOUS
10
143.6505619999999794
20
-62.2544380000000004
11
143.599078999999989
21
-62.177386999999996
0
LINE
8
BLACK
6
CONTINUOUS
10
143.599078999999989
20
-62.177386999999996
11
143.5809999999999889
21
-62.0864999999999938
0
LINE
8
BLACK
6
CONTINUOUS
10
143.5809999999999889
20
-62.0864999999999938
11
143.5809999999999889
21
-61.6114999999999995
0
LINE
8
BLACK
6
CONTINUOUS
10
143.5809999999999889
20
-61.6114999999999995
11
143.599078999999989
21
-61.5206129999999973
0
LINE
8
BLACK
6
CONTINUOUS
10
143.599078999999989
20
-61.5206129999999973
11
143.6505619999999794
21
-61.443562
0
LINE
8
BLACK
6
CONTINUOUS
10
143.6505619999999794
20
-61.443562
11
143.727612999999991
21
-61.3920789999999954
0
LINE
8
BLACK
6
CONTINUOUS
10
143.727612999999991
20
-61.3920789999999954
11
143.8185000000000002
21
-61.3739999999999952
0
LINE
8
BLACK
6
CONTINUOUS
10
143.8185000000000002
20
-61.3739999999999952
11
144.4184999999999945
21
-61.3739999999999952
0
LINE
8
BLACK
6
CONTINUOUS
10
144.4184999999999945
20
-61.3739999999999952
11
144.5093870000000038
21
-61.3920789999999954
0
LINE
8
BLACK
6
CONTINUOUS
10
127.5080899999999957
20
-54.7424229999999952
11
127.869930999999994
21
-54.7997329999999963
0
LINE
8
BLACK
6
CONTINUOUS
10
127.869930999999994
20
-54.7997329999999963
11
128.2237989999999854
21
-54.8945519999999973
0
LINE
8
BLACK
6
CONTINUOUS
10
128.2237989999999854
20
-54.8945519999999973
11
128.5658180000000073
21
-55.0258409999999998
0
LINE
8
BLACK
6
CONTINUOUS
10
128.5658180000000073
20
-55.0258409999999998
11
128.8922399999999868
21
-55.1921609999999987
0
LINE
8
BLACK
6
CONTINUOUS
10
128.8922399999999868
20
-55.1921609999999987
11
129.1994880000000023
21
-55.3916909999999945
0
LINE
8
BLACK
6
CONTINUOUS
10
129.1994880000000023
20
-55.3916909999999945
11
129.4841969999999947
21
-55.6222429999999974
0
LINE
8
BLACK
6
CONTINUOUS
10
129.4841969999999947
20
-55.6222429999999974
11
129.7432469999999967
21
-55.8812929999999994
0
LINE
8
BLACK
6
CONTINUOUS
10
129.7432469999999967
20
-55.8812929999999994
11
129.9737989999999854
21
-56.1660019999999989
0
LINE
8
BLACK
6
CONTINUOUS
10
129.9737989999999854
20
-56.1660019999999989
11
130.1733289999999954
21
-56.4732500000000002
0
LINE
8
BLACK
6
CONTINUOUS
10
130.1733289999999954
20
-56.4732500000000002
11
130.3396489999999801
21
-56.7996719999999939
0
LINE
8
BLACK
6
CONTINUOUS
10
130.3396489999999801
20
-56.7996719999999939
11
130.4709379999999896
21
-57.1416909999999945
0
LINE
8
BLACK
6
CONTINUOUS
10
130.4709379999999896
20
-57.1416909999999945
11
130.5657569999999907
21
-57.4955590000000001
0
LINE
8
BLACK
6
CONTINUOUS
10
130.5657569999999907
20
-57.4955590000000001
11
130.6230669999999918
21
-57.8573999999999984
0
LINE
8
BLACK
6
CONTINUOUS
10
130.6230669999999918
20
-57.8573999999999984
11
130.6422399999999868
21
-58.2232500000000002
0
LINE
8
BLACK
6
CONTINUOUS
10
130.6422399999999868
20
-58.2232500000000002
11
130.6230669999999918
21
-58.5890999999999948
0
LINE
8
BLACK
6
CONTINUOUS
10
130.6230669999999918
20
-58.5890999999999948
11
130.5657569999999907
21
-58.9509410000000003
0
LINE
8
BLACK
6
CONTINUOUS
10
130.5657569999999907
20
-58.9509410000000003
11
130.4709379999999896
21
-59.3048089999999988
0
LINE
8
BLACK
6
CONTINUOUS
10
130.4709379999999896
20
-59.3048089999999988
11
130.3396489999999801
21
-59.6468279999999993
0
LINE
8
BLACK
6
CONTINUOUS
10
130.3396489999999801
20
-59.6468279999999993
11
130.1733289999999954
21
-59.9732500000000002
0
LINE
8
BLACK
6
CONTINUOUS
10
130.1733289999999954
20
-59.9732500000000002
11
129.9737989999999854
21
-60.2804979999999944
0
LINE
8
BLACK
6
CONTINUOUS
10
129.9737989999999854
20
-60.2804979999999944
11
129.7432469999999967
21
-60.5652069999999938
0
LINE
8
BLACK
6
CONTINUOUS
10
129.7432469999999967
20
-60.5652069999999938
11
129.4841969999999947
21
-60.8242569999999958
0
LINE
8
BLACK
6
CONTINUOUS
10
129.4841969999999947
20
-60.8242569999999958
11
129.1994880000000023
21
-61.0548089999999988
0
LINE
8
BLACK
6
CONTINUOUS
10
129.1994880000000023
20
-61.0548089999999988
11
128.8922399999999868
21
-61.2543389999999945
0
LINE
8
BLACK
6
CONTINUOUS
10
128.8922399999999868
20
-61.2543389999999945
11
128.5658180000000073
21
-61.4206590000000006
0
LINE
8
BLACK
6
CONTINUOUS
10
128.5658180000000073
20
-61.4206590000000006
11
128.2237989999999854
21
-61.5519479999999959
0
LINE
8
BLACK
6
CONTINUOUS
10
128.2237989999999854
20
-61.5519479999999959
11
127.869930999999994
21
-61.646766999999997
0
LINE
8
BLACK
6
CONTINUOUS
10
127.869930999999994
20
-61.646766999999997
11
127.5080899999999957
21
-61.7040769999999981
0
LINE
8
BLACK
6
CONTINUOUS
10
127.5080899999999957
20
-61.7040769999999981
11
127.142240000000001
21
-61.7232500000000002
0
LINE
8
BLACK
6
CONTINUOUS
10
127.142240000000001
20
-61.7232500000000002
11
126.7763899999999921
21
-61.7040769999999981
0
LINE
8
BLACK
6
CONTINUOUS
10
126.7763899999999921
20
-61.7040769999999981
11
126.4145489999999938
21
-61.646766999999997
0
LINE
8
BLACK
6
CONTINUOUS
10
126.4145489999999938
20
-61.646766999999997
11
126.0606809999999882
21
-61.5519479999999959
0
LINE
8
BLACK
6
CONTINUOUS
10
126.0606809999999882
20
-61.5519479999999959
11
125.7186619999999948
21
-61.4206590000000006
0
LINE
8
BLACK
6
CONTINUOUS
10
125.7186619999999948
20
-61.4206590000000006
11
125.392240000000001
21
-61.2543389999999945
0
LINE
8
BLACK
6
CONTINUOUS
10
125.392240000000001
20
-61.2543389999999945
11
125.0849919999999997
21
-61.0548089999999988
0
LINE
8
BLACK
6
CONTINUOUS
10
125.0849919999999997
20
-61.0548089999999988
11
124.8002829999999932
21
-60.8242569999999958
0
LINE
8
BLACK
6
CONTINUOUS
10
124.8002829999999932
20
-60.8242569999999958
11
124.5412329999999912
21
-60.5652069999999938
0
LINE
8
BLACK
6
CONTINUOUS
10
124.5412329999999912
20
-60.5652069999999938
11
124.3106809999999882
21
-60.2804979999999944
0
LINE
8
BLACK
6
CONTINUOUS
10
124.3106809999999882
20
-60.2804979999999944
11
124.1111509999999925
21
-59.9732500000000002
0
LINE
8
BLACK
6
CONTINUOUS
10
124.1111509999999925
20
-59.9732500000000002
11
123.9448309999999935
21
-59.6468279999999993
0
LINE
8
BLACK
6
CONTINUOUS
10
123.9448309999999935
20
-59.6468279999999993
11
123.8135419999999982
21
-59.3048089999999988
0
LINE
8
BLACK
6
CONTINUOUS
10
123.8135419999999982
20
-59.3048089999999988
11
123.7187229999999971
21
-58.9509410000000003
0
LINE
8
BLACK
6
CONTINUOUS
10
123.7187229999999971
20
-58.9509410000000003
11
123.661412999999996
21
-58.5890999999999948
0
LINE
8
BLACK
6
CONTINUOUS
10
123.661412999999996
20
-58.5890999999999948
11
123.642240000000001
21
-58.2232500000000002
0
LINE
8
BLACK
6
CONTINUOUS
10
123.642240000000001
20
-58.2232500000000002
11
123.661412999999996
21
-57.8573999999999984
0
LINE
8
BLACK
6
CONTINUOUS
10
123.661412999999996
20
-57.8573999999999984
11
123.7187229999999971
21
-57.4955590000000001
0
LINE
8
BLACK
6
CONTINUOUS
10
123.7187229999999971
20
-57.4955590000000001
11
123.8135419999999982
21
-57.1416909999999945
0
LINE
8
BLACK
6
CONTINUOUS
10
123.8135419999999982
20
-57.1416909999999945
11
123.9448309999999935
21
-56.7996719999999939
0
LINE
8
BLACK
6
CONTINUOUS
10
123.9448309999999935
20
-56.7996719999999939
11
124.1111509999999925
21
-56.4732500000000002
0
LINE
8
BLACK
6
CONTINUOUS
10
124.1111509999999925
20
-56.4732500000000002
11
124.3106809999999882
21
-56.1660019999999989
0
LINE
8
BLACK
6
CONTINUOUS
10
124.3106809999999882
20
-56.1660019999999989
11
124.5412329999999912
21
-55.8812929999999994
0
LINE
8
BLACK
6
CONTINUOUS
10
124.5412329999999912
20
-55.8812929999999994
11
124.8002829999999932
21
-55.6222429999999974
0
LINE
8
BLACK
6
CONTINUOUS
10
124.8002829999999932
20
-55.6222429999999974
11
125.0849919999999997
21
-55.3916909999999945
0
LINE
8
BLACK
6
CONTINUOUS
10
125.0849919999999997
20
-55.3916909999999945
11
125.392240000000001
21
-55.1921609999999987
0
LINE
8
BLACK
6
CONTINUOUS
10
125.392240000000001
20
-55.1921609999999987
11
125.7186619999999948
21
-55.0258409999999998
0
LINE
8
BLACK
6
CONTINUOUS
10
125.7186619999999948
20
-55.0258409999999998
11
126.0606809999999882
21
-54.8945519999999973
0
LINE
8
BLACK
6
CONTINUOUS
10
126.0606809999999882
20
-54.8945519999999973
11
126.4145489999999938
21
-54.7997329999999963
0
LINE
8
BLACK
6
CONTINUOUS
10
126.4145489999999938
20
-54.7997329999999963
11
126.7763899999999921
21
-54.7424229999999952
0
LINE
8
BLACK
6
CONTINUOUS
10
126.7763899999999921
20
-54.7424229999999952
11
127.142240000000001
21
-54.7232500000000002
0
LINE
8
BLACK
6
CONTINUOUS
10
127.142240000000001
20
-54.7232500000000002
11
127.5080899999999957
21
-54.7424229999999952
0
LINE
8
BLACK
6
CONTINUOUS
10
171.9580899999999986
20
-54.7424229999999952
11
172.3199309999999969
21
-54.7997329999999963
0
LINE
8
BLACK
6
CONTINUOUS
10
172.3199309999999969
20
-54.7997329999999963
11
172.6737990000000025
21
-54.8945519999999973
0
LINE
8
BLACK
6
CONTINUOUS
10
172.6737990000000025
20
-54.8945519999999973
11
173.0158179999999959
21
-55.0258409999999998
0
LINE
8
BLACK
6
CONTINUOUS
10
173.0158179999999959
20
-55.0258409999999998
11
173.3422400000000039
21
-55.1921609999999987
0
LINE
8
BLACK
6
CONTINUOUS
10
173.3422400000000039
20
-55.1921609999999987
11
173.649487999999991
21
-55.3916909999999945
0
LINE
8
BLACK
6
CONTINUOUS
10
173.649487999999991
20
-55.3916909999999945
11
173.9341969999999833
21
-55.6222429999999974
0
LINE
8
BLACK
6
CONTINUOUS
10
173.9341969999999833
20
-55.6222429999999974
11
174.1932469999999853
21
-55.8812929999999994
0
LINE
8
BLACK
6
CONTINUOUS
10
174.1932469999999853
20
-55.8812929999999994
11
174.4237990000000025
21
-56.1660019999999989
0
LINE
8
BLACK
6
CONTINUOUS
10
174.4237990000000025
20
-56.1660019999999989
11
174.623328999999984
21
-56.4732500000000002
0
LINE
8
BLACK
6
CONTINUOUS
10
174.623328999999984
20
-56.4732500000000002
11
174.7896489999999972
21
-56.7996719999999939
0
LINE
8
BLACK
6
CONTINUOUS
10
174.7896489999999972
20
-56.7996719999999939
11
174.9209379999999783
21
-57.1416909999999945
0
LINE
8
BLACK
6
CONTINUOUS
10
174.9209379999999783
20
-57.1416909999999945
11
175.0157569999999794
21
-57.4955590000000001
0
LINE
8
BLACK
6
CONTINUOUS
10
175.0157569999999794
20
-57.4955590000000001
11
175.0730669999999805
21
-57.8573999999999984
0
LINE
8
BLACK
6
CONTINUOUS
10
175.0730669999999805
20
-57.8573999999999984
11
175.0922400000000039
21
-58.2232500000000002
0
LINE
8
BLACK
6
CONTINUOUS
10
175.0922400000000039
20
-58.2232500000000002
11
175.0730669999999805
21
-58.5890999999999948
0
LINE
8
BLACK
6
CONTINUOUS
10
175.0730669999999805
20
-58.5890999999999948
11
175.0157569999999794
21
-58.9509410000000003
0
LINE
8
BLACK
6
CONTINUOUS
10
175.0157569999999794
20
-58.9509410000000003
11
174.9209379999999783
21
-59.3048089999999988
0
LINE
8
BLACK
6
CONTINUOUS
10
174.9209379999999783
20
-59.3048089999999988
11
174.7896489999999972
21
-59.6468279999999993
0
LINE
8
BLACK
6
CONTINUOUS
10
174.7896489999999972
20
-59.6468279999999993
11
174.623328999999984
21
-59.9732500000000002
0
LINE
8
BLACK
6
CONTINUOUS
10
174.623328999999984
20
-59.9732500000000002
11
174.4237990000000025
21
-60.2804979999999944
0
LINE
8
BLACK
6
CONTINUOUS
10
174.4237990000000025
20
-60.2804979999999944
11
174.1932469999999853
21
-60.5652069999999938
0
LINE
8
BLACK
6
CONTINUOUS
10
174.1932469999999853
20
-60.5652069999999938
11
173.9341969999999833
21
-60.8242569999999958
0
LINE
8
BLACK
6
CONTINUOUS
10
173.9341969999999833
20
-60.8242569999999958
11
173.649487999999991
21
-61.0548089999999988
0
LINE
8
BLACK
6
CONTINUOUS
10
173.649487999999991
20
-61.0548089999999988
11
173.3422400000000039
21
-61.2543389999999945
0
LINE
8
BLACK
6
CONTINUOUS
10
173.3422400000000039
20
-61.2543389999999945
11
173.0158179999999959
21
-61.4206590000000006
0
LINE
8
BLACK
6
CONTINUOUS
10
173.0158179999999959
20
-61.4206590000000006
11
172.6737990000000025
21
-61.5519479999999959
0
LINE
8
BLACK
6
CONTINUOUS
10
172.6737990000000025
20
-61.5519479999999959
11
172.3199309999999969
21
-61.646766999999997
0
LINE
8
BLACK
6
CONTINUOUS
10
172.3199309999999969
20
-61.646766999999997
11
171.9580899999999986
21
-61.7040769999999981
0
LINE
8
BLACK
6
CONTINUOUS
10
171.9580899999999986
20
-61.7040769999999981
11
171.5922400000000039
21
-61.7232500000000002
0
LINE
8
BLACK
6
CONTINUOUS
10
171.5922400000000039
20
-61.7232500000000002
11
171.2263899999999808
21
-61.7040769999999981
0
LINE
8
BLACK
6
CONTINUOUS
10
171.2263899999999808
20
-61.7040769999999981
11
170.8645489999999825
21
-61.646766999999997
0
LINE
8
BLACK
6
CONTINUOUS
10
170.8645489999999825
20
-61.646766999999997
11
170.5106810000000053
21
-61.5519479999999959
0
LINE
8
BLACK
6
CONTINUOUS
10
170.5106810000000053
20
-61.5519479999999959
11
170.1686619999999834
21
-61.4206590000000006
0
LINE
8
BLACK
6
CONTINUOUS
10
170.1686619999999834
20
-61.4206590000000006
11
169.8422400000000039
21
-61.2543389999999945
0
LINE
8
BLACK
6
CONTINUOUS
10
169.8422400000000039
20
-61.2543389999999945
11
169.5349919999999884
21
-61.0548089999999988
0
LINE
8
BLACK
6
CONTINUOUS
10
169.5349919999999884
20
-61.0548089999999988
11
169.250282999999996
21
-60.8242569999999958
0
LINE
8
BLACK
6
CONTINUOUS
10
169.250282999999996
20
-60.8242569999999958
11
168.991232999999994
21
-60.5652069999999938
0
LINE
8
BLACK
6
CONTINUOUS
10
168.991232999999994
20
-60.5652069999999938
11
168.7606810000000053
21
-60.2804979999999944
0
LINE
8
BLACK
6
CONTINUOUS
10
168.7606810000000053
20
-60.2804979999999944
11
168.5611509999999953
21
-59.9732500000000002
0
LINE
8
BLACK
6
CONTINUOUS
10
168.5611509999999953
20
-59.9732500000000002
11
168.3948309999999822
21
-59.6468279999999993
0
LINE
8
BLACK
6
CONTINUOUS
10
168.3948309999999822
20
-59.6468279999999993
11
168.2635420000000011
21
-59.3048089999999988
0
LINE
8
BLACK
6
CONTINUOUS
10
168.2635420000000011
20
-59.3048089999999988
11
168.168723
21
-58.9509410000000003
0
LINE
8
BLACK
6
CONTINUOUS
10
168.168723
20
-58.9509410000000003
11
168.1114129999999989
21
-58.5890999999999948
0
LINE
8
BLACK
6
CONTINUOUS
10
168.1114129999999989
20
-58.5890999999999948
11
168.0922400000000039
21
-58.2232500000000002
0
LINE
8
BLACK
6
CONTINUOUS
10
168.0922400000000039
20
-58.2232500000000002
11
168.1114129999999989
21
-57.8573999999999984
0
LINE
8
BLACK
6
CONTINUOUS
10
168.1114129999999989
20
-57.8573999999999984
11
168.168723
21
-57.4955590000000001
0
LINE
8
BLACK
6
CONTINUOUS
10
168.168723
20
-57.4955590000000001
11
168.2635420000000011
21
-57.1416909999999945
0
LINE
8
BLACK
6
CONTINUOUS
10
168.2635420000000011
20
-57.1416909999999945
11
168.3948309999999822
21
-56.7996719999999939
0
LINE
8
BLACK
6
CONTINUOUS
10
168.3948309999999822
20
-56.7996719999999939
11
168.5611509999999953
21
-56.4732500000000002
0
LINE
8
BLACK
6
CONTINUOUS
10
168.5611509999999953
20
-56.4732500000000002
11
168.7606810000000053
21
-56.1660019999999989
0
LINE
8
BLACK
6
CONTINUOUS
10
168.7606810000000053
20
-56.1660019999999989
11
168.991232999999994
21
-55.8812929999999994
0
LINE
8
BLACK
6
CONTINUOUS
10
168.991232999999994
20
-55.8812929999999994
11
169.250282999999996
21
-55.6222429999999974
0
LINE
8
BLACK
6
CONTINUOUS
10
169.250282999999996
20
-55.6222429999999974
11
169.5349919999999884
21
-55.3916909999999945
0
LINE
8
BLACK
6
CONTINUOUS
10
169.5349919999999884
20
-55.3916909999999945
11
169.8422400000000039
21
-55.1921609999999987
0
LINE
8
BLACK
6
CONTINUOUS
10
169.8422400000000039
20
-55.1921609999999987
11
170.1686619999999834
21
-55.0258409999999998
0
LINE
8
BLACK
6
CONTINUOUS
10
170.1686619999999834
20
-55.0258409999999998
11
170.5106810000000053
21
-54.8945519999999973
0
LINE
8
BLACK
6
CONTINUOUS
10
170.5106810000000053
20
-54.8945519999999973
11
170.8645489999999825
21
-54.7997329999999963
0
LINE
8
BLACK
6
CONTINUOUS
10
170.8645489999999825
20
-54.7997329999999963
11
171.2263899999999808
21
-54.7424229999999952
0
LINE
8
BLACK
6
CONTINUOUS
10
171.2263899999999808
20
-54.7424229999999952
11
171.5922400000000039
21
-54.7232500000000002
0
LINE
8
BLACK
6
CONTINUOUS
10
171.5922400000000039
20
-54.7232500000000002
11
171.9580899999999986
21
-54.7424229999999952
0
LINE
8
BLACK
6
CONTINUOUS
10
133.7977080000000001
20
-60.4151839999999964
11
133.917429999999996
21
-60.4921249999999944
0
LINE
8
BLACK
6
CONTINUOUS
10
133.917429999999996
20
-60.4921249999999944
11
134.0106269999999995
21
-60.5996799999999993
0
LINE
8
BLACK
6
CONTINUOUS
10
134.0106269999999995
20
-60.5996799999999993
11
134.0697459999999808
21
-60.7291339999999948
0
LINE
8
BLACK
6
CONTINUOUS
10
134.0697459999999808
20
-60.7291339999999948
11
134.0900000000000034
21
-60.8699999999999974
0
LINE
8
BLACK
6
CONTINUOUS
10
134.0900000000000034
20
-60.8699999999999974
11
134.0697459999999808
21
-61.010866
0
LINE
8
BLACK
6
CONTINUOUS
10
134.0697459999999808
20
-61.010866
11
134.0106269999999995
21
-61.1403199999999956
0
LINE
8
BLACK
6
CONTINUOUS
10
134.0106269999999995
20
-61.1403199999999956
11
133.917429999999996
21
-61.2478750000000005
0
LINE
8
BLACK
6
CONTINUOUS
10
133.917429999999996
20
-61.2478750000000005
11
133.7977080000000001
21
-61.3248159999999984
0
LINE
8
BLACK
6
CONTINUOUS
10
133.7977080000000001
20
-61.3248159999999984
11
133.6611570000000029
21
-61.3649109999999993
0
LINE
8
BLACK
6
CONTINUOUS
10
133.6611570000000029
20
-61.3649109999999993
11
133.5188430000000039
21
-61.3649109999999993
0
LINE
8
BLACK
6
CONTINUOUS
10
133.5188430000000039
20
-61.3649109999999993
11
133.3822920000000067
21
-61.3248159999999984
0
LINE
8
BLACK
6
CONTINUOUS
10
133.3822920000000067
20
-61.3248159999999984
11
133.2625699999999824
21
-61.2478750000000005
0
LINE
8
BLACK
6
CONTINUOUS
10
133.2625699999999824
20
-61.2478750000000005
11
133.1693730000000073
21
-61.1403199999999956
0
LINE
8
BLACK
6
CONTINUOUS
10
133.1693730000000073
20
-61.1403199999999956
11
133.1102539999999976
21
-61.010866
0
LINE
8
BLACK
6
CONTINUOUS
10
133.1102539999999976
20
-61.010866
11
133.0900000000000034
21
-60.8699999999999974
0
LINE
8
BLACK
6
CONTINUOUS
10
133.0900000000000034
20
-60.8699999999999974
11
133.1102539999999976
21
-60.7291339999999948
0
LINE
8
BLACK
6
CONTINUOUS
10
133.1102539999999976
20
-60.7291339999999948
11
133.1693730000000073
21
-60.5996799999999993
0
LINE
8
BLACK
6
CONTINUOUS
10
133.1693730000000073
20
-60.5996799999999993
11
133.2625699999999824
21
-60.4921249999999944
0
LINE
8
BLACK
6
CONTINUOUS
10
133.2625699999999824
20
-60.4921249999999944
11
133.3822920000000067
21
-60.4151839999999964
0
LINE
8
BLACK
6
CONTINUOUS
10
133.3822920000000067
20
-60.4151839999999964
11
133.5188430000000039
21
-60.3750889999999956
0
LINE
8
BLACK
6
CONTINUOUS
10
133.5188430000000039
20
-60.3750889999999956
11
133.6611570000000029
21
-60.3750889999999956
0
LINE
8
BLACK
6
CONTINUOUS
10
133.6611570000000029
20
-60.3750889999999956
11
133.7977080000000001
21
-60.4151839999999964
0
LINE
8
BLACK
6
CONTINUOUS
10
135.0677079999999819
20
-60.4151839999999964
11
135.1874300000000062
21
-60.4921249999999944
0
LINE
8
BLACK
6
CONTINUOUS
10
135.1874300000000062
20
-60.4921249999999944
11
135.2806269999999813
21
-60.5996799999999993
0
LINE
8
BLACK
6
CONTINUOUS
10
135.2806269999999813
20
-60.5996799999999993
11
135.339745999999991
21
-60.7291339999999948
0
LINE
8
BLACK
6
CONTINUOUS
10
135.339745999999991
20
-60.7291339999999948
11
135.3599999999999852
21
-60.8699999999999974
0
LINE
8
BLACK
6
CONTINUOUS
10
135.3599999999999852
20
-60.8699999999999974
11
135.339745999999991
21
-61.010866
0
LINE
8
BLACK
6
CONTINUOUS
10
135.339745999999991
20
-61.010866
11
135.2806269999999813
21
-61.1403199999999956
0
LINE
8
BLACK
6
CONTINUOUS
10
135.2806269999999813
20
-61.1403199999999956
11
135.1874300000000062
21
-61.2478750000000005
0
LINE
8
BLACK
6
CONTINUOUS
10
135.1874300000000062
20
-61.2478750000000005
11
135.0677079999999819
21
-61.3248159999999984
0
LINE
8
BLACK
6
CONTINUOUS
10
135.0677079999999819
20
-61.3248159999999984
11
134.9311569999999847
21
-61.3649109999999993
0
LINE
8
BLACK
6
CONTINUOUS
10
134.9311569999999847
20
-61.3649109999999993
11
134.7888429999999858
21
-61.3649109999999993
0
LINE
8
BLACK
6
CONTINUOUS
10
134.7888429999999858
20
-61.3649109999999993
11
134.6522919999999885
21
-61.3248159999999984
0
LINE
8
BLACK
6
CONTINUOUS
10
134.6522919999999885
20
-61.3248159999999984
11
134.5325699999999927
21
-61.2478750000000005
0
LINE
8
BLACK
6
CONTINUOUS
10
134.5325699999999927
20
-61.2478750000000005
11
134.4393729999999891
21
-61.1403199999999956
0
LINE
8
BLACK
6
CONTINUOUS
10
134.4393729999999891
20
-61.1403199999999956
11
134.3802540000000079
21
-61.010866
0
LINE
8
BLACK
6
CONTINUOUS
10
134.3802540000000079
20
-61.010866
11
134.3599999999999852
21
-60.8699999999999974
0
LINE
8
BLACK
6
CONTINUOUS
10
134.3599999999999852
20
-60.8699999999999974
11
134.3802540000000079
21
-60.7291339999999948
0
LINE
8
BLACK
6
CONTINUOUS
10
134.3802540000000079
20
-60.7291339999999948
11
134.4393729999999891
21
-60.5996799999999993
0
LINE
8
BLACK
6
CONTINUOUS
10
134.4393729999999891
20
-60.5996799999999993
11
134.5325699999999927
21
-60.4921249999999944
0
LINE
8
BLACK
6
CONTINUOUS
10
134.5325699999999927
20
-60.4921249999999944
11
134.6522919999999885
21
-60.4151839999999964
0
LINE
8
BLACK
6
CONTINUOUS
10
134.6522919999999885
20
-60.4151839999999964
11
134.7888429999999858
21
-60.3750889999999956
0
LINE
8
BLACK
6
CONTINUOUS
10
134.7888429999999858
20
-60.3750889999999956
11
134.9311569999999847
21
-60.3750889999999956
0
LINE
8
BLACK
6
CONTINUOUS
10
134.9311569999999847
20
-60.3750889999999956
11
135.0677079999999819
21
-60.4151839999999964
0
LINE
8
BLACK
6
CONTINUOUS
10
136.3377079999999921
20
-60.4151839999999964
11
136.457429999999988
21
-60.4921249999999944
0
LINE
8
BLACK
6
CONTINUOUS
10
136.457429999999988
20
-60.4921249999999944
11
136.5506269999999915
21
-60.5996799999999993
0
LINE
8
BLACK
6
CONTINUOUS
10
136.5506269999999915
20
-60.5996799999999993
11
136.6097460000000012
21
-60.7291339999999948
0
LINE
8
BLACK
6
CONTINUOUS
10
136.6097460000000012
20
-60.7291339999999948
11
136.6299999999999955
21
-60.8699999999999974
0
LINE
8
BLACK
6
CONTINUOUS
10
136.6299999999999955
20
-60.8699999999999974
11
136.6097460000000012
21
-61.010866
0
LINE
8
BLACK
6
CONTINUOUS
10
136.6097460000000012
20
-61.010866
11
136.5506269999999915
21
-61.1403199999999956
0
LINE
8
BLACK
6
CONTINUOUS
10
136.5506269999999915
20
-61.1403199999999956
11
136.457429999999988
21
-61.2478750000000005
0
LINE
8
BLACK
6
CONTINUOUS
10
136.457429999999988
20
-61.2478750000000005
11
136.3377079999999921
21
-61.3248159999999984
0
LINE
8
BLACK
6
CONTINUOUS
10
136.3377079999999921
20
-61.3248159999999984
11
136.2011569999999949
21
-61.3649109999999993
0
LINE
8
BLACK
6
CONTINUOUS
10
136.2011569999999949
20
-61.3649109999999993
11
136.058842999999996
21
-61.3649109999999993
0
LINE
8
BLACK
6
CONTINUOUS
10
136.058842999999996
20
-61.3649109999999993
11
135.9222919999999988
21
-61.3248159999999984
0
LINE
8
BLACK
6
CONTINUOUS
10
135.9222919999999988
20
-61.3248159999999984
11
135.8025700000000029
21
-61.2478750000000005
0
LINE
8
BLACK
6
CONTINUOUS
10
135.8025700000000029
20
-61.2478750000000005
11
135.7093729999999994
21
-61.1403199999999956
0
LINE
8
BLACK
6
CONTINUOUS
10
135.7093729999999994
20
-61.1403199999999956
11
135.6502539999999897
21
-61.010866
0
LINE
8
BLACK
6
CONTINUOUS
10
135.6502539999999897
20
-61.010866
11
135.6299999999999955
21
-60.8699999999999974
0
LINE
8
BLACK
6
CONTINUOUS
10
135.6299999999999955
20
-60.8699999999999974
11
135.6502539999999897
21
-60.7291339999999948
0
LINE
8
BLACK
6
CONTINUOUS
10
135.6502539999999897
20
-60.7291339999999948
11
135.7093729999999994
21
-60.5996799999999993
0
LINE
8
BLACK
6
CONTINUOUS
10
135.7093729999999994
20
-60.5996799999999993
11
135.8025700000000029
21
-60.4921249999999944
0
LINE
8
BLACK
6
CONTINUOUS
10
135.8025700000000029
20
-60.4921249999999944
11
135.9222919999999988
21
-60.4151839999999964
0
LINE
8
BLACK
6
CONTINUOUS
10
135.9222919999999988
20
-60.4151839999999964
11
136.058842999999996
21
-60.3750889999999956
0
LINE
8
BLACK
6
CONTINUOUS
10
136.058842999999996
20
-60.3750889999999956
11
136.2011569999999949
21
-60.3750889999999956
0
LINE
8
BLACK
6
CONTINUOUS
10
136.2011569999999949
20
-60.3750889999999956
11
136.3377079999999921
21
-60.4151839999999964
0
LINE
8
BLACK
6
CONTINUOUS
10
137.6077080000000024
20
-60.4151839999999964
11
137.7274299999999982
21
-60.4921249999999944
0
LINE
8
BLACK
6
CONTINUOUS
10
137.7274299999999982
20
-60.4921249999999944
11
137.8206270000000018
21
-60.5996799999999993
0
LINE
8
BLACK
6
CONTINUOUS
10
137.8206270000000018
20
-60.5996799999999993
11
137.879745999999983
21
-60.7291339999999948
0
LINE
8
BLACK
6
CONTINUOUS
10
137.879745999999983
20
-60.7291339999999948
11
137.9000000000000057
21
-60.8699999999999974
0
LINE
8
BLACK
6
CONTINUOUS
10
137.9000000000000057
20
-60.8699999999999974
11
137.879745999999983
21
-61.010866
0
LINE
8
BLACK
6
CONTINUOUS
10
137.879745999999983
20
-61.010866
11
137.8206270000000018
21
-61.1403199999999956
0
LINE
8
BLACK
6
CONTINUOUS
10
137.8206270000000018
20
-61.1403199999999956
11
137.7274299999999982
21
-61.2478750000000005
0
LINE
8
BLACK
6
CONTINUOUS
10
137.7274299999999982
20
-61.2478750000000005
11
137.6077080000000024
21
-61.3248159999999984
0
LINE
8
BLACK
6
CONTINUOUS
10
137.6077080000000024
20
-61.3248159999999984
11
137.4711570000000052
21
-61.3649109999999993
0
LINE
8
BLACK
6
CONTINUOUS
10
137.4711570000000052
20
-61.3649109999999993
11
137.3288430000000062
21
-61.3649109999999993
0
LINE
8
BLACK
6
CONTINUOUS
10
137.3288430000000062
20
-61.3649109999999993
11
137.1922919999999806
21
-61.3248159999999984
0
LINE
8
BLACK
6
CONTINUOUS
10
137.1922919999999806
20
-61.3248159999999984
11
137.0725699999999847
21
-61.2478750000000005
0
LINE
8
BLACK
6
CONTINUOUS
10
137.0725699999999847
20
-61.2478750000000005
11
136.9793729999999812
21
-61.1403199999999956
0
LINE
8
BLACK
6
CONTINUOUS
10
136.9793729999999812
20
-61.1403199999999956
11
136.9202539999999999
21
-61.010866
0
LINE
8
BLACK
6
CONTINUOUS
10
136.9202539999999999
20
-61.010866
11
136.9000000000000057
21
-60.8699999999999974
0
LINE
8
BLACK
6
CONTINUOUS
10
136.9000000000000057
20
-60.8699999999999974
11
136.9202539999999999
21
-60.7291339999999948
0
LINE
8
BLACK
6
CONTINUOUS
10
136.9202539999999999
20
-60.7291339999999948
11
136.9793729999999812
21
-60.5996799999999993
0
LINE
8
BLACK
6
CONTINUOUS
10
136.9793729999999812
20
-60.5996799999999993
11
137.0725699999999847
21
-60.4921249999999944
0
LINE
8
BLACK
6
CONTINUOUS
10
137.0725699999999847
20
-60.4921249999999944
11
137.1922919999999806
21
-60.4151839999999964
0
LINE
8
BLACK
6
CONTINUOUS
10
137.1922919999999806
20
-60.4151839999999964
11
137.3288430000000062
21
-60.3750889999999956
0
LINE
8
BLACK
6
CONTINUOUS
10
137.3288430000000062
20
-60.3750889999999956
11
137.4711570000000052
21
-60.3750889999999956
0
LINE
8
BLACK
6
CONTINUOUS
10
137.4711570000000052
20
-60.3750889999999956
11
137.6077080000000024
21
-60.4151839999999964
0
LINE
8
BLACK
6
CONTINUOUS
10
138.8777079999999842
20
-60.4151839999999964
11
138.9974299999999801
21
-60.4921249999999944
0
LINE
8
BLACK
6
CONTINUOUS
10
138.9974299999999801
20
-60.4921249999999944
11
139.0906269999999836
21
-60.5996799999999993
0
LINE
8
BLACK
6
CONTINUOUS
10
139.0906269999999836
20
-60.5996799999999993
11
139.1497459999999933
21
-60.7291339999999948
0
LINE
8
BLACK
6
CONTINUOUS
10
139.1497459999999933
20
-60.7291339999999948
11
139.1699999999999875
21
-60.8699999999999974
0
LINE
8
BLACK
6
CONTINUOUS
10
139.1699999999999875
20
-60.8699999999999974
11
139.1497459999999933
21
-61.010866
0
LINE
8
BLACK
6
CONTINUOUS
10
139.1497459999999933
20
-61.010866
11
139.0906269999999836
21
-61.1403199999999956
0
LINE
8
BLACK
6
CONTINUOUS
10
139.0906269999999836
20
-61.1403199999999956
11
138.9974299999999801
21
-61.2478750000000005
0
LINE
8
BLACK
6
CONTINUOUS
10
138.9974299999999801
20
-61.2478750000000005
11
138.8777079999999842
21
-61.3248159999999984
0
LINE
8
BLACK
6
CONTINUOUS
10
138.8777079999999842
20
-61.3248159999999984
11
138.741156999999987
21
-61.3649109999999993
0
LINE
8
BLACK
6
CONTINUOUS
10
138.741156999999987
20
-61.3649109999999993
11
138.598842999999988
21
-61.3649109999999993
0
LINE
8
BLACK
6
CONTINUOUS
10
138.598842999999988
20
-61.3649109999999993
11
138.4622919999999908
21
-61.3248159999999984
0
LINE
8
BLACK
6
CONTINUOUS
10
138.4622919999999908
20
-61.3248159999999984
11
138.3425699999999949
21
-61.2478750000000005
0
LINE
8
BLACK
6
CONTINUOUS
10
138.3425699999999949
20
-61.2478750000000005
11
138.2493729999999914
21
-61.1403199999999956
0
LINE
8
BLACK
6
CONTINUOUS
10
138.2493729999999914
20
-61.1403199999999956
11
138.1902539999999817
21
-61.010866
0
LINE
8
BLACK
6
CONTINUOUS
10
138.1902539999999817
20
-61.010866
11
138.1699999999999875
21
-60.8699999999999974
0
LINE
8
BLACK
6
CONTINUOUS
10
138.1699999999999875
20
-60.8699999999999974
11
138.1902539999999817
21
-60.7291339999999948
0
LINE
8
BLACK
6
CONTINUOUS
10
138.1902539999999817
20
-60.7291339999999948
11
138.2493729999999914
21
-60.5996799999999993
0
LINE
8
BLACK
6
CONTINUOUS
10
138.2493729999999914
20
-60.5996799999999993
11
138.3425699999999949
21
-60.4921249999999944
0
LINE
8
BLACK
6
CONTINUOUS
10
138.3425699999999949
20
-60.4921249999999944
11
138.4622919999999908
21
-60.4151839999999964
0
LINE
8
BLACK
6
CONTINUOUS
10
138.4622919999999908
20
-60.4151839999999964
11
138.598842999999988
21
-60.3750889999999956
0
LINE
8
BLACK
6
CONTINUOUS
10
138.598842999999988
20
-60.3750889999999956
11
138.741156999999987
21
-60.3750889999999956
0
LINE
8
BLACK
6
CONTINUOUS
10
138.741156999999987
20
-60.3750889999999956
11
138.8777079999999842
21
-60.4151839999999964
0
LINE
8
BLACK
6
CONTINUOUS
10
142.6843869999999868
20
-59.7410789999999992
11
142.7614379999999983
21
-59.7925619999999967
0
LINE
8
BLACK
6
CONTINUOUS
10
142.7614379999999983
20
-59.7925619999999967
11
142.8129209999999887
21
-59.869612999999994
0
LINE
8
BLACK
6
CONTINUOUS
10
142.8129209999999887
20
-59.869612999999994
11
142.8309999999999889
21
-59.9604999999999961
0
LINE
8
BLACK
6
CONTINUOUS
10
142.8309999999999889
20
-59.9604999999999961
11
142.8309999999999889
21
-60.4354999999999976
0
LINE
8
BLACK
6
CONTINUOUS
10
142.8309999999999889
20
-60.4354999999999976
11
142.8129209999999887
21
-60.5263869999999997
0
LINE
8
BLACK
6
CONTINUOUS
10
142.8129209999999887
20
-60.5263869999999997
11
142.7614379999999983
21
-60.603437999999997
0
LINE
8
BLACK
6
CONTINUOUS
10
142.7614379999999983
20
-60.603437999999997
11
142.6843869999999868
21
-60.6549209999999945
0
LINE
8
BLACK
6
CONTINUOUS
10
142.6843869999999868
20
-60.6549209999999945
11
142.5935000000000059
21
-60.6729999999999947
0
LINE
8
BLACK
6
CONTINUOUS
10
142.5935000000000059
20
-60.6729999999999947
11
142.0935000000000059
21
-60.6729999999999947
0
LINE
8
BLACK
6
CONTINUOUS
10
142.0935000000000059
20
-60.6729999999999947
11
142.0026129999999966
21
-60.6549209999999945
0
LINE
8
BLACK
6
CONTINUOUS
10
142.0026129999999966
20
-60.6549209999999945
11
141.9255619999999851
21
-60.603437999999997
0
LINE
8
BLACK
6
CONTINUOUS
10
141.9255619999999851
20
-60.603437999999997
11
141.8740789999999947
21
-60.5263869999999997
0
LINE
8
BLACK
6
CONTINUOUS
10
141.8740789999999947
20
-60.5263869999999997
11
141.8559999999999945
21
-60.4354999999999976
0
LINE
8
BLACK
6
CONTINUOUS
10
141.8559999999999945
20
-60.4354999999999976
11
141.8559999999999945
21
-59.9604999999999961
0
LINE
8
BLACK
6
CONTINUOUS
10
141.8559999999999945
20
-59.9604999999999961
11
141.8740789999999947
21
-59.869612999999994
0
LINE
8
BLACK
6
CONTINUOUS
10
141.8740789999999947
20
-59.869612999999994
11
141.9255619999999851
21
-59.7925619999999967
0
LINE
8
BLACK
6
CONTINUOUS
10
141.9255619999999851
20
-59.7925619999999967
11
142.0026129999999966
21
-59.7410789999999992
0
LINE
8
BLACK
6
CONTINUOUS
10
142.0026129999999966
20
-59.7410789999999992
11
142.0935000000000059
21
-59.722999999999999
0
LINE
8
BLACK
6
CONTINUOUS
10
142.0935000000000059
20
-59.722999999999999
11
142.5935000000000059
21
-59.722999999999999
0
LINE
8
BLACK
6
CONTINUOUS
10
142.5935000000000059
20
-59.722999999999999
11
142.6843869999999868
21
-59.7410789999999992
0
LINE
8
BLACK
6
CONTINUOUS
10
144.5093870000000038
20
-59.7410789999999992
11
144.5864379999999869
21
-59.7925619999999967
0
LINE
8
BLACK
6
CONTINUOUS
10
144.5864379999999869
20
-59.7925619999999967
11
144.6379210000000057
21
-59.869612999999994
0
LINE
8
BLACK
6
CONTINUOUS
10
144.6379210000000057
20
-59.869612999999994
11
144.6560000000000059
21
-59.9604999999999961
0
LINE
8
BLACK
6
CONTINUOUS
10
144.6560000000000059
20
-59.9604999999999961
11
144.6560000000000059
21
-60.4354999999999976
0
LINE
8
BLACK
6
CONTINUOUS
10
144.6560000000000059
20
-60.4354999999999976
11
144.6379210000000057
21
-60.5263869999999997
0
LINE
8
BLACK
6
CONTINUOUS
10
144.6379210000000057
20
-60.5263869999999997
11
144.5864379999999869
21
-60.603437999999997
0
LINE
8
BLACK
6
CONTINUOUS
10
144.5864379999999869
20
-60.603437999999997
11
144.5093870000000038
21
-60.6549209999999945
0
LINE
8
BLACK
6
CONTINUOUS
10
144.5093870000000038
20
-60.6549209999999945
11
144.4184999999999945
21
-60.6729999999999947
0
LINE
8
BLACK
6
CONTINUOUS
10
144.4184999999999945
20
-60.6729999999999947
11
143.9184999999999945
21
-60.6729999999999947
0
LINE
8
BLACK
6
CONTINUOUS
10
143.9184999999999945
20
-60.6729999999999947
11
143.8276129999999853
21
-60.6549209999999945
0
LINE
8
BLACK
6
CONTINUOUS
10
143.8276129999999853
20
-60.6549209999999945
11
143.7505620000000022
21
-60.603437999999997
0
LINE
8
BLACK
6
CONTINUOUS
10
143.7505620000000022
20
-60.603437999999997
11
143.6990789999999834
21
-60.5263869999999997
0
LINE
8
BLACK
6
CONTINUOUS
10
143.6990789999999834
20
-60.5263869999999997
11
143.6809999999999832
21
-60.4354999999999976
0
LINE
8
BLACK
6
CONTINUOUS
10
143.6809999999999832
20
-60.4354999999999976
11
143.6809999999999832
21
-59.9604999999999961
0
LINE
8
BLACK
6
CONTINUOUS
10
143.6809999999999832
20
-59.9604999999999961
11
143.6990789999999834
21
-59.869612999999994
0
LINE
8
BLACK
6
CONTINUOUS
10
143.6990789999999834
20
-59.869612999999994
11
143.7505620000000022
21
-59.7925619999999967
0
LINE
8
BLACK
6
CONTINUOUS
10
143.7505620000000022
20
-59.7925619999999967
11
143.8276129999999853
21
-59.7410789999999992
0
LINE
8
BLACK
6
CONTINUOUS
10
143.8276129999999853
20
-59.7410789999999992
11
143.9184999999999945
21
-59.722999999999999
0
LINE
8
BLACK
6
CONTINUOUS
10
143.9184999999999945
20
-59.722999999999999
11
144.4184999999999945
21
-59.722999999999999
0
LINE
8
BLACK
6
CONTINUOUS
10
144.4184999999999945
20
-59.722999999999999
11
144.5093870000000038
21
-59.7410789999999992
0
LINE
8
BLACK
6
CONTINUOUS
10
134.0900000000000034
20
-60.0999999999999943
11
133.0900000000000034
21
-60.0999999999999943
0
LINE
8
BLACK
6
CONTINUOUS
10
133.0900000000000034
20
-60.0999999999999943
11
133.0900000000000034
21
-59.0999999999999943
0
LINE
8
BLACK
6
CONTINUOUS
10
133.0900000000000034
20
-59.0999999999999943
11
134.0900000000000034
21
-59.0999999999999943
0
LINE
8
BLACK
6
CONTINUOUS
10
134.0900000000000034
20
-59.0999999999999943
11
134.0900000000000034
21
-60.0999999999999943
0
LINE
8
BLACK
6
CONTINUOUS
10
135.0677079999999819
20
-59.1451840000000004
11
135.1874300000000062
21
-59.2221249999999984
0
LINE
8
BLACK
6
CONTINUOUS
10
135.1874300000000062
20
-59.2221249999999984
11
135.2806269999999813
21
-59.3296799999999962
0
LINE
8
BLACK
6
CONTINUOUS
10
135.2806269999999813
20
-59.3296799999999962
11
135.339745999999991
21
-59.4591339999999988
0
LINE
8
BLACK
6
CONTINUOUS
10
135.339745999999991
20
-59.4591339999999988
11
135.3599999999999852
21
-59.5999999999999943
0
LINE
8
BLACK
6
CONTINUOUS
10
135.3599999999999852
20
-59.5999999999999943
11
135.339745999999991
21
-59.7408659999999969
0
LINE
8
BLACK
6
CONTINUOUS
10
135.339745999999991
20
-59.7408659999999969
11
135.2806269999999813
21
-59.8703199999999995
0
LINE
8
BLACK
6
CONTINUOUS
10
135.2806269999999813
20
-59.8703199999999995
11
135.1874300000000062
21
-59.9778749999999974
0
LINE
8
BLACK
6
CONTINUOUS
10
135.1874300000000062
20
-59.9778749999999974
11
135.0677079999999819
21
-60.0548159999999953
0
LINE
8
BLACK
6
CONTINUOUS
10
135.0677079999999819
20
-60.0548159999999953
11
134.9311569999999847
21
-60.0949109999999962
0
LINE
8
BLACK
6
CONTINUOUS
10
134.9311569999999847
20
-60.0949109999999962
11
134.7888429999999858
21
-60.0949109999999962
0
LINE
8
BLACK
6
CONTINUOUS
10
134.7888429999999858
20
-60.0949109999999962
11
134.6522919999999885
21
-60.0548159999999953
0
LINE
8
BLACK
6
CONTINUOUS
10
134.6522919999999885
20
-60.0548159999999953
11
134.5325699999999927
21
-59.9778749999999974
0
LINE
8
BLACK
6
CONTINUOUS
10
134.5325699999999927
20
-59.9778749999999974
11
134.4393729999999891
21
-59.8703199999999995
0
LINE
8
BLACK
6
CONTINUOUS
10
134.4393729999999891
20
-59.8703199999999995
11
134.3802540000000079
21
-59.7408659999999969
0
LINE
8
BLACK
6
CONTINUOUS
10
134.3802540000000079
20
-59.7408659999999969
11
134.3599999999999852
21
-59.5999999999999943
0
LINE
8
BLACK
6
CONTINUOUS
10
134.3599999999999852
20
-59.5999999999999943
11
134.3802540000000079
21
-59.4591339999999988
0
LINE
8
BLACK
6
CONTINUOUS
10
134.3802540000000079
20
-59.4591339999999988
11
134.4393729999999891
21
-59.3296799999999962
0
LINE
8
BLACK
6
CONTINUOUS
10
134.4393729999999891
20
-59.3296799999999962
11
134.5325699999999927
21
-59.2221249999999984
0
LINE
8
BLACK
6
CONTINUOUS
10
134.5325699999999927
20
-59.2221249999999984
11
134.6522919999999885
21
-59.1451840000000004
0
LINE
8
BLACK
6
CONTINUOUS
10
134.6522919999999885
20
-59.1451840000000004
11
134.7888429999999858
21
-59.1050889999999995
0
LINE
8
BLACK
6
CONTINUOUS
10
134.7888429999999858
20
-59.1050889999999995
11
134.9311569999999847
21
-59.1050889999999995
0
LINE
8
BLACK
6
CONTINUOUS
10
134.9311569999999847
20
-59.1050889999999995
11
135.0677079999999819
21
-59.1451840000000004
0
LINE
8
BLACK
6
CONTINUOUS
10
136.3377079999999921
20
-59.1451840000000004
11
136.457429999999988
21
-59.2221249999999984
0
LINE
8
BLACK
6
CONTINUOUS
10
136.457429999999988
20
-59.2221249999999984
11
136.5506269999999915
21
-59.3296799999999962
0
LINE
8
BLACK
6
CONTINUOUS
10
136.5506269999999915
20
-59.3296799999999962
11
136.6097460000000012
21
-59.4591339999999988
0
LINE
8
BLACK
6
CONTINUOUS
10
136.6097460000000012
20
-59.4591339999999988
11
136.6299999999999955
21
-59.5999999999999943
0
LINE
8
BLACK
6
CONTINUOUS
10
136.6299999999999955
20
-59.5999999999999943
11
136.6097460000000012
21
-59.7408659999999969
0
LINE
8
BLACK
6
CONTINUOUS
10
136.6097460000000012
20
-59.7408659999999969
11
136.5506269999999915
21
-59.8703199999999995
0
LINE
8
BLACK
6
CONTINUOUS
10
136.5506269999999915
20
-59.8703199999999995
11
136.457429999999988
21
-59.9778749999999974
0
LINE
8
BLACK
6
CONTINUOUS
10
136.457429999999988
20
-59.9778749999999974
11
136.3377079999999921
21
-60.0548159999999953
0
LINE
8
BLACK
6
CONTINUOUS
10
136.3377079999999921
20
-60.0548159999999953
11
136.2011569999999949
21
-60.0949109999999962
0
LINE
8
BLACK
6
CONTINUOUS
10
136.2011569999999949
20
-60.0949109999999962
11
136.058842999999996
21
-60.0949109999999962
0
LINE
8
BLACK
6
CONTINUOUS
10
136.058842999999996
20
-60.0949109999999962
11
135.9222919999999988
21
-60.0548159999999953
0
LINE
8
BLACK
6
CONTINUOUS
10
135.9222919999999988
20
-60.0548159999999953
11
135.8025700000000029
21
-59.9778749999999974
0
LINE
8
BLACK
6
CONTINUOUS
10
135.8025700000000029
20
-59.9778749999999974
11
135.7093729999999994
21
-59.8703199999999995
0
LINE
8
BLACK
6
CONTINUOUS
10
135.7093729999999994
20
-59.8703199999999995
11
135.6502539999999897
21
-59.7408659999999969
0
LINE
8
BLACK
6
CONTINUOUS
10
135.6502539999999897
20
-59.7408659999999969
11
135.6299999999999955
21
-59.5999999999999943
0
LINE
8
BLACK
6
CONTINUOUS
10
135.6299999999999955
20
-59.5999999999999943
11
135.6502539999999897
21
-59.4591339999999988
0
LINE
8
BLACK
6
CONTINUOUS
10
135.6502539999999897
20
-59.4591339999999988
11
135.7093729999999994
21
-59.3296799999999962
0
LINE
8
BLACK
6
CONTINUOUS
10
135.7093729999999994
20
-59.3296799999999962
11
135.8025700000000029
21
-59.2221249999999984
0
LINE
8
BLACK
6
CONTINUOUS
10
135.8025700000000029
20
-59.2221249999999984
11
135.9222919999999988
21
-59.1451840000000004
0
LINE
8
BLACK
6
CONTINUOUS
10
135.9222919999999988
20
-59.1451840000000004
11
136.058842999999996
21
-59.1050889999999995
0
LINE
8
BLACK
6
CONTINUOUS
10
136.058842999999996
20
-59.1050889999999995
11
136.2011569999999949
21
-59.1050889999999995
0
LINE
8
BLACK
6
CONTINUOUS
10
136.2011569999999949
20
-59.1050889999999995
11
136.3377079999999921
21
-59.1451840000000004
0
LINE
8
BLACK
6
CONTINUOUS
10
137.6077080000000024
20
-59.1451840000000004
11
137.7274299999999982
21
-59.2221249999999984
0
LINE
8
BLACK
6
CONTINUOUS
10
137.7274299999999982
20
-59.2221249999999984
11
137.8206270000000018
21
-59.3296799999999962
0
LINE
8
BLACK
6
CONTINUOUS
10
137.8206270000000018
20
-59.3296799999999962
11
137.879745999999983
21
-59.4591339999999988
0
LINE
8
BLACK
6
CONTINUOUS
10
137.879745999999983
20
-59.4591339999999988
11
137.9000000000000057
21
-59.5999999999999943
0
LINE
8
BLACK
6
CONTINUOUS
10
137.9000000000000057
20
-59.5999999999999943
11
137.879745999999983
21
-59.7408659999999969
0
LINE
8
BLACK
6
CONTINUOUS
10
137.879745999999983
20
-59.7408659999999969
11
137.8206270000000018
21
-59.8703199999999995
0
LINE
8
BLACK
6
CONTINUOUS
10
137.8206270000000018
20
-59.8703199999999995
11
137.7274299999999982
21
-59.9778749999999974
0
LINE
8
BLACK
6
CONTINUOUS
10
137.7274299999999982
20
-59.9778749999999974
11
137.6077080000000024
21
-60.0548159999999953
0
LINE
8
BLACK
6
CONTINUOUS
10
137.6077080000000024
20
-60.0548159999999953
11
137.4711570000000052
21
-60.0949109999999962
0
LINE
8
BLACK
6
CONTINUOUS
10
137.4711570000000052
20
-60.0949109999999962
11
137.3288430000000062
21
-60.0949109999999962
0
LINE
8
BLACK
6
CONTINUOUS
10
137.3288430000000062
20
-60.0949109999999962
11
137.1922919999999806
21
-60.0548159999999953
0
LINE
8
BLACK
6
CONTINUOUS
10
137.1922919999999806
20
-60.0548159999999953
11
137.0725699999999847
21
-59.9778749999999974
0
LINE
8
BLACK
6
CONTINUOUS
10
137.0725699999999847
20
-59.9778749999999974
11
136.9793729999999812
21
-59.8703199999999995
0
LINE
8
BLACK
6
CONTINUOUS
10
136.9793729999999812
20
-59.8703199999999995
11
136.9202539999999999
21
-59.7408659999999969
0
LINE
8
BLACK
6
CONTINUOUS
10
136.9202539999999999
20
-59.7408659999999969
11
136.9000000000000057
21
-59.5999999999999943
0
LINE
8
BLACK
6
CONTINUOUS
10
136.9000000000000057
20
-59.5999999999999943
11
136.9202539999999999
21
-59.4591339999999988
0
LINE
8
BLACK
6
CONTINUOUS
10
136.9202539999999999
20
-59.4591339999999988
11
136.9793729999999812
21
-59.3296799999999962
0
LINE
8
BLACK
6
CONTINUOUS
10
136.9793729999999812
20
-59.3296799999999962
11
137.0725699999999847
21
-59.2221249999999984
0
LINE
8
BLACK
6
CONTINUOUS
10
137.0725699999999847
20
-59.2221249999999984
11
137.1922919999999806
21
-59.1451840000000004
0
LINE
8
BLACK
6
CONTINUOUS
10
137.1922919999999806
20
-59.1451840000000004
11
137.3288430000000062
21
-59.1050889999999995
0
LINE
8
BLACK
6
CONTINUOUS
10
137.3288430000000062
20
-59.1050889999999995
11
137.4711570000000052
21
-59.1050889999999995
0
LINE
8
BLACK
6
CONTINUOUS
10
137.4711570000000052
20
-59.1050889999999995
11
137.6077080000000024
21
-59.1451840000000004
0
LINE
8
BLACK
6
CONTINUOUS
10
138.8777079999999842
20
-59.1451840000000004
11
138.9974299999999801
21
-59.2221249999999984
0
LINE
8
BLACK
6
CONTINUOUS
10
138.9974299999999801
20
-59.2221249999999984
11
139.0906269999999836
21
-59.3296799999999962
0
LINE
8
BLACK
6
CONTINUOUS
10
139.0906269999999836
20
-59.3296799999999962
11
139.1497459999999933
21
-59.4591339999999988
0
LINE
8
BLACK
6
CONTINUOUS
10
139.1497459999999933
20
-59.4591339999999988
11
139.1699999999999875
21
-59.5999999999999943
0
LINE
8
BLACK
6
CONTINUOUS
10
139.1699999999999875
20
-59.5999999999999943
11
139.1497459999999933
21
-59.7408659999999969
0
LINE
8
BLACK
6
CONTINUOUS
10
139.1497459999999933
20
-59.7408659999999969
11
139.0906269999999836
21
-59.8703199999999995
0
LINE
8
BLACK
6
CONTINUOUS
10
139.0906269999999836
20
-59.8703199999999995
11
138.9974299999999801
21
-59.9778749999999974
0
LINE
8
BLACK
6
CONTINUOUS
10
138.9974299999999801
20
-59.9778749999999974
11
138.8777079999999842
21
-60.0548159999999953
0
LINE
8
BLACK
6
CONTINUOUS
10
138.8777079999999842
20
-60.0548159999999953
11
138.741156999999987
21
-60.0949109999999962
0
LINE
8
BLACK
6
CONTINUOUS
10
138.741156999999987
20
-60.0949109999999962
11
138.598842999999988
21
-60.0949109999999962
0
LINE
8
BLACK
6
CONTINUOUS
10
138.598842999999988
20
-60.0949109999999962
11
138.4622919999999908
21
-60.0548159999999953
0
LINE
8
BLACK
6
CONTINUOUS
10
138.4622919999999908
20
-60.0548159999999953
11
138.3425699999999949
21
-59.9778749999999974
0
LINE
8
BLACK
6
CONTINUOUS
10
138.3425699999999949
20
-59.9778749999999974
11
138.2493729999999914
21
-59.8703199999999995
0
LINE
8
BLACK
6
CONTINUOUS
10
138.2493729999999914
20
-59.8703199999999995
11
138.1902539999999817
21
-59.7408659999999969
0
LINE
8
BLACK
6
CONTINUOUS
10
138.1902539999999817
20
-59.7408659999999969
11
138.1699999999999875
21
-59.5999999999999943
0
LINE
8
BLACK
6
CONTINUOUS
10
138.1699999999999875
20
-59.5999999999999943
11
138.1902539999999817
21
-59.4591339999999988
0
LINE
8
BLACK
6
CONTINUOUS
10
138.1902539999999817
20
-59.4591339999999988
11
138.2493729999999914
21
-59.3296799999999962
0
LINE
8
BLACK
6
CONTINUOUS
10
138.2493729999999914
20
-59.3296799999999962
11
138.3425699999999949
21
-59.2221249999999984
0
LINE
8
BLACK
6
CONTINUOUS
10
138.3425699999999949
20
-59.2221249999999984
11
138.4622919999999908
21
-59.1451840000000004
0
LINE
8
BLACK
6
CONTINUOUS
10
138.4622919999999908
20
-59.1451840000000004
11
138.598842999999988
21
-59.1050889999999995
0
LINE
8
BLACK
6
CONTINUOUS
10
138.598842999999988
20
-59.1050889999999995
11
138.741156999999987
21
-59.1050889999999995
0
LINE
8
BLACK
6
CONTINUOUS
10
138.741156999999987
20
-59.1050889999999995
11
138.8777079999999842
21
-59.1451840000000004
0
LINE
8
BLACK
6
CONTINUOUS
10
155.880627000000004
20
-56.4963289999999958
11
155.9576779999999872
21
-56.5478120000000004
0
LINE
8
BLACK
6
CONTINUOUS
10
155.9576779999999872
20
-56.5478120000000004
11
156.009161000000006
21
-56.6248629999999977
0
LINE
8
BLACK
6
CONTINUOUS
10
156.009161000000006
20
-56.6248629999999977
11
156.0272400000000061
21
-56.7157499999999999
0
LINE
8
BLACK
6
CONTINUOUS
10
156.0272400000000061
20
-56.7157499999999999
11
156.0272400000000061
21
-57.1907499999999942
0
LINE
8
BLACK
6
CONTINUOUS
10
156.0272400000000061
20
-57.1907499999999942
11
156.009161000000006
21
-57.2816369999999964
0
LINE
8
BLACK
6
CONTINUOUS
10
156.009161000000006
20
-57.2816369999999964
11
155.9576779999999872
21
-57.3586880000000008
0
LINE
8
BLACK
6
CONTINUOUS
10
155.9576779999999872
20
-57.3586880000000008
11
155.880627000000004
21
-57.4101709999999983
0
LINE
8
BLACK
6
CONTINUOUS
10
155.880627000000004
20
-57.4101709999999983
11
155.7897399999999948
21
-57.4282499999999985
0
LINE
8
BLACK
6
CONTINUOUS
10
155.7897399999999948
20
-57.4282499999999985
11
155.1897400000000005
21
-57.4282499999999985
0
LINE
8
BLACK
6
CONTINUOUS
10
155.1897400000000005
20
-57.4282499999999985
11
155.0988529999999912
21
-57.4101709999999983
0
LINE
8
BLACK
6
CONTINUOUS
10
155.0988529999999912
20
-57.4101709999999983
11
155.0218019999999797
21
-57.3586880000000008
0
LINE
8
BLACK
6
CONTINUOUS
10
155.0218019999999797
20
-57.3586880000000008
11
154.9703189999999893
21
-57.2816369999999964
0
LINE
8
BLACK
6
CONTINUOUS
10
154.9703189999999893
20
-57.2816369999999964
11
154.9522399999999891
21
-57.1907499999999942
0
LINE
8
BLACK
6
CONTINUOUS
10
154.9522399999999891
20
-57.1907499999999942
11
154.9522399999999891
21
-56.7157499999999999
0
LINE
8
BLACK
6
CONTINUOUS
10
154.9522399999999891
20
-56.7157499999999999
11
154.9703189999999893
21
-56.6248629999999977
0
LINE
8
BLACK
6
CONTINUOUS
10
154.9703189999999893
20
-56.6248629999999977
11
155.0218019999999797
21
-56.5478120000000004
0
LINE
8
BLACK
6
CONTINUOUS
10
155.0218019999999797
20
-56.5478120000000004
11
155.0988529999999912
21
-56.4963289999999958
0
LINE
8
BLACK
6
CONTINUOUS
10
155.0988529999999912
20
-56.4963289999999958
11
155.1897400000000005
21
-56.4782499999999956
0
LINE
8
BLACK
6
CONTINUOUS
10
155.1897400000000005
20
-56.4782499999999956
11
155.7897399999999948
21
-56.4782499999999956
0
LINE
8
BLACK
6
CONTINUOUS
10
155.7897399999999948
20
-56.4782499999999956
11
155.880627000000004
21
-56.4963289999999958
0
LINE
8
BLACK
6
CONTINUOUS
10
157.6056269999999984
20
-56.4963289999999958
11
157.6826779999999815
21
-56.5478120000000004
0
LINE
8
BLACK
6
CONTINUOUS
10
157.6826779999999815
20
-56.5478120000000004
11
157.7341610000000003
21
-56.6248629999999977
0
LINE
8
BLACK
6
CONTINUOUS
10
157.7341610000000003
20
-56.6248629999999977
11
157.7522400000000005
21
-56.7157499999999999
0
LINE
8
BLACK
6
CONTINUOUS
10
157.7522400000000005
20
-56.7157499999999999
11
157.7522400000000005
21
-57.1907499999999942
0
LINE
8
BLACK
6
CONTINUOUS
10
157.7522400000000005
20
-57.1907499999999942
11
157.7341610000000003
21
-57.2816369999999964
0
LINE
8
BLACK
6
CONTINUOUS
10
157.7341610000000003
20
-57.2816369999999964
11
157.6826779999999815
21
-57.3586880000000008
0
LINE
8
BLACK
6
CONTINUOUS
10
157.6826779999999815
20
-57.3586880000000008
11
157.6056269999999984
21
-57.4101709999999983
0
LINE
8
BLACK
6
CONTINUOUS
10
157.6056269999999984
20
-57.4101709999999983
11
157.5147399999999891
21
-57.4282499999999985
0
LINE
8
BLACK
6
CONTINUOUS
10
157.5147399999999891
20
-57.4282499999999985
11
156.9147399999999948
21
-57.4282499999999985
0
LINE
8
BLACK
6
CONTINUOUS
10
156.9147399999999948
20
-57.4282499999999985
11
156.8238529999999855
21
-57.4101709999999983
0
LINE
8
BLACK
6
CONTINUOUS
10
156.8238529999999855
20
-57.4101709999999983
11
156.7468020000000024
21
-57.3586880000000008
0
LINE
8
BLACK
6
CONTINUOUS
10
156.7468020000000024
20
-57.3586880000000008
11
156.6953189999999836
21
-57.2816369999999964
0
LINE
8
BLACK
6
CONTINUOUS
10
156.6953189999999836
20
-57.2816369999999964
11
156.6772399999999834
21
-57.1907499999999942
0
LINE
8
BLACK
6
CONTINUOUS
10
156.6772399999999834
20
-57.1907499999999942
11
156.6772399999999834
21
-56.7157499999999999
0
LINE
8
BLACK
6
CONTINUOUS
10
156.6772399999999834
20
-56.7157499999999999
11
156.6953189999999836
21
-56.6248629999999977
0
LINE
8
BLACK
6
CONTINUOUS
10
156.6953189999999836
20
-56.6248629999999977
11
156.7468020000000024
21
-56.5478120000000004
0
LINE
8
BLACK
6
CONTINUOUS
10
156.7468020000000024
20
-56.5478120000000004
11
156.8238529999999855
21
-56.4963289999999958
0
LINE
8
BLACK
6
CONTINUOUS
10
156.8238529999999855
20
-56.4963289999999958
11
156.9147399999999948
21
-56.4782499999999956
0
LINE
8
BLACK
6
CONTINUOUS
10
156.9147399999999948
20
-56.4782499999999956
11
157.5147399999999891
21
-56.4782499999999956
0
LINE
8
BLACK
6
CONTINUOUS
10
157.5147399999999891
20
-56.4782499999999956
11
157.6056269999999984
21
-56.4963289999999958
0
LINE
8
BLACK
6
CONTINUOUS
10
152.9046709999999791
20
-54.2422800000000009
11
152.9857769999999846
21
-54.2964729999999989
0
LINE
8
BLACK
6
CONTINUOUS
10
152.9857769999999846
20
-54.2964729999999989
11
153.0399699999999825
21
-54.3775789999999972
0
LINE
8
BLACK
6
CONTINUOUS
10
153.0399699999999825
20
-54.3775789999999972
11
153.058999
21
-54.4732500000000002
0
LINE
8
BLACK
6
CONTINUOUS
10
153.058999
20
-54.4732500000000002
11
153.0589999999999975
21
-55.3732509999999962
0
LINE
8
BLACK
6
CONTINUOUS
10
153.0589999999999975
20
-55.3732509999999962
11
153.0399699999999825
21
-55.4689209999999946
0
LINE
8
BLACK
6
CONTINUOUS
10
153.0399699999999825
20
-55.4689209999999946
11
152.9857769999999846
21
-55.550027
0
LINE
8
BLACK
6
CONTINUOUS
10
152.9857769999999846
20
-55.550027
11
152.9046709999999791
21
-55.604219999999998
0
LINE
8
BLACK
6
CONTINUOUS
10
152.9046709999999791
20
-55.604219999999998
11
152.8089999999999975
21
-55.6232489999999942
0
LINE
8
BLACK
6
CONTINUOUS
10
152.8089999999999975
20
-55.6232489999999942
11
149.9589990000000057
21
-55.6232499999999987
0
LINE
8
BLACK
6
CONTINUOUS
10
149.9589990000000057
20
-55.6232499999999987
11
149.8633289999999931
21
-55.604219999999998
0
LINE
8
BLACK
6
CONTINUOUS
10
149.8633289999999931
20
-55.604219999999998
11
149.7822229999999877
21
-55.550027
0
LINE
8
BLACK
6
CONTINUOUS
10
149.7822229999999877
20
-55.550027
11
149.7280299999999897
21
-55.4689209999999946
0
LINE
8
BLACK
6
CONTINUOUS
10
149.7280299999999897
20
-55.4689209999999946
11
149.7090010000000007
21
-55.3732499999999987
0
LINE
8
BLACK
6
CONTINUOUS
10
149.7090010000000007
20
-55.3732499999999987
11
149.7090000000000032
21
-54.4732489999999956
0
LINE
8
BLACK
6
CONTINUOUS
10
149.7090000000000032
20
-54.4732489999999956
11
149.7280299999999897
21
-54.3775789999999972
0
LINE
8
BLACK
6
CONTINUOUS
10
149.7280299999999897
20
-54.3775789999999972
11
149.7822229999999877
21
-54.2964729999999989
0
LINE
8
BLACK
6
CONTINUOUS
10
149.7822229999999877
20
-54.2964729999999989
11
149.8633289999999931
21
-54.2422800000000009
0
LINE
8
BLACK
6
CONTINUOUS
10
149.8633289999999931
20
-54.2422800000000009
11
149.9590000000000032
21
-54.2232509999999976
0
LINE
8
BLACK
6
CONTINUOUS
10
149.9590000000000032
20
-54.2232509999999976
11
152.809000999999995
21
-54.2232500000000002
0
LINE
8
BLACK
6
CONTINUOUS
10
152.809000999999995
20
-54.2232500000000002
11
152.9046709999999791
21
-54.2422800000000009
0
LINE
8
BLACK
6
CONTINUOUS
10
154.654642999999993
20
-53.5116680000000002
11
154.7033059999999978
21
-53.5441839999999942
0
LINE
8
BLACK
6
CONTINUOUS
10
154.7033059999999978
20
-53.5441839999999942
11
154.7358219999999847
21
-53.592846999999999
0
LINE
8
BLACK
6
CONTINUOUS
10
154.7358219999999847
20
-53.592846999999999
11
154.747240000000005
21
-53.6502499999999998
0
LINE
8
BLACK
6
CONTINUOUS
10
154.747240000000005
20
-53.6502499999999998
11
154.747240000000005
21
-55.3002499999999984
0
LINE
8
BLACK
6
CONTINUOUS
10
154.747240000000005
20
-55.3002499999999984
11
154.7358219999999847
21
-55.3576529999999991
0
LINE
8
BLACK
6
CONTINUOUS
10
154.7358219999999847
20
-55.3576529999999991
11
154.7033059999999978
21
-55.4063159999999968
0
LINE
8
BLACK
6
CONTINUOUS
10
154.7033059999999978
20
-55.4063159999999968
11
154.654642999999993
21
-55.4388319999999979
0
LINE
8
BLACK
6
CONTINUOUS
10
154.654642999999993
20
-55.4388319999999979
11
154.5972399999999993
21
-55.4502499999999969
0
LINE
8
BLACK
6
CONTINUOUS
10
154.5972399999999993
20
-55.4502499999999969
11
154.297239999999988
21
-55.4502499999999969
0
LINE
8
BLACK
6
CONTINUOUS
10
154.297239999999988
20
-55.4502499999999969
11
154.2398369999999943
21
-55.4388319999999979
0
LINE
8
BLACK
6
CONTINUOUS
10
154.2398369999999943
20
-55.4388319999999979
11
154.1911739999999895
21
-55.4063159999999968
0
LINE
8
BLACK
6
CONTINUOUS
10
154.1911739999999895
20
-55.4063159999999968
11
154.1586580000000026
21
-55.3576529999999991
0
LINE
8
BLACK
6
CONTINUOUS
10
154.1586580000000026
20
-55.3576529999999991
11
154.1472399999999823
21
-55.3002499999999984
0
LINE
8
BLACK
6
CONTINUOUS
10
154.1472399999999823
20
-55.3002499999999984
11
154.1472399999999823
21
-53.6502499999999998
0
LINE
8
BLACK
6
CONTINUOUS
10
154.1472399999999823
20
-53.6502499999999998
11
154.1586580000000026
21
-53.592846999999999
0
LINE
8
BLACK
6
CONTINUOUS
10
154.1586580000000026
20
-53.592846999999999
11
154.1911739999999895
21
-53.5441839999999942
0
LINE
8
BLACK
6
CONTINUOUS
10
154.1911739999999895
20
-53.5441839999999942
11
154.2398369999999943
21
-53.5116680000000002
0
LINE
8
BLACK
6
CONTINUOUS
10
154.2398369999999943
20
-53.5116680000000002
11
154.297239999999988
21
-53.5002499999999941
0
LINE
8
BLACK
6
CONTINUOUS
10
154.297239999999988
20
-53.5002499999999941
11
154.5972399999999993
21
-53.5002499999999941
0
LINE
8
BLACK
6
CONTINUOUS
10
154.5972399999999993
20
-53.5002499999999941
11
154.654642999999993
21
-53.5116680000000002
0
LINE
8
BLACK
6
CONTINUOUS
10
155.9246430000000032
20
-53.5116680000000002
11
155.9733059999999796
21
-53.5441839999999942
0
LINE
8
BLACK
6
CONTINUOUS
10
155.9733059999999796
20
-53.5441839999999942
11
156.0058219999999949
21
-53.592846999999999
0
LINE
8
BLACK
6
CONTINUOUS
10
156.0058219999999949
20
-53.592846999999999
11
156.0172399999999868
21
-53.6502499999999998
0
LINE
8
BLACK
6
CONTINUOUS
10
156.0172399999999868
20
-53.6502499999999998
11
156.0172399999999868
21
-55.3002499999999984
0
LINE
8
BLACK
6
CONTINUOUS
10
156.0172399999999868
20
-55.3002499999999984
11
156.0058219999999949
21
-55.3576529999999991
0
LINE
8
BLACK
6
CONTINUOUS
10
156.0058219999999949
20
-55.3576529999999991
11
155.9733059999999796
21
-55.4063159999999968
0
LINE
8
BLACK
6
CONTINUOUS
10
155.9733059999999796
20
-55.4063159999999968
11
155.9246430000000032
21
-55.4388319999999979
0
LINE
8
BLACK
6
CONTINUOUS
10
155.9246430000000032
20
-55.4388319999999979
11
155.8672399999999811
21
-55.4502499999999969
0
LINE
8
BLACK
6
CONTINUOUS
10
155.8672399999999811
20
-55.4502499999999969
11
155.5672399999999982
21
-55.4502499999999969
0
LINE
8
BLACK
6
CONTINUOUS
10
155.5672399999999982
20
-55.4502499999999969
11
155.5098370000000045
21
-55.4388319999999979
0
LINE
8
BLACK
6
CONTINUOUS
10
155.5098370000000045
20
-55.4388319999999979
11
155.4611739999999998
21
-55.4063159999999968
0
LINE
8
BLACK
6
CONTINUOUS
10
155.4611739999999998
20
-55.4063159999999968
11
155.4286579999999844
21
-55.3576529999999991
0
LINE
8
BLACK
6
CONTINUOUS
10
155.4286579999999844
20
-55.3576529999999991
11
155.4172399999999925
21
-55.3002499999999984
0
LINE
8
BLACK
6
CONTINUOUS
10
155.4172399999999925
20
-55.3002499999999984
11
155.4172399999999925
21
-53.6502499999999998
0
LINE
8
BLACK
6
CONTINUOUS
10
155.4172399999999925
20
-53.6502499999999998
11
155.4286579999999844
21
-53.592846999999999
0
LINE
8
BLACK
6
CONTINUOUS
10
155.4286579999999844
20
-53.592846999999999
11
155.4611739999999998
21
-53.5441839999999942
0
LINE
8
BLACK
6
CONTINUOUS
10
155.4611739999999998
20
-53.5441839999999942
11
155.5098370000000045
21
-53.5116680000000002
0
LINE
8
BLACK
6
CONTINUOUS
10
155.5098370000000045
20
-53.5116680000000002
11
155.5672399999999982
21
-53.5002499999999941
0
LINE
8
BLACK
6
CONTINUOUS
10
155.5672399999999982
20
-53.5002499999999941
11
155.8672399999999811
21
-53.5002499999999941
0
LINE
8
BLACK
6
CONTINUOUS
10
155.8672399999999811
20
-53.5002499999999941
11
155.9246430000000032
21
-53.5116680000000002
0
LINE
8
BLACK
6
CONTINUOUS
10
157.194642999999985
20
-53.5116680000000002
11
157.2433059999999898
21
-53.5441839999999942
0
LINE
8
BLACK
6
CONTINUOUS
10
157.2433059999999898
20
-53.5441839999999942
11
157.2758220000000051
21
-53.592846999999999
0
LINE
8
BLACK
6
CONTINUOUS
10
157.2758220000000051
20
-53.592846999999999
11
157.2872399999999971
21
-53.6502499999999998
0
LINE
8
BLACK
6
CONTINUOUS
10
157.2872399999999971
20
-53.6502499999999998
11
157.2872399999999971
21
-55.3002499999999984
0
LINE
8
BLACK
6
CONTINUOUS
10
157.2872399999999971
20
-55.3002499999999984
11
157.2758220000000051
21
-55.3576529999999991
0
LINE
8
BLACK
6
CONTINUOUS
10
157.2758220000000051
20
-55.3576529999999991
11
157.2433059999999898
21
-55.4063159999999968
0
LINE
8
BLACK
6
CONTINUOUS
10
157.2433059999999898
20
-55.4063159999999968
11
157.194642999999985
21
-55.4388319999999979
0
LINE
8
BLACK
6
CONTINUOUS
10
157.194642999999985
20
-55.4388319999999979
11
157.1372399999999914
21
-55.4502499999999969
0
LINE
8
BLACK
6
CONTINUOUS
10
157.1372399999999914
20
-55.4502499999999969
11
156.83723999999998
21
-55.4502499999999969
0
LINE
8
BLACK
6
CONTINUOUS
10
156.83723999999998
20
-55.4502499999999969
11
156.7798369999999863
21
-55.4388319999999979
0
LINE
8
BLACK
6
CONTINUOUS
10
156.7798369999999863
20
-55.4388319999999979
11
156.7311739999999816
21
-55.4063159999999968
0
LINE
8
BLACK
6
CONTINUOUS
10
156.7311739999999816
20
-55.4063159999999968
11
156.6986579999999947
21
-55.3576529999999991
0
LINE
8
BLACK
6
CONTINUOUS
10
156.6986579999999947
20
-55.3576529999999991
11
156.6872400000000027
21
-55.3002499999999984
0
LINE
8
BLACK
6
CONTINUOUS
10
156.6872400000000027
20
-55.3002499999999984
11
156.6872400000000027
21
-53.6502499999999998
0
LINE
8
BLACK
6
CONTINUOUS
10
156.6872400000000027
20
-53.6502499999999998
11
156.6986579999999947
21
-53.592846999999999
0
LINE
8
BLACK
6
CONTINUOUS
10
156.6986579999999947
20
-53.592846999999999
11
156.7311739999999816
21
-53.5441839999999942
0
LINE
8
BLACK
6
CONTINUOUS
10
156.7311739999999816
20
-53.5441839999999942
11
156.7798369999999863
21
-53.5116680000000002
0
LINE
8
BLACK
6
CONTINUOUS
10
156.7798369999999863
20
-53.5116680000000002
11
156.83723999999998
21
-53.5002499999999941
0
LINE
8
BLACK
6
CONTINUOUS
10
156.83723999999998
20
-53.5002499999999941
11
157.1372399999999914
21
-53.5002499999999941
0
LINE
8
BLACK
6
CONTINUOUS
10
157.1372399999999914
20
-53.5002499999999941
11
157.194642999999985
21
-53.5116680000000002
0
LINE
8
BLACK
6
CONTINUOUS
10
158.4646429999999953
20
-53.5116680000000002
11
158.513306
21
-53.5441839999999942
0
LINE
8
BLACK
6
CONTINUOUS
10
158.513306
20
-53.5441839999999942
11
158.5458219999999869
21
-53.592846999999999
0
LINE
8
BLACK
6
CONTINUOUS
10
158.5458219999999869
20
-53.592846999999999
11
158.5572399999999789
21
-53.6502499999999998
0
LINE
8
BLACK
6
CONTINUOUS
10
158.5572399999999789
20
-53.6502499999999998
11
158.5572399999999789
21
-55.3002499999999984
0
LINE
8
BLACK
6
CONTINUOUS
10
158.5572399999999789
20
-55.3002499999999984
11
158.5458219999999869
21
-55.3576529999999991
0
LINE
8
BLACK
6
CONTINUOUS
10
158.5458219999999869
20
-55.3576529999999991
11
158.513306
21
-55.4063159999999968
0
LINE
8
BLACK
6
CONTINUOUS
10
158.513306
20
-55.4063159999999968
11
158.4646429999999953
21
-55.4388319999999979
0
LINE
8
BLACK
6
CONTINUOUS
10
158.4646429999999953
20
-55.4388319999999979
11
158.4072400000000016
21
-55.4502499999999969
0
LINE
8
BLACK
6
CONTINUOUS
10
158.4072400000000016
20
-55.4502499999999969
11
158.1072399999999902
21
-55.4502499999999969
0
LINE
8
BLACK
6
CONTINUOUS
10
158.1072399999999902
20
-55.4502499999999969
11
158.0498369999999966
21
-55.4388319999999979
0
LINE
8
BLACK
6
CONTINUOUS
10
158.0498369999999966
20
-55.4388319999999979
11
158.0011739999999918
21
-55.4063159999999968
0
LINE
8
BLACK
6
CONTINUOUS
10
158.0011739999999918
20
-55.4063159999999968
11
157.9686580000000049
21
-55.3576529999999991
0
LINE
8
BLACK
6
CONTINUOUS
10
157.9686580000000049
20
-55.3576529999999991
11
157.9572399999999845
21
-55.3002499999999984
0
LINE
8
BLACK
6
CONTINUOUS
10
157.9572399999999845
20
-55.3002499999999984
11
157.9572399999999845
21
-53.6502499999999998
0
LINE
8
BLACK
6
CONTINUOUS
10
157.9572399999999845
20
-53.6502499999999998
11
157.9686580000000049
21
-53.592846999999999
0
LINE
8
BLACK
6
CONTINUOUS
10
157.9686580000000049
20
-53.592846999999999
11
158.0011739999999918
21
-53.5441839999999942
0
LINE
8
BLACK
6
CONTINUOUS
10
158.0011739999999918
20
-53.5441839999999942
11
158.0498369999999966
21
-53.5116680000000002
0
LINE
8
BLACK
6
CONTINUOUS
10
158.0498369999999966
20
-53.5116680000000002
11
158.1072399999999902
21
-53.5002499999999941
0
LINE
8
BLACK
6
CONTINUOUS
10
158.1072399999999902
20
-53.5002499999999941
11
158.4072400000000016
21
-53.5002499999999941
0
LINE
8
BLACK
6
CONTINUOUS
10
158.4072400000000016
20
-53.5002499999999941
11
158.4646429999999953
21
-53.5116680000000002
0
LINE
8
BLACK
6
CONTINUOUS
10
133.6747399999999857
20
-54.9407499999999942
11
132.0397399999999948
21
-54.9407499999999942
0
LINE
8
BLACK
6
CONTINUOUS
10
132.0397399999999948
20
-54.9407499999999942
11
132.0397399999999948
21
-53.3057499999999962
0
LINE
8
BLACK
6
CONTINUOUS
10
132.0397399999999948
20
-53.3057499999999962
11
133.6747399999999857
21
-53.3057499999999962
0
LINE
8
BLACK
6
CONTINUOUS
10
133.6747399999999857
20
-53.3057499999999962
11
133.6747399999999857
21
-54.9407499999999942
0
LINE
8
BLACK
6
CONTINUOUS
10
138.1197400000000073
20
-54.9407499999999942
11
136.484739999999988
21
-54.9407499999999942
0
LINE
8
BLACK
6
CONTINUOUS
10
136.484739999999988
20
-54.9407499999999942
11
136.484739999999988
21
-53.3057499999999962
0
LINE
8
BLACK
6
CONTINUOUS
10
136.484739999999988
20
-53.3057499999999962
11
138.1197400000000073
21
-53.3057499999999962
0
LINE
8
BLACK
6
CONTINUOUS
10
138.1197400000000073
20
-53.3057499999999962
11
138.1197400000000073
21
-54.9407499999999942
0
LINE
8
BLACK
6
CONTINUOUS
10
162.2497400000000027
20
-54.9407499999999942
11
160.6147399999999834
21
-54.9407499999999942
0
LINE
8
BLACK
6
CONTINUOUS
10
160.6147399999999834
20
-54.9407499999999942
11
160.6147399999999834
21
-53.3057499999999962
0
LINE
8
BLACK
6
CONTINUOUS
10
160.6147399999999834
20
-53.3057499999999962
11
162.2497400000000027
21
-53.3057499999999962
0
LINE
8
BLACK
6
CONTINUOUS
10
162.2497400000000027
20
-53.3057499999999962
11
162.2497400000000027
21
-54.9407499999999942
0
LINE
8
BLACK
6
CONTINUOUS
10
166.6947399999999959
20
-54.9407499999999942
11
165.059740000000005
21
-54.9407499999999942
0
LINE
8
BLACK
6
CONTINUOUS
10
165.059740000000005
20
-54.9407499999999942
11
165.059740000000005
21
-53.3057499999999962
0
LINE
8
BLACK
6
CONTINUOUS
10
165.059740000000005
20
-53.3057499999999962
11
166.6947399999999959
21
-53.3057499999999962
0
LINE
8
BLACK
6
CONTINUOUS
10
166.6947399999999959
20
-53.3057499999999962
11
166.6947399999999959
21
-54.9407499999999942
0
LINE
8
BLACK
6
CONTINUOUS
10
154.654642999999993
20
-48.5616679999999974
11
154.7033059999999978
21
-48.5941839999999985
0
LINE
8
BLACK
6
CONTINUOUS
10
154.7033059999999978
20
-48.5941839999999985
11
154.7358219999999847
21
-48.6428469999999962
0
LINE
8
BLACK
6
CONTINUOUS
10
154.7358219999999847
20
-48.6428469999999962
11
154.747240000000005
21
-48.7002499999999969
0
LINE
8
BLACK
6
CONTINUOUS
10
154.747240000000005
20
-48.7002499999999969
11
154.747240000000005
21
-50.3502499999999955
0
LINE
8
BLACK
6
CONTINUOUS
10
154.747240000000005
20
-50.3502499999999955
11
154.7358219999999847
21
-50.4076529999999963
0
LINE
8
BLACK
6
CONTINUOUS
10
154.7358219999999847
20
-50.4076529999999963
11
154.7033059999999978
21
-50.4563160000000011
0
LINE
8
BLACK
6
CONTINUOUS
10
154.7033059999999978
20
-50.4563160000000011
11
154.654642999999993
21
-50.488831999999995
0
LINE
8
BLACK
6
CONTINUOUS
10
154.654642999999993
20
-50.488831999999995
11
154.5972399999999993
21
-50.5002500000000012
0
LINE
8
BLACK
6
CONTINUOUS
10
154.5972399999999993
20
-50.5002500000000012
11
154.297239999999988
21
-50.5002500000000012
0
LINE
8
BLACK
6
CONTINUOUS
10
154.297239999999988
20
-50.5002500000000012
11
154.2398369999999943
21
-50.488831999999995
0
LINE
8
BLACK
6
CONTINUOUS
10
154.2398369999999943
20
-50.488831999999995
11
154.1911739999999895
21
-50.4563160000000011
0
LINE
8
BLACK
6
CONTINUOUS
10
154.1911739999999895
20
-50.4563160000000011
11
154.1586580000000026
21
-50.4076529999999963
0
LINE
8
BLACK
6
CONTINUOUS
10
154.1586580000000026
20
-50.4076529999999963
11
154.1472399999999823
21
-50.3502499999999955
0
LINE
8
BLACK
6
CONTINUOUS
10
154.1472399999999823
20
-50.3502499999999955
11
154.1472399999999823
21
-48.7002499999999969
0
LINE
8
BLACK
6
CONTINUOUS
10
154.1472399999999823
20
-48.7002499999999969
11
154.1586580000000026
21
-48.6428469999999962
0
LINE
8
BLACK
6
CONTINUOUS
10
154.1586580000000026
20
-48.6428469999999962
11
154.1911739999999895
21
-48.5941839999999985
0
LINE
8
BLACK
6
CONTINUOUS
10
154.1911739999999895
20
-48.5941839999999985
11
154.2398369999999943
21
-48.5616679999999974
0
LINE
8
BLACK
6
CONTINUOUS
10
154.2398369999999943
20
-48.5616679999999974
11
154.297239999999988
21
-48.5502499999999984
0
LINE
8
BLACK
6
CONTINUOUS
10
154.297239999999988
20
-48.5502499999999984
11
154.5972399999999993
21
-48.5502499999999984
0
LINE
8
BLACK
6
CONTINUOUS
10
154.5972399999999993
20
-48.5502499999999984
11
154.654642999999993
21
-48.5616679999999974
0
LINE
8
BLACK
6
CONTINUOUS
10
155.9246430000000032
20
-48.5616679999999974
11
155.9733059999999796
21
-48.5941839999999985
0
LINE
8
BLACK
6
CONTINUOUS
10
155.9733059999999796
20
-48.5941839999999985
11
156.0058219999999949
21
-48.6428469999999962
0
LINE
8
BLACK
6
CONTINUOUS
10
156.0058219999999949
20
-48.6428469999999962
11
156.0172399999999868
21
-48.7002499999999969
0
LINE
8
BLACK
6
CONTINUOUS
10
156.0172399999999868
20
-48.7002499999999969
11
156.0172399999999868
21
-50.3502499999999955
0
LINE
8
BLACK
6
CONTINUOUS
10
156.0172399999999868
20
-50.3502499999999955
11
156.0058219999999949
21
-50.4076529999999963
0
LINE
8
BLACK
6
CONTINUOUS
10
156.0058219999999949
20
-50.4076529999999963
11
155.9733059999999796
21
-50.4563160000000011
0
LINE
8
BLACK
6
CONTINUOUS
10
155.9733059999999796
20
-50.4563160000000011
11
155.9246430000000032
21
-50.488831999999995
0
LINE
8
BLACK
6
CONTINUOUS
10
155.9246430000000032
20
-50.488831999999995
11
155.8672399999999811
21
-50.5002500000000012
0
LINE
8
BLACK
6
CONTINUOUS
10
155.8672399999999811
20
-50.5002500000000012
11
155.5672399999999982
21
-50.5002500000000012
0
LINE
8
BLACK
6
CONTINUOUS
10
155.5672399999999982
20
-50.5002500000000012
11
155.5098370000000045
21
-50.488831999999995
0
LINE
8
BLACK
6
CONTINUOUS
10
155.5098370000000045
20
-50.488831999999995
11
155.4611739999999998
21
-50.4563160000000011
0
LINE
8
BLACK
6
CONTINUOUS
10
155.4611739999999998
20
-50.4563160000000011
11
155.4286579999999844
21
-50.4076529999999963
0
LINE
8
BLACK
6
CONTINUOUS
10
155.4286579999999844
20
-50.4076529999999963
11
155.4172399999999925
21
-50.3502499999999955
0
LINE
8
BLACK
6
CONTINUOUS
10
155.4172399999999925
20
-50.3502499999999955
11
155.4172399999999925
21
-48.7002499999999969
0
LINE
8
BLACK
6
CONTINUOUS
10
155.4172399999999925
20
-48.7002499999999969
11
155.4286579999999844
21
-48.6428469999999962
0
LINE
8
BLACK
6
CONTINUOUS
10
155.4286579999999844
20
-48.6428469999999962
11
155.4611739999999998
21
-48.5941839999999985
0
LINE
8
BLACK
6
CONTINUOUS
10
155.4611739999999998
20
-48.5941839999999985
11
155.5098370000000045
21
-48.5616679999999974
0
LINE
8
BLACK
6
CONTINUOUS
10
155.5098370000000045
20
-48.5616679999999974
11
155.5672399999999982
21
-48.5502499999999984
0
LINE
8
BLACK
6
CONTINUOUS
10
155.5672399999999982
20
-48.5502499999999984
11
155.8672399999999811
21
-48.5502499999999984
0
LINE
8
BLACK
6
CONTINUOUS
10
155.8672399999999811
20
-48.5502499999999984
11
155.9246430000000032
21
-48.5616679999999974
0
LINE
8
BLACK
6
CONTINUOUS
10
157.194642999999985
20
-48.5616679999999974
11
157.2433059999999898
21
-48.5941839999999985
0
LINE
8
BLACK
6
CONTINUOUS
10
157.2433059999999898
20
-48.5941839999999985
11
157.2758220000000051
21
-48.6428469999999962
0
LINE
8
BLACK
6
CONTINUOUS
10
157.2758220000000051
20
-48.6428469999999962
11
157.2872399999999971
21
-48.7002499999999969
0
LINE
8
BLACK
6
CONTINUOUS
10
157.2872399999999971
20
-48.7002499999999969
11
157.2872399999999971
21
-50.3502499999999955
0
LINE
8
BLACK
6
CONTINUOUS
10
157.2872399999999971
20
-50.3502499999999955
11
157.2758220000000051
21
-50.4076529999999963
0
LINE
8
BLACK
6
CONTINUOUS
10
157.2758220000000051
20
-50.4076529999999963
11
157.2433059999999898
21
-50.4563160000000011
0
LINE
8
BLACK
6
CONTINUOUS
10
157.2433059999999898
20
-50.4563160000000011
11
157.194642999999985
21
-50.488831999999995
0
LINE
8
BLACK
6
CONTINUOUS
10
157.194642999999985
20
-50.488831999999995
11
157.1372399999999914
21
-50.5002500000000012
0
LINE
8
BLACK
6
CONTINUOUS
10
157.1372399999999914
20
-50.5002500000000012
11
156.83723999999998
21
-50.5002500000000012
0
LINE
8
BLACK
6
CONTINUOUS
10
156.83723999999998
20
-50.5002500000000012
11
156.7798369999999863
21
-50.488831999999995
0
LINE
8
BLACK
6
CONTINUOUS
10
156.7798369999999863
20
-50.488831999999995
11
156.7311739999999816
21
-50.4563160000000011
0
LINE
8
BLACK
6
CONTINUOUS
10
156.7311739999999816
20
-50.4563160000000011
11
156.6986579999999947
21
-50.4076529999999963
0
LINE
8
BLACK
6
CONTINUOUS
10
156.6986579999999947
20
-50.4076529999999963
11
156.6872400000000027
21
-50.3502499999999955
0
LINE
8
BLACK
6
CONTINUOUS
10
156.6872400000000027
20
-50.3502499999999955
11
156.6872400000000027
21
-48.7002499999999969
0
LINE
8
BLACK
6
CONTINUOUS
10
156.6872400000000027
20
-48.7002499999999969
11
156.6986579999999947
21
-48.6428469999999962
0
LINE
8
BLACK
6
CONTINUOUS
10
156.6986579999999947
20
-48.6428469999999962
11
156.7311739999999816
21
-48.5941839999999985
0
LINE
8
BLACK
6
CONTINUOUS
10
156.7311739999999816
20
-48.5941839999999985
11
156.7798369999999863
21
-48.5616679999999974
0
LINE
8
BLACK
6
CONTINUOUS
10
156.7798369999999863
20
-48.5616679999999974
11
156.83723999999998
21
-48.5502499999999984
0
LINE
8
BLACK
6
CONTINUOUS
10
156.83723999999998
20
-48.5502499999999984
11
157.1372399999999914
21
-48.5502499999999984
0
LINE
8
BLACK
6
CONTINUOUS
10
157.1372399999999914
20
-48.5502499999999984
11
157.194642999999985
21
-48.5616679999999974
0
LINE
8
BLACK
6
CONTINUOUS
10
158.4646429999999953
20
-48.5616679999999974
11
158.513306
21
-48.5941839999999985
0
LINE
8
BLACK
6
CONTINUOUS
10
158.513306
20
-48.5941839999999985
11
158.5458219999999869
21
-48.6428469999999962
0
LINE
8
BLACK
6
CONTINUOUS
10
158.5458219999999869
20
-48.6428469999999962
11
158.5572399999999789
21
-48.7002499999999969
0
LINE
8
BLACK
6
CONTINUOUS
10
158.5572399999999789
20
-48.7002499999999969
11
158.5572399999999789
21
-50.3502499999999955
0
LINE
8
BLACK
6
CONTINUOUS
10
158.5572399999999789
20
-50.3502499999999955
11
158.5458219999999869
21
-50.4076529999999963
0
LINE
8
BLACK
6
CONTINUOUS
10
158.5458219999999869
20
-50.4076529999999963
11
158.513306
21
-50.4563160000000011
0
LINE
8
BLACK
6
CONTINUOUS
10
158.513306
20
-50.4563160000000011
11
158.4646429999999953
21
-50.488831999999995
0
LINE
8
BLACK
6
CONTINUOUS
10
158.4646429999999953
20
-50.488831999999995
11
158.4072400000000016
21
-50.5002500000000012
0
LINE
8
BLACK
6
CONTINUOUS
10
158.4072400000000016
20
-50.5002500000000012
11
158.1072399999999902
21
-50.5002500000000012
0
LINE
8
BLACK
6
CONTINUOUS
10
158.1072399999999902
20
-50.5002500000000012
11
158.0498369999999966
21
-50.488831999999995
0
LINE
8
BLACK
6
CONTINUOUS
10
158.0498369999999966
20
-50.488831999999995
11
158.0011739999999918
21
-50.4563160000000011
0
LINE
8
BLACK
6
CONTINUOUS
10
158.0011739999999918
20
-50.4563160000000011
11
157.9686580000000049
21
-50.4076529999999963
0
LINE
8
BLACK
6
CONTINUOUS
10
157.9686580000000049
20
-50.4076529999999963
11
157.9572399999999845
21
-50.3502499999999955
0
LINE
8
BLACK
6
CONTINUOUS
10
157.9572399999999845
20
-50.3502499999999955
11
157.9572399999999845
21
-48.7002499999999969
0
LINE
8
BLACK
6
CONTINUOUS
10
157.9572399999999845
20
-48.7002499999999969
11
157.9686580000000049
21
-48.6428469999999962
0
LINE
8
BLACK
6
CONTINUOUS
10
157.9686580000000049
20
-48.6428469999999962
11
158.0011739999999918
21
-48.5941839999999985
0
LINE
8
BLACK
6
CONTINUOUS
10
158.0011739999999918
20
-48.5941839999999985
11
158.0498369999999966
21
-48.5616679999999974
0
LINE
8
BLACK
6
CONTINUOUS
10
158.0498369999999966
20
-48.5616679999999974
11
158.1072399999999902
21
-48.5502499999999984
0
LINE
8
BLACK
6
CONTINUOUS
10
158.1072399999999902
20
-48.5502499999999984
11
158.4072400000000016
21
-48.5502499999999984
0
LINE
8
BLACK
6
CONTINUOUS
10
158.4072400000000016
20
-48.5502499999999984
11
158.4646429999999953
21
-48.5616679999999974
0
LINE
8
BLACK
6
CONTINUOUS
10
133.0391510000000039
20
-48.8262459999999976
11
133.2119399999999985
21
-48.8867079999999987
0
LINE
8
BLACK
6
CONTINUOUS
10
133.2119399999999985
20
-48.8867079999999987
11
133.366942999999992
21
-48.9841029999999975
0
LINE
8
BLACK
6
CONTINUOUS
10
133.366942999999992
20
-48.9841029999999975
11
133.4963869999999986
21
-49.113546999999997
0
LINE
8
BLACK
6
CONTINUOUS
10
133.4963869999999986
20
-49.113546999999997
11
133.5937820000000045
21
-49.2685499999999976
0
LINE
8
BLACK
6
CONTINUOUS
10
133.5937820000000045
20
-49.2685499999999976
11
133.6542440000000056
21
-49.4413389999999993
0
LINE
8
BLACK
6
CONTINUOUS
10
133.6542440000000056
20
-49.4413389999999993
11
133.6747399999999857
21
-49.6232499999999987
0
LINE
8
BLACK
6
CONTINUOUS
10
133.6747399999999857
20
-49.6232499999999987
11
133.6542440000000056
21
-49.8051609999999982
0
LINE
8
BLACK
6
CONTINUOUS
10
133.6542440000000056
20
-49.8051609999999982
11
133.5937820000000045
21
-49.9779499999999999
0
LINE
8
BLACK
6
CONTINUOUS
10
133.5937820000000045
20
-49.9779499999999999
11
133.4963869999999986
21
-50.1329530000000005
0
LINE
8
BLACK
6
CONTINUOUS
10
133.4963869999999986
20
-50.1329530000000005
11
133.366942999999992
21
-50.262397
0
LINE
8
BLACK
6
CONTINUOUS
10
133.366942999999992
20
-50.262397
11
133.2119399999999985
21
-50.3597919999999988
0
LINE
8
BLACK
6
CONTINUOUS
10
133.2119399999999985
20
-50.3597919999999988
11
133.0391510000000039
21
-50.4202539999999999
0
LINE
8
BLACK
6
CONTINUOUS
10
133.0391510000000039
20
-50.4202539999999999
11
132.8572399999999902
21
-50.4407499999999942
0
LINE
8
BLACK
6
CONTINUOUS
10
132.8572399999999902
20
-50.4407499999999942
11
132.675329000000005
21
-50.4202539999999999
0
LINE
8
BLACK
6
CONTINUOUS
10
132.675329000000005
20
-50.4202539999999999
11
132.502539999999982
21
-50.3597919999999988
0
LINE
8
BLACK
6
CONTINUOUS
10
132.502539999999982
20
-50.3597919999999988
11
132.3475369999999884
21
-50.262397
0
LINE
8
BLACK
6
CONTINUOUS
10
132.3475369999999884
20
-50.262397
11
132.2180929999999819
21
-50.1329530000000005
0
LINE
8
BLACK
6
CONTINUOUS
10
132.2180929999999819
20
-50.1329530000000005
11
132.1206980000000044
21
-49.9779499999999999
0
LINE
8
BLACK
6
CONTINUOUS
10
132.1206980000000044
20
-49.9779499999999999
11
132.0602360000000033
21
-49.8051609999999982
0
LINE
8
BLACK
6
CONTINUOUS
10
132.0602360000000033
20
-49.8051609999999982
11
132.0397399999999948
21
-49.6232499999999987
0
LINE
8
BLACK
6
CONTINUOUS
10
132.0397399999999948
20
-49.6232499999999987
11
132.0602360000000033
21
-49.4413389999999993
0
LINE
8
BLACK
6
CONTINUOUS
10
132.0602360000000033
20
-49.4413389999999993
11
132.1206980000000044
21
-49.2685499999999976
0
LINE
8
BLACK
6
CONTINUOUS
10
132.1206980000000044
20
-49.2685499999999976
11
132.2180929999999819
21
-49.113546999999997
0
LINE
8
BLACK
6
CONTINUOUS
10
132.2180929999999819
20
-49.113546999999997
11
132.3475369999999884
21
-48.9841029999999975
0
LINE
8
BLACK
6
CONTINUOUS
10
132.3475369999999884
20
-48.9841029999999975
11
132.502539999999982
21
-48.8867079999999987
0
LINE
8
BLACK
6
CONTINUOUS
10
132.502539999999982
20
-48.8867079999999987
11
132.675329000000005
21
-48.8262459999999976
0
LINE
8
BLACK
6
CONTINUOUS
10
132.675329000000005
20
-48.8262459999999976
11
132.8572399999999902
21
-48.8057499999999962
0
LINE
8
BLACK
6
CONTINUOUS
10
132.8572399999999902
20
-48.8057499999999962
11
133.0391510000000039
21
-48.8262459999999976
0
LINE
8
BLACK
6
CONTINUOUS
10
137.4841509999999971
20
-48.8262459999999976
11
137.6569399999999916
21
-48.8867079999999987
0
LINE
8
BLACK
6
CONTINUOUS
10
137.6569399999999916
20
-48.8867079999999987
11
137.8119429999999852
21
-48.9841029999999975
0
LINE
8
BLACK
6
CONTINUOUS
10
137.8119429999999852
20
-48.9841029999999975
11
137.9413869999999918
21
-49.113546999999997
0
LINE
8
BLACK
6
CONTINUOUS
10
137.9413869999999918
20
-49.113546999999997
11
138.0387819999999977
21
-49.2685499999999976
0
LINE
8
BLACK
6
CONTINUOUS
10
138.0387819999999977
20
-49.2685499999999976
11
138.0992439999999988
21
-49.4413389999999993
0
LINE
8
BLACK
6
CONTINUOUS
10
138.0992439999999988
20
-49.4413389999999993
11
138.1197400000000073
21
-49.6232499999999987
0
LINE
8
BLACK
6
CONTINUOUS
10
138.1197400000000073
20
-49.6232499999999987
11
138.0992439999999988
21
-49.8051609999999982
0
LINE
8
BLACK
6
CONTINUOUS
10
138.0992439999999988
20
-49.8051609999999982
11
138.0387819999999977
21
-49.9779499999999999
0
LINE
8
BLACK
6
CONTINUOUS
10
138.0387819999999977
20
-49.9779499999999999
11
137.9413869999999918
21
-50.1329530000000005
0
LINE
8
BLACK
6
CONTINUOUS
10
137.9413869999999918
20
-50.1329530000000005
11
137.8119429999999852
21
-50.262397
0
LINE
8
BLACK
6
CONTINUOUS
10
137.8119429999999852
20
-50.262397
11
137.6569399999999916
21
-50.3597919999999988
0
LINE
8
BLACK
6
CONTINUOUS
10
137.6569399999999916
20
-50.3597919999999988
11
137.4841509999999971
21
-50.4202539999999999
0
LINE
8
BLACK
6
CONTINUOUS
10
137.4841509999999971
20
-50.4202539999999999
11
137.3022399999999834
21
-50.4407499999999942
0
LINE
8
BLACK
6
CONTINUOUS
10
137.3022399999999834
20
-50.4407499999999942
11
137.1203289999999981
21
-50.4202539999999999
0
LINE
8
BLACK
6
CONTINUOUS
10
137.1203289999999981
20
-50.4202539999999999
11
136.9475400000000036
21
-50.3597919999999988
0
LINE
8
BLACK
6
CONTINUOUS
10
136.9475400000000036
20
-50.3597919999999988
11
136.7925369999999816
21
-50.262397
0
LINE
8
BLACK
6
CONTINUOUS
10
136.7925369999999816
20
-50.262397
11
136.6630930000000035
21
-50.1329530000000005
0
LINE
8
BLACK
6
CONTINUOUS
10
136.6630930000000035
20
-50.1329530000000005
11
136.5656979999999976
21
-49.9779499999999999
0
LINE
8
BLACK
6
CONTINUOUS
10
136.5656979999999976
20
-49.9779499999999999
11
136.5052359999999965
21
-49.8051609999999982
0
LINE
8
BLACK
6
CONTINUOUS
10
136.5052359999999965
20
-49.8051609999999982
11
136.484739999999988
21
-49.6232499999999987
0
LINE
8
BLACK
6
CONTINUOUS
10
136.484739999999988
20
-49.6232499999999987
11
136.5052359999999965
21
-49.4413389999999993
0
LINE
8
BLACK
6
CONTINUOUS
10
136.5052359999999965
20
-49.4413389999999993
11
136.5656979999999976
21
-49.2685499999999976
0
LINE
8
BLACK
6
CONTINUOUS
10
136.5656979999999976
20
-49.2685499999999976
11
136.6630930000000035
21
-49.113546999999997
0
LINE
8
BLACK
6
CONTINUOUS
10
136.6630930000000035
20
-49.113546999999997
11
136.7925369999999816
21
-48.9841029999999975
0
LINE
8
BLACK
6
CONTINUOUS
10
136.7925369999999816
20
-48.9841029999999975
11
136.9475400000000036
21
-48.8867079999999987
0
LINE
8
BLACK
6
CONTINUOUS
10
136.9475400000000036
20
-48.8867079999999987
11
137.1203289999999981
21
-48.8262459999999976
0
LINE
8
BLACK
6
CONTINUOUS
10
137.1203289999999981
20
-48.8262459999999976
11
137.3022399999999834
21
-48.8057499999999962
0
LINE
8
BLACK
6
CONTINUOUS
10
137.3022399999999834
20
-48.8057499999999962
11
137.4841509999999971
21
-48.8262459999999976
0
LINE
8
BLACK
6
CONTINUOUS
10
161.6141509999999926
20
-48.8262459999999976
11
161.7869399999999871
21
-48.8867079999999987
0
LINE
8
BLACK
6
CONTINUOUS
10
161.7869399999999871
20
-48.8867079999999987
11
161.9419429999999807
21
-48.9841029999999975
0
LINE
8
BLACK
6
CONTINUOUS
10
161.9419429999999807
20
-48.9841029999999975
11
162.0713869999999872
21
-49.113546999999997
0
LINE
8
BLACK
6
CONTINUOUS
10
162.0713869999999872
20
-49.113546999999997
11
162.1687819999999931
21
-49.2685499999999976
0
LINE
8
BLACK
6
CONTINUOUS
10
162.1687819999999931
20
-49.2685499999999976
11
162.2292439999999942
21
-49.4413389999999993
0
LINE
8
BLACK
6
CONTINUOUS
10
162.2292439999999942
20
-49.4413389999999993
11
162.2497400000000027
21
-49.6232499999999987
0
LINE
8
BLACK
6
CONTINUOUS
10
162.2497400000000027
20
-49.6232499999999987
11
162.2292439999999942
21
-49.8051609999999982
0
LINE
8
BLACK
6
CONTINUOUS
10
162.2292439999999942
20
-49.8051609999999982
11
162.1687819999999931
21
-49.9779499999999999
0
LINE
8
BLACK
6
CONTINUOUS
10
162.1687819999999931
20
-49.9779499999999999
11
162.0713869999999872
21
-50.1329530000000005
0
LINE
8
BLACK
6
CONTINUOUS
10
162.0713869999999872
20
-50.1329530000000005
11
161.9419429999999807
21
-50.262397
0
LINE
8
BLACK
6
CONTINUOUS
10
161.9419429999999807
20
-50.262397
11
161.7869399999999871
21
-50.3597919999999988
0
LINE
8
BLACK
6
CONTINUOUS
10
161.7869399999999871
20
-50.3597919999999988
11
161.6141509999999926
21
-50.4202539999999999
0
LINE
8
BLACK
6
CONTINUOUS
10
161.6141509999999926
20
-50.4202539999999999
11
161.4322399999999789
21
-50.4407499999999942
0
LINE
8
BLACK
6
CONTINUOUS
10
161.4322399999999789
20
-50.4407499999999942
11
161.2503289999999936
21
-50.4202539999999999
0
LINE
8
BLACK
6
CONTINUOUS
10
161.2503289999999936
20
-50.4202539999999999
11
161.0775399999999991
21
-50.3597919999999988
0
LINE
8
BLACK
6
CONTINUOUS
10
161.0775399999999991
20
-50.3597919999999988
11
160.9225370000000055
21
-50.262397
0
LINE
8
BLACK
6
CONTINUOUS
10
160.9225370000000055
20
-50.262397
11
160.7930929999999989
21
-50.1329530000000005
0
LINE
8
BLACK
6
CONTINUOUS
10
160.7930929999999989
20
-50.1329530000000005
11
160.695697999999993
21
-49.9779499999999999
0
LINE
8
BLACK
6
CONTINUOUS
10
160.695697999999993
20
-49.9779499999999999
11
160.6352359999999919
21
-49.8051609999999982
0
LINE
8
BLACK
6
CONTINUOUS
10
160.6352359999999919
20
-49.8051609999999982
11
160.6147399999999834
21
-49.6232499999999987
0
LINE
8
BLACK
6
CONTINUOUS
10
160.6147399999999834
20
-49.6232499999999987
11
160.6352359999999919
21
-49.4413389999999993
0
LINE
8
BLACK
6
CONTINUOUS
10
160.6352359999999919
20
-49.4413389999999993
11
160.695697999999993
21
-49.2685499999999976
0
LINE
8
BLACK
6
CONTINUOUS
10
160.695697999999993
20
-49.2685499999999976
11
160.7930929999999989
21
-49.113546999999997
0
LINE
8
BLACK
6
CONTINUOUS
10
160.7930929999999989
20
-49.113546999999997
11
160.9225370000000055
21
-48.9841029999999975
0
LINE
8
BLACK
6
CONTINUOUS
10
160.9225370000000055
20
-48.9841029999999975
11
161.0775399999999991
21
-48.8867079999999987
0
LINE
8
BLACK
6
CONTINUOUS
10
161.0775399999999991
20
-48.8867079999999987
11
161.2503289999999936
21
-48.8262459999999976
0
LINE
8
BLACK
6
CONTINUOUS
10
161.2503289999999936
20
-48.8262459999999976
11
161.4322399999999789
21
-48.8057499999999962
0
LINE
8
BLACK
6
CONTINUOUS
10
161.4322399999999789
20
-48.8057499999999962
11
161.6141509999999926
21
-48.8262459999999976
0
LINE
8
BLACK
6
CONTINUOUS
10
166.0591509999999857
20
-48.8262459999999976
11
166.2319399999999803
21
-48.8867079999999987
0
LINE
8
BLACK
6
CONTINUOUS
10
166.2319399999999803
20
-48.8867079999999987
11
166.3869430000000023
21
-48.9841029999999975
0
LINE
8
BLACK
6
CONTINUOUS
10
166.3869430000000023
20
-48.9841029999999975
11
166.5163869999999804
21
-49.113546999999997
0
LINE
8
BLACK
6
CONTINUOUS
10
166.5163869999999804
20
-49.113546999999997
11
166.6137819999999863
21
-49.2685499999999976
0
LINE
8
BLACK
6
CONTINUOUS
10
166.6137819999999863
20
-49.2685499999999976
11
166.6742439999999874
21
-49.4413389999999993
0
LINE
8
BLACK
6
CONTINUOUS
10
166.6742439999999874
20
-49.4413389999999993
11
166.6947399999999959
21
-49.6232499999999987
0
LINE
8
BLACK
6
CONTINUOUS
10
166.6947399999999959
20
-49.6232499999999987
11
166.6742439999999874
21
-49.8051609999999982
0
LINE
8
BLACK
6
CONTINUOUS
10
166.6742439999999874
20
-49.8051609999999982
11
166.6137819999999863
21
-49.9779499999999999
0
LINE
8
BLACK
6
CONTINUOUS
10
166.6137819999999863
20
-49.9779499999999999
11
166.5163869999999804
21
-50.1329530000000005
0
LINE
8
BLACK
6
CONTINUOUS
10
166.5163869999999804
20
-50.1329530000000005
11
166.3869430000000023
21
-50.262397
0
LINE
8
BLACK
6
CONTINUOUS
10
166.3869430000000023
20
-50.262397
11
166.2319399999999803
21
-50.3597919999999988
0
LINE
8
BLACK
6
CONTINUOUS
10
166.2319399999999803
20
-50.3597919999999988
11
166.0591509999999857
21
-50.4202539999999999
0
LINE
8
BLACK
6
CONTINUOUS
10
166.0591509999999857
20
-50.4202539999999999
11
165.8772400000000005
21
-50.4407499999999942
0
LINE
8
BLACK
6
CONTINUOUS
10
165.8772400000000005
20
-50.4407499999999942
11
165.6953289999999868
21
-50.4202539999999999
0
LINE
8
BLACK
6
CONTINUOUS
10
165.6953289999999868
20
-50.4202539999999999
11
165.5225399999999922
21
-50.3597919999999988
0
LINE
8
BLACK
6
CONTINUOUS
10
165.5225399999999922
20
-50.3597919999999988
11
165.3675369999999987
21
-50.262397
0
LINE
8
BLACK
6
CONTINUOUS
10
165.3675369999999987
20
-50.262397
11
165.2380929999999921
21
-50.1329530000000005
0
LINE
8
BLACK
6
CONTINUOUS
10
165.2380929999999921
20
-50.1329530000000005
11
165.1406979999999862
21
-49.9779499999999999
0
LINE
8
BLACK
6
CONTINUOUS
10
165.1406979999999862
20
-49.9779499999999999
11
165.0802359999999851
21
-49.8051609999999982
0
LINE
8
BLACK
6
CONTINUOUS
10
165.0802359999999851
20
-49.8051609999999982
11
165.059740000000005
21
-49.6232499999999987
0
LINE
8
BLACK
6
CONTINUOUS
10
165.059740000000005
20
-49.6232499999999987
11
165.0802359999999851
21
-49.4413389999999993
0
LINE
8
BLACK
6
CONTINUOUS
10
165.0802359999999851
20
-49.4413389999999993
11
165.1406979999999862
21
-49.2685499999999976
0
LINE
8
BLACK
6
CONTINUOUS
10
165.1406979999999862
20
-49.2685499999999976
11
165.2380929999999921
21
-49.113546999999997
0
LINE
8
BLACK
6
CONTINUOUS
10
165.2380929999999921
20
-49.113546999999997
11
165.3675369999999987
21
-48.9841029999999975
0
LINE
8
BLACK
6
CONTINUOUS
10
165.3675369999999987
20
-48.9841029999999975
11
165.5225399999999922
21
-48.8867079999999987
0
LINE
8
BLACK
6
CONTINUOUS
10
165.5225399999999922
20
-48.8867079999999987
11
165.6953289999999868
21
-48.8262459999999976
0
LINE
8
BLACK
6
CONTINUOUS
10
165.6953289999999868
20
-48.8262459999999976
11
165.8772400000000005
21
-48.8057499999999962
0
LINE
8
BLACK
6
CONTINUOUS
10
165.8772400000000005
20
-48.8057499999999962
11
166.0591509999999857
21
-48.8262459999999976
0
LINE
8
BLACK
6
CONTINUOUS
10
152.9046709999999791
20
-48.1422799999999995
11
152.9857769999999846
21
-48.1964729999999975
0
LINE
8
BLACK
6
CONTINUOUS
10
152.9857769999999846
20
-48.1964729999999975
11
153.0399699999999825
21
-48.2775789999999958
0
LINE
8
BLACK
6
CONTINUOUS
10
153.0399699999999825
20
-48.2775789999999958
11
153.058999
21
-48.3732499999999987
0
LINE
8
BLACK
6
CONTINUOUS
10
153.058999
20
-48.3732499999999987
11
153.0589999999999975
21
-49.2732509999999948
0
LINE
8
BLACK
6
CONTINUOUS
10
153.0589999999999975
20
-49.2732509999999948
11
153.0399699999999825
21
-49.3689210000000003
0
LINE
8
BLACK
6
CONTINUOUS
10
153.0399699999999825
20
-49.3689210000000003
11
152.9857769999999846
21
-49.4500269999999986
0
LINE
8
BLACK
6
CONTINUOUS
10
152.9857769999999846
20
-49.4500269999999986
11
152.9046709999999791
21
-49.5042199999999966
0
LINE
8
BLACK
6
CONTINUOUS
10
152.9046709999999791
20
-49.5042199999999966
11
152.8089999999999975
21
-49.5232489999999999
0
LINE
8
BLACK
6
CONTINUOUS
10
152.8089999999999975
20
-49.5232489999999999
11
149.9589990000000057
21
-49.5232499999999973
0
LINE
8
BLACK
6
CONTINUOUS
10
149.9589990000000057
20
-49.5232499999999973
11
149.8633289999999931
21
-49.5042199999999966
0
LINE
8
BLACK
6
CONTINUOUS
10
149.8633289999999931
20
-49.5042199999999966
11
149.7822229999999877
21
-49.4500269999999986
0
LINE
8
BLACK
6
CONTINUOUS
10
149.7822229999999877
20
-49.4500269999999986
11
149.7280299999999897
21
-49.3689210000000003
0
LINE
8
BLACK
6
CONTINUOUS
10
149.7280299999999897
20
-49.3689210000000003
11
149.7090010000000007
21
-49.2732499999999973
0
LINE
8
BLACK
6
CONTINUOUS
10
149.7090010000000007
20
-49.2732499999999973
11
149.7090000000000032
21
-48.3732490000000013
0
LINE
8
BLACK
6
CONTINUOUS
10
149.7090000000000032
20
-48.3732490000000013
11
149.7280299999999897
21
-48.2775789999999958
0
LINE
8
BLACK
6
CONTINUOUS
10
149.7280299999999897
20
-48.2775789999999958
11
149.7822229999999877
21
-48.1964729999999975
0
LINE
8
BLACK
6
CONTINUOUS
10
149.7822229999999877
20
-48.1964729999999975
11
149.8633289999999931
21
-48.1422799999999995
0
LINE
8
BLACK
6
CONTINUOUS
10
149.8633289999999931
20
-48.1422799999999995
11
149.9590000000000032
21
-48.1232509999999962
0
LINE
8
BLACK
6
CONTINUOUS
10
149.9590000000000032
20
-48.1232509999999962
11
152.809000999999995
21
-48.1232499999999987
0
LINE
8
BLACK
6
CONTINUOUS
10
152.809000999999995
20
-48.1232499999999987
11
152.9046709999999791
21
-48.1422799999999995
0
LINE
8
BLACK
6
CONTINUOUS
10
149.7330900000000042
20
-39.5024230000000003
11
150.0949310000000025
21
-39.5597330000000014
0
LINE
8
BLACK
6
CONTINUOUS
10
150.0949310000000025
20
-39.5597330000000014
11
150.4487989999999797
21
-39.6545519999999954
0
LINE
8
BLACK
6
CONTINUOUS
10
150.4487989999999797
20
-39.6545519999999954
11
150.7908180000000016
21
-39.7858409999999978
0
LINE
8
BLACK
6
CONTINUOUS
10
150.7908180000000016
20
-39.7858409999999978
11
151.1172399999999811
21
-39.9521609999999967
0
LINE
8
BLACK
6
CONTINUOUS
10
151.1172399999999811
20
-39.9521609999999967
11
151.4244879999999966
21
-40.1516909999999996
0
LINE
8
BLACK
6
CONTINUOUS
10
151.4244879999999966
20
-40.1516909999999996
11
151.709196999999989
21
-40.3822429999999954
0
LINE
8
BLACK
6
CONTINUOUS
10
151.709196999999989
20
-40.3822429999999954
11
151.968246999999991
21
-40.6412929999999974
0
LINE
8
BLACK
6
CONTINUOUS
10
151.968246999999991
20
-40.6412929999999974
11
152.1987989999999797
21
-40.9260019999999969
0
LINE
8
BLACK
6
CONTINUOUS
10
152.1987989999999797
20
-40.9260019999999969
11
152.3983289999999897
21
-41.2332499999999982
0
LINE
8
BLACK
6
CONTINUOUS
10
152.3983289999999897
20
-41.2332499999999982
11
152.5646490000000028
21
-41.5596719999999991
0
LINE
8
BLACK
6
CONTINUOUS
10
152.5646490000000028
20
-41.5596719999999991
11
152.695937999999984
21
-41.9016909999999996
0
LINE
8
BLACK
6
CONTINUOUS
10
152.695937999999984
20
-41.9016909999999996
11
152.7907569999999851
21
-42.2555589999999981
0
LINE
8
BLACK
6
CONTINUOUS
10
152.7907569999999851
20
-42.2555589999999981
11
152.8480669999999861
21
-42.6173999999999964
0
LINE
8
BLACK
6
CONTINUOUS
10
152.8480669999999861
20
-42.6173999999999964
11
152.8672399999999811
21
-42.9832499999999982
0
LINE
8
BLACK
6
CONTINUOUS
10
152.8672399999999811
20
-42.9832499999999982
11
152.8480669999999861
21
-43.3491
0
LINE
8
BLACK
6
CONTINUOUS
10
152.8480669999999861
20
-43.3491
11
152.7907569999999851
21
-43.7109409999999983
0
LINE
8
BLACK
6
CONTINUOUS
10
152.7907569999999851
20
-43.7109409999999983
11
152.695937999999984
21
-44.0648089999999968
0
LINE
8
BLACK
6
CONTINUOUS
10
152.695937999999984
20
-44.0648089999999968
11
152.5646490000000028
21
-44.4068279999999973
0
LINE
8
BLACK
6
CONTINUOUS
10
152.5646490000000028
20
-44.4068279999999973
11
152.3983289999999897
21
-44.7332499999999982
0
LINE
8
BLACK
6
CONTINUOUS
10
152.3983289999999897
20
-44.7332499999999982
11
152.1987989999999797
21
-45.0404979999999995
0
LINE
8
BLACK
6
CONTINUOUS
10
152.1987989999999797
20
-45.0404979999999995
11
151.968246999999991
21
-45.3252069999999989
0
LINE
8
BLACK
6
CONTINUOUS
10
151.968246999999991
20
-45.3252069999999989
11
151.709196999999989
21
-45.5842570000000009
0
LINE
8
BLACK
6
CONTINUOUS
10
151.709196999999989
20
-45.5842570000000009
11
151.4244879999999966
21
-45.8148089999999968
0
LINE
8
BLACK
6
CONTINUOUS
10
151.4244879999999966
20
-45.8148089999999968
11
151.1172399999999811
21
-46.0143389999999997
0
LINE
8
BLACK
6
CONTINUOUS
10
151.1172399999999811
20
-46.0143389999999997
11
150.7908180000000016
21
-46.1806589999999986
0
LINE
8
BLACK
6
CONTINUOUS
10
150.7908180000000016
20
-46.1806589999999986
11
150.4487989999999797
21
-46.311948000000001
0
LINE
8
BLACK
6
CONTINUOUS
10
150.4487989999999797
20
-46.311948000000001
11
150.0949310000000025
21
-46.406766999999995
0
LINE
8
BLACK
6
CONTINUOUS
10
150.0949310000000025
20
-46.406766999999995
11
149.7330900000000042
21
-46.4640769999999961
0
LINE
8
BLACK
6
CONTINUOUS
10
149.7330900000000042
20
-46.4640769999999961
11
149.3672399999999811
21
-46.4832499999999982
0
LINE
8
BLACK
6
CONTINUOUS
10
149.3672399999999811
20
-46.4832499999999982
11
149.0013899999999865
21
-46.4640769999999961
0
LINE
8
BLACK
6
CONTINUOUS
10
149.0013899999999865
20
-46.4640769999999961
11
148.6395489999999882
21
-46.406766999999995
0
LINE
8
BLACK
6
CONTINUOUS
10
148.6395489999999882
20
-46.406766999999995
11
148.2856809999999825
21
-46.311948000000001
0
LINE
8
BLACK
6
CONTINUOUS
10
148.2856809999999825
20
-46.311948000000001
11
147.9436619999999891
21
-46.1806589999999986
0
LINE
8
BLACK
6
CONTINUOUS
10
147.9436619999999891
20
-46.1806589999999986
11
147.6172399999999811
21
-46.0143389999999997
0
LINE
8
BLACK
6
CONTINUOUS
10
147.6172399999999811
20
-46.0143389999999997
11
147.3099919999999941
21
-45.8148089999999968
0
LINE
8
BLACK
6
CONTINUOUS
10
147.3099919999999941
20
-45.8148089999999968
11
147.0252830000000017
21
-45.5842570000000009
0
LINE
8
BLACK
6
CONTINUOUS
10
147.0252830000000017
20
-45.5842570000000009
11
146.7662329999999997
21
-45.3252069999999989
0
LINE
8
BLACK
6
CONTINUOUS
10
146.7662329999999997
20
-45.3252069999999989
11
146.5356809999999825
21
-45.0404979999999995
0
LINE
8
BLACK
6
CONTINUOUS
10
146.5356809999999825
20
-45.0404979999999995
11
146.336151000000001
21
-44.7332499999999982
0
LINE
8
BLACK
6
CONTINUOUS
10
146.336151000000001
20
-44.7332499999999982
11
146.1698309999999879
21
-44.4068279999999973
0
LINE
8
BLACK
6
CONTINUOUS
10
146.1698309999999879
20
-44.4068279999999973
11
146.0385420000000067
21
-44.0648089999999968
0
LINE
8
BLACK
6
CONTINUOUS
10
146.0385420000000067
20
-44.0648089999999968
11
145.9437230000000056
21
-43.7109409999999983
0
LINE
8
BLACK
6
CONTINUOUS
10
145.9437230000000056
20
-43.7109409999999983
11
145.8864130000000046
21
-43.3491
0
LINE
8
BLACK
6
CONTINUOUS
10
145.8864130000000046
20
-43.3491
11
145.8672399999999811
21
-42.9832499999999982
0
LINE
8
BLACK
6
CONTINUOUS
10
145.8672399999999811
20
-42.9832499999999982
11
145.8864130000000046
21
-42.6173999999999964
0
LINE
8
BLACK
6
CONTINUOUS
10
145.8864130000000046
20
-42.6173999999999964
11
145.9437230000000056
21
-42.2555589999999981
0
LINE
8
BLACK
6
CONTINUOUS
10
145.9437230000000056
20
-42.2555589999999981
11
146.0385420000000067
21
-41.9016909999999996
0
LINE
8
BLACK
6
CONTINUOUS
10
146.0385420000000067
20
-41.9016909999999996
11
146.1698309999999879
21
-41.5596719999999991
0
LINE
8
BLACK
6
CONTINUOUS
10
146.1698309999999879
20
-41.5596719999999991
11
146.336151000000001
21
-41.2332499999999982
0
LINE
8
BLACK
6
CONTINUOUS
10
146.336151000000001
20
-41.2332499999999982
11
146.5356809999999825
21
-40.9260019999999969
0
LINE
8
BLACK
6
CONTINUOUS
10
146.5356809999999825
20
-40.9260019999999969
11
146.7662329999999997
21
-40.6412929999999974
0
LINE
8
BLACK
6
CONTINUOUS
10
146.7662329999999997
20
-40.6412929999999974
11
147.0252830000000017
21
-40.3822429999999954
0
LINE
8
BLACK
6
CONTINUOUS
10
147.0252830000000017
20
-40.3822429999999954
11
147.3099919999999941
21
-40.1516909999999996
0
LINE
8
BLACK
6
CONTINUOUS
10
147.3099919999999941
20
-40.1516909999999996
11
147.6172399999999811
21
-39.9521609999999967
0
LINE
8
BLACK
6
CONTINUOUS
10
147.6172399999999811
20
-39.9521609999999967
11
147.9436619999999891
21
-39.7858409999999978
0
LINE
8
BLACK
6
CONTINUOUS
10
147.9436619999999891
20
-39.7858409999999978
11
148.2856809999999825
21
-39.6545519999999954
0
LINE
8
BLACK
6
CONTINUOUS
10
148.2856809999999825
20
-39.6545519999999954
11
148.6395489999999882
21
-39.5597330000000014
0
LINE
8
BLACK
6
CONTINUOUS
10
148.6395489999999882
20
-39.5597330000000014
11
149.0013899999999865
21
-39.5024230000000003
0
LINE
8
BLACK
6
CONTINUOUS
10
149.0013899999999865
20
-39.5024230000000003
11
149.3672399999999811
21
-39.4832499999999982
0
LINE
8
BLACK
6
CONTINUOUS
10
149.3672399999999811
20
-39.4832499999999982
11
149.7330900000000042
21
-39.5024230000000003
0
ARC
8
BLACK
10
173.4819999999999993
20
-90.8049999999999926
40
2.4263315931669358
50
-90.00000000
51
-42.87890360
0
LINE
8
BLACK
6
CONTINUOUS
10
173.4819999999999993
20
-93.2313309999999973
11
125.4759999999999991
21
-93.2313309999999973
0
ARC
8
BLACK
10
149.478999999999985
20
-71.07427899999999
40
33.4938494939271081
50
-399.67094232
51
-140.32905768
0
ARC
8
BLACK
10
125.4759999999999991
20
-90.8049999999999926
40
2.4263309999999998
50
-137.12109640
51
-90.00000000
  0
ENDSEC
  0
EOF
