  0
SECTION
  2
HEADER
  9
$ANGBASE
  50
0.0
  9
$ANGDIR
  70
1
  9
$MEASUREMENT
  70
1
  0
ENDSEC
  0
SECTION
  2
TABLES
  0
TABLE
  2
LTYPE
  70
4
  0
LTYPE
  5
40F
  2
CONTINUOUS
  70
0
  3
Solid line
  72
65
  73
0
  40
0.0
  0
LTYPE
  5
410
  2
DASHDOT
 70
0
  3
Dash Dot ____ _ ____ _
 72
65
 73
4
 40
2.0
 49
1.25
 49
-0.25
 49
0.25
 49
-0.25
  0
LTYPE
  5
411
  2
DASHED
 70
0
  3
Dashed __ __ __ __ __
 72
65
 73
2
 40
0.75
 49
0.5
 49
-0.25
  0
LTYPE
  5
43B
  2
DOTTED
 70
0
  3
Dotted .  .  .  .
 72
65
 73
2
 40
0.2
 49
0.0
 49
-0.2
  0
ENDTAB
  0
TABLE
  2
STYLE
  70
4
  0
STYLE
  2
KICAD
  70
0
  40
0
  41
1
  42
1
  50
0
  71
0
  3
isocp.shx
  0
STYLE
  2
KICADB
  70
0
  40
0
  41
1
  42
1
  50
0
  71
0
  3
isocp.shx
  0
STYLE
  2
KICADI
  70
0
  40
0
  41
1
  42
1
  50
15
  71
0
  3
isocp.shx
  0
STYLE
  2
KICADBI
  70
0
  40
0
  41
1
  42
1
  50
15
  71
0
  3
isocp.shx
  0
ENDTAB
  0
TABLE
  2
LAYER
  70
1
  0
LAYER
  2
BLACK
  70
0
  62
7
  6
CONTINUOUS
  0
ENDTAB
  0
ENDSEC
  0
SECTION
  2
ENTITIES
0
LINE
8
BLACK
6
CONTINUOUS
10
124.9217079999999953
20
-86.7941840000000013
11
125.0414299999999912
21
-86.8711249999999922
0
LINE
8
BLACK
6
CONTINUOUS
10
125.0414299999999912
20
-86.8711249999999922
11
125.1346269999999947
21
-86.9786799999999971
0
LINE
8
BLACK
6
CONTINUOUS
10
125.1346269999999947
20
-86.9786799999999971
11
125.1937459999999902
21
-87.1081339999999926
0
LINE
8
BLACK
6
CONTINUOUS
10
125.1937459999999902
20
-87.1081339999999926
11
125.2139999999999986
21
-87.2489999999999952
0
LINE
8
BLACK
6
CONTINUOUS
10
125.2139999999999986
20
-87.2489999999999952
11
125.1937459999999902
21
-87.3898659999999978
0
LINE
8
BLACK
6
CONTINUOUS
10
125.1937459999999902
20
-87.3898659999999978
11
125.1346269999999947
21
-87.5193199999999933
0
LINE
8
BLACK
6
CONTINUOUS
10
125.1346269999999947
20
-87.5193199999999933
11
125.0414299999999912
21
-87.6268749999999983
0
LINE
8
BLACK
6
CONTINUOUS
10
125.0414299999999912
20
-87.6268749999999983
11
124.9217079999999953
21
-87.7038159999999891
0
LINE
8
BLACK
6
CONTINUOUS
10
124.9217079999999953
20
-87.7038159999999891
11
124.7851569999999981
21
-87.7439109999999971
0
LINE
8
BLACK
6
CONTINUOUS
10
124.7851569999999981
20
-87.7439109999999971
11
124.6428429999999992
21
-87.7439109999999971
0
LINE
8
BLACK
6
CONTINUOUS
10
124.6428429999999992
20
-87.7439109999999971
11
124.5062919999999878
21
-87.7038159999999891
0
LINE
8
BLACK
6
CONTINUOUS
10
124.5062919999999878
20
-87.7038159999999891
11
124.3865699999999919
21
-87.6268749999999983
0
LINE
8
BLACK
6
CONTINUOUS
10
124.3865699999999919
20
-87.6268749999999983
11
124.2933729999999883
21
-87.5193199999999933
0
LINE
8
BLACK
6
CONTINUOUS
10
124.2933729999999883
20
-87.5193199999999933
11
124.2342539999999929
21
-87.3898659999999978
0
LINE
8
BLACK
6
CONTINUOUS
10
124.2342539999999929
20
-87.3898659999999978
11
124.2139999999999986
21
-87.2489999999999952
0
LINE
8
BLACK
6
CONTINUOUS
10
124.2139999999999986
20
-87.2489999999999952
11
124.2342539999999929
21
-87.1081339999999926
0
LINE
8
BLACK
6
CONTINUOUS
10
124.2342539999999929
20
-87.1081339999999926
11
124.2933729999999883
21
-86.9786799999999971
0
LINE
8
BLACK
6
CONTINUOUS
10
124.2933729999999883
20
-86.9786799999999971
11
124.3865699999999919
21
-86.8711249999999922
0
LINE
8
BLACK
6
CONTINUOUS
10
124.3865699999999919
20
-86.8711249999999922
11
124.5062919999999878
21
-86.7941840000000013
0
LINE
8
BLACK
6
CONTINUOUS
10
124.5062919999999878
20
-86.7941840000000013
11
124.6428429999999992
21
-86.7540889999999933
0
LINE
8
BLACK
6
CONTINUOUS
10
124.6428429999999992
20
-86.7540889999999933
11
124.7851569999999981
21
-86.7540889999999933
0
LINE
8
BLACK
6
CONTINUOUS
10
124.7851569999999981
20
-86.7540889999999933
11
124.9217079999999953
21
-86.7941840000000013
0
LINE
8
BLACK
6
CONTINUOUS
10
125.2139999999999986
20
-86.4789999999999992
11
124.2139999999999986
21
-86.4789999999999992
0
LINE
8
BLACK
6
CONTINUOUS
10
124.2139999999999986
20
-86.4789999999999992
11
124.2139999999999986
21
-85.4789999999999992
0
LINE
8
BLACK
6
CONTINUOUS
10
124.2139999999999986
20
-85.4789999999999992
11
125.2139999999999986
21
-85.4789999999999992
0
LINE
8
BLACK
6
CONTINUOUS
10
125.2139999999999986
20
-85.4789999999999992
11
125.2139999999999986
21
-86.4789999999999992
0
LINE
8
BLACK
6
CONTINUOUS
10
126.0060609999999883
20
-67.0565969999999965
11
126.1829409999999996
21
-67.0740179999999953
0
LINE
8
BLACK
6
CONTINUOUS
10
126.1829409999999996
20
-67.0740179999999953
11
126.2067689999999942
21
-67.078756999999996
0
LINE
8
BLACK
6
CONTINUOUS
10
126.2067689999999942
20
-67.078756999999996
11
126.3710009999999926
21
-67.1285759999999954
0
LINE
8
BLACK
6
CONTINUOUS
10
126.3710009999999926
20
-67.1285759999999954
11
126.3934529999999938
21
-67.1378770000000031
0
LINE
8
BLACK
6
CONTINUOUS
10
126.3934529999999938
20
-67.1378770000000031
11
126.4431439999999895
21
-67.1644369999999924
0
LINE
8
BLACK
6
CONTINUOUS
10
126.4431439999999895
20
-67.1644369999999924
11
126.5447980000000001
21
-67.2187720000000013
0
LINE
8
BLACK
6
CONTINUOUS
10
126.5447980000000001
20
-67.2187720000000013
11
126.5650100000000009
21
-67.2322769999999963
0
LINE
8
BLACK
6
CONTINUOUS
10
126.5650100000000009
20
-67.2322769999999963
11
126.6976659999999981
21
-67.3411449999999974
0
LINE
8
BLACK
6
CONTINUOUS
10
126.6976659999999981
20
-67.3411449999999974
11
126.7148539999999883
21
-67.3583330000000018
0
LINE
8
BLACK
6
CONTINUOUS
10
126.7148539999999883
20
-67.3583330000000018
11
126.8237219999999894
21
-67.490988999999999
0
LINE
8
BLACK
6
CONTINUOUS
10
126.8237219999999894
20
-67.490988999999999
11
126.8372269999999986
21
-67.5112009999999998
0
LINE
8
BLACK
6
CONTINUOUS
10
126.8372269999999986
20
-67.5112009999999998
11
126.9181209999999993
21
-67.6625429999999994
0
LINE
8
BLACK
6
CONTINUOUS
10
126.9181209999999993
20
-67.6625429999999994
11
126.9274239999999878
21
-67.6850009999999997
0
LINE
8
BLACK
6
CONTINUOUS
10
126.9274239999999878
20
-67.6850009999999997
11
126.9772399999999948
21
-67.8492239999999924
0
LINE
8
BLACK
6
CONTINUOUS
10
126.9772399999999948
20
-67.8492239999999924
11
126.9819819999999879
21
-67.8730649999999969
0
LINE
8
BLACK
6
CONTINUOUS
10
126.9819819999999879
20
-67.8730649999999969
11
126.9994030000000009
21
-68.0499379999999974
0
LINE
8
BLACK
6
CONTINUOUS
10
126.9994030000000009
20
-68.0499379999999974
11
127.
21
-68.0620919999999927
0
LINE
8
BLACK
6
CONTINUOUS
10
127.
20
-68.0620919999999927
11
127.
21
-69.3419999999999987
0
LINE
8
BLACK
6
CONTINUOUS
10
127.
20
-69.3419999999999987
11
130.3119069999999908
21
-69.3419999999999987
0
LINE
8
BLACK
6
CONTINUOUS
10
130.3119069999999908
20
-69.3419999999999987
11
130.3240610000000004
21
-69.3425969999999978
0
LINE
8
BLACK
6
CONTINUOUS
10
130.3240610000000004
20
-69.3425969999999978
11
130.5009409999999832
21
-69.3600179999999966
0
LINE
8
BLACK
6
CONTINUOUS
10
130.5009409999999832
20
-69.3600179999999966
11
130.524768999999992
21
-69.3647569999999973
0
LINE
8
BLACK
6
CONTINUOUS
10
130.524768999999992
20
-69.3647569999999973
11
130.6890009999999904
21
-69.4145759999999967
0
LINE
8
BLACK
6
CONTINUOUS
10
130.6890009999999904
20
-69.4145759999999967
11
130.7114530000000059
21
-69.4238769999999903
0
LINE
8
BLACK
6
CONTINUOUS
10
130.7114530000000059
20
-69.4238769999999903
11
130.862797999999998
21
-69.5047720000000027
0
LINE
8
BLACK
6
CONTINUOUS
10
130.862797999999998
20
-69.5047720000000027
11
130.8830099999999845
21
-69.5182769999999977
0
LINE
8
BLACK
6
CONTINUOUS
10
130.8830099999999845
20
-69.5182769999999977
11
131.0156659999999818
21
-69.6271449999999987
0
LINE
8
BLACK
6
CONTINUOUS
10
131.0156659999999818
20
-69.6271449999999987
11
131.0328539999999862
21
-69.6443330000000032
0
LINE
8
BLACK
6
CONTINUOUS
10
131.0328539999999862
20
-69.6443330000000032
11
131.1417219999999872
21
-69.7769890000000004
0
LINE
8
BLACK
6
CONTINUOUS
10
131.1417219999999872
20
-69.7769890000000004
11
131.1552269999999965
21
-69.7972010000000012
0
LINE
8
BLACK
6
CONTINUOUS
10
131.1552269999999965
20
-69.7972010000000012
11
131.2361209999999971
21
-69.9485430000000008
0
LINE
8
BLACK
6
CONTINUOUS
10
131.2361209999999971
20
-69.9485430000000008
11
131.2454239999999857
21
-69.9710010000000011
0
LINE
8
BLACK
6
CONTINUOUS
10
131.2454239999999857
20
-69.9710010000000011
11
131.2952400000000068
21
-70.1352239999999938
0
LINE
8
BLACK
6
CONTINUOUS
10
131.2952400000000068
20
-70.1352239999999938
11
131.299982
21
-70.1590649999999982
0
LINE
8
BLACK
6
CONTINUOUS
10
131.299982
20
-70.1590649999999982
11
131.3174029999999846
21
-70.3359379999999987
0
LINE
8
BLACK
6
CONTINUOUS
10
131.3174029999999846
20
-70.3359379999999987
11
131.3179999999999836
21
-70.3480919999999941
0
LINE
8
BLACK
6
CONTINUOUS
10
131.3179999999999836
20
-70.3480919999999941
11
131.3179999999999836
21
-92.1068309999999997
0
LINE
8
BLACK
6
CONTINUOUS
10
131.3179999999999836
20
-92.1068309999999997
11
131.2983150000000023
21
-92.1738699999999938
0
LINE
8
BLACK
6
CONTINUOUS
10
131.2983150000000023
20
-92.1738699999999938
11
131.2455109999999934
21
-92.2196249999999935
0
LINE
8
BLACK
6
CONTINUOUS
10
131.2455109999999934
20
-92.2196249999999935
11
131.1939999999999884
21
-92.2308309999999949
0
LINE
8
BLACK
6
CONTINUOUS
10
131.1939999999999884
20
-92.2308309999999949
11
125.480251999999993
21
-92.2308309999999949
0
LINE
8
BLACK
6
CONTINUOUS
10
125.480251999999993
20
-92.2308309999999949
11
125.4717610000000008
21
-92.2305399999999906
0
LINE
8
BLACK
6
CONTINUOUS
10
125.4717610000000008
20
-92.2305399999999906
11
125.462892999999994
21
-92.2299309999999934
0
LINE
8
BLACK
6
CONTINUOUS
10
125.462892999999994
20
-92.2299309999999934
11
125.2896619999999928
21
-92.218040000000002
0
LINE
8
BLACK
6
CONTINUOUS
10
125.2896619999999928
20
-92.218040000000002
11
125.272837999999993
21
-92.2157189999999929
0
LINE
8
BLACK
6
CONTINUOUS
10
125.272837999999993
20
-92.2157189999999929
11
125.0983370000000008
21
-92.179325999999989
0
LINE
8
BLACK
6
CONTINUOUS
10
125.0983370000000008
20
-92.179325999999989
11
125.0819879999999955
21
-92.1747289999999992
0
LINE
8
BLACK
6
CONTINUOUS
10
125.0819879999999955
20
-92.1747289999999992
11
124.9140819999999934
21
-92.1148290000000003
0
LINE
8
BLACK
6
CONTINUOUS
10
124.9140819999999934
20
-92.1148290000000003
11
124.8985169999999982
21
-92.1080410000000001
0
LINE
8
BLACK
6
CONTINUOUS
10
124.8985169999999982
20
-92.1080410000000001
11
124.7403799999999876
21
-92.0257649999999927
0
LINE
8
BLACK
6
CONTINUOUS
10
124.7403799999999876
20
-92.0257649999999927
11
124.7258870000000002
21
-92.0169130000000024
0
LINE
8
BLACK
6
CONTINUOUS
10
124.7258870000000002
20
-92.0169130000000024
11
124.5804729999999978
21
-91.9137989999999974
0
LINE
8
BLACK
6
CONTINUOUS
10
124.5804729999999978
20
-91.9137989999999974
11
124.5673239999999993
21
-91.9030489999999958
0
LINE
8
BLACK
6
CONTINUOUS
10
124.5673239999999993
20
-91.9030489999999958
11
124.4506879999999995
21
-91.7935420000000022
0
LINE
8
BLACK
6
CONTINUOUS
10
124.4506879999999995
20
-91.7935420000000022
11
124.4387539999999888
21
-91.7806269999999955
0
LINE
8
BLACK
6
CONTINUOUS
10
124.4387539999999888
20
-91.7806269999999955
11
123.7625309999999956
21
-90.9357629999999943
0
LINE
8
BLACK
6
CONTINUOUS
10
123.7625309999999956
20
-90.9357629999999943
11
123.7598919999999936
21
-90.9323459999999955
0
LINE
8
BLACK
6
CONTINUOUS
10
123.7598919999999936
20
-90.9323459999999955
11
123.0866929999999968
21
-90.0284729999999911
0
LINE
8
BLACK
6
CONTINUOUS
10
123.0866929999999968
20
-90.0284729999999911
11
123.084202999999988
21
-90.0250059999999905
0
LINE
8
BLACK
6
CONTINUOUS
10
123.084202999999988
20
-90.0250059999999905
11
122.4428889999999939
21
-89.0982630000000029
0
LINE
8
BLACK
6
CONTINUOUS
10
122.4428889999999939
20
-89.0982630000000029
11
122.4405029999999925
21
-89.0946840000000009
0
LINE
8
BLACK
6
CONTINUOUS
10
122.4405029999999925
20
-89.0946840000000009
11
122.2661249999999882
21
-88.82294499999999
0
LINE
8
BLACK
6
CONTINUOUS
10
122.2661249999999882
20
-88.82294499999999
11
121.8318369999999931
21
-88.146175999999997
0
LINE
8
BLACK
6
CONTINUOUS
10
121.8318369999999931
20
-88.146175999999997
11
121.8295739999999938
21
-88.1425119999999964
0
LINE
8
BLACK
6
CONTINUOUS
10
121.8295739999999938
20
-88.1425119999999964
11
121.7953809999999919
21
-88.0849099999999936
0
LINE
8
BLACK
6
CONTINUOUS
10
121.7953809999999919
20
-88.0849099999999936
11
121.2991779999999977
21
-87.2489999999999952
0
LINE
8
BLACK
6
CONTINUOUS
10
121.2991779999999977
20
-87.2489999999999952
11
121.2542789999999968
21
-87.1733619999999974
0
LINE
8
BLACK
6
CONTINUOUS
10
121.2542789999999968
20
-87.1733619999999974
11
121.2521489999999886
21
-87.1696239999999989
0
LINE
8
BLACK
6
CONTINUOUS
10
121.2521489999999886
20
-87.1696239999999989
11
121.1882309999999876
21
-87.0528699999999986
0
LINE
8
BLACK
6
CONTINUOUS
10
121.1882309999999876
20
-87.0528699999999986
11
120.7109789999999947
21
-86.1811069999999972
0
LINE
8
BLACK
6
CONTINUOUS
10
120.7109789999999947
20
-86.1811069999999972
11
120.7089759999999927
21
-86.1772929999999917
0
LINE
8
BLACK
6
CONTINUOUS
10
120.7089759999999927
20
-86.1772929999999917
11
120.2025329999999883
21
-85.1705109999999905
0
LINE
8
BLACK
6
CONTINUOUS
10
120.2025329999999883
20
-85.1705109999999905
11
120.2006599999999992
21
-85.1666209999999921
0
LINE
8
BLACK
6
CONTINUOUS
10
120.2006599999999992
20
-85.1666209999999921
11
119.7295649999999938
21
-84.1428059999999931
0
LINE
8
BLACK
6
CONTINUOUS
10
119.7295649999999938
20
-84.1428059999999931
11
119.7278289999999998
21
-84.1388529999999975
0
LINE
8
BLACK
6
CONTINUOUS
10
119.7278289999999998
20
-84.1388529999999975
11
119.2926609999999954
21
-83.0992629999999934
0
LINE
8
BLACK
6
CONTINUOUS
10
119.2926609999999954
20
-83.0992629999999934
11
119.2910639999999916
21
-83.0952520000000021
0
LINE
8
BLACK
6
CONTINUOUS
10
119.2910639999999916
20
-83.0952520000000021
11
118.892358999999999
21
-82.0411699999999939
0
LINE
8
BLACK
6
CONTINUOUS
10
118.892358999999999
20
-82.0411699999999939
11
118.890901999999997
21
-82.0371059999999943
0
LINE
8
BLACK
6
CONTINUOUS
10
118.890901999999997
20
-82.0371059999999943
11
118.5291309999999925
21
-80.969775999999996
0
LINE
8
BLACK
6
CONTINUOUS
10
118.5291309999999925
20
-80.969775999999996
11
118.5278160000000014
21
-80.9656639999999896
0
LINE
8
BLACK
6
CONTINUOUS
10
118.5278160000000014
20
-80.9656639999999896
11
118.2034069999999986
21
-79.8863509999999906
0
LINE
8
BLACK
6
CONTINUOUS
10
118.2034069999999986
20
-79.8863509999999906
11
118.2022369999999967
21
-79.8821959999999933
0
LINE
8
BLACK
6
CONTINUOUS
10
118.2022369999999967
20
-79.8821959999999933
11
117.9156119999999959
21
-78.7923009999999948
0
LINE
8
BLACK
6
CONTINUOUS
10
117.9156119999999959
20
-78.7923009999999948
11
117.9145859999999999
21
-78.7881069999999966
0
LINE
8
BLACK
6
CONTINUOUS
10
117.9145859999999999
20
-78.7881069999999966
11
117.740013999999988
21
-78.0159379999999913
0
LINE
8
BLACK
6
CONTINUOUS
10
117.740013999999988
20
-78.0159379999999913
11
117.666056999999995
21
-77.6888110000000012
0
LINE
8
BLACK
6
CONTINUOUS
10
117.666056999999995
20
-77.6888110000000012
11
117.665182999999999
21
-77.6846000000000032
0
LINE
8
BLACK
6
CONTINUOUS
10
117.665182999999999
20
-77.6846000000000032
11
117.4550859999999943
21
-76.5773899999999941
0
LINE
8
BLACK
6
CONTINUOUS
10
117.4550859999999943
20
-76.5773899999999941
11
117.4543549999999925
21
-76.5731349999999935
0
LINE
8
BLACK
6
CONTINUOUS
10
117.4543549999999925
20
-76.5731349999999935
11
117.3228709999999921
21
-75.7188129999999973
0
LINE
8
BLACK
6
CONTINUOUS
10
117.3228709999999921
20
-75.7188129999999973
11
117.2829169999999976
21
-75.4592090000000013
0
LINE
8
BLACK
6
CONTINUOUS
10
117.2829169999999976
20
-75.4592090000000013
11
117.2823459999999898
21
-75.4550160000000005
0
LINE
8
BLACK
6
CONTINUOUS
10
117.2823459999999898
20
-75.4550160000000005
11
117.1497869999999892
21
-74.3357730000000032
0
LINE
8
BLACK
6
CONTINUOUS
10
117.1497869999999892
20
-74.3357730000000032
11
117.1493629999999939
21
-74.3315699999999993
0
LINE
8
BLACK
6
CONTINUOUS
10
117.1493629999999939
20
-74.3315699999999993
11
117.0558459999999883
21
-73.2083969999999908
0
LINE
8
BLACK
6
CONTINUOUS
10
117.0558459999999883
20
-73.2083969999999908
11
117.0555689999999913
21
-73.2041859999999929
0
LINE
8
BLACK
6
CONTINUOUS
10
117.0555689999999913
20
-73.2041859999999929
11
117.0012049999999988
21
-72.0783859999999947
0
LINE
8
BLACK
6
CONTINUOUS
10
117.0012049999999988
20
-72.0783859999999947
11
117.0010750000000002
21
-72.0741780000000034
0
LINE
8
BLACK
6
CONTINUOUS
10
117.0010750000000002
20
-72.0741780000000034
11
116.9859369999999927
21
-70.9472439999999978
0
LINE
8
BLACK
6
CONTINUOUS
10
116.9859369999999927
20
-70.9472439999999978
11
116.9859539999999924
21
-70.9429310000000015
0
LINE
8
BLACK
6
CONTINUOUS
10
116.9859539999999924
20
-70.9429310000000015
11
117.0100529999999992
21
-69.8161709999999971
0
LINE
8
BLACK
6
CONTINUOUS
10
117.0100529999999992
20
-69.8161709999999971
11
117.0102210000000014
21
-69.8118679999999898
0
LINE
8
BLACK
6
CONTINUOUS
10
117.0102210000000014
20
-69.8118679999999898
11
117.0110459999999932
21
-69.7972010000000012
0
LINE
8
BLACK
6
CONTINUOUS
10
117.0110459999999932
20
-69.7972010000000012
11
117.073529999999991
21
-68.686632000000003
0
LINE
8
BLACK
6
CONTINUOUS
10
117.073529999999991
20
-68.686632000000003
11
117.073837999999995
21
-68.6824450000000013
0
LINE
8
BLACK
6
CONTINUOUS
10
117.073837999999995
20
-68.6824450000000013
11
117.1762839999999954
21
-67.5600450000000023
0
LINE
8
BLACK
6
CONTINUOUS
10
117.1762839999999954
20
-67.5600450000000023
11
117.1767509999999959
21
-67.5557659999999913
0
LINE
8
BLACK
6
CONTINUOUS
10
117.1767509999999959
20
-67.5557659999999913
11
117.2262569999999897
21
-67.1644369999999924
0
LINE
8
BLACK
6
CONTINUOUS
10
117.2262569999999897
20
-67.1644369999999924
11
117.2541989999999998
21
-67.1003979999999984
0
LINE
8
BLACK
6
CONTINUOUS
10
117.2541989999999998
20
-67.1003979999999984
11
117.3123279999999937
21
-67.061632000000003
0
LINE
8
BLACK
6
CONTINUOUS
10
117.3123279999999937
20
-67.061632000000003
11
117.349275999999989
21
-67.0559999999999974
0
LINE
8
BLACK
6
CONTINUOUS
10
117.349275999999989
20
-67.0559999999999974
11
125.993906999999993
21
-67.0559999999999974
0
LINE
8
BLACK
6
CONTINUOUS
10
125.993906999999993
20
-67.0559999999999974
11
126.0060609999999883
21
-67.0565969999999965
0
LINE
8
BLACK
6
CONTINUOUS
10
123.7279750000000007
20
-87.4451289999999943
11
123.7851879999999909
21
-87.6337329999999923
0
LINE
8
BLACK
6
CONTINUOUS
10
123.7851879999999909
20
-87.6337329999999923
11
123.8780859999999961
21
-87.8075319999999948
0
LINE
8
BLACK
6
CONTINUOUS
10
123.8780859999999961
20
-87.8075319999999948
11
123.8780900000000003
21
-87.8075389999999913
0
LINE
8
BLACK
6
CONTINUOUS
10
123.8780900000000003
20
-87.8075389999999913
11
124.0031159999999915
21
-87.9598829999999907
0
LINE
8
BLACK
6
CONTINUOUS
10
124.0031159999999915
20
-87.9598829999999907
11
124.1554599999999908
21
-88.0849089999999961
0
LINE
8
BLACK
6
CONTINUOUS
10
124.1554599999999908
20
-88.0849089999999961
11
124.1554669999999874
21
-88.0849130000000002
0
LINE
8
BLACK
6
CONTINUOUS
10
124.1554669999999874
20
-88.0849130000000002
11
124.3292659999999898
21
-88.1778109999999913
0
LINE
8
BLACK
6
CONTINUOUS
10
124.3292659999999898
20
-88.1778109999999913
11
124.3292689999999965
21
-88.1778109999999913
0
LINE
8
BLACK
6
CONTINUOUS
10
124.3292689999999965
20
-88.1778109999999913
11
124.3292730000000006
21
-88.1778139999999979
0
LINE
8
BLACK
6
CONTINUOUS
10
124.3292730000000006
20
-88.1778139999999979
11
124.5178679999999929
21
-88.2350239999999957
0
LINE
8
BLACK
6
CONTINUOUS
10
124.5178679999999929
20
-88.2350239999999957
11
124.7139999999999986
21
-88.2543409999999966
0
LINE
8
BLACK
6
CONTINUOUS
10
124.7139999999999986
20
-88.2543409999999966
11
124.9101319999999902
21
-88.2350239999999957
0
LINE
8
BLACK
6
CONTINUOUS
10
124.9101319999999902
20
-88.2350239999999957
11
125.0987269999999967
21
-88.1778139999999979
0
LINE
8
BLACK
6
CONTINUOUS
10
125.0987269999999967
20
-88.1778139999999979
11
125.2725379999999973
21
-88.0849099999999936
0
LINE
8
BLACK
6
CONTINUOUS
10
125.2725379999999973
20
-88.0849099999999936
11
125.4248829999999941
21
-87.9598829999999907
0
LINE
8
BLACK
6
CONTINUOUS
10
125.4248829999999941
20
-87.9598829999999907
11
125.549909999999997
21
-87.8075379999999939
0
LINE
8
BLACK
6
CONTINUOUS
10
125.549909999999997
20
-87.8075379999999939
11
125.6428140000000013
21
-87.6337269999999933
0
LINE
8
BLACK
6
CONTINUOUS
10
125.6428140000000013
20
-87.6337269999999933
11
125.7000239999999991
21
-87.445132000000001
0
LINE
8
BLACK
6
CONTINUOUS
10
125.7000239999999991
20
-87.445132000000001
11
125.719341
21
-87.2489999999999952
0
LINE
8
BLACK
6
CONTINUOUS
10
125.719341
20
-87.2489999999999952
11
125.7000239999999991
21
-87.0528679999999895
0
LINE
8
BLACK
6
CONTINUOUS
10
125.7000239999999991
20
-87.0528679999999895
11
125.6428140000000013
21
-86.8642729999999972
0
LINE
8
BLACK
6
CONTINUOUS
10
125.6428140000000013
20
-86.8642729999999972
11
125.6416770000000014
21
-86.8621459999999956
0
LINE
8
BLACK
6
CONTINUOUS
10
125.6416770000000014
20
-86.8621459999999956
11
125.6414179999999874
21
-86.8609039999999908
0
LINE
8
BLACK
6
CONTINUOUS
10
125.6414179999999874
20
-86.8609039999999908
11
125.640482999999989
21
-86.8586449999999957
0
LINE
8
BLACK
6
CONTINUOUS
10
125.640482999999989
20
-86.8586449999999957
11
125.6409109999999885
21
-86.8584669999999903
0
LINE
8
BLACK
6
CONTINUOUS
10
125.6409109999999885
20
-86.8584669999999903
11
125.6274349999999913
21
-86.7937459999999987
0
LINE
8
BLACK
6
CONTINUOUS
10
125.6274349999999913
20
-86.7937459999999987
11
125.6517709999999965
21
-86.7293789999999944
0
LINE
8
BLACK
6
CONTINUOUS
10
125.6517709999999965
20
-86.7293789999999944
11
125.6577959999999905
21
-86.7213309999999922
0
LINE
8
BLACK
6
CONTINUOUS
10
125.6577959999999905
20
-86.7213309999999922
11
125.708090999999996
21
-86.5864830000000012
0
LINE
8
BLACK
6
CONTINUOUS
10
125.708090999999996
20
-86.5864830000000012
11
125.714500000000001
21
-86.5268729999999948
0
LINE
8
BLACK
6
CONTINUOUS
10
125.714500000000001
20
-86.5268729999999948
11
125.7144989999999893
21
-85.4311280000000011
0
LINE
8
BLACK
6
CONTINUOUS
10
125.7144989999999893
20
-85.4311280000000011
11
125.708090999999996
21
-85.3715169999999972
0
LINE
8
BLACK
6
CONTINUOUS
10
125.708090999999996
20
-85.3715169999999972
11
125.6577959999999905
21
-85.236668999999992
0
LINE
8
BLACK
6
CONTINUOUS
10
125.6577959999999905
20
-85.236668999999992
11
125.657794999999993
21
-85.2366679999999945
0
LINE
8
BLACK
6
CONTINUOUS
10
125.657794999999993
20
-85.2366679999999945
11
125.6577929999999981
21
-85.2366639999999904
0
LINE
8
BLACK
6
CONTINUOUS
10
125.6577929999999981
20
-85.2366639999999904
11
125.5715469999999954
21
-85.1214549999999974
0
LINE
8
BLACK
6
CONTINUOUS
10
125.5715469999999954
20
-85.1214549999999974
11
125.5715439999999887
21
-85.1214519999999908
0
LINE
8
BLACK
6
CONTINUOUS
10
125.5715439999999887
20
-85.1214519999999908
11
125.4563349999999957
21
-85.0352060000000023
0
LINE
8
BLACK
6
CONTINUOUS
10
125.4563349999999957
20
-85.0352060000000023
11
125.4563279999999992
21
-85.0352019999999982
0
LINE
8
BLACK
6
CONTINUOUS
10
125.4563279999999992
20
-85.0352019999999982
11
125.3214819999999889
21
-84.9849079999999901
0
LINE
8
BLACK
6
CONTINUOUS
10
125.3214819999999889
20
-84.9849079999999901
11
125.3214830000000006
21
-84.9849079999999901
0
LINE
8
BLACK
6
CONTINUOUS
10
125.3214830000000006
20
-84.9849079999999901
11
125.2618829999999974
21
-84.9785009999999943
0
LINE
8
BLACK
6
CONTINUOUS
10
125.2618829999999974
20
-84.9785009999999943
11
125.2618809999999883
21
-84.9784999999999968
0
LINE
8
BLACK
6
CONTINUOUS
10
125.2618809999999883
20
-84.9784999999999968
11
125.2618729999999942
21
-84.9784999999999968
0
LINE
8
BLACK
6
CONTINUOUS
10
125.2618729999999942
20
-84.9784999999999968
11
125.2618639999999886
21
-84.9784999999999968
0
LINE
8
BLACK
6
CONTINUOUS
10
125.2618639999999886
20
-84.9784999999999968
11
124.166128999999998
21
-84.9784999999999968
0
LINE
8
BLACK
6
CONTINUOUS
10
124.166128999999998
20
-84.9784999999999968
11
124.1661229999999989
21
-84.9785009999999943
0
LINE
8
BLACK
6
CONTINUOUS
10
124.1661229999999989
20
-84.9785009999999943
11
124.1065159999999992
21
-84.9849079999999901
0
LINE
8
BLACK
6
CONTINUOUS
10
124.1065159999999992
20
-84.9849079999999901
11
123.9716710000000006
21
-85.0352019999999982
0
LINE
8
BLACK
6
CONTINUOUS
10
123.9716710000000006
20
-85.0352019999999982
11
123.9716639999999899
21
-85.0352060000000023
0
LINE
8
BLACK
6
CONTINUOUS
10
123.9716639999999899
20
-85.0352060000000023
11
123.8564549999999969
21
-85.1214519999999908
0
LINE
8
BLACK
6
CONTINUOUS
10
123.8564549999999969
20
-85.1214519999999908
11
123.8564519999999902
21
-85.1214549999999974
0
LINE
8
BLACK
6
CONTINUOUS
10
123.8564519999999902
20
-85.1214549999999974
11
123.7702059999999875
21
-85.2366639999999904
0
LINE
8
BLACK
6
CONTINUOUS
10
123.7702059999999875
20
-85.2366639999999904
11
123.7702019999999976
21
-85.2366710000000012
0
LINE
8
BLACK
6
CONTINUOUS
10
123.7702019999999976
20
-85.2366710000000012
11
123.7199079999999896
21
-85.3715169999999972
0
LINE
8
BLACK
6
CONTINUOUS
10
123.7199079999999896
20
-85.3715169999999972
11
123.7135009999999937
21
-85.4311160000000029
0
LINE
8
BLACK
6
CONTINUOUS
10
123.7135009999999937
20
-85.4311160000000029
11
123.7135009999999937
21
-85.4311229999999995
0
LINE
8
BLACK
6
CONTINUOUS
10
123.7135009999999937
20
-85.4311229999999995
11
123.7134999999999962
21
-85.4311349999999976
0
LINE
8
BLACK
6
CONTINUOUS
10
123.7134999999999962
20
-85.4311349999999976
11
123.7134999999999962
21
-86.5268700000000024
0
LINE
8
BLACK
6
CONTINUOUS
10
123.7134999999999962
20
-86.5268700000000024
11
123.7135009999999937
21
-86.5268760000000015
0
LINE
8
BLACK
6
CONTINUOUS
10
123.7135009999999937
20
-86.5268760000000015
11
123.7199079999999896
21
-86.5864830000000012
0
LINE
8
BLACK
6
CONTINUOUS
10
123.7199079999999896
20
-86.5864830000000012
11
123.7702019999999976
21
-86.7213279999999997
0
LINE
8
BLACK
6
CONTINUOUS
10
123.7702019999999976
20
-86.7213279999999997
11
123.7702039999999926
21
-86.7213309999999922
0
LINE
8
BLACK
6
CONTINUOUS
10
123.7702039999999926
20
-86.7213309999999922
11
123.7762309999999957
21
-86.7293820000000011
0
LINE
8
BLACK
6
CONTINUOUS
10
123.7762309999999957
20
-86.7293820000000011
11
123.8006479999999954
21
-86.7948459999999926
0
LINE
8
BLACK
6
CONTINUOUS
10
123.8006479999999954
20
-86.7948459999999926
11
123.7871049999999968
21
-86.858469999999997
0
LINE
8
BLACK
6
CONTINUOUS
10
123.7871049999999968
20
-86.858469999999997
11
123.7875179999999915
21
-86.8586409999999915
0
LINE
8
BLACK
6
CONTINUOUS
10
123.7875179999999915
20
-86.8586409999999915
11
123.7865949999999913
21
-86.8608689999999939
0
LINE
8
BLACK
6
CONTINUOUS
10
123.7865949999999913
20
-86.8608689999999939
11
123.7863239999999934
21
-86.862142999999989
0
LINE
8
BLACK
6
CONTINUOUS
10
123.7863239999999934
20
-86.862142999999989
11
123.7851879999999909
21
-86.8642669999999981
0
LINE
8
BLACK
6
CONTINUOUS
10
123.7851879999999909
20
-86.8642669999999981
11
123.7279750000000007
21
-87.0528699999999986
0
LINE
8
BLACK
6
CONTINUOUS
10
123.7279750000000007
20
-87.0528699999999986
11
123.7086589999999973
21
-87.2489999999999952
0
LINE
8
BLACK
6
CONTINUOUS
10
123.7086589999999973
20
-87.2489999999999952
11
123.7279750000000007
21
-87.4451289999999943
0
LINE
8
BLACK
6
CONTINUOUS
10
174.5947079999999971
20
-86.7941840000000013
11
174.714429999999993
21
-86.8711249999999922
0
LINE
8
BLACK
6
CONTINUOUS
10
174.714429999999993
20
-86.8711249999999922
11
174.8076269999999965
21
-86.9786799999999971
0
LINE
8
BLACK
6
CONTINUOUS
10
174.8076269999999965
20
-86.9786799999999971
11
174.8667460000000062
21
-87.1081339999999926
0
LINE
8
BLACK
6
CONTINUOUS
10
174.8667460000000062
20
-87.1081339999999926
11
174.8870000000000005
21
-87.2489999999999952
0
LINE
8
BLACK
6
CONTINUOUS
10
174.8870000000000005
20
-87.2489999999999952
11
174.8667460000000062
21
-87.3898659999999978
0
LINE
8
BLACK
6
CONTINUOUS
10
174.8667460000000062
20
-87.3898659999999978
11
174.8076269999999965
21
-87.5193199999999933
0
LINE
8
BLACK
6
CONTINUOUS
10
174.8076269999999965
20
-87.5193199999999933
11
174.714429999999993
21
-87.6268749999999983
0
LINE
8
BLACK
6
CONTINUOUS
10
174.714429999999993
20
-87.6268749999999983
11
174.5947079999999971
21
-87.7038159999999891
0
LINE
8
BLACK
6
CONTINUOUS
10
174.5947079999999971
20
-87.7038159999999891
11
174.4581569999999999
21
-87.7439109999999971
0
LINE
8
BLACK
6
CONTINUOUS
10
174.4581569999999999
20
-87.7439109999999971
11
174.315843000000001
21
-87.7439109999999971
0
LINE
8
BLACK
6
CONTINUOUS
10
174.315843000000001
20
-87.7439109999999971
11
174.1792920000000038
21
-87.7038159999999891
0
LINE
8
BLACK
6
CONTINUOUS
10
174.1792920000000038
20
-87.7038159999999891
11
174.0595699999999795
21
-87.6268749999999983
0
LINE
8
BLACK
6
CONTINUOUS
10
174.0595699999999795
20
-87.6268749999999983
11
173.9663730000000044
21
-87.5193199999999933
0
LINE
8
BLACK
6
CONTINUOUS
10
173.9663730000000044
20
-87.5193199999999933
11
173.9072539999999947
21
-87.3898659999999978
0
LINE
8
BLACK
6
CONTINUOUS
10
173.9072539999999947
20
-87.3898659999999978
11
173.8870000000000005
21
-87.2489999999999952
0
LINE
8
BLACK
6
CONTINUOUS
10
173.8870000000000005
20
-87.2489999999999952
11
173.9072539999999947
21
-87.1081339999999926
0
LINE
8
BLACK
6
CONTINUOUS
10
173.9072539999999947
20
-87.1081339999999926
11
173.9663730000000044
21
-86.9786799999999971
0
LINE
8
BLACK
6
CONTINUOUS
10
173.9663730000000044
20
-86.9786799999999971
11
174.0595699999999795
21
-86.8711249999999922
0
LINE
8
BLACK
6
CONTINUOUS
10
174.0595699999999795
20
-86.8711249999999922
11
174.1792920000000038
21
-86.7941840000000013
0
LINE
8
BLACK
6
CONTINUOUS
10
174.1792920000000038
20
-86.7941840000000013
11
174.315843000000001
21
-86.7540889999999933
0
LINE
8
BLACK
6
CONTINUOUS
10
174.315843000000001
20
-86.7540889999999933
11
174.4581569999999999
21
-86.7540889999999933
0
LINE
8
BLACK
6
CONTINUOUS
10
174.4581569999999999
20
-86.7540889999999933
11
174.5947079999999971
21
-86.7941840000000013
0
LINE
8
BLACK
6
CONTINUOUS
10
174.8870000000000005
20
-86.4789999999999992
11
173.8870000000000005
21
-86.4789999999999992
0
LINE
8
BLACK
6
CONTINUOUS
10
173.8870000000000005
20
-86.4789999999999992
11
173.8870000000000005
21
-85.4789999999999992
0
LINE
8
BLACK
6
CONTINUOUS
10
173.8870000000000005
20
-85.4789999999999992
11
174.8870000000000005
21
-85.4789999999999992
0
LINE
8
BLACK
6
CONTINUOUS
10
174.8870000000000005
20
-85.4789999999999992
11
174.8870000000000005
21
-86.4789999999999992
0
LINE
8
BLACK
6
CONTINUOUS
10
181.6757629999999892
20
-67.0756849999999929
11
181.7215180000000032
21
-67.1284890000000019
0
LINE
8
BLACK
6
CONTINUOUS
10
181.7215180000000032
20
-67.1284890000000019
11
181.731743999999992
21
-67.1644369999999924
0
LINE
8
BLACK
6
CONTINUOUS
10
181.731743999999992
20
-67.1644369999999924
11
181.7812490000000025
21
-67.5557659999999913
0
LINE
8
BLACK
6
CONTINUOUS
10
181.7812490000000025
20
-67.5557659999999913
11
181.7817159999999888
21
-67.5600579999999979
0
LINE
8
BLACK
6
CONTINUOUS
10
181.7817159999999888
20
-67.5600579999999979
11
181.8841559999999902
21
-68.6823859999999939
0
LINE
8
BLACK
6
CONTINUOUS
10
181.8841559999999902
20
-68.6823859999999939
11
181.8844729999999856
21
-68.6866909999999962
0
LINE
8
BLACK
6
CONTINUOUS
10
181.8844729999999856
20
-68.6866909999999962
11
181.9477779999999996
21
-69.8118679999999898
0
LINE
8
BLACK
6
CONTINUOUS
10
181.9477779999999996
20
-69.8118679999999898
11
181.9479460000000017
21
-69.8161819999999977
0
LINE
8
BLACK
6
CONTINUOUS
10
181.9479460000000017
20
-69.8161819999999977
11
181.9720449999999801
21
-70.9429310000000015
0
LINE
8
BLACK
6
CONTINUOUS
10
181.9720449999999801
20
-70.9429310000000015
11
181.972061999999994
21
-70.9472489999999993
0
LINE
8
BLACK
6
CONTINUOUS
10
181.972061999999994
20
-70.9472489999999993
11
181.956924999999984
21
-72.0741239999999976
0
LINE
8
BLACK
6
CONTINUOUS
10
181.956924999999984
20
-72.0741239999999976
11
181.9567919999999788
21
-72.078439000000003
0
LINE
8
BLACK
6
CONTINUOUS
10
181.9567919999999788
20
-72.078439000000003
11
181.902433000000002
21
-73.2041380000000004
0
LINE
8
BLACK
6
CONTINUOUS
10
181.902433000000002
20
-73.2041380000000004
11
181.9021489999999801
21
-73.208445999999995
0
LINE
8
BLACK
6
CONTINUOUS
10
181.9021489999999801
20
-73.208445999999995
11
181.8086399999999969
21
-74.3315240000000017
0
LINE
8
BLACK
6
CONTINUOUS
10
181.8086399999999969
20
-74.3315240000000017
11
181.8082069999999817
21
-74.3358190000000008
0
LINE
8
BLACK
6
CONTINUOUS
10
181.8082069999999817
20
-74.3358190000000008
11
181.6756579999999985
21
-75.4549729999999954
0
LINE
8
BLACK
6
CONTINUOUS
10
181.6756579999999985
20
-75.4549729999999954
11
181.67507599999999
21
-75.4592509999999947
0
LINE
8
BLACK
6
CONTINUOUS
10
181.67507599999999
20
-75.4592509999999947
11
181.50364399999998
21
-76.5731349999999935
0
LINE
8
BLACK
6
CONTINUOUS
10
181.50364399999998
20
-76.5731349999999935
11
181.5029129999999782
21
-76.5773899999999941
0
LINE
8
BLACK
6
CONTINUOUS
10
181.5029129999999782
20
-76.5773899999999941
11
181.2928159999999878
21
-77.6846000000000032
0
LINE
8
BLACK
6
CONTINUOUS
10
181.2928159999999878
20
-77.6846000000000032
11
181.2919379999999876
21
-77.6888270000000034
0
LINE
8
BLACK
6
CONTINUOUS
10
181.2919379999999876
20
-77.6888270000000034
11
181.0434129999999868
21
-78.7881069999999966
0
LINE
8
BLACK
6
CONTINUOUS
10
181.0434129999999868
20
-78.7881069999999966
11
181.0423869999999908
21
-78.7923009999999948
0
LINE
8
BLACK
6
CONTINUOUS
10
181.0423869999999908
20
-78.7923009999999948
11
180.7557620000000043
21
-79.8821959999999933
0
LINE
8
BLACK
6
CONTINUOUS
10
180.7557620000000043
20
-79.8821959999999933
11
180.7545920000000024
21
-79.8863509999999906
0
LINE
8
BLACK
6
CONTINUOUS
10
180.7545920000000024
20
-79.8863509999999906
11
180.4301829999999995
21
-80.9656639999999896
0
LINE
8
BLACK
6
CONTINUOUS
10
180.4301829999999995
20
-80.9656639999999896
11
180.4288679999999943
21
-80.969775999999996
0
LINE
8
BLACK
6
CONTINUOUS
10
180.4288679999999943
20
-80.969775999999996
11
180.0670969999999897
21
-82.0371059999999943
0
LINE
8
BLACK
6
CONTINUOUS
10
180.0670969999999897
20
-82.0371059999999943
11
180.0656400000000019
21
-82.0411699999999939
0
LINE
8
BLACK
6
CONTINUOUS
10
180.0656400000000019
20
-82.0411699999999939
11
179.6669349999999952
21
-83.0952520000000021
0
LINE
8
BLACK
6
CONTINUOUS
10
179.6669349999999952
20
-83.0952520000000021
11
179.6653379999999913
21
-83.0992629999999934
0
LINE
8
BLACK
6
CONTINUOUS
10
179.6653379999999913
20
-83.0992629999999934
11
179.2301699999999869
21
-84.1388529999999975
0
LINE
8
BLACK
6
CONTINUOUS
10
179.2301699999999869
20
-84.1388529999999975
11
179.2284339999999929
21
-84.1428059999999931
0
LINE
8
BLACK
6
CONTINUOUS
10
179.2284339999999929
20
-84.1428059999999931
11
178.7573390000000018
21
-85.1666209999999921
0
LINE
8
BLACK
6
CONTINUOUS
10
178.7573390000000018
20
-85.1666209999999921
11
178.7554659999999842
21
-85.1705109999999905
0
LINE
8
BLACK
6
CONTINUOUS
10
178.7554659999999842
20
-85.1705109999999905
11
178.249022999999994
21
-86.1772929999999917
0
LINE
8
BLACK
6
CONTINUOUS
10
178.249022999999994
20
-86.1772929999999917
11
178.2470160000000021
21
-86.1811149999999913
0
LINE
8
BLACK
6
CONTINUOUS
10
178.2470160000000021
20
-86.1811149999999913
11
177.7058499999999981
21
-87.1696239999999989
0
LINE
8
BLACK
6
CONTINUOUS
10
177.7058499999999981
20
-87.1696239999999989
11
177.7037119999999959
21
-87.173374999999993
0
LINE
8
BLACK
6
CONTINUOUS
10
177.7037119999999959
20
-87.173374999999993
11
177.1284249999999929
21
-88.1425119999999964
0
LINE
8
BLACK
6
CONTINUOUS
10
177.1284249999999929
20
-88.1425119999999964
11
177.1261569999999779
21
-88.1461850000000027
0
LINE
8
BLACK
6
CONTINUOUS
10
177.1261569999999779
20
-88.1461850000000027
11
176.5174959999999942
21
-89.0946840000000009
0
LINE
8
BLACK
6
CONTINUOUS
10
176.5174959999999942
20
-89.0946840000000009
11
176.5151009999999872
21
-89.0982759999999985
0
LINE
8
BLACK
6
CONTINUOUS
10
176.5151009999999872
20
-89.0982759999999985
11
175.8738099999999918
21
-90.0249859999999984
0
LINE
8
BLACK
6
CONTINUOUS
10
175.8738099999999918
20
-90.0249859999999984
11
175.8712919999999826
21
-90.0284929999999974
0
LINE
8
BLACK
6
CONTINUOUS
10
175.8712919999999826
20
-90.0284929999999974
11
175.1981069999999931
21
-90.9323459999999955
0
LINE
8
BLACK
6
CONTINUOUS
10
175.1981069999999931
20
-90.9323459999999955
11
175.1954680000000053
21
-90.9357629999999943
0
LINE
8
BLACK
6
CONTINUOUS
10
175.1954680000000053
20
-90.9357629999999943
11
174.5192439999999863
21
-91.7806269999999955
0
LINE
8
BLACK
6
CONTINUOUS
10
174.5192439999999863
20
-91.7806269999999955
11
174.5073099999999897
21
-91.7935420000000022
0
LINE
8
BLACK
6
CONTINUOUS
10
174.5073099999999897
20
-91.7935420000000022
11
174.3906749999999874
21
-91.9030489999999958
0
LINE
8
BLACK
6
CONTINUOUS
10
174.3906749999999874
20
-91.9030489999999958
11
174.3775259999999889
21
-91.9137989999999974
0
LINE
8
BLACK
6
CONTINUOUS
10
174.3775259999999889
20
-91.9137989999999974
11
174.2321120000000008
21
-92.0169130000000024
0
LINE
8
BLACK
6
CONTINUOUS
10
174.2321120000000008
20
-92.0169130000000024
11
174.2176189999999849
21
-92.0257649999999927
0
LINE
8
BLACK
6
CONTINUOUS
10
174.2176189999999849
20
-92.0257649999999927
11
174.0594849999999951
21
-92.1080400000000026
0
LINE
8
BLACK
6
CONTINUOUS
10
174.0594849999999951
20
-92.1080400000000026
11
174.0439169999999933
21
-92.1148290000000003
0
LINE
8
BLACK
6
CONTINUOUS
10
174.0439169999999933
20
-92.1148290000000003
11
173.8760110000000054
21
-92.1747289999999992
0
LINE
8
BLACK
6
CONTINUOUS
10
173.8760110000000054
20
-92.1747289999999992
11
173.8596619999999859
21
-92.179325999999989
0
LINE
8
BLACK
6
CONTINUOUS
10
173.8596619999999859
20
-92.179325999999989
11
173.6851609999999937
21
-92.2157189999999929
0
LINE
8
BLACK
6
CONTINUOUS
10
173.6851609999999937
20
-92.2157189999999929
11
173.6683369999999798
21
-92.218040000000002
0
LINE
8
BLACK
6
CONTINUOUS
10
173.6683369999999798
20
-92.218040000000002
11
173.4943379999999991
21
-92.2299840000000017
0
LINE
8
BLACK
6
CONTINUOUS
10
173.4943379999999991
20
-92.2299840000000017
11
173.486237999999986
21
-92.2305399999999906
0
LINE
8
BLACK
6
CONTINUOUS
10
173.486237999999986
20
-92.2305399999999906
11
173.4777479999999912
21
-92.2308309999999949
0
LINE
8
BLACK
6
CONTINUOUS
10
173.4777479999999912
20
-92.2308309999999949
11
167.7639999999999816
21
-92.2308309999999949
0
LINE
8
BLACK
6
CONTINUOUS
10
167.7639999999999816
20
-92.2308309999999949
11
167.6969609999999875
21
-92.2111459999999994
0
LINE
8
BLACK
6
CONTINUOUS
10
167.6969609999999875
20
-92.2111459999999994
11
167.6512060000000019
21
-92.1583419999999904
0
LINE
8
BLACK
6
CONTINUOUS
10
167.6512060000000019
20
-92.1583419999999904
11
167.6399999999999864
21
-92.1068309999999997
0
LINE
8
BLACK
6
CONTINUOUS
10
167.6399999999999864
20
-92.1068309999999997
11
167.6399999999999864
21
-87.2489999999999952
0
LINE
8
BLACK
6
CONTINUOUS
10
167.6399999999999864
20
-87.2489999999999952
11
167.6399999999999864
21
-70.2210919999999987
0
LINE
8
BLACK
6
CONTINUOUS
10
167.6399999999999864
20
-70.2210919999999987
11
167.6405969999999854
21
-70.2089380000000034
0
LINE
8
BLACK
6
CONTINUOUS
10
167.6405969999999854
20
-70.2089380000000034
11
167.6580179999999984
21
-70.0320559999999972
0
LINE
8
BLACK
6
CONTINUOUS
10
167.6580179999999984
20
-70.0320559999999972
11
167.6627569999999992
21
-70.0082319999999925
0
LINE
8
BLACK
6
CONTINUOUS
10
167.6627569999999992
20
-70.0082319999999925
11
167.7125769999999818
21
-69.843993999999995
0
LINE
8
BLACK
6
CONTINUOUS
10
167.7125769999999818
20
-69.843993999999995
11
167.7218749999999829
21
-69.8215489999999903
0
LINE
8
BLACK
6
CONTINUOUS
10
167.7218749999999829
20
-69.8215489999999903
11
167.8027749999999969
21
-69.6701949999999925
0
LINE
8
BLACK
6
CONTINUOUS
10
167.8027749999999969
20
-69.6701949999999925
11
167.8162719999999979
21
-69.6499949999999899
0
LINE
8
BLACK
6
CONTINUOUS
10
167.8162719999999979
20
-69.6499949999999899
11
167.9251490000000047
21
-69.517327999999992
0
LINE
8
BLACK
6
CONTINUOUS
10
167.9251490000000047
20
-69.517327999999992
11
167.9423280000000034
21
-69.5001489999999933
0
LINE
8
BLACK
6
CONTINUOUS
10
167.9423280000000034
20
-69.5001489999999933
11
168.0749950000000013
21
-69.3912720000000007
0
LINE
8
BLACK
6
CONTINUOUS
10
168.0749950000000013
20
-69.3912720000000007
11
168.0951949999999897
21
-69.3777749999999997
0
LINE
8
BLACK
6
CONTINUOUS
10
168.0951949999999897
20
-69.3777749999999997
11
168.2465489999999875
21
-69.296875
0
LINE
8
BLACK
6
CONTINUOUS
10
168.2465489999999875
20
-69.296875
11
168.2689939999999922
21
-69.2875769999999989
0
LINE
8
BLACK
6
CONTINUOUS
10
168.2689939999999922
20
-69.2875769999999989
11
168.4332320000000038
21
-69.237757000000002
0
LINE
8
BLACK
6
CONTINUOUS
10
168.4332320000000038
20
-69.237757000000002
11
168.4570559999999944
21
-69.2330180000000013
0
LINE
8
BLACK
6
CONTINUOUS
10
168.4570559999999944
20
-69.2330180000000013
11
168.633938999999998
21
-69.2155970000000025
0
LINE
8
BLACK
6
CONTINUOUS
10
168.633938999999998
20
-69.2155970000000025
11
168.6460929999999792
21
-69.2150000000000034
0
LINE
8
BLACK
6
CONTINUOUS
10
168.6460929999999792
20
-69.2150000000000034
11
170.8309969999999964
21
-69.2150000000000034
0
LINE
8
BLACK
6
CONTINUOUS
10
170.8309969999999964
20
-69.2150000000000034
11
170.8309999999999889
21
-69.2150000000000034
0
LINE
8
BLACK
6
CONTINUOUS
10
170.8309999999999889
20
-69.2150000000000034
11
171.8309999999999889
21
-69.2150000000000034
0
LINE
8
BLACK
6
CONTINUOUS
10
171.8309999999999889
20
-69.2150000000000034
11
171.8309999999999889
21
-68.0620919999999927
0
LINE
8
BLACK
6
CONTINUOUS
10
171.8309999999999889
20
-68.0620919999999927
11
171.8315969999999879
21
-68.0499379999999974
0
LINE
8
BLACK
6
CONTINUOUS
10
171.8315969999999879
20
-68.0499379999999974
11
171.8490180000000009
21
-67.8730559999999912
0
LINE
8
BLACK
6
CONTINUOUS
10
171.8490180000000009
20
-67.8730559999999912
11
171.8537570000000017
21
-67.8492320000000007
0
LINE
8
BLACK
6
CONTINUOUS
10
171.8537570000000017
20
-67.8492320000000007
11
171.9035769999999843
21
-67.6849940000000032
0
LINE
8
BLACK
6
CONTINUOUS
10
171.9035769999999843
20
-67.6849940000000032
11
171.9128749999999854
21
-67.6625489999999985
0
LINE
8
BLACK
6
CONTINUOUS
10
171.9128749999999854
20
-67.6625489999999985
11
171.9937749999999994
21
-67.5111950000000007
0
LINE
8
BLACK
6
CONTINUOUS
10
171.9937749999999994
20
-67.5111950000000007
11
172.0072720000000004
21
-67.4909949999999981
0
LINE
8
BLACK
6
CONTINUOUS
10
172.0072720000000004
20
-67.4909949999999981
11
172.1161489999999787
21
-67.3583280000000002
0
LINE
8
BLACK
6
CONTINUOUS
10
172.1161489999999787
20
-67.3583280000000002
11
172.1333280000000059
21
-67.3411490000000015
0
LINE
8
BLACK
6
CONTINUOUS
10
172.1333280000000059
20
-67.3411490000000015
11
172.2659950000000038
21
-67.2322719999999947
0
LINE
8
BLACK
6
CONTINUOUS
10
172.2659950000000038
20
-67.2322719999999947
11
172.2861949999999922
21
-67.2187749999999937
0
LINE
8
BLACK
6
CONTINUOUS
10
172.2861949999999922
20
-67.2187749999999937
11
172.43754899999999
21
-67.137874999999994
0
LINE
8
BLACK
6
CONTINUOUS
10
172.43754899999999
20
-67.137874999999994
11
172.4599939999999947
21
-67.1285769999999928
0
LINE
8
BLACK
6
CONTINUOUS
10
172.4599939999999947
20
-67.1285769999999928
11
172.6242320000000063
21
-67.078756999999996
0
LINE
8
BLACK
6
CONTINUOUS
10
172.6242320000000063
20
-67.078756999999996
11
172.6480559999999969
21
-67.0740179999999953
0
LINE
8
BLACK
6
CONTINUOUS
10
172.6480559999999969
20
-67.0740179999999953
11
172.8249390000000005
21
-67.0565969999999965
0
LINE
8
BLACK
6
CONTINUOUS
10
172.8249390000000005
20
-67.0565969999999965
11
172.8370929999999817
21
-67.0559999999999974
0
LINE
8
BLACK
6
CONTINUOUS
10
172.8370929999999817
20
-67.0559999999999974
11
181.6087239999999952
21
-67.0559999999999974
0
LINE
8
BLACK
6
CONTINUOUS
10
181.6087239999999952
20
-67.0559999999999974
11
181.6757629999999892
21
-67.0756849999999929
0
LINE
8
BLACK
6
CONTINUOUS
10
173.4009749999999883
20
-87.4451289999999943
11
173.4581879999999785
21
-87.6337329999999923
0
LINE
8
BLACK
6
CONTINUOUS
10
173.4581879999999785
20
-87.6337329999999923
11
173.551085999999998
21
-87.8075319999999948
0
LINE
8
BLACK
6
CONTINUOUS
10
173.551085999999998
20
-87.8075319999999948
11
173.5510899999999879
21
-87.8075389999999913
0
LINE
8
BLACK
6
CONTINUOUS
10
173.5510899999999879
20
-87.8075389999999913
11
173.6761159999999791
21
-87.9598829999999907
0
LINE
8
BLACK
6
CONTINUOUS
10
173.6761159999999791
20
-87.9598829999999907
11
173.8284599999999784
21
-88.0849089999999961
0
LINE
8
BLACK
6
CONTINUOUS
10
173.8284599999999784
20
-88.0849089999999961
11
173.8284669999999892
21
-88.0849130000000002
0
LINE
8
BLACK
6
CONTINUOUS
10
173.8284669999999892
20
-88.0849130000000002
11
174.0022659999999917
21
-88.1778109999999913
0
LINE
8
BLACK
6
CONTINUOUS
10
174.0022659999999917
20
-88.1778109999999913
11
174.0022689999999841
21
-88.1778109999999913
0
LINE
8
BLACK
6
CONTINUOUS
10
174.0022689999999841
20
-88.1778109999999913
11
174.0022730000000024
21
-88.1778139999999979
0
LINE
8
BLACK
6
CONTINUOUS
10
174.0022730000000024
20
-88.1778139999999979
11
174.1908679999999947
21
-88.2350239999999957
0
LINE
8
BLACK
6
CONTINUOUS
10
174.1908679999999947
20
-88.2350239999999957
11
174.3870000000000005
21
-88.2543409999999966
0
LINE
8
BLACK
6
CONTINUOUS
10
174.3870000000000005
20
-88.2543409999999966
11
174.5831320000000062
21
-88.2350239999999957
0
LINE
8
BLACK
6
CONTINUOUS
10
174.5831320000000062
20
-88.2350239999999957
11
174.7717269999999985
21
-88.1778139999999979
0
LINE
8
BLACK
6
CONTINUOUS
10
174.7717269999999985
20
-88.1778139999999979
11
174.9455379999999991
21
-88.0849099999999936
0
LINE
8
BLACK
6
CONTINUOUS
10
174.9455379999999991
20
-88.0849099999999936
11
175.0978829999999959
21
-87.9598829999999907
0
LINE
8
BLACK
6
CONTINUOUS
10
175.0978829999999959
20
-87.9598829999999907
11
175.2229099999999846
21
-87.8075379999999939
0
LINE
8
BLACK
6
CONTINUOUS
10
175.2229099999999846
20
-87.8075379999999939
11
175.3158139999999889
21
-87.6337269999999933
0
LINE
8
BLACK
6
CONTINUOUS
10
175.3158139999999889
20
-87.6337269999999933
11
175.3730239999999867
21
-87.445132000000001
0
LINE
8
BLACK
6
CONTINUOUS
10
175.3730239999999867
20
-87.445132000000001
11
175.3923409999999876
21
-87.2489999999999952
0
LINE
8
BLACK
6
CONTINUOUS
10
175.3923409999999876
20
-87.2489999999999952
11
175.3730239999999867
21
-87.0528679999999895
0
LINE
8
BLACK
6
CONTINUOUS
10
175.3730239999999867
20
-87.0528679999999895
11
175.3158139999999889
21
-86.8642729999999972
0
LINE
8
BLACK
6
CONTINUOUS
10
175.3158139999999889
20
-86.8642729999999972
11
175.314676999999989
21
-86.8621459999999956
0
LINE
8
BLACK
6
CONTINUOUS
10
175.314676999999989
20
-86.8621459999999956
11
175.3144179999999892
21
-86.8609039999999908
0
LINE
8
BLACK
6
CONTINUOUS
10
175.3144179999999892
20
-86.8609039999999908
11
175.3134829999999909
21
-86.8586449999999957
0
LINE
8
BLACK
6
CONTINUOUS
10
175.3134829999999909
20
-86.8586449999999957
11
175.3139109999999903
21
-86.8584669999999903
0
LINE
8
BLACK
6
CONTINUOUS
10
175.3139109999999903
20
-86.8584669999999903
11
175.3004349999999931
21
-86.7937459999999987
0
LINE
8
BLACK
6
CONTINUOUS
10
175.3004349999999931
20
-86.7937459999999987
11
175.3247709999999984
21
-86.7293789999999944
0
LINE
8
BLACK
6
CONTINUOUS
10
175.3247709999999984
20
-86.7293789999999944
11
175.3307959999999923
21
-86.7213309999999922
0
LINE
8
BLACK
6
CONTINUOUS
10
175.3307959999999923
20
-86.7213309999999922
11
175.3810909999999978
21
-86.5864830000000012
0
LINE
8
BLACK
6
CONTINUOUS
10
175.3810909999999978
20
-86.5864830000000012
11
175.3874999999999886
21
-86.5268729999999948
0
LINE
8
BLACK
6
CONTINUOUS
10
175.3874999999999886
20
-86.5268729999999948
11
175.3874989999999912
21
-85.4311280000000011
0
LINE
8
BLACK
6
CONTINUOUS
10
175.3874989999999912
20
-85.4311280000000011
11
175.3810909999999978
21
-85.3715169999999972
0
LINE
8
BLACK
6
CONTINUOUS
10
175.3810909999999978
20
-85.3715169999999972
11
175.3307959999999923
21
-85.236668999999992
0
LINE
8
BLACK
6
CONTINUOUS
10
175.3307959999999923
20
-85.236668999999992
11
175.3307949999999948
21
-85.2366679999999945
0
LINE
8
BLACK
6
CONTINUOUS
10
175.3307949999999948
20
-85.2366679999999945
11
175.3307929999999999
21
-85.2366639999999904
0
LINE
8
BLACK
6
CONTINUOUS
10
175.3307929999999999
20
-85.2366639999999904
11
175.244546999999983
21
-85.1214549999999974
0
LINE
8
BLACK
6
CONTINUOUS
10
175.244546999999983
20
-85.1214549999999974
11
175.2445439999999905
21
-85.1214519999999908
0
LINE
8
BLACK
6
CONTINUOUS
10
175.2445439999999905
20
-85.1214519999999908
11
175.1293349999999975
21
-85.0352060000000023
0
LINE
8
BLACK
6
CONTINUOUS
10
175.1293349999999975
20
-85.0352060000000023
11
175.1293279999999868
21
-85.0352019999999982
0
LINE
8
BLACK
6
CONTINUOUS
10
175.1293279999999868
20
-85.0352019999999982
11
174.994482000000005
21
-84.9849079999999901
0
LINE
8
BLACK
6
CONTINUOUS
10
174.994482000000005
20
-84.9849079999999901
11
174.9944830000000024
21
-84.9849079999999901
0
LINE
8
BLACK
6
CONTINUOUS
10
174.9944830000000024
20
-84.9849079999999901
11
174.934882999999985
21
-84.9785009999999943
0
LINE
8
BLACK
6
CONTINUOUS
10
174.934882999999985
20
-84.9785009999999943
11
174.9348809999999901
21
-84.9784999999999968
0
LINE
8
BLACK
6
CONTINUOUS
10
174.9348809999999901
20
-84.9784999999999968
11
174.9348729999999819
21
-84.9784999999999968
0
LINE
8
BLACK
6
CONTINUOUS
10
174.9348729999999819
20
-84.9784999999999968
11
174.9348640000000046
21
-84.9784999999999968
0
LINE
8
BLACK
6
CONTINUOUS
10
174.9348640000000046
20
-84.9784999999999968
11
173.8391289999999856
21
-84.9784999999999968
0
LINE
8
BLACK
6
CONTINUOUS
10
173.8391289999999856
20
-84.9784999999999968
11
173.8391230000000007
21
-84.9785009999999943
0
LINE
8
BLACK
6
CONTINUOUS
10
173.8391230000000007
20
-84.9785009999999943
11
173.779516000000001
21
-84.9849079999999901
0
LINE
8
BLACK
6
CONTINUOUS
10
173.779516000000001
20
-84.9849079999999901
11
173.6446709999999882
21
-85.0352019999999982
0
LINE
8
BLACK
6
CONTINUOUS
10
173.6446709999999882
20
-85.0352019999999982
11
173.6446640000000059
21
-85.0352060000000023
0
LINE
8
BLACK
6
CONTINUOUS
10
173.6446640000000059
20
-85.0352060000000023
11
173.5294549999999845
21
-85.1214519999999908
0
LINE
8
BLACK
6
CONTINUOUS
10
173.5294549999999845
20
-85.1214519999999908
11
173.529451999999992
21
-85.1214549999999974
0
LINE
8
BLACK
6
CONTINUOUS
10
173.529451999999992
20
-85.1214549999999974
11
173.4432060000000035
21
-85.2366639999999904
0
LINE
8
BLACK
6
CONTINUOUS
10
173.4432060000000035
20
-85.2366639999999904
11
173.4432019999999852
21
-85.2366710000000012
0
LINE
8
BLACK
6
CONTINUOUS
10
173.4432019999999852
20
-85.2366710000000012
11
173.3929080000000056
21
-85.3715169999999972
0
LINE
8
BLACK
6
CONTINUOUS
10
173.3929080000000056
20
-85.3715169999999972
11
173.3865009999999813
21
-85.4311160000000029
0
LINE
8
BLACK
6
CONTINUOUS
10
173.3865009999999813
20
-85.4311160000000029
11
173.3865009999999813
21
-85.4311229999999995
0
LINE
8
BLACK
6
CONTINUOUS
10
173.3865009999999813
20
-85.4311229999999995
11
173.3864999999999839
21
-85.4311349999999976
0
LINE
8
BLACK
6
CONTINUOUS
10
173.3864999999999839
20
-85.4311349999999976
11
173.3864999999999839
21
-86.5268700000000024
0
LINE
8
BLACK
6
CONTINUOUS
10
173.3864999999999839
20
-86.5268700000000024
11
173.3865009999999813
21
-86.5268760000000015
0
LINE
8
BLACK
6
CONTINUOUS
10
173.3865009999999813
20
-86.5268760000000015
11
173.3929080000000056
21
-86.5864830000000012
0
LINE
8
BLACK
6
CONTINUOUS
10
173.3929080000000056
20
-86.5864830000000012
11
173.4432019999999852
21
-86.7213279999999997
0
LINE
8
BLACK
6
CONTINUOUS
10
173.4432019999999852
20
-86.7213279999999997
11
173.4432039999999802
21
-86.7213309999999922
0
LINE
8
BLACK
6
CONTINUOUS
10
173.4432039999999802
20
-86.7213309999999922
11
173.4492309999999975
21
-86.7293820000000011
0
LINE
8
BLACK
6
CONTINUOUS
10
173.4492309999999975
20
-86.7293820000000011
11
173.4736479999999972
21
-86.7948459999999926
0
LINE
8
BLACK
6
CONTINUOUS
10
173.4736479999999972
20
-86.7948459999999926
11
173.4601049999999987
21
-86.858469999999997
0
LINE
8
BLACK
6
CONTINUOUS
10
173.4601049999999987
20
-86.858469999999997
11
173.4605179999999791
21
-86.8586409999999915
0
LINE
8
BLACK
6
CONTINUOUS
10
173.4605179999999791
20
-86.8586409999999915
11
173.4595949999999789
21
-86.8608689999999939
0
LINE
8
BLACK
6
CONTINUOUS
10
173.4595949999999789
20
-86.8608689999999939
11
173.459323999999981
21
-86.862142999999989
0
LINE
8
BLACK
6
CONTINUOUS
10
173.459323999999981
20
-86.862142999999989
11
173.4581879999999785
21
-86.8642669999999981
0
LINE
8
BLACK
6
CONTINUOUS
10
173.4581879999999785
20
-86.8642669999999981
11
173.4009749999999883
21
-87.0528699999999986
0
LINE
8
BLACK
6
CONTINUOUS
10
173.4009749999999883
20
-87.0528699999999986
11
173.3816589999999849
21
-87.2489999999999952
0
LINE
8
BLACK
6
CONTINUOUS
10
173.3816589999999849
20
-87.2489999999999952
11
173.4009749999999883
21
-87.4451289999999943
0
LINE
8
BLACK
6
CONTINUOUS
10
149.4908470000000023
20
-85.4018269999999973
11
149.6023539999999912
21
-85.458642999999995
0
LINE
8
BLACK
6
CONTINUOUS
10
149.6023539999999912
20
-85.458642999999995
11
149.6908469999999909
21
-85.5471359999999947
0
LINE
8
BLACK
6
CONTINUOUS
10
149.6908469999999909
20
-85.5471359999999947
11
149.7476629999999886
21
-85.6586429999999979
0
LINE
8
BLACK
6
CONTINUOUS
10
149.7476629999999886
20
-85.6586429999999979
11
149.7672399999999868
21
-85.7822499999999906
0
LINE
8
BLACK
6
CONTINUOUS
10
149.7672399999999868
20
-85.7822499999999906
11
149.7556390000000022
21
-85.8554999999999922
0
LINE
8
BLACK
6
CONTINUOUS
10
149.7556390000000022
20
-85.8554999999999922
11
150.1469999999999914
21
-85.8554999999999922
0
LINE
8
BLACK
6
CONTINUOUS
10
150.1469999999999914
20
-85.8554999999999922
11
150.1469999999999914
21
-85.7055000000000007
0
LINE
8
BLACK
6
CONTINUOUS
10
150.1469999999999914
20
-85.7055000000000007
11
150.1650789999999915
21
-85.6146129999999914
0
LINE
8
BLACK
6
CONTINUOUS
10
150.1650789999999915
20
-85.6146129999999914
11
150.2165619999999819
21
-85.5375619999999941
0
LINE
8
BLACK
6
CONTINUOUS
10
150.2165619999999819
20
-85.5375619999999941
11
150.2936129999999935
21
-85.4860789999999895
0
LINE
8
BLACK
6
CONTINUOUS
10
150.2936129999999935
20
-85.4860789999999895
11
150.3845000000000027
21
-85.4679999999999893
0
LINE
8
BLACK
6
CONTINUOUS
10
150.3845000000000027
20
-85.4679999999999893
11
150.859499999999997
21
-85.4679999999999893
0
LINE
8
BLACK
6
CONTINUOUS
10
150.859499999999997
20
-85.4679999999999893
11
150.9503870000000063
21
-85.4860789999999895
0
LINE
8
BLACK
6
CONTINUOUS
10
150.9503870000000063
20
-85.4860789999999895
11
151.0274379999999894
21
-85.5375619999999941
0
LINE
8
BLACK
6
CONTINUOUS
10
151.0274379999999894
20
-85.5375619999999941
11
151.0789209999999798
21
-85.6146129999999914
0
LINE
8
BLACK
6
CONTINUOUS
10
151.0789209999999798
20
-85.6146129999999914
11
151.09699999999998
21
-85.7055000000000007
0
LINE
8
BLACK
6
CONTINUOUS
10
151.09699999999998
20
-85.7055000000000007
11
151.09699999999998
21
-86.305499999999995
0
LINE
8
BLACK
6
CONTINUOUS
10
151.09699999999998
20
-86.305499999999995
11
151.0789209999999798
21
-86.3963869999999901
0
LINE
8
BLACK
6
CONTINUOUS
10
151.0789209999999798
20
-86.3963869999999901
11
151.0274379999999894
21
-86.4734380000000016
0
LINE
8
BLACK
6
CONTINUOUS
10
151.0274379999999894
20
-86.4734380000000016
11
150.9503870000000063
21
-86.524920999999992
0
LINE
8
BLACK
6
CONTINUOUS
10
150.9503870000000063
20
-86.524920999999992
11
150.859499999999997
21
-86.5429999999999922
0
LINE
8
BLACK
6
CONTINUOUS
10
150.859499999999997
20
-86.5429999999999922
11
150.3845000000000027
21
-86.5429999999999922
0
LINE
8
BLACK
6
CONTINUOUS
10
150.3845000000000027
20
-86.5429999999999922
11
150.2936129999999935
21
-86.524920999999992
0
LINE
8
BLACK
6
CONTINUOUS
10
150.2936129999999935
20
-86.524920999999992
11
150.2165619999999819
21
-86.4734380000000016
0
LINE
8
BLACK
6
CONTINUOUS
10
150.2165619999999819
20
-86.4734380000000016
11
150.1650789999999915
21
-86.3963869999999901
0
LINE
8
BLACK
6
CONTINUOUS
10
150.1650789999999915
20
-86.3963869999999901
11
150.1469999999999914
21
-86.305499999999995
0
LINE
8
BLACK
6
CONTINUOUS
10
150.1469999999999914
20
-86.305499999999995
11
150.1469999999999914
21
-86.1554999999999893
0
LINE
8
BLACK
6
CONTINUOUS
10
150.1469999999999914
20
-86.1554999999999893
11
149.5904899999999884
21
-86.1554999999999893
0
LINE
8
BLACK
6
CONTINUOUS
10
149.5904899999999884
20
-86.1554999999999893
11
149.5612260000000049
21
-86.1526179999999897
0
LINE
8
BLACK
6
CONTINUOUS
10
149.5612260000000049
20
-86.1526179999999897
11
149.5388289999999927
21
-86.1433399999999949
0
LINE
8
BLACK
6
CONTINUOUS
10
149.5388289999999927
20
-86.1433399999999949
11
149.5332899999999938
21
-86.1410460000000029
0
LINE
8
BLACK
6
CONTINUOUS
10
149.5332899999999938
20
-86.1410460000000029
11
149.4908470000000023
21
-86.1626729999999981
0
LINE
8
BLACK
6
CONTINUOUS
10
149.4908470000000023
20
-86.1626729999999981
11
149.3672399999999811
21
-86.1822499999999962
0
LINE
8
BLACK
6
CONTINUOUS
10
149.3672399999999811
20
-86.1822499999999962
11
149.2436329999999884
21
-86.1626729999999981
0
LINE
8
BLACK
6
CONTINUOUS
10
149.2436329999999884
20
-86.1626729999999981
11
149.1321259999999995
21
-86.1058570000000003
0
LINE
8
BLACK
6
CONTINUOUS
10
149.1321259999999995
20
-86.1058570000000003
11
149.0436329999999998
21
-86.0173640000000006
0
LINE
8
BLACK
6
CONTINUOUS
10
149.0436329999999998
20
-86.0173640000000006
11
148.9868170000000021
21
-85.9058569999999975
0
LINE
8
BLACK
6
CONTINUOUS
10
148.9868170000000021
20
-85.9058569999999975
11
148.9672400000000039
21
-85.7822499999999906
0
LINE
8
BLACK
6
CONTINUOUS
10
148.9672400000000039
20
-85.7822499999999906
11
148.9868170000000021
21
-85.6586429999999979
0
LINE
8
BLACK
6
CONTINUOUS
10
148.9868170000000021
20
-85.6586429999999979
11
149.0436329999999998
21
-85.5471359999999947
0
LINE
8
BLACK
6
CONTINUOUS
10
149.0436329999999998
20
-85.5471359999999947
11
149.1321259999999995
21
-85.458642999999995
0
LINE
8
BLACK
6
CONTINUOUS
10
149.1321259999999995
20
-85.458642999999995
11
149.2436329999999884
21
-85.4018269999999973
0
LINE
8
BLACK
6
CONTINUOUS
10
149.2436329999999884
20
-85.4018269999999973
11
149.3672399999999811
21
-85.3822499999999991
0
LINE
8
BLACK
6
CONTINUOUS
10
149.3672399999999811
20
-85.3822499999999991
11
149.4908470000000023
21
-85.4018269999999973
0
LINE
8
BLACK
6
CONTINUOUS
10
148.4256269999999915
20
-81.4263289999999955
11
148.5026780000000031
21
-81.4778120000000001
0
LINE
8
BLACK
6
CONTINUOUS
10
148.5026780000000031
20
-81.4778120000000001
11
148.5541609999999935
21
-81.5548629999999974
0
LINE
8
BLACK
6
CONTINUOUS
10
148.5541609999999935
20
-81.5548629999999974
11
148.5722399999999936
21
-81.6457499999999925
0
LINE
8
BLACK
6
CONTINUOUS
10
148.5722399999999936
20
-81.6457499999999925
11
148.5722399999999936
21
-82.245750000000001
0
LINE
8
BLACK
6
CONTINUOUS
10
148.5722399999999936
20
-82.245750000000001
11
148.5541609999999935
21
-82.3366369999999961
0
LINE
8
BLACK
6
CONTINUOUS
10
148.5541609999999935
20
-82.3366369999999961
11
148.5026780000000031
21
-82.4136879999999934
0
LINE
8
BLACK
6
CONTINUOUS
10
148.5026780000000031
20
-82.4136879999999934
11
148.4256269999999915
21
-82.465170999999998
0
LINE
8
BLACK
6
CONTINUOUS
10
148.4256269999999915
20
-82.465170999999998
11
148.3347399999999823
21
-82.4832499999999982
0
LINE
8
BLACK
6
CONTINUOUS
10
148.3347399999999823
20
-82.4832499999999982
11
147.859739999999988
21
-82.4832499999999982
0
LINE
8
BLACK
6
CONTINUOUS
10
147.859739999999988
20
-82.4832499999999982
11
147.7688530000000071
21
-82.465170999999998
0
LINE
8
BLACK
6
CONTINUOUS
10
147.7688530000000071
20
-82.465170999999998
11
147.6918019999999956
21
-82.4136879999999934
0
LINE
8
BLACK
6
CONTINUOUS
10
147.6918019999999956
20
-82.4136879999999934
11
147.6403190000000052
21
-82.3366369999999961
0
LINE
8
BLACK
6
CONTINUOUS
10
147.6403190000000052
20
-82.3366369999999961
11
147.622240000000005
21
-82.245750000000001
0
LINE
8
BLACK
6
CONTINUOUS
10
147.622240000000005
20
-82.245750000000001
11
147.622240000000005
21
-82.0707499999999897
0
LINE
8
BLACK
6
CONTINUOUS
10
147.622240000000005
20
-82.0707499999999897
11
147.4454130000000021
21
-82.0707499999999897
0
LINE
8
BLACK
6
CONTINUOUS
10
147.4454130000000021
20
-82.0707499999999897
11
147.4616629999999873
21
-82.1026430000000005
0
LINE
8
BLACK
6
CONTINUOUS
10
147.4616629999999873
20
-82.1026430000000005
11
147.4812399999999855
21
-82.2262499999999932
0
LINE
8
BLACK
6
CONTINUOUS
10
147.4812399999999855
20
-82.2262499999999932
11
147.4616629999999873
21
-82.3498570000000001
0
LINE
8
BLACK
6
CONTINUOUS
10
147.4616629999999873
20
-82.3498570000000001
11
147.4048469999999895
21
-82.4613640000000032
0
LINE
8
BLACK
6
CONTINUOUS
10
147.4048469999999895
20
-82.4613640000000032
11
147.3163539999999898
21
-82.5498570000000029
0
LINE
8
BLACK
6
CONTINUOUS
10
147.3163539999999898
20
-82.5498570000000029
11
147.2048470000000009
21
-82.6066730000000007
0
LINE
8
BLACK
6
CONTINUOUS
10
147.2048470000000009
20
-82.6066730000000007
11
147.0812399999999798
21
-82.6262499999999989
0
LINE
8
BLACK
6
CONTINUOUS
10
147.0812399999999798
20
-82.6262499999999989
11
146.9576329999999871
21
-82.6066730000000007
0
LINE
8
BLACK
6
CONTINUOUS
10
146.9576329999999871
20
-82.6066730000000007
11
146.8461259999999982
21
-82.5498570000000029
0
LINE
8
BLACK
6
CONTINUOUS
10
146.8461259999999982
20
-82.5498570000000029
11
146.7576329999999984
21
-82.4613640000000032
0
LINE
8
BLACK
6
CONTINUOUS
10
146.7576329999999984
20
-82.4613640000000032
11
146.7008170000000007
21
-82.3498570000000001
0
LINE
8
BLACK
6
CONTINUOUS
10
146.7008170000000007
20
-82.3498570000000001
11
146.6812400000000025
21
-82.2262499999999932
0
LINE
8
BLACK
6
CONTINUOUS
10
146.6812400000000025
20
-82.2262499999999932
11
146.7008170000000007
21
-82.1026430000000005
0
LINE
8
BLACK
6
CONTINUOUS
10
146.7008170000000007
20
-82.1026430000000005
11
146.7576329999999984
21
-81.9911359999999974
0
LINE
8
BLACK
6
CONTINUOUS
10
146.7576329999999984
20
-81.9911359999999974
11
146.8461259999999982
21
-81.9026429999999976
0
LINE
8
BLACK
6
CONTINUOUS
10
146.8461259999999982
20
-81.9026429999999976
11
146.9576329999999871
21
-81.8458269999999999
0
LINE
8
BLACK
6
CONTINUOUS
10
146.9576329999999871
20
-81.8458269999999999
11
147.0812399999999798
21
-81.8262500000000017
0
LINE
8
BLACK
6
CONTINUOUS
10
147.0812399999999798
20
-81.8262500000000017
11
147.2048470000000009
21
-81.8458269999999999
0
LINE
8
BLACK
6
CONTINUOUS
10
147.2048470000000009
20
-81.8458269999999999
11
147.2578699999999969
21
-81.8728430000000031
0
LINE
8
BLACK
6
CONTINUOUS
10
147.2578699999999969
20
-81.8728430000000031
11
147.2733519999999885
21
-81.8573619999999949
0
LINE
8
BLACK
6
CONTINUOUS
10
147.2733519999999885
20
-81.8573619999999949
11
147.292287999999985
21
-81.8418209999999959
0
LINE
8
BLACK
6
CONTINUOUS
10
147.292287999999985
20
-81.8418209999999959
11
147.2922939999999983
21
-81.8418159999999943
0
LINE
8
BLACK
6
CONTINUOUS
10
147.2922939999999983
20
-81.8418159999999943
11
147.3241549999999904
21
-81.8286179999999916
0
LINE
8
BLACK
6
CONTINUOUS
10
147.3241549999999904
20
-81.8286179999999916
11
147.3373530000000073
21
-81.8231519999999932
0
LINE
8
BLACK
6
CONTINUOUS
10
147.3373530000000073
20
-81.8231519999999932
11
147.3373540000000048
21
-81.8231519999999932
0
LINE
8
BLACK
6
CONTINUOUS
10
147.3373540000000048
20
-81.8231519999999932
11
147.3617399999999975
21
-81.8207499999999897
0
LINE
8
BLACK
6
CONTINUOUS
10
147.3617399999999975
20
-81.8207499999999897
11
147.622240000000005
21
-81.8207499999999897
0
LINE
8
BLACK
6
CONTINUOUS
10
147.622240000000005
20
-81.8207499999999897
11
147.622240000000005
21
-81.6457499999999925
0
LINE
8
BLACK
6
CONTINUOUS
10
147.622240000000005
20
-81.6457499999999925
11
147.6403190000000052
21
-81.5548629999999974
0
LINE
8
BLACK
6
CONTINUOUS
10
147.6403190000000052
20
-81.5548629999999974
11
147.6918019999999956
21
-81.4778120000000001
0
LINE
8
BLACK
6
CONTINUOUS
10
147.6918019999999956
20
-81.4778120000000001
11
147.7688530000000071
21
-81.4263289999999955
0
LINE
8
BLACK
6
CONTINUOUS
10
147.7688530000000071
20
-81.4263289999999955
11
147.859739999999988
21
-81.4082499999999953
0
LINE
8
BLACK
6
CONTINUOUS
10
147.859739999999988
20
-81.4082499999999953
11
148.3347399999999823
21
-81.4082499999999953
0
LINE
8
BLACK
6
CONTINUOUS
10
148.3347399999999823
20
-81.4082499999999953
11
148.4256269999999915
21
-81.4263289999999955
0
LINE
8
BLACK
6
CONTINUOUS
10
145.680847
20
-78.7978269999999981
11
145.7923539999999889
21
-78.8546429999999958
0
LINE
8
BLACK
6
CONTINUOUS
10
145.7923539999999889
20
-78.8546429999999958
11
145.8808469999999886
21
-78.9431359999999955
0
LINE
8
BLACK
6
CONTINUOUS
10
145.8808469999999886
20
-78.9431359999999955
11
145.9376629999999864
21
-79.0546429999999987
0
LINE
8
BLACK
6
CONTINUOUS
10
145.9376629999999864
20
-79.0546429999999987
11
145.9572399999999845
21
-79.1782499999999914
0
LINE
8
BLACK
6
CONTINUOUS
10
145.9572399999999845
20
-79.1782499999999914
11
145.9376629999999864
21
-79.3018569999999983
0
LINE
8
BLACK
6
CONTINUOUS
10
145.9376629999999864
20
-79.3018569999999983
11
145.8808469999999886
21
-79.4133640000000014
0
LINE
8
BLACK
6
CONTINUOUS
10
145.8808469999999886
20
-79.4133640000000014
11
145.7923539999999889
21
-79.5018570000000011
0
LINE
8
BLACK
6
CONTINUOUS
10
145.7923539999999889
20
-79.5018570000000011
11
145.6822400000000073
21
-79.5579630000000009
0
LINE
8
BLACK
6
CONTINUOUS
10
145.6822400000000073
20
-79.5579630000000009
11
145.6822400000000073
21
-79.683250000000001
0
LINE
8
BLACK
6
CONTINUOUS
10
145.6822400000000073
20
-79.683250000000001
11
145.7947399999999902
21
-79.683250000000001
0
LINE
8
BLACK
6
CONTINUOUS
10
145.7947399999999902
20
-79.683250000000001
11
145.8856269999999995
21
-79.7013290000000012
0
LINE
8
BLACK
6
CONTINUOUS
10
145.8856269999999995
20
-79.7013290000000012
11
145.9626779999999826
21
-79.7528119999999916
0
LINE
8
BLACK
6
CONTINUOUS
10
145.9626779999999826
20
-79.7528119999999916
11
146.0141610000000014
21
-79.8298630000000031
0
LINE
8
BLACK
6
CONTINUOUS
10
146.0141610000000014
20
-79.8298630000000031
11
146.0322400000000016
21
-79.9207499999999982
0
LINE
8
BLACK
6
CONTINUOUS
10
146.0322400000000016
20
-79.9207499999999982
11
146.0322400000000016
21
-80.5207499999999925
0
LINE
8
BLACK
6
CONTINUOUS
10
146.0322400000000016
20
-80.5207499999999925
11
146.0141610000000014
21
-80.6116370000000018
0
LINE
8
BLACK
6
CONTINUOUS
10
146.0141610000000014
20
-80.6116370000000018
11
145.9626779999999826
21
-80.6886879999999991
0
LINE
8
BLACK
6
CONTINUOUS
10
145.9626779999999826
20
-80.6886879999999991
11
145.8856269999999995
21
-80.7401709999999895
0
LINE
8
BLACK
6
CONTINUOUS
10
145.8856269999999995
20
-80.7401709999999895
11
145.7947399999999902
21
-80.7582499999999897
0
LINE
8
BLACK
6
CONTINUOUS
10
145.7947399999999902
20
-80.7582499999999897
11
145.3197399999999959
21
-80.7582499999999897
0
LINE
8
BLACK
6
CONTINUOUS
10
145.3197399999999959
20
-80.7582499999999897
11
145.2288529999999867
21
-80.7401709999999895
0
LINE
8
BLACK
6
CONTINUOUS
10
145.2288529999999867
20
-80.7401709999999895
11
145.1518020000000035
21
-80.6886879999999991
0
LINE
8
BLACK
6
CONTINUOUS
10
145.1518020000000035
20
-80.6886879999999991
11
145.1003189999999847
21
-80.6116370000000018
0
LINE
8
BLACK
6
CONTINUOUS
10
145.1003189999999847
20
-80.6116370000000018
11
145.0822399999999845
21
-80.5207499999999925
0
LINE
8
BLACK
6
CONTINUOUS
10
145.0822399999999845
20
-80.5207499999999925
11
145.0822399999999845
21
-79.9207499999999982
0
LINE
8
BLACK
6
CONTINUOUS
10
145.0822399999999845
20
-79.9207499999999982
11
145.1003189999999847
21
-79.8298630000000031
0
LINE
8
BLACK
6
CONTINUOUS
10
145.1003189999999847
20
-79.8298630000000031
11
145.1518020000000035
21
-79.7528119999999916
0
LINE
8
BLACK
6
CONTINUOUS
10
145.1518020000000035
20
-79.7528119999999916
11
145.2288529999999867
21
-79.7013290000000012
0
LINE
8
BLACK
6
CONTINUOUS
10
145.2288529999999867
20
-79.7013290000000012
11
145.3197399999999959
21
-79.683250000000001
0
LINE
8
BLACK
6
CONTINUOUS
10
145.3197399999999959
20
-79.683250000000001
11
145.4322400000000073
21
-79.683250000000001
0
LINE
8
BLACK
6
CONTINUOUS
10
145.4322400000000073
20
-79.683250000000001
11
145.4322400000000073
21
-79.5579630000000009
0
LINE
8
BLACK
6
CONTINUOUS
10
145.4322400000000073
20
-79.5579630000000009
11
145.3221259999999972
21
-79.5018570000000011
0
LINE
8
BLACK
6
CONTINUOUS
10
145.3221259999999972
20
-79.5018570000000011
11
145.2336329999999975
21
-79.4133640000000014
0
LINE
8
BLACK
6
CONTINUOUS
10
145.2336329999999975
20
-79.4133640000000014
11
145.1768169999999998
21
-79.3018569999999983
0
LINE
8
BLACK
6
CONTINUOUS
10
145.1768169999999998
20
-79.3018569999999983
11
145.1572400000000016
21
-79.1782499999999914
0
LINE
8
BLACK
6
CONTINUOUS
10
145.1572400000000016
20
-79.1782499999999914
11
145.1768169999999998
21
-79.0546429999999987
0
LINE
8
BLACK
6
CONTINUOUS
10
145.1768169999999998
20
-79.0546429999999987
11
145.2336329999999975
21
-78.9431359999999955
0
LINE
8
BLACK
6
CONTINUOUS
10
145.2336329999999975
20
-78.9431359999999955
11
145.3221259999999972
21
-78.8546429999999958
0
LINE
8
BLACK
6
CONTINUOUS
10
145.3221259999999972
20
-78.8546429999999958
11
145.4336329999999862
21
-78.7978269999999981
0
LINE
8
BLACK
6
CONTINUOUS
10
145.4336329999999862
20
-78.7978269999999981
11
145.5572400000000073
21
-78.7782499999999999
0
LINE
8
BLACK
6
CONTINUOUS
10
145.5572400000000073
20
-78.7782499999999999
11
145.680847
21
-78.7978269999999981
0
LINE
8
BLACK
6
CONTINUOUS
10
150.9656269999999836
20
-81.4263289999999955
11
151.0426779999999951
21
-81.4778120000000001
0
LINE
8
BLACK
6
CONTINUOUS
10
151.0426779999999951
20
-81.4778120000000001
11
151.0941609999999855
21
-81.5548629999999974
0
LINE
8
BLACK
6
CONTINUOUS
10
151.0941609999999855
20
-81.5548629999999974
11
151.1122399999999857
21
-81.6457499999999925
0
LINE
8
BLACK
6
CONTINUOUS
10
151.1122399999999857
20
-81.6457499999999925
11
151.1122399999999857
21
-81.8207499999999897
0
LINE
8
BLACK
6
CONTINUOUS
10
151.1122399999999857
20
-81.8207499999999897
11
151.3727399999999932
21
-81.8207499999999897
0
LINE
8
BLACK
6
CONTINUOUS
10
151.3727399999999932
20
-81.8207499999999897
11
151.3971259999999859
21
-81.8231519999999932
0
LINE
8
BLACK
6
CONTINUOUS
10
151.3971259999999859
20
-81.8231519999999932
11
151.3971269999999834
21
-81.8231519999999932
0
LINE
8
BLACK
6
CONTINUOUS
10
151.3971269999999834
20
-81.8231519999999932
11
151.4103240000000028
21
-81.8286179999999916
0
LINE
8
BLACK
6
CONTINUOUS
10
151.4103240000000028
20
-81.8286179999999916
11
151.4421859999999924
21
-81.8418159999999943
0
LINE
8
BLACK
6
CONTINUOUS
10
151.4421859999999924
20
-81.8418159999999943
11
151.4421909999999798
21
-81.8418209999999959
0
LINE
8
BLACK
6
CONTINUOUS
10
151.4421909999999798
20
-81.8418209999999959
11
151.4611280000000022
21
-81.8573619999999949
0
LINE
8
BLACK
6
CONTINUOUS
10
151.4611280000000022
20
-81.8573619999999949
11
151.4766089999999963
21
-81.8728430000000031
0
LINE
8
BLACK
6
CONTINUOUS
10
151.4766089999999963
20
-81.8728430000000031
11
151.5296329999999898
21
-81.8458269999999999
0
LINE
8
BLACK
6
CONTINUOUS
10
151.5296329999999898
20
-81.8458269999999999
11
151.6532399999999825
21
-81.8262500000000017
0
LINE
8
BLACK
6
CONTINUOUS
10
151.6532399999999825
20
-81.8262500000000017
11
151.7768470000000036
21
-81.8458269999999999
0
LINE
8
BLACK
6
CONTINUOUS
10
151.7768470000000036
20
-81.8458269999999999
11
151.8883539999999925
21
-81.9026429999999976
0
LINE
8
BLACK
6
CONTINUOUS
10
151.8883539999999925
20
-81.9026429999999976
11
151.9768469999999922
21
-81.9911359999999974
0
LINE
8
BLACK
6
CONTINUOUS
10
151.9768469999999922
20
-81.9911359999999974
11
152.03366299999999
21
-82.1026430000000005
0
LINE
8
BLACK
6
CONTINUOUS
10
152.03366299999999
20
-82.1026430000000005
11
152.0532399999999882
21
-82.2262499999999932
0
LINE
8
BLACK
6
CONTINUOUS
10
152.0532399999999882
20
-82.2262499999999932
11
152.03366299999999
21
-82.3498570000000001
0
LINE
8
BLACK
6
CONTINUOUS
10
152.03366299999999
20
-82.3498570000000001
11
151.9768469999999922
21
-82.4613640000000032
0
LINE
8
BLACK
6
CONTINUOUS
10
151.9768469999999922
20
-82.4613640000000032
11
151.8883539999999925
21
-82.5498570000000029
0
LINE
8
BLACK
6
CONTINUOUS
10
151.8883539999999925
20
-82.5498570000000029
11
151.7768470000000036
21
-82.6066730000000007
0
LINE
8
BLACK
6
CONTINUOUS
10
151.7768470000000036
20
-82.6066730000000007
11
151.6532399999999825
21
-82.6262499999999989
0
LINE
8
BLACK
6
CONTINUOUS
10
151.6532399999999825
20
-82.6262499999999989
11
151.5296329999999898
21
-82.6066730000000007
0
LINE
8
BLACK
6
CONTINUOUS
10
151.5296329999999898
20
-82.6066730000000007
11
151.4181260000000009
21
-82.5498570000000029
0
LINE
8
BLACK
6
CONTINUOUS
10
151.4181260000000009
20
-82.5498570000000029
11
151.3296330000000012
21
-82.4613640000000032
0
LINE
8
BLACK
6
CONTINUOUS
10
151.3296330000000012
20
-82.4613640000000032
11
151.2728170000000034
21
-82.3498570000000001
0
LINE
8
BLACK
6
CONTINUOUS
10
151.2728170000000034
20
-82.3498570000000001
11
151.2532400000000052
21
-82.2262499999999932
0
LINE
8
BLACK
6
CONTINUOUS
10
151.2532400000000052
20
-82.2262499999999932
11
151.2728170000000034
21
-82.1026430000000005
0
LINE
8
BLACK
6
CONTINUOUS
10
151.2728170000000034
20
-82.1026430000000005
11
151.2890669999999886
21
-82.0707499999999897
0
LINE
8
BLACK
6
CONTINUOUS
10
151.2890669999999886
20
-82.0707499999999897
11
151.1122399999999857
21
-82.0707499999999897
0
LINE
8
BLACK
6
CONTINUOUS
10
151.1122399999999857
20
-82.0707499999999897
11
151.1122399999999857
21
-82.245750000000001
0
LINE
8
BLACK
6
CONTINUOUS
10
151.1122399999999857
20
-82.245750000000001
11
151.0941609999999855
21
-82.3366369999999961
0
LINE
8
BLACK
6
CONTINUOUS
10
151.0941609999999855
20
-82.3366369999999961
11
151.0426779999999951
21
-82.4136879999999934
0
LINE
8
BLACK
6
CONTINUOUS
10
151.0426779999999951
20
-82.4136879999999934
11
150.9656269999999836
21
-82.465170999999998
0
LINE
8
BLACK
6
CONTINUOUS
10
150.9656269999999836
20
-82.465170999999998
11
150.8747400000000027
21
-82.4832499999999982
0
LINE
8
BLACK
6
CONTINUOUS
10
150.8747400000000027
20
-82.4832499999999982
11
150.39973999999998
21
-82.4832499999999982
0
LINE
8
BLACK
6
CONTINUOUS
10
150.39973999999998
20
-82.4832499999999982
11
150.3088529999999992
21
-82.465170999999998
0
LINE
8
BLACK
6
CONTINUOUS
10
150.3088529999999992
20
-82.465170999999998
11
150.2318019999999876
21
-82.4136879999999934
0
LINE
8
BLACK
6
CONTINUOUS
10
150.2318019999999876
20
-82.4136879999999934
11
150.1803189999999972
21
-82.3366369999999961
0
LINE
8
BLACK
6
CONTINUOUS
10
150.1803189999999972
20
-82.3366369999999961
11
150.1622399999999971
21
-82.245750000000001
0
LINE
8
BLACK
6
CONTINUOUS
10
150.1622399999999971
20
-82.245750000000001
11
150.1622399999999971
21
-81.6457499999999925
0
LINE
8
BLACK
6
CONTINUOUS
10
150.1622399999999971
20
-81.6457499999999925
11
150.1803189999999972
21
-81.5548629999999974
0
LINE
8
BLACK
6
CONTINUOUS
10
150.1803189999999972
20
-81.5548629999999974
11
150.2318019999999876
21
-81.4778120000000001
0
LINE
8
BLACK
6
CONTINUOUS
10
150.2318019999999876
20
-81.4778120000000001
11
150.3088529999999992
21
-81.4263289999999955
0
LINE
8
BLACK
6
CONTINUOUS
10
150.3088529999999992
20
-81.4263289999999955
11
150.39973999999998
21
-81.4082499999999953
0
LINE
8
BLACK
6
CONTINUOUS
10
150.39973999999998
20
-81.4082499999999953
11
150.8747400000000027
21
-81.4082499999999953
0
LINE
8
BLACK
6
CONTINUOUS
10
150.8747400000000027
20
-81.4082499999999953
11
150.9656269999999836
21
-81.4263289999999955
0
LINE
8
BLACK
6
CONTINUOUS
10
153.3008470000000045
20
-78.7978269999999981
11
153.4123539999999934
21
-78.8546429999999958
0
LINE
8
BLACK
6
CONTINUOUS
10
153.4123539999999934
20
-78.8546429999999958
11
153.5008469999999932
21
-78.9431359999999955
0
LINE
8
BLACK
6
CONTINUOUS
10
153.5008469999999932
20
-78.9431359999999955
11
153.5576629999999909
21
-79.0546429999999987
0
LINE
8
BLACK
6
CONTINUOUS
10
153.5576629999999909
20
-79.0546429999999987
11
153.5772399999999891
21
-79.1782499999999914
0
LINE
8
BLACK
6
CONTINUOUS
10
153.5772399999999891
20
-79.1782499999999914
11
153.5576629999999909
21
-79.3018569999999983
0
LINE
8
BLACK
6
CONTINUOUS
10
153.5576629999999909
20
-79.3018569999999983
11
153.5008469999999932
21
-79.4133640000000014
0
LINE
8
BLACK
6
CONTINUOUS
10
153.5008469999999932
20
-79.4133640000000014
11
153.4123539999999934
21
-79.5018570000000011
0
LINE
8
BLACK
6
CONTINUOUS
10
153.4123539999999934
20
-79.5018570000000011
11
153.3022399999999834
21
-79.5579630000000009
0
LINE
8
BLACK
6
CONTINUOUS
10
153.3022399999999834
20
-79.5579630000000009
11
153.3022399999999834
21
-79.683250000000001
0
LINE
8
BLACK
6
CONTINUOUS
10
153.3022399999999834
20
-79.683250000000001
11
153.4147399999999948
21
-79.683250000000001
0
LINE
8
BLACK
6
CONTINUOUS
10
153.4147399999999948
20
-79.683250000000001
11
153.505627000000004
21
-79.7013290000000012
0
LINE
8
BLACK
6
CONTINUOUS
10
153.505627000000004
20
-79.7013290000000012
11
153.5826779999999872
21
-79.7528119999999916
0
LINE
8
BLACK
6
CONTINUOUS
10
153.5826779999999872
20
-79.7528119999999916
11
153.634161000000006
21
-79.8298630000000031
0
LINE
8
BLACK
6
CONTINUOUS
10
153.634161000000006
20
-79.8298630000000031
11
153.6522400000000061
21
-79.9207499999999982
0
LINE
8
BLACK
6
CONTINUOUS
10
153.6522400000000061
20
-79.9207499999999982
11
153.6522400000000061
21
-80.5207499999999925
0
LINE
8
BLACK
6
CONTINUOUS
10
153.6522400000000061
20
-80.5207499999999925
11
153.634161000000006
21
-80.6116370000000018
0
LINE
8
BLACK
6
CONTINUOUS
10
153.634161000000006
20
-80.6116370000000018
11
153.5826779999999872
21
-80.6886879999999991
0
LINE
8
BLACK
6
CONTINUOUS
10
153.5826779999999872
20
-80.6886879999999991
11
153.505627000000004
21
-80.7401709999999895
0
LINE
8
BLACK
6
CONTINUOUS
10
153.505627000000004
20
-80.7401709999999895
11
153.4147399999999948
21
-80.7582499999999897
0
LINE
8
BLACK
6
CONTINUOUS
10
153.4147399999999948
20
-80.7582499999999897
11
152.9397400000000005
21
-80.7582499999999897
0
LINE
8
BLACK
6
CONTINUOUS
10
152.9397400000000005
20
-80.7582499999999897
11
152.8488529999999912
21
-80.7401709999999895
0
LINE
8
BLACK
6
CONTINUOUS
10
152.8488529999999912
20
-80.7401709999999895
11
152.7718019999999797
21
-80.6886879999999991
0
LINE
8
BLACK
6
CONTINUOUS
10
152.7718019999999797
20
-80.6886879999999991
11
152.7203189999999893
21
-80.6116370000000018
0
LINE
8
BLACK
6
CONTINUOUS
10
152.7203189999999893
20
-80.6116370000000018
11
152.7022399999999891
21
-80.5207499999999925
0
LINE
8
BLACK
6
CONTINUOUS
10
152.7022399999999891
20
-80.5207499999999925
11
152.7022399999999891
21
-79.9207499999999982
0
LINE
8
BLACK
6
CONTINUOUS
10
152.7022399999999891
20
-79.9207499999999982
11
152.7203189999999893
21
-79.8298630000000031
0
LINE
8
BLACK
6
CONTINUOUS
10
152.7203189999999893
20
-79.8298630000000031
11
152.7718019999999797
21
-79.7528119999999916
0
LINE
8
BLACK
6
CONTINUOUS
10
152.7718019999999797
20
-79.7528119999999916
11
152.8488529999999912
21
-79.7013290000000012
0
LINE
8
BLACK
6
CONTINUOUS
10
152.8488529999999912
20
-79.7013290000000012
11
152.9397400000000005
21
-79.683250000000001
0
LINE
8
BLACK
6
CONTINUOUS
10
152.9397400000000005
20
-79.683250000000001
11
153.0522399999999834
21
-79.683250000000001
0
LINE
8
BLACK
6
CONTINUOUS
10
153.0522399999999834
20
-79.683250000000001
11
153.0522399999999834
21
-79.5579630000000009
0
LINE
8
BLACK
6
CONTINUOUS
10
153.0522399999999834
20
-79.5579630000000009
11
152.9421260000000018
21
-79.5018570000000011
0
LINE
8
BLACK
6
CONTINUOUS
10
152.9421260000000018
20
-79.5018570000000011
11
152.8536330000000021
21
-79.4133640000000014
0
LINE
8
BLACK
6
CONTINUOUS
10
152.8536330000000021
20
-79.4133640000000014
11
152.7968170000000043
21
-79.3018569999999983
0
LINE
8
BLACK
6
CONTINUOUS
10
152.7968170000000043
20
-79.3018569999999983
11
152.7772400000000061
21
-79.1782499999999914
0
LINE
8
BLACK
6
CONTINUOUS
10
152.7772400000000061
20
-79.1782499999999914
11
152.7968170000000043
21
-79.0546429999999987
0
LINE
8
BLACK
6
CONTINUOUS
10
152.7968170000000043
20
-79.0546429999999987
11
152.8536330000000021
21
-78.9431359999999955
0
LINE
8
BLACK
6
CONTINUOUS
10
152.8536330000000021
20
-78.9431359999999955
11
152.9421260000000018
21
-78.8546429999999958
0
LINE
8
BLACK
6
CONTINUOUS
10
152.9421260000000018
20
-78.8546429999999958
11
153.0536329999999907
21
-78.7978269999999981
0
LINE
8
BLACK
6
CONTINUOUS
10
153.0536329999999907
20
-78.7978269999999981
11
153.1772399999999834
21
-78.7782499999999999
0
LINE
8
BLACK
6
CONTINUOUS
10
153.1772399999999834
20
-78.7782499999999999
11
153.3008470000000045
21
-78.7978269999999981
0
LINE
8
BLACK
6
CONTINUOUS
10
143.5218469999999797
20
-77.527827000000002
11
143.6333539999999971
21
-77.5846429999999998
0
LINE
8
BLACK
6
CONTINUOUS
10
143.6333539999999971
20
-77.5846429999999998
11
143.7218469999999968
21
-77.6731359999999995
0
LINE
8
BLACK
6
CONTINUOUS
10
143.7218469999999968
20
-77.6731359999999995
11
143.7786629999999946
21
-77.7846430000000026
0
LINE
8
BLACK
6
CONTINUOUS
10
143.7786629999999946
20
-77.7846430000000026
11
143.7982399999999927
21
-77.9082499999999953
0
LINE
8
BLACK
6
CONTINUOUS
10
143.7982399999999927
20
-77.9082499999999953
11
143.7786629999999946
21
-78.0318570000000022
0
LINE
8
BLACK
6
CONTINUOUS
10
143.7786629999999946
20
-78.0318570000000022
11
143.7218469999999968
21
-78.1433639999999912
0
LINE
8
BLACK
6
CONTINUOUS
10
143.7218469999999968
20
-78.1433639999999912
11
143.6333539999999971
21
-78.2318569999999909
0
LINE
8
BLACK
6
CONTINUOUS
10
143.6333539999999971
20
-78.2318569999999909
11
143.5218469999999797
21
-78.2886730000000028
0
LINE
8
BLACK
6
CONTINUOUS
10
143.5218469999999797
20
-78.2886730000000028
11
143.398239999999987
21
-78.308250000000001
0
LINE
8
BLACK
6
CONTINUOUS
10
143.398239999999987
20
-78.308250000000001
11
143.2746329999999944
21
-78.2886730000000028
0
LINE
8
BLACK
6
CONTINUOUS
10
143.2746329999999944
20
-78.2886730000000028
11
143.1631260000000054
21
-78.2318569999999909
0
LINE
8
BLACK
6
CONTINUOUS
10
143.1631260000000054
20
-78.2318569999999909
11
143.0746330000000057
21
-78.1433639999999912
0
LINE
8
BLACK
6
CONTINUOUS
10
143.0746330000000057
20
-78.1433639999999912
11
143.0178169999999795
21
-78.0318570000000022
0
LINE
8
BLACK
6
CONTINUOUS
10
143.0178169999999795
20
-78.0318570000000022
11
142.9982399999999814
21
-77.9082499999999953
0
LINE
8
BLACK
6
CONTINUOUS
10
142.9982399999999814
20
-77.9082499999999953
11
143.0178169999999795
21
-77.7846430000000026
0
LINE
8
BLACK
6
CONTINUOUS
10
143.0178169999999795
20
-77.7846430000000026
11
143.0746330000000057
21
-77.6731359999999995
0
LINE
8
BLACK
6
CONTINUOUS
10
143.0746330000000057
20
-77.6731359999999995
11
143.1631260000000054
21
-77.5846429999999998
0
LINE
8
BLACK
6
CONTINUOUS
10
143.1631260000000054
20
-77.5846429999999998
11
143.2746329999999944
21
-77.527827000000002
0
LINE
8
BLACK
6
CONTINUOUS
10
143.2746329999999944
20
-77.527827000000002
11
143.398239999999987
21
-77.5082499999999897
0
LINE
8
BLACK
6
CONTINUOUS
10
143.398239999999987
20
-77.5082499999999897
11
143.5218469999999797
21
-77.527827000000002
0
LINE
8
BLACK
6
CONTINUOUS
10
156.4758469999999875
20
-72.7018269999999944
11
156.5873540000000048
21
-72.7586429999999922
0
LINE
8
BLACK
6
CONTINUOUS
10
156.5873540000000048
20
-72.7586429999999922
11
156.6758470000000045
21
-72.8471359999999919
0
LINE
8
BLACK
6
CONTINUOUS
10
156.6758470000000045
20
-72.8471359999999919
11
156.7326630000000023
21
-72.958642999999995
0
LINE
8
BLACK
6
CONTINUOUS
10
156.7326630000000023
20
-72.958642999999995
11
156.7522400000000005
21
-73.0822500000000019
0
LINE
8
BLACK
6
CONTINUOUS
10
156.7522400000000005
20
-73.0822500000000019
11
156.7326630000000023
21
-73.2058569999999946
0
LINE
8
BLACK
6
CONTINUOUS
10
156.7326630000000023
20
-73.2058569999999946
11
156.6758470000000045
21
-73.3173639999999978
0
LINE
8
BLACK
6
CONTINUOUS
10
156.6758470000000045
20
-73.3173639999999978
11
156.5873540000000048
21
-73.4058569999999975
0
LINE
8
BLACK
6
CONTINUOUS
10
156.5873540000000048
20
-73.4058569999999975
11
156.4758469999999875
21
-73.4626729999999952
0
LINE
8
BLACK
6
CONTINUOUS
10
156.4758469999999875
20
-73.4626729999999952
11
156.3522399999999948
21
-73.4822499999999934
0
LINE
8
BLACK
6
CONTINUOUS
10
156.3522399999999948
20
-73.4822499999999934
11
156.2286330000000021
21
-73.4626729999999952
0
LINE
8
BLACK
6
CONTINUOUS
10
156.2286330000000021
20
-73.4626729999999952
11
156.1171259999999847
21
-73.4058569999999975
0
LINE
8
BLACK
6
CONTINUOUS
10
156.1171259999999847
20
-73.4058569999999975
11
156.028632999999985
21
-73.3173639999999978
0
LINE
8
BLACK
6
CONTINUOUS
10
156.028632999999985
20
-73.3173639999999978
11
155.9718169999999873
21
-73.2058569999999946
0
LINE
8
BLACK
6
CONTINUOUS
10
155.9718169999999873
20
-73.2058569999999946
11
155.9522399999999891
21
-73.0822500000000019
0
LINE
8
BLACK
6
CONTINUOUS
10
155.9522399999999891
20
-73.0822500000000019
11
155.9718169999999873
21
-72.958642999999995
0
LINE
8
BLACK
6
CONTINUOUS
10
155.9718169999999873
20
-72.958642999999995
11
156.028632999999985
21
-72.8471359999999919
0
LINE
8
BLACK
6
CONTINUOUS
10
156.028632999999985
20
-72.8471359999999919
11
156.1171259999999847
21
-72.7586429999999922
0
LINE
8
BLACK
6
CONTINUOUS
10
156.1171259999999847
20
-72.7586429999999922
11
156.2286330000000021
21
-72.7018269999999944
0
LINE
8
BLACK
6
CONTINUOUS
10
156.2286330000000021
20
-72.7018269999999944
11
156.3522399999999948
21
-72.6822499999999962
0
LINE
8
BLACK
6
CONTINUOUS
10
156.3522399999999948
20
-72.6822499999999962
11
156.4758469999999875
21
-72.7018269999999944
0
LINE
8
BLACK
6
CONTINUOUS
10
139.315607
20
-70.9935770000000019
11
139.4271139999999889
21
-71.0503929999999997
0
LINE
8
BLACK
6
CONTINUOUS
10
139.4271139999999889
20
-71.0503929999999997
11
139.5156069999999886
21
-71.1388859999999994
0
LINE
8
BLACK
6
CONTINUOUS
10
139.5156069999999886
20
-71.1388859999999994
11
139.5724229999999864
21
-71.2503930000000025
0
LINE
8
BLACK
6
CONTINUOUS
10
139.5724229999999864
20
-71.2503930000000025
11
139.5919999999999845
21
-71.3739999999999952
0
LINE
8
BLACK
6
CONTINUOUS
10
139.5919999999999845
20
-71.3739999999999952
11
139.5724229999999864
21
-71.4976070000000021
0
LINE
8
BLACK
6
CONTINUOUS
10
139.5724229999999864
20
-71.4976070000000021
11
139.5156069999999886
21
-71.6091139999999911
0
LINE
8
BLACK
6
CONTINUOUS
10
139.5156069999999886
20
-71.6091139999999911
11
139.4271139999999889
21
-71.6976069999999908
0
LINE
8
BLACK
6
CONTINUOUS
10
139.4271139999999889
20
-71.6976069999999908
11
139.315607
21
-71.7544230000000027
0
LINE
8
BLACK
6
CONTINUOUS
10
139.315607
20
-71.7544230000000027
11
139.1920000000000073
21
-71.7740000000000009
0
LINE
8
BLACK
6
CONTINUOUS
10
139.1920000000000073
20
-71.7740000000000009
11
139.0683929999999862
21
-71.7544230000000027
0
LINE
8
BLACK
6
CONTINUOUS
10
139.0683929999999862
20
-71.7544230000000027
11
138.9568859999999972
21
-71.6976069999999908
0
LINE
8
BLACK
6
CONTINUOUS
10
138.9568859999999972
20
-71.6976069999999908
11
138.8683929999999975
21
-71.6091139999999911
0
LINE
8
BLACK
6
CONTINUOUS
10
138.8683929999999975
20
-71.6091139999999911
11
138.8115769999999998
21
-71.4976070000000021
0
LINE
8
BLACK
6
CONTINUOUS
10
138.8115769999999998
20
-71.4976070000000021
11
138.7920000000000016
21
-71.3739999999999952
0
LINE
8
BLACK
6
CONTINUOUS
10
138.7920000000000016
20
-71.3739999999999952
11
138.8115769999999998
21
-71.2503930000000025
0
LINE
8
BLACK
6
CONTINUOUS
10
138.8115769999999998
20
-71.2503930000000025
11
138.8683929999999975
21
-71.1388859999999994
0
LINE
8
BLACK
6
CONTINUOUS
10
138.8683929999999975
20
-71.1388859999999994
11
138.9568859999999972
21
-71.0503929999999997
0
LINE
8
BLACK
6
CONTINUOUS
10
138.9568859999999972
20
-71.0503929999999997
11
139.0683929999999862
21
-70.9935770000000019
0
LINE
8
BLACK
6
CONTINUOUS
10
139.0683929999999862
20
-70.9935770000000019
11
139.1920000000000073
21
-70.9740000000000038
0
LINE
8
BLACK
6
CONTINUOUS
10
139.1920000000000073
20
-70.9740000000000038
11
139.315607
21
-70.9935770000000019
0
LINE
8
BLACK
6
CONTINUOUS
10
140.5856069999999818
20
-65.1515770000000032
11
140.6971139999999991
21
-65.2083930000000009
0
LINE
8
BLACK
6
CONTINUOUS
10
140.6971139999999991
20
-65.2083930000000009
11
140.7856069999999988
21
-65.2968860000000006
0
LINE
8
BLACK
6
CONTINUOUS
10
140.7856069999999988
20
-65.2968860000000006
11
140.8424229999999966
21
-65.4083930000000038
0
LINE
8
BLACK
6
CONTINUOUS
10
140.8424229999999966
20
-65.4083930000000038
11
140.8619999999999948
21
-65.5319999999999965
0
LINE
8
BLACK
6
CONTINUOUS
10
140.8619999999999948
20
-65.5319999999999965
11
140.8424229999999966
21
-65.6556070000000034
0
LINE
8
BLACK
6
CONTINUOUS
10
140.8424229999999966
20
-65.6556070000000034
11
140.7856069999999988
21
-65.7671139999999923
0
LINE
8
BLACK
6
CONTINUOUS
10
140.7856069999999988
20
-65.7671139999999923
11
140.6971139999999991
21
-65.855606999999992
0
LINE
8
BLACK
6
CONTINUOUS
10
140.6971139999999991
20
-65.855606999999992
11
140.5856069999999818
21
-65.912423000000004
0
LINE
8
BLACK
6
CONTINUOUS
10
140.5856069999999818
20
-65.912423000000004
11
140.4619999999999891
21
-65.9320000000000022
0
LINE
8
BLACK
6
CONTINUOUS
10
140.4619999999999891
20
-65.9320000000000022
11
140.3383929999999964
21
-65.912423000000004
0
LINE
8
BLACK
6
CONTINUOUS
10
140.3383929999999964
20
-65.912423000000004
11
140.2268860000000075
21
-65.855606999999992
0
LINE
8
BLACK
6
CONTINUOUS
10
140.2268860000000075
20
-65.855606999999992
11
140.1383930000000078
21
-65.7671139999999923
0
LINE
8
BLACK
6
CONTINUOUS
10
140.1383930000000078
20
-65.7671139999999923
11
140.0815769999999816
21
-65.6556070000000034
0
LINE
8
BLACK
6
CONTINUOUS
10
140.0815769999999816
20
-65.6556070000000034
11
140.0619999999999834
21
-65.5319999999999965
0
LINE
8
BLACK
6
CONTINUOUS
10
140.0619999999999834
20
-65.5319999999999965
11
140.0815769999999816
21
-65.4083930000000038
0
LINE
8
BLACK
6
CONTINUOUS
10
140.0815769999999816
20
-65.4083930000000038
11
140.1383930000000078
21
-65.2968860000000006
0
LINE
8
BLACK
6
CONTINUOUS
10
140.1383930000000078
20
-65.2968860000000006
11
140.2268860000000075
21
-65.2083930000000009
0
LINE
8
BLACK
6
CONTINUOUS
10
140.2268860000000075
20
-65.2083930000000009
11
140.3383929999999964
21
-65.1515770000000032
0
LINE
8
BLACK
6
CONTINUOUS
10
140.3383929999999964
20
-65.1515770000000032
11
140.4619999999999891
21
-65.1319999999999908
0
LINE
8
BLACK
6
CONTINUOUS
10
140.4619999999999891
20
-65.1319999999999908
11
140.5856069999999818
21
-65.1515770000000032
0
LINE
8
BLACK
6
CONTINUOUS
10
156.5251089999999863
20
-58.693684999999995
11
156.5708640000000003
21
-58.7464889999999968
0
LINE
8
BLACK
6
CONTINUOUS
10
156.5708640000000003
20
-58.7464889999999968
11
156.5808079999999904
21
-58.8156469999999985
0
LINE
8
BLACK
6
CONTINUOUS
10
156.5808079999999904
20
-58.8156469999999985
11
156.5517830000000004
21
-58.8792029999999968
0
LINE
8
BLACK
6
CONTINUOUS
10
156.5517830000000004
20
-58.8792029999999968
11
156.5243799999999794
21
-58.9018269999999973
0
LINE
8
BLACK
6
CONTINUOUS
10
156.5243799999999794
20
-58.9018269999999973
11
156.5245270000000062
21
-58.9020289999999989
0
LINE
8
BLACK
6
CONTINUOUS
10
156.5245270000000062
20
-58.9020289999999989
11
156.5212740000000053
21
-58.9043919999999943
0
LINE
8
BLACK
6
CONTINUOUS
10
156.5212740000000053
20
-58.9043919999999943
11
156.5200669999999832
21
-58.9053889999999996
0
LINE
8
BLACK
6
CONTINUOUS
10
156.5200669999999832
20
-58.9053889999999996
11
156.5192649999999901
21
-58.9058509999999984
0
LINE
8
BLACK
6
CONTINUOUS
10
156.5192649999999901
20
-58.9058509999999984
11
156.3661290000000008
21
-59.0171109999999999
0
LINE
8
BLACK
6
CONTINUOUS
10
156.3661290000000008
20
-59.0171109999999999
11
156.2394659999999931
21
-59.157784999999997
0
LINE
8
BLACK
6
CONTINUOUS
10
156.2394659999999931
20
-59.157784999999997
11
156.144820999999979
21
-59.3217149999999975
0
LINE
8
BLACK
6
CONTINUOUS
10
156.144820999999979
20
-59.3217149999999975
11
156.1448179999999866
21
-59.3217219999999941
0
LINE
8
BLACK
6
CONTINUOUS
10
156.1448179999999866
20
-59.3217219999999941
11
156.0863269999999829
21
-59.5017399999999981
0
LINE
8
BLACK
6
CONTINUOUS
10
156.0863269999999829
20
-59.5017399999999981
11
156.0863259999999855
21
-59.5017439999999951
0
LINE
8
BLACK
6
CONTINUOUS
10
156.0863259999999855
20
-59.5017439999999951
11
156.0665400000000034
21
-59.6899999999999977
0
LINE
8
BLACK
6
CONTINUOUS
10
156.0665400000000034
20
-59.6899999999999977
11
156.0863259999999855
21
-59.8782560000000004
0
LINE
8
BLACK
6
CONTINUOUS
10
156.0863259999999855
20
-59.8782560000000004
11
156.0863269999999829
21
-59.8782589999999999
0
LINE
8
BLACK
6
CONTINUOUS
10
156.0863269999999829
20
-59.8782589999999999
11
156.1448179999999866
21
-60.0582769999999968
0
LINE
8
BLACK
6
CONTINUOUS
10
156.1448179999999866
20
-60.0582769999999968
11
156.144820999999979
21
-60.0582840000000004
0
LINE
8
BLACK
6
CONTINUOUS
10
156.144820999999979
20
-60.0582840000000004
11
156.2394669999999905
21
-60.222215999999996
0
LINE
8
BLACK
6
CONTINUOUS
10
156.2394669999999905
20
-60.222215999999996
11
156.3143519999999853
21
-60.3053839999999965
0
LINE
8
BLACK
6
CONTINUOUS
10
156.3143519999999853
20
-60.3053839999999965
11
156.3661290000000008
21
-60.3628879999999981
0
LINE
8
BLACK
6
CONTINUOUS
10
156.3661290000000008
20
-60.3628879999999981
11
156.5192649999999901
21
-60.4741479999999996
0
LINE
8
BLACK
6
CONTINUOUS
10
156.5192649999999901
20
-60.4741479999999996
11
156.5192700000000059
21
-60.4741509999999991
0
LINE
8
BLACK
6
CONTINUOUS
10
156.5192700000000059
20
-60.4741509999999991
11
156.6921920000000057
21
-60.5511419999999987
0
LINE
8
BLACK
6
CONTINUOUS
10
156.6921920000000057
20
-60.5511419999999987
11
156.6921969999999931
21
-60.5511440000000007
0
LINE
8
BLACK
6
CONTINUOUS
10
156.6921969999999931
20
-60.5511440000000007
11
156.8773539999999969
21
-60.5904999999999987
0
LINE
8
BLACK
6
CONTINUOUS
10
156.8773539999999969
20
-60.5904999999999987
11
156.8773549999999943
21
-60.5904999999999987
0
LINE
8
BLACK
6
CONTINUOUS
10
156.8773549999999943
20
-60.5904999999999987
11
157.0666439999999966
21
-60.5904999999999987
0
LINE
8
BLACK
6
CONTINUOUS
10
157.0666439999999966
20
-60.5904999999999987
11
157.0666459999999915
21
-60.5904999999999987
0
LINE
8
BLACK
6
CONTINUOUS
10
157.0666459999999915
20
-60.5904999999999987
11
157.2518029999999953
21
-60.5511440000000007
0
LINE
8
BLACK
6
CONTINUOUS
10
157.2518029999999953
20
-60.5511440000000007
11
157.4247299999999825
21
-60.4741509999999991
0
LINE
8
BLACK
6
CONTINUOUS
10
157.4247299999999825
20
-60.4741509999999991
11
157.5778709999999876
21
-60.3628879999999981
0
LINE
8
BLACK
6
CONTINUOUS
10
157.5778709999999876
20
-60.3628879999999981
11
157.7045329999999979
21
-60.222215999999996
0
LINE
8
BLACK
6
CONTINUOUS
10
157.7045329999999979
20
-60.222215999999996
11
157.799178999999981
21
-60.0582840000000004
0
LINE
8
BLACK
6
CONTINUOUS
10
157.799178999999981
20
-60.0582840000000004
11
157.8576740000000029
21
-59.8782560000000004
0
LINE
8
BLACK
6
CONTINUOUS
10
157.8576740000000029
20
-59.8782560000000004
11
157.877459999999985
21
-59.6899999999999977
0
LINE
8
BLACK
6
CONTINUOUS
10
157.877459999999985
20
-59.6899999999999977
11
157.8576740000000029
21
-59.5017439999999951
0
LINE
8
BLACK
6
CONTINUOUS
10
157.8576740000000029
20
-59.5017439999999951
11
157.799178999999981
21
-59.321715999999995
0
LINE
8
BLACK
6
CONTINUOUS
10
157.799178999999981
20
-59.321715999999995
11
157.7045329999999979
21
-59.1577839999999995
0
LINE
8
BLACK
6
CONTINUOUS
10
157.7045329999999979
20
-59.1577839999999995
11
157.5778709999999876
21
-59.0171119999999974
0
LINE
8
BLACK
6
CONTINUOUS
10
157.5778709999999876
20
-59.0171119999999974
11
157.5778699999999901
21
-59.0171109999999999
0
LINE
8
BLACK
6
CONTINUOUS
10
157.5778699999999901
20
-59.0171109999999999
11
157.4247340000000008
21
-58.9058509999999984
0
LINE
8
BLACK
6
CONTINUOUS
10
157.4247340000000008
20
-58.9058509999999984
11
157.4239330000000052
21
-58.9053889999999996
0
LINE
8
BLACK
6
CONTINUOUS
10
157.4239330000000052
20
-58.9053889999999996
11
157.4235610000000065
21
-58.9049989999999966
0
LINE
8
BLACK
6
CONTINUOUS
10
157.4235610000000065
20
-58.9049989999999966
11
157.4194729999999822
21
-58.9020289999999989
0
LINE
8
BLACK
6
CONTINUOUS
10
157.4194729999999822
20
-58.9020289999999989
11
157.4200160000000039
21
-58.9012809999999973
0
LINE
8
BLACK
6
CONTINUOUS
10
157.4200160000000039
20
-58.9012809999999973
11
157.3757159999999828
21
-58.8548229999999961
0
LINE
8
BLACK
6
CONTINUOUS
10
157.3757159999999828
20
-58.8548229999999961
11
157.3624910000000057
21
-58.786215999999996
0
LINE
8
BLACK
6
CONTINUOUS
10
157.3624910000000057
20
-58.786215999999996
11
157.3884579999999858
21
-58.7213509999999985
0
LINE
8
BLACK
6
CONTINUOUS
10
157.3884579999999858
20
-58.7213509999999985
11
157.4453709999999944
21
-58.6808209999999946
0
LINE
8
BLACK
6
CONTINUOUS
10
157.4453709999999944
20
-58.6808209999999946
11
157.4859299999999962
21
-58.6739999999999995
0
LINE
8
BLACK
6
CONTINUOUS
10
157.4859299999999962
20
-58.6739999999999995
11
160.7919069999999806
21
-58.6739999999999995
0
LINE
8
BLACK
6
CONTINUOUS
10
160.7919069999999806
20
-58.6739999999999995
11
160.8040609999999901
21
-58.6745969999999986
0
LINE
8
BLACK
6
CONTINUOUS
10
160.8040609999999901
20
-58.6745969999999986
11
160.9809410000000014
21
-58.6920179999999974
0
LINE
8
BLACK
6
CONTINUOUS
10
160.9809410000000014
20
-58.6920179999999974
11
161.0047689999999818
21
-58.6967569999999981
0
LINE
8
BLACK
6
CONTINUOUS
10
161.0047689999999818
20
-58.6967569999999981
11
161.1690009999999802
21
-58.7465759999999975
0
LINE
8
BLACK
6
CONTINUOUS
10
161.1690009999999802
20
-58.7465759999999975
11
161.1914529999999957
21
-58.7558769999999981
0
LINE
8
BLACK
6
CONTINUOUS
10
161.1914529999999957
20
-58.7558769999999981
11
161.3195729999999912
21
-58.8243579999999966
0
LINE
8
BLACK
6
CONTINUOUS
10
161.3195729999999912
20
-58.8243579999999966
11
161.3427979999999877
21
-58.8367719999999963
0
LINE
8
BLACK
6
CONTINUOUS
10
161.3427979999999877
20
-58.8367719999999963
11
161.3630079999999793
21
-58.8502759999999938
0
LINE
8
BLACK
6
CONTINUOUS
10
161.3630079999999793
20
-58.8502759999999938
11
161.4258240000000058
21
-58.9018269999999973
0
LINE
8
BLACK
6
CONTINUOUS
10
161.4258240000000058
20
-58.9018269999999973
11
161.4956659999999999
21
-58.9591449999999995
0
LINE
8
BLACK
6
CONTINUOUS
10
161.4956659999999999
20
-58.9591449999999995
11
161.5128540000000044
21
-58.9763329999999968
0
LINE
8
BLACK
6
CONTINUOUS
10
161.5128540000000044
20
-58.9763329999999968
11
161.6217220000000054
21
-59.108988999999994
0
LINE
8
BLACK
6
CONTINUOUS
10
161.6217220000000054
20
-59.108988999999994
11
161.6352269999999862
21
-59.1292009999999948
0
LINE
8
BLACK
6
CONTINUOUS
10
161.6352269999999862
20
-59.1292009999999948
11
161.7161209999999869
21
-59.2805429999999944
0
LINE
8
BLACK
6
CONTINUOUS
10
161.7161209999999869
20
-59.2805429999999944
11
161.7254240000000038
21
-59.3030009999999947
0
LINE
8
BLACK
6
CONTINUOUS
10
161.7254240000000038
20
-59.3030009999999947
11
161.7752399999999966
21
-59.4672239999999945
0
LINE
8
BLACK
6
CONTINUOUS
10
161.7752399999999966
20
-59.4672239999999945
11
161.7799819999999897
21
-59.491064999999999
0
LINE
8
BLACK
6
CONTINUOUS
10
161.7799819999999897
20
-59.491064999999999
11
161.7974030000000027
21
-59.6679379999999995
0
LINE
8
BLACK
6
CONTINUOUS
10
161.7974030000000027
20
-59.6679379999999995
11
161.7980000000000018
21
-59.6800919999999948
0
LINE
8
BLACK
6
CONTINUOUS
10
161.7980000000000018
20
-59.6800919999999948
11
161.7980000000000018
21
-67.8686919999999958
0
LINE
8
BLACK
6
CONTINUOUS
10
161.7980000000000018
20
-67.8686919999999958
11
161.7783149999999921
21
-67.9357309999999899
0
LINE
8
BLACK
6
CONTINUOUS
10
161.7783149999999921
20
-67.9357309999999899
11
161.7255109999999831
21
-67.9814860000000039
0
LINE
8
BLACK
6
CONTINUOUS
10
161.7255109999999831
20
-67.9814860000000039
11
161.6563529999999957
21
-67.991429999999994
0
LINE
8
BLACK
6
CONTINUOUS
10
161.6563529999999957
20
-67.991429999999994
11
161.5927969999999902
21
-67.962405000000004
0
LINE
8
BLACK
6
CONTINUOUS
10
161.5927969999999902
20
-67.962405000000004
11
161.5863190000000031
21
-67.9563729999999993
0
LINE
8
BLACK
6
CONTINUOUS
10
161.5863190000000031
20
-67.9563729999999993
11
156.636808000000002
21
-63.0068619999999981
0
LINE
8
BLACK
6
CONTINUOUS
10
156.636808000000002
20
-63.0068619999999981
11
156.603322999999989
21
-62.9455389999999966
0
LINE
8
BLACK
6
CONTINUOUS
10
156.603322999999989
20
-62.9455389999999966
11
156.6011680000000013
21
-62.9321409999999943
0
LINE
8
BLACK
6
CONTINUOUS
10
156.6011680000000013
20
-62.9321409999999943
11
156.5876739999999927
21
-62.8037449999999993
0
LINE
8
BLACK
6
CONTINUOUS
10
156.5876739999999927
20
-62.8037449999999993
11
156.5876719999999978
21
-62.8037399999999977
0
LINE
8
BLACK
6
CONTINUOUS
10
156.5876719999999978
20
-62.8037399999999977
11
156.5291789999999992
21
-62.6237159999999946
0
LINE
8
BLACK
6
CONTINUOUS
10
156.5291789999999992
20
-62.6237159999999946
11
156.4345329999999876
21
-62.4597839999999991
0
LINE
8
BLACK
6
CONTINUOUS
10
156.4345329999999876
20
-62.4597839999999991
11
156.3078710000000058
21
-62.319111999999997
0
LINE
8
BLACK
6
CONTINUOUS
10
156.3078710000000058
20
-62.319111999999997
11
156.3078699999999799
21
-62.3191109999999995
0
LINE
8
BLACK
6
CONTINUOUS
10
156.3078699999999799
20
-62.3191109999999995
11
156.1547339999999906
21
-62.207850999999998
0
LINE
8
BLACK
6
CONTINUOUS
10
156.1547339999999906
20
-62.207850999999998
11
156.1547290000000032
21
-62.2078479999999985
0
LINE
8
BLACK
6
CONTINUOUS
10
156.1547290000000032
20
-62.2078479999999985
11
155.9818070000000034
21
-62.1308569999999989
0
LINE
8
BLACK
6
CONTINUOUS
10
155.9818070000000034
20
-62.1308569999999989
11
155.9818019999999876
21
-62.1308549999999968
0
LINE
8
BLACK
6
CONTINUOUS
10
155.9818019999999876
20
-62.1308549999999968
11
155.8360009999999818
21
-62.0998649999999941
0
LINE
8
BLACK
6
CONTINUOUS
10
155.8360009999999818
20
-62.0998649999999941
11
155.7966459999999813
21
-62.0914999999999964
0
LINE
8
BLACK
6
CONTINUOUS
10
155.7966459999999813
20
-62.0914999999999964
11
155.6073539999999866
21
-62.0914999999999964
0
LINE
8
BLACK
6
CONTINUOUS
10
155.6073539999999866
20
-62.0914999999999964
11
155.5748969999999929
21
-62.098397999999996
0
LINE
8
BLACK
6
CONTINUOUS
10
155.5748969999999929
20
-62.098397999999996
11
155.4221969999999828
21
-62.1308549999999968
0
LINE
8
BLACK
6
CONTINUOUS
10
155.4221969999999828
20
-62.1308549999999968
11
155.4221919999999955
21
-62.1308569999999989
0
LINE
8
BLACK
6
CONTINUOUS
10
155.4221919999999955
20
-62.1308569999999989
11
155.2492699999999957
21
-62.2078479999999985
0
LINE
8
BLACK
6
CONTINUOUS
10
155.2492699999999957
20
-62.2078479999999985
11
155.2492649999999799
21
-62.207850999999998
0
LINE
8
BLACK
6
CONTINUOUS
10
155.2492649999999799
20
-62.207850999999998
11
155.0961289999999906
21
-62.3191109999999995
0
LINE
8
BLACK
6
CONTINUOUS
10
155.0961289999999906
20
-62.3191109999999995
11
154.9694659999999828
21
-62.4597849999999966
0
LINE
8
BLACK
6
CONTINUOUS
10
154.9694659999999828
20
-62.4597849999999966
11
154.8748209999999972
21
-62.6237149999999971
0
LINE
8
BLACK
6
CONTINUOUS
10
154.8748209999999972
20
-62.6237149999999971
11
154.8748180000000048
21
-62.6237219999999937
0
LINE
8
BLACK
6
CONTINUOUS
10
154.8748180000000048
20
-62.6237219999999937
11
154.8163270000000011
21
-62.8037399999999977
0
LINE
8
BLACK
6
CONTINUOUS
10
154.8163270000000011
20
-62.8037399999999977
11
154.8163260000000037
21
-62.8037439999999947
0
LINE
8
BLACK
6
CONTINUOUS
10
154.8163260000000037
20
-62.8037439999999947
11
154.7965399999999931
21
-62.9919999999999973
0
LINE
8
BLACK
6
CONTINUOUS
10
154.7965399999999931
20
-62.9919999999999973
11
154.8163260000000037
21
-63.180256
0
LINE
8
BLACK
6
CONTINUOUS
10
154.8163260000000037
20
-63.180256
11
154.8163270000000011
21
-63.1802589999999995
0
LINE
8
BLACK
6
CONTINUOUS
10
154.8163270000000011
20
-63.1802589999999995
11
154.8748180000000048
21
-63.3602769999999964
0
LINE
8
BLACK
6
CONTINUOUS
10
154.8748180000000048
20
-63.3602769999999964
11
154.8748209999999972
21
-63.360284
0
LINE
8
BLACK
6
CONTINUOUS
10
154.8748209999999972
20
-63.360284
11
154.9694669999999803
21
-63.5242159999999956
0
LINE
8
BLACK
6
CONTINUOUS
10
154.9694669999999803
20
-63.5242159999999956
11
155.0961289999999906
21
-63.6648879999999977
0
LINE
8
BLACK
6
CONTINUOUS
10
155.0961289999999906
20
-63.6648879999999977
11
155.2492649999999799
21
-63.7761479999999992
0
LINE
8
BLACK
6
CONTINUOUS
10
155.2492649999999799
20
-63.7761479999999992
11
155.2492699999999957
21
-63.7761509999999987
0
LINE
8
BLACK
6
CONTINUOUS
10
155.2492699999999957
20
-63.7761509999999987
11
155.4221919999999955
21
-63.8531419999999983
0
LINE
8
BLACK
6
CONTINUOUS
10
155.4221919999999955
20
-63.8531419999999983
11
155.4221969999999828
21
-63.8531440000000003
0
LINE
8
BLACK
6
CONTINUOUS
10
155.4221969999999828
20
-63.8531440000000003
11
155.6073539999999866
21
-63.8924999999999983
0
LINE
8
BLACK
6
CONTINUOUS
10
155.6073539999999866
20
-63.8924999999999983
11
155.6311919999999986
21
-63.8924999999999983
0
LINE
8
BLACK
6
CONTINUOUS
10
155.6311919999999986
20
-63.8924999999999983
11
155.6982309999999927
21
-63.9121849999999938
0
LINE
8
BLACK
6
CONTINUOUS
10
155.6982309999999927
20
-63.9121849999999938
11
155.7188730000000021
21
-63.9288189999999972
0
LINE
8
BLACK
6
CONTINUOUS
10
155.7188730000000021
20
-63.9288189999999972
11
160.8631910000000005
21
-69.0731370000000027
0
LINE
8
BLACK
6
CONTINUOUS
10
160.8631910000000005
20
-69.0731370000000027
11
160.8966759999999852
21
-69.13445999999999
0
LINE
8
BLACK
6
CONTINUOUS
10
160.8966759999999852
20
-69.13445999999999
11
160.8988300000000038
21
-69.1478510000000028
0
LINE
8
BLACK
6
CONTINUOUS
10
160.8988300000000038
20
-69.1478510000000028
11
160.9123259999999789
21
-69.2762560000000036
0
LINE
8
BLACK
6
CONTINUOUS
10
160.9123259999999789
20
-69.2762560000000036
11
160.9123270000000048
21
-69.276258999999996
0
LINE
8
BLACK
6
CONTINUOUS
10
160.9123270000000048
20
-69.276258999999996
11
160.97081799999998
21
-69.456277
0
LINE
8
BLACK
6
CONTINUOUS
10
160.97081799999998
20
-69.456277
11
160.9708210000000008
21
-69.4562839999999966
0
LINE
8
BLACK
6
CONTINUOUS
10
160.9708210000000008
20
-69.4562839999999966
11
161.065466999999984
21
-69.6202159999999992
0
LINE
8
BLACK
6
CONTINUOUS
10
161.065466999999984
20
-69.6202159999999992
11
161.1921289999999942
21
-69.7608879999999942
0
LINE
8
BLACK
6
CONTINUOUS
10
161.1921289999999942
20
-69.7608879999999942
11
161.3452649999999835
21
-69.8721479999999957
0
LINE
8
BLACK
6
CONTINUOUS
10
161.3452649999999835
20
-69.8721479999999957
11
161.3452699999999993
21
-69.8721510000000023
0
LINE
8
BLACK
6
CONTINUOUS
10
161.3452699999999993
20
-69.8721510000000023
11
161.5181919999999991
21
-69.9491419999999948
0
LINE
8
BLACK
6
CONTINUOUS
10
161.5181919999999991
20
-69.9491419999999948
11
161.5181929999999966
21
-69.9491419999999948
0
LINE
8
BLACK
6
CONTINUOUS
10
161.5181929999999966
20
-69.9491419999999948
11
161.5181969999999865
21
-69.9491439999999898
0
LINE
8
BLACK
6
CONTINUOUS
10
161.5181969999999865
20
-69.9491439999999898
11
161.6997810000000015
21
-69.9877400000000023
0
LINE
8
BLACK
6
CONTINUOUS
10
161.6997810000000015
20
-69.9877400000000023
11
161.7612619999999879
21
-70.0209320000000019
0
LINE
8
BLACK
6
CONTINUOUS
10
161.7612619999999879
20
-70.0209320000000019
11
161.7950390000000027
21
-70.0820949999999954
0
LINE
8
BLACK
6
CONTINUOUS
10
161.7950390000000027
20
-70.0820949999999954
11
161.7980000000000018
21
-70.10902999999999
0
LINE
8
BLACK
6
CONTINUOUS
10
161.7980000000000018
20
-70.10902999999999
11
161.7980000000000018
21
-70.3171820000000025
0
LINE
8
BLACK
6
CONTINUOUS
10
161.7980000000000018
20
-70.3171820000000025
11
161.7783149999999921
21
-70.3842209999999966
0
LINE
8
BLACK
6
CONTINUOUS
10
161.7783149999999921
20
-70.3842209999999966
11
161.7255109999999831
21
-70.4299759999999964
0
LINE
8
BLACK
6
CONTINUOUS
10
161.7255109999999831
20
-70.4299759999999964
11
161.6563529999999957
21
-70.4399200000000008
0
LINE
8
BLACK
6
CONTINUOUS
10
161.6563529999999957
20
-70.4399200000000008
11
161.601114999999993
21
-70.4174999999999898
0
LINE
8
BLACK
6
CONTINUOUS
10
161.601114999999993
20
-70.4174999999999898
11
161.4887339999999938
21
-70.335850999999991
0
LINE
8
BLACK
6
CONTINUOUS
10
161.4887339999999938
20
-70.335850999999991
11
161.4887290000000064
21
-70.3358479999999986
0
LINE
8
BLACK
6
CONTINUOUS
10
161.4887290000000064
20
-70.3358479999999986
11
161.3158070000000066
21
-70.2588569999999919
0
LINE
8
BLACK
6
CONTINUOUS
10
161.3158070000000066
20
-70.2588569999999919
11
161.3158019999999908
21
-70.2588549999999969
0
LINE
8
BLACK
6
CONTINUOUS
10
161.3158019999999908
20
-70.2588549999999969
11
161.170000999999985
21
-70.2278649999999942
0
LINE
8
BLACK
6
CONTINUOUS
10
161.170000999999985
20
-70.2278649999999942
11
161.1306459999999845
21
-70.2194999999999965
0
LINE
8
BLACK
6
CONTINUOUS
10
161.1306459999999845
20
-70.2194999999999965
11
160.9413539999999898
21
-70.2194999999999965
0
LINE
8
BLACK
6
CONTINUOUS
10
160.9413539999999898
20
-70.2194999999999965
11
160.9088969999999961
21
-70.2263980000000032
0
LINE
8
BLACK
6
CONTINUOUS
10
160.9088969999999961
20
-70.2263980000000032
11
160.756196999999986
21
-70.2588549999999969
0
LINE
8
BLACK
6
CONTINUOUS
10
160.756196999999986
20
-70.2588549999999969
11
160.7561919999999986
21
-70.2588569999999919
0
LINE
8
BLACK
6
CONTINUOUS
10
160.7561919999999986
20
-70.2588569999999919
11
160.5832699999999988
21
-70.3358479999999986
0
LINE
8
BLACK
6
CONTINUOUS
10
160.5832699999999988
20
-70.3358479999999986
11
160.583264999999983
21
-70.335850999999991
0
LINE
8
BLACK
6
CONTINUOUS
10
160.583264999999983
20
-70.335850999999991
11
160.4301289999999938
21
-70.4471109999999925
0
LINE
8
BLACK
6
CONTINUOUS
10
160.4301289999999938
20
-70.4471109999999925
11
160.303465999999986
21
-70.5877849999999967
0
LINE
8
BLACK
6
CONTINUOUS
10
160.303465999999986
20
-70.5877849999999967
11
160.2088210000000004
21
-70.7517149999999901
0
LINE
8
BLACK
6
CONTINUOUS
10
160.2088210000000004
20
-70.7517149999999901
11
160.2088179999999795
21
-70.7517220000000009
0
LINE
8
BLACK
6
CONTINUOUS
10
160.2088179999999795
20
-70.7517220000000009
11
160.1503270000000043
21
-70.9317399999999907
0
LINE
8
BLACK
6
CONTINUOUS
10
160.1503270000000043
20
-70.9317399999999907
11
160.1503260000000068
21
-70.9317439999999948
0
LINE
8
BLACK
6
CONTINUOUS
10
160.1503260000000068
20
-70.9317439999999948
11
160.1305399999999963
21
-71.1199999999999903
0
LINE
8
BLACK
6
CONTINUOUS
10
160.1305399999999963
20
-71.1199999999999903
11
160.1503260000000068
21
-71.3082560000000001
0
LINE
8
BLACK
6
CONTINUOUS
10
160.1503260000000068
20
-71.3082560000000001
11
160.1503270000000043
21
-71.3082589999999925
0
LINE
8
BLACK
6
CONTINUOUS
10
160.1503270000000043
20
-71.3082589999999925
11
160.2088179999999795
21
-71.4882769999999965
0
LINE
8
BLACK
6
CONTINUOUS
10
160.2088179999999795
20
-71.4882769999999965
11
160.2088210000000004
21
-71.4882839999999931
0
LINE
8
BLACK
6
CONTINUOUS
10
160.2088210000000004
20
-71.4882839999999931
11
160.3034669999999835
21
-71.6522159999999957
0
LINE
8
BLACK
6
CONTINUOUS
10
160.3034669999999835
20
-71.6522159999999957
11
160.3845589999999959
21
-71.7422770000000014
0
LINE
8
BLACK
6
CONTINUOUS
10
160.3845589999999959
20
-71.7422770000000014
11
160.4301289999999938
21
-71.7928879999999907
0
LINE
8
BLACK
6
CONTINUOUS
10
160.4301289999999938
20
-71.7928879999999907
11
160.583264999999983
21
-71.9041479999999922
0
LINE
8
BLACK
6
CONTINUOUS
10
160.583264999999983
20
-71.9041479999999922
11
160.5832699999999988
21
-71.9041509999999988
0
LINE
8
BLACK
6
CONTINUOUS
10
160.5832699999999988
20
-71.9041509999999988
11
160.7561919999999986
21
-71.9811419999999913
0
LINE
8
BLACK
6
CONTINUOUS
10
160.7561919999999986
20
-71.9811419999999913
11
160.756196999999986
21
-71.9811440000000005
0
LINE
8
BLACK
6
CONTINUOUS
10
160.756196999999986
20
-71.9811440000000005
11
160.9057899999999961
21
-72.0129400000000004
0
LINE
8
BLACK
6
CONTINUOUS
10
160.9057899999999961
20
-72.0129400000000004
11
160.9123929999999802
21
-72.0095769999999931
0
LINE
8
BLACK
6
CONTINUOUS
10
160.9123929999999802
20
-72.0095769999999931
11
161.0360000000000014
21
-71.9899999999999949
0
LINE
8
BLACK
6
CONTINUOUS
10
161.0360000000000014
20
-71.9899999999999949
11
161.1596069999999941
21
-72.0095769999999931
0
LINE
8
BLACK
6
CONTINUOUS
10
161.1596069999999941
20
-72.0095769999999931
11
161.1662089999999807
21
-72.0129400000000004
0
LINE
8
BLACK
6
CONTINUOUS
10
161.1662089999999807
20
-72.0129400000000004
11
161.3158029999999883
21
-71.9811440000000005
0
LINE
8
BLACK
6
CONTINUOUS
10
161.3158029999999883
20
-71.9811440000000005
11
161.4887300000000039
21
-71.9041509999999988
0
LINE
8
BLACK
6
CONTINUOUS
10
161.4887300000000039
20
-71.9041509999999988
11
161.601114999999993
21
-71.8224989999999934
0
LINE
8
BLACK
6
CONTINUOUS
10
161.601114999999993
20
-71.8224989999999934
11
161.6669210000000021
21
-71.7990190000000013
0
LINE
8
BLACK
6
CONTINUOUS
10
161.6669210000000021
20
-71.7990190000000013
11
161.7349749999999915
21
-71.8148439999999937
0
LINE
8
BLACK
6
CONTINUOUS
10
161.7349749999999915
20
-71.8148439999999937
11
161.7836700000000008
21
-71.8649499999999932
0
LINE
8
BLACK
6
CONTINUOUS
10
161.7836700000000008
20
-71.8649499999999932
11
161.7980000000000018
21
-71.9228169999999949
0
LINE
8
BLACK
6
CONTINUOUS
10
161.7980000000000018
20
-71.9228169999999949
11
161.7980000000000018
21
-89.4227419999999995
0
LINE
8
BLACK
6
CONTINUOUS
10
161.7980000000000018
20
-89.4227419999999995
11
161.7783149999999921
21
-89.4897809999999936
0
LINE
8
BLACK
6
CONTINUOUS
10
161.7783149999999921
20
-89.4897809999999936
11
161.7255109999999831
21
-89.5355359999999934
0
LINE
8
BLACK
6
CONTINUOUS
10
161.7255109999999831
20
-89.5355359999999934
11
161.6563529999999957
21
-89.5454799999999977
0
LINE
8
BLACK
6
CONTINUOUS
10
161.6563529999999957
20
-89.5454799999999977
11
161.6028759999999806
21
-89.5243169999999964
0
LINE
8
BLACK
6
CONTINUOUS
10
161.6028759999999806
20
-89.5243169999999964
11
161.4748179999999991
21
-89.4346499999999907
0
LINE
8
BLACK
6
CONTINUOUS
10
161.4748179999999991
20
-89.4346499999999907
11
161.2607319999999902
21
-89.3348199999999935
0
LINE
8
BLACK
6
CONTINUOUS
10
161.2607319999999902
20
-89.3348199999999935
11
161.2607260000000053
21
-89.334817000000001
0
LINE
8
BLACK
6
CONTINUOUS
10
161.2607260000000053
20
-89.334817000000001
11
161.047239999999988
21
-89.2776139999999998
0
LINE
8
BLACK
6
CONTINUOUS
10
161.047239999999988
20
-89.2776139999999998
11
161.047239999999988
21
-89.797159999999991
0
LINE
8
BLACK
6
CONTINUOUS
10
161.047239999999988
20
-89.797159999999991
11
161.0599039999999889
21
-89.7998520000000013
0
LINE
8
BLACK
6
CONTINUOUS
10
161.0599039999999889
20
-89.7998520000000013
11
161.2222399999999993
21
-89.8721279999999894
0
LINE
8
BLACK
6
CONTINUOUS
10
161.2222399999999993
20
-89.8721279999999894
11
161.3660009999999829
21
-89.9765769999999918
0
LINE
8
BLACK
6
CONTINUOUS
10
161.3660009999999829
20
-89.9765769999999918
11
161.4849040000000002
21
-90.1086329999999975
0
LINE
8
BLACK
6
CONTINUOUS
10
161.4849040000000002
20
-90.1086329999999975
11
161.5737539999999797
21
-90.2625239999999991
0
LINE
8
BLACK
6
CONTINUOUS
10
161.5737539999999797
20
-90.2625239999999991
11
161.6286649999999838
21
-90.4315249999999935
0
LINE
8
BLACK
6
CONTINUOUS
10
161.6286649999999838
20
-90.4315249999999935
11
161.6472399999999823
21
-90.6082499999999982
0
LINE
8
BLACK
6
CONTINUOUS
10
161.6472399999999823
20
-90.6082499999999982
11
161.6286649999999838
21
-90.7849750000000029
0
LINE
8
BLACK
6
CONTINUOUS
10
161.6286649999999838
20
-90.7849750000000029
11
161.5737539999999797
21
-90.9539759999999973
0
LINE
8
BLACK
6
CONTINUOUS
10
161.5737539999999797
20
-90.9539759999999973
11
161.4849040000000002
21
-91.1078669999999988
0
LINE
8
BLACK
6
CONTINUOUS
10
161.4849040000000002
20
-91.1078669999999988
11
161.3660009999999829
21
-91.2399229999999903
0
LINE
8
BLACK
6
CONTINUOUS
10
161.3660009999999829
20
-91.2399229999999903
11
161.2222399999999993
21
-91.3443719999999928
0
LINE
8
BLACK
6
CONTINUOUS
10
161.2222399999999993
20
-91.3443719999999928
11
161.0599039999999889
21
-91.416647999999995
0
LINE
8
BLACK
6
CONTINUOUS
10
161.0599039999999889
20
-91.416647999999995
11
160.8860889999999984
21
-91.4535939999999954
0
LINE
8
BLACK
6
CONTINUOUS
10
160.8860889999999984
20
-91.4535939999999954
11
160.708391000000006
21
-91.4535939999999954
0
LINE
8
BLACK
6
CONTINUOUS
10
160.708391000000006
20
-91.4535939999999954
11
160.5345759999999871
21
-91.416647999999995
0
LINE
8
BLACK
6
CONTINUOUS
10
160.5345759999999871
20
-91.416647999999995
11
160.372240000000005
21
-91.3443719999999928
0
LINE
8
BLACK
6
CONTINUOUS
10
160.372240000000005
20
-91.3443719999999928
11
160.228478999999993
21
-91.2399229999999903
0
LINE
8
BLACK
6
CONTINUOUS
10
160.228478999999993
20
-91.2399229999999903
11
160.1095760000000041
21
-91.1078669999999988
0
LINE
8
BLACK
6
CONTINUOUS
10
160.1095760000000041
20
-91.1078669999999988
11
160.0207259999999962
21
-90.9539759999999973
0
LINE
8
BLACK
6
CONTINUOUS
10
160.0207259999999962
20
-90.9539759999999973
11
159.9896229999999946
21
-90.8582499999999982
0
LINE
8
BLACK
6
CONTINUOUS
10
159.9896229999999946
20
-90.8582499999999982
11
159.4666039999999896
21
-90.8582499999999982
0
LINE
8
BLACK
6
CONTINUOUS
10
159.4666039999999896
20
-90.8582499999999982
11
159.523807000000005
21
-91.0717360000000014
0
LINE
8
BLACK
6
CONTINUOUS
10
159.523807000000005
20
-91.0717360000000014
11
159.5238099999999974
21
-91.0717420000000004
0
LINE
8
BLACK
6
CONTINUOUS
10
159.5238099999999974
20
-91.0717420000000004
11
159.6236389999999972
21
-91.2858279999999951
0
LINE
8
BLACK
6
CONTINUOUS
10
159.6236389999999972
20
-91.2858279999999951
11
159.7591339999999889
21
-91.4793319999999994
0
LINE
8
BLACK
6
CONTINUOUS
10
159.7591339999999889
20
-91.4793319999999994
11
159.9261569999999892
21
-91.6463549999999998
0
LINE
8
BLACK
6
CONTINUOUS
10
159.9261569999999892
20
-91.6463549999999998
11
160.0347950000000026
21
-91.7224250000000012
0
LINE
8
BLACK
6
CONTINUOUS
10
160.0347950000000026
20
-91.7224250000000012
11
160.0784199999999942
21
-91.777001999999996
0
LINE
8
BLACK
6
CONTINUOUS
10
160.0784199999999942
20
-91.777001999999996
11
160.0856119999999976
21
-91.8465009999999893
0
LINE
8
BLACK
6
CONTINUOUS
10
160.0856119999999976
20
-91.8465009999999893
11
160.0540900000000022
21
-91.9088550000000026
0
LINE
8
BLACK
6
CONTINUOUS
10
160.0540900000000022
20
-91.9088550000000026
11
159.9938599999999838
21
-91.9442689999999914
0
LINE
8
BLACK
6
CONTINUOUS
10
159.9938599999999838
20
-91.9442689999999914
11
159.9636710000000051
21
-91.9479999999999933
0
LINE
8
BLACK
6
CONTINUOUS
10
159.9636710000000051
20
-91.9479999999999933
11
137.7850929999999892
21
-91.9479999999999933
0
LINE
8
BLACK
6
CONTINUOUS
10
137.7850929999999892
20
-91.9479999999999933
11
137.7729389999999796
21
-91.9474029999999942
0
LINE
8
BLACK
6
CONTINUOUS
10
137.7729389999999796
20
-91.9474029999999942
11
137.5960649999999816
21
-91.9299819999999954
0
LINE
8
BLACK
6
CONTINUOUS
10
137.5960649999999816
20
-91.9299819999999954
11
137.5722240000000056
21
-91.9252400000000023
0
LINE
8
BLACK
6
CONTINUOUS
10
137.5722240000000056
20
-91.9252400000000023
11
137.4080009999999845
21
-91.8754239999999953
0
LINE
8
BLACK
6
CONTINUOUS
10
137.4080009999999845
20
-91.8754239999999953
11
137.3855429999999842
21
-91.8661209999999926
0
LINE
8
BLACK
6
CONTINUOUS
10
137.3855429999999842
20
-91.8661209999999926
11
137.2342009999999846
21
-91.7852269999999919
0
LINE
8
BLACK
6
CONTINUOUS
10
137.2342009999999846
20
-91.7852269999999919
11
137.213988999999998
21
-91.7717219999999969
0
LINE
8
BLACK
6
CONTINUOUS
10
137.213988999999998
20
-91.7717219999999969
11
137.0813330000000008
21
-91.6628539999999958
0
LINE
8
BLACK
6
CONTINUOUS
10
137.0813330000000008
20
-91.6628539999999958
11
137.0641449999999963
21
-91.6456659999999914
0
LINE
8
BLACK
6
CONTINUOUS
10
137.0641449999999963
20
-91.6456659999999914
11
136.9552769999999953
21
-91.5130099999999942
0
LINE
8
BLACK
6
CONTINUOUS
10
136.9552769999999953
20
-91.5130099999999942
11
136.9417719999999861
21
-91.4927979999999934
0
LINE
8
BLACK
6
CONTINUOUS
10
136.9417719999999861
20
-91.4927979999999934
11
136.8608769999999879
21
-91.3414530000000013
0
LINE
8
BLACK
6
CONTINUOUS
10
136.8608769999999879
20
-91.3414530000000013
11
136.8515749999999969
21
-91.3189979999999935
0
LINE
8
BLACK
6
CONTINUOUS
10
136.8515749999999969
20
-91.3189979999999935
11
136.8017569999999807
21
-91.1547690000000017
0
LINE
8
BLACK
6
CONTINUOUS
10
136.8017569999999807
20
-91.1547690000000017
11
136.79701799999998
21
-91.1309409999999929
0
LINE
8
BLACK
6
CONTINUOUS
10
136.79701799999998
20
-91.1309409999999929
11
136.7795969999999954
21
-90.9540609999999958
0
LINE
8
BLACK
6
CONTINUOUS
10
136.7795969999999954
20
-90.9540609999999958
11
136.7789999999999964
21
-90.9419070000000005
0
LINE
8
BLACK
6
CONTINUOUS
10
136.7789999999999964
20
-90.9419070000000005
11
136.7789999999999964
21
-88.0796539999999908
0
LINE
8
BLACK
6
CONTINUOUS
10
136.7789999999999964
20
-88.0796539999999908
11
136.7789999999999964
21
-85.7822499999999906
0
LINE
8
BLACK
6
CONTINUOUS
10
136.7789999999999964
20
-85.7822499999999906
11
136.7789999999999964
21
-82.2949040000000025
0
LINE
8
BLACK
6
CONTINUOUS
10
136.7789999999999964
20
-82.2949040000000025
11
136.7789999999999964
21
-79.8715649999999897
0
LINE
8
BLACK
6
CONTINUOUS
10
136.7789999999999964
20
-79.8715649999999897
11
136.7789999999999964
21
-77.9082499999999953
0
LINE
8
BLACK
6
CONTINUOUS
10
136.7789999999999964
20
-77.9082499999999953
11
136.7789999999999964
21
-73.0822500000000019
0
LINE
8
BLACK
6
CONTINUOUS
10
136.7789999999999964
20
-73.0822500000000019
11
136.7789999999999964
21
-71.3739999999999952
0
LINE
8
BLACK
6
CONTINUOUS
10
136.7789999999999964
20
-71.3739999999999952
11
136.7789999999999964
21
-65.5319999999999965
0
LINE
8
BLACK
6
CONTINUOUS
10
136.7789999999999964
20
-65.5319999999999965
11
136.7789999999999964
21
-61.8794039999999939
0
LINE
8
BLACK
6
CONTINUOUS
10
136.7789999999999964
20
-61.8794039999999939
11
136.7986850000000061
21
-61.8123649999999998
0
LINE
8
BLACK
6
CONTINUOUS
10
136.7986850000000061
20
-61.8123649999999998
11
136.8514889999999866
21
-61.76661
0
LINE
8
BLACK
6
CONTINUOUS
10
136.8514889999999866
20
-61.76661
11
136.9206470000000024
21
-61.7566659999999956
0
LINE
8
BLACK
6
CONTINUOUS
10
136.9206470000000024
20
-61.7566659999999956
11
136.9614509999999825
21
-61.7700449999999961
0
LINE
8
BLACK
6
CONTINUOUS
10
136.9614509999999825
20
-61.7700449999999961
11
137.0152730000000076
21
-61.7988140000000001
0
LINE
8
BLACK
6
CONTINUOUS
10
137.0152730000000076
20
-61.7988140000000001
11
137.2038679999999999
21
-61.8560239999999979
0
LINE
8
BLACK
6
CONTINUOUS
10
137.2038679999999999
20
-61.8560239999999979
11
137.4000000000000057
21
-61.8753409999999988
0
LINE
8
BLACK
6
CONTINUOUS
10
137.4000000000000057
20
-61.8753409999999988
11
137.596131999999983
21
-61.8560239999999979
0
LINE
8
BLACK
6
CONTINUOUS
10
137.596131999999983
20
-61.8560239999999979
11
137.7847270000000037
21
-61.7988140000000001
0
LINE
8
BLACK
6
CONTINUOUS
10
137.7847270000000037
20
-61.7988140000000001
11
137.9585380000000043
21
-61.7059099999999958
0
LINE
8
BLACK
6
CONTINUOUS
10
137.9585380000000043
20
-61.7059099999999958
11
137.9585439999999892
21
-61.7059039999999968
0
LINE
8
BLACK
6
CONTINUOUS
10
137.9585439999999892
20
-61.7059039999999968
11
137.9636069999999961
21
-61.7025229999999993
0
LINE
8
BLACK
6
CONTINUOUS
10
137.9636069999999961
20
-61.7025229999999993
11
137.9647029999999859
21
-61.7041639999999987
0
LINE
8
BLACK
6
CONTINUOUS
10
137.9647029999999859
20
-61.7041639999999987
11
138.0206389999999885
21
-61.6804050000000004
0
LINE
8
BLACK
6
CONTINUOUS
10
138.0206389999999885
20
-61.6804050000000004
11
138.0895069999999976
21
-61.6921940000000006
0
LINE
8
BLACK
6
CONTINUOUS
10
138.0895069999999976
20
-61.6921940000000006
11
138.1061479999999904
21
-61.7028879999999944
0
LINE
8
BLACK
6
CONTINUOUS
10
138.1061479999999904
20
-61.7028879999999944
11
138.1063929999999971
21
-61.7025229999999993
0
LINE
8
BLACK
6
CONTINUOUS
10
138.1063929999999971
20
-61.7025229999999993
11
138.1114579999999989
21
-61.7059069999999963
0
LINE
8
BLACK
6
CONTINUOUS
10
138.1114579999999989
20
-61.7059069999999963
11
138.1114619999999888
21
-61.7059099999999958
0
LINE
8
BLACK
6
CONTINUOUS
10
138.1114619999999888
20
-61.7059099999999958
11
138.2852729999999895
21
-61.7988140000000001
0
LINE
8
BLACK
6
CONTINUOUS
10
138.2852729999999895
20
-61.7988140000000001
11
138.4738679999999817
21
-61.8560239999999979
0
LINE
8
BLACK
6
CONTINUOUS
10
138.4738679999999817
20
-61.8560239999999979
11
138.6699999999999875
21
-61.8753409999999988
0
LINE
8
BLACK
6
CONTINUOUS
10
138.6699999999999875
20
-61.8753409999999988
11
138.8661319999999932
21
-61.8560239999999979
0
LINE
8
BLACK
6
CONTINUOUS
10
138.8661319999999932
20
-61.8560239999999979
11
139.0547269999999855
21
-61.7988140000000001
0
LINE
8
BLACK
6
CONTINUOUS
10
139.0547269999999855
20
-61.7988140000000001
11
139.1149769999999819
21
-61.76661
0
LINE
8
BLACK
6
CONTINUOUS
10
139.1149769999999819
20
-61.76661
11
139.2285320000000013
21
-61.7059129999999953
0
LINE
8
BLACK
6
CONTINUOUS
10
139.2285320000000013
20
-61.7059129999999953
11
139.2285379999999861
21
-61.7059099999999958
0
LINE
8
BLACK
6
CONTINUOUS
10
139.2285379999999861
20
-61.7059099999999958
11
139.380882999999983
21
-61.580883
0
LINE
8
BLACK
6
CONTINUOUS
10
139.380882999999983
20
-61.580883
11
139.5059100000000001
21
-61.4285379999999961
0
LINE
8
BLACK
6
CONTINUOUS
10
139.5059100000000001
20
-61.4285379999999961
11
139.5988140000000044
21
-61.2547269999999955
0
LINE
8
BLACK
6
CONTINUOUS
10
139.5988140000000044
20
-61.2547269999999955
11
139.6560240000000022
21
-61.0661319999999961
0
LINE
8
BLACK
6
CONTINUOUS
10
139.6560240000000022
20
-61.0661319999999961
11
139.6753410000000031
21
-60.8699999999999974
0
LINE
8
BLACK
6
CONTINUOUS
10
139.6753410000000031
20
-60.8699999999999974
11
139.6560240000000022
21
-60.6738679999999988
0
LINE
8
BLACK
6
CONTINUOUS
10
139.6560240000000022
20
-60.6738679999999988
11
139.5988140000000044
21
-60.4852729999999994
0
LINE
8
BLACK
6
CONTINUOUS
10
139.5988140000000044
20
-60.4852729999999994
11
139.5059100000000001
21
-60.3114619999999988
0
LINE
8
BLACK
6
CONTINUOUS
10
139.5059100000000001
20
-60.3114619999999988
11
139.5059059999999818
21
-60.3114569999999972
0
LINE
8
BLACK
6
CONTINUOUS
10
139.5059059999999818
20
-60.3114569999999972
11
139.5025259999999889
21
-60.306398999999999
0
LINE
8
BLACK
6
CONTINUOUS
10
139.5025259999999889
20
-60.306398999999999
11
139.5040439999999933
21
-60.3053839999999965
0
LINE
8
BLACK
6
CONTINUOUS
10
139.5040439999999933
20
-60.3053839999999965
11
139.4800809999999842
21
-60.2489619999999988
0
LINE
8
BLACK
6
CONTINUOUS
10
139.4800809999999842
20
-60.2489619999999988
11
139.4918720000000008
21
-60.1800939999999969
0
LINE
8
BLACK
6
CONTINUOUS
10
139.4918720000000008
20
-60.1800939999999969
11
139.5024919999999895
21
-60.163573999999997
0
LINE
8
BLACK
6
CONTINUOUS
10
139.5024919999999895
20
-60.163573999999997
11
139.5021109999999851
21
-60.1633199999999988
0
LINE
8
BLACK
6
CONTINUOUS
10
139.5021109999999851
20
-60.1633199999999988
11
139.5054969999999912
21
-60.1582519999999974
0
LINE
8
BLACK
6
CONTINUOUS
10
139.5054969999999912
20
-60.1582519999999974
11
139.5983469999999897
21
-59.9845410000000001
0
LINE
8
BLACK
6
CONTINUOUS
10
139.5983469999999897
20
-59.9845410000000001
11
139.6391600000000039
21
-59.8499999999999943
0
LINE
8
BLACK
6
CONTINUOUS
10
139.6391600000000039
20
-59.8499999999999943
11
139.0999070000000017
21
-59.8499999999999943
0
LINE
8
BLACK
6
CONTINUOUS
10
139.0999070000000017
20
-59.8499999999999943
11
139.0906269999999836
21
-59.8703199999999995
0
LINE
8
BLACK
6
CONTINUOUS
10
139.0906269999999836
20
-59.8703199999999995
11
138.9974299999999801
21
-59.9778749999999974
0
LINE
8
BLACK
6
CONTINUOUS
10
138.9974299999999801
20
-59.9778749999999974
11
138.8777079999999842
21
-60.0548159999999953
0
LINE
8
BLACK
6
CONTINUOUS
10
138.8777079999999842
20
-60.0548159999999953
11
138.741156999999987
21
-60.0949109999999962
0
LINE
8
BLACK
6
CONTINUOUS
10
138.741156999999987
20
-60.0949109999999962
11
138.598842999999988
21
-60.0949109999999962
0
LINE
8
BLACK
6
CONTINUOUS
10
138.598842999999988
20
-60.0949109999999962
11
138.4622919999999908
21
-60.0548159999999953
0
LINE
8
BLACK
6
CONTINUOUS
10
138.4622919999999908
20
-60.0548159999999953
11
138.3425699999999949
21
-59.9778749999999974
0
LINE
8
BLACK
6
CONTINUOUS
10
138.3425699999999949
20
-59.9778749999999974
11
138.2493729999999914
21
-59.8703199999999995
0
LINE
8
BLACK
6
CONTINUOUS
10
138.2493729999999914
20
-59.8703199999999995
11
138.2400930000000017
21
-59.8499999999999943
0
LINE
8
BLACK
6
CONTINUOUS
10
138.2400930000000017
20
-59.8499999999999943
11
137.8299069999999915
21
-59.8499999999999943
0
LINE
8
BLACK
6
CONTINUOUS
10
137.8299069999999915
20
-59.8499999999999943
11
137.8206270000000018
21
-59.8703199999999995
0
LINE
8
BLACK
6
CONTINUOUS
10
137.8206270000000018
20
-59.8703199999999995
11
137.7274299999999982
21
-59.9778749999999974
0
LINE
8
BLACK
6
CONTINUOUS
10
137.7274299999999982
20
-59.9778749999999974
11
137.6077080000000024
21
-60.0548159999999953
0
LINE
8
BLACK
6
CONTINUOUS
10
137.6077080000000024
20
-60.0548159999999953
11
137.4711570000000052
21
-60.0949109999999962
0
LINE
8
BLACK
6
CONTINUOUS
10
137.4711570000000052
20
-60.0949109999999962
11
137.3288430000000062
21
-60.0949109999999962
0
LINE
8
BLACK
6
CONTINUOUS
10
137.3288430000000062
20
-60.0949109999999962
11
137.1922919999999806
21
-60.0548159999999953
0
LINE
8
BLACK
6
CONTINUOUS
10
137.1922919999999806
20
-60.0548159999999953
11
137.0725699999999847
21
-59.9778749999999974
0
LINE
8
BLACK
6
CONTINUOUS
10
137.0725699999999847
20
-59.9778749999999974
11
136.9793729999999812
21
-59.8703199999999995
0
LINE
8
BLACK
6
CONTINUOUS
10
136.9793729999999812
20
-59.8703199999999995
11
136.9202539999999999
21
-59.7408659999999969
0
LINE
8
BLACK
6
CONTINUOUS
10
136.9202539999999999
20
-59.7408659999999969
11
136.9000000000000057
21
-59.5999999999999943
0
LINE
8
BLACK
6
CONTINUOUS
10
136.9000000000000057
20
-59.5999999999999943
11
136.9202539999999999
21
-59.4591339999999988
0
LINE
8
BLACK
6
CONTINUOUS
10
136.9202539999999999
20
-59.4591339999999988
11
136.9793729999999812
21
-59.3296799999999962
0
LINE
8
BLACK
6
CONTINUOUS
10
136.9793729999999812
20
-59.3296799999999962
11
137.0725699999999847
21
-59.2221249999999984
0
LINE
8
BLACK
6
CONTINUOUS
10
137.0725699999999847
20
-59.2221249999999984
11
137.1922919999999806
21
-59.1451840000000004
0
LINE
8
BLACK
6
CONTINUOUS
10
137.1922919999999806
20
-59.1451840000000004
11
137.3288430000000062
21
-59.1050889999999995
0
LINE
8
BLACK
6
CONTINUOUS
10
137.3288430000000062
20
-59.1050889999999995
11
137.4711570000000052
21
-59.1050889999999995
0
LINE
8
BLACK
6
CONTINUOUS
10
137.4711570000000052
20
-59.1050889999999995
11
137.6077080000000024
21
-59.1451840000000004
0
LINE
8
BLACK
6
CONTINUOUS
10
137.6077080000000024
20
-59.1451840000000004
11
137.7274299999999982
21
-59.2221249999999984
0
LINE
8
BLACK
6
CONTINUOUS
10
137.7274299999999982
20
-59.2221249999999984
11
137.8206270000000018
21
-59.3296799999999962
0
LINE
8
BLACK
6
CONTINUOUS
10
137.8206270000000018
20
-59.3296799999999962
11
137.8299069999999915
21
-59.3499999999999943
0
LINE
8
BLACK
6
CONTINUOUS
10
137.8299069999999915
20
-59.3499999999999943
11
138.2400930000000017
21
-59.3499999999999943
0
LINE
8
BLACK
6
CONTINUOUS
10
138.2400930000000017
20
-59.3499999999999943
11
138.2493729999999914
21
-59.3296799999999962
0
LINE
8
BLACK
6
CONTINUOUS
10
138.2493729999999914
20
-59.3296799999999962
11
138.3425699999999949
21
-59.2221249999999984
0
LINE
8
BLACK
6
CONTINUOUS
10
138.3425699999999949
20
-59.2221249999999984
11
138.4622919999999908
21
-59.1451840000000004
0
LINE
8
BLACK
6
CONTINUOUS
10
138.4622919999999908
20
-59.1451840000000004
11
138.598842999999988
21
-59.1050889999999995
0
LINE
8
BLACK
6
CONTINUOUS
10
138.598842999999988
20
-59.1050889999999995
11
138.741156999999987
21
-59.1050889999999995
0
LINE
8
BLACK
6
CONTINUOUS
10
138.741156999999987
20
-59.1050889999999995
11
138.8777079999999842
21
-59.1451840000000004
0
LINE
8
BLACK
6
CONTINUOUS
10
138.8777079999999842
20
-59.1451840000000004
11
138.9974299999999801
21
-59.2221249999999984
0
LINE
8
BLACK
6
CONTINUOUS
10
138.9974299999999801
20
-59.2221249999999984
11
139.0906269999999836
21
-59.3296799999999962
0
LINE
8
BLACK
6
CONTINUOUS
10
139.0906269999999836
20
-59.3296799999999962
11
139.0999070000000017
21
-59.3499999999999943
0
LINE
8
BLACK
6
CONTINUOUS
10
139.0999070000000017
20
-59.3499999999999943
11
139.6391600000000039
21
-59.3499999999999943
0
LINE
8
BLACK
6
CONTINUOUS
10
139.6391600000000039
20
-59.3499999999999943
11
139.6391600000000039
21
-59.3499989999999968
0
LINE
8
BLACK
6
CONTINUOUS
10
139.6391600000000039
20
-59.3499989999999968
11
139.5983469999999897
21
-59.2154579999999982
0
LINE
8
BLACK
6
CONTINUOUS
10
139.5983469999999897
20
-59.2154579999999982
11
139.5054959999999937
21
-59.0417459999999963
0
LINE
8
BLACK
6
CONTINUOUS
10
139.5054959999999937
20
-59.0417459999999963
11
139.5054920000000038
21
-59.0417389999999997
0
LINE
8
BLACK
6
CONTINUOUS
10
139.5054920000000038
20
-59.0417389999999997
11
139.3805260000000033
21
-58.8894689999999983
0
LINE
8
BLACK
6
CONTINUOUS
10
139.3805260000000033
20
-58.8894689999999983
11
139.3767379999999889
21
-58.8856809999999982
0
LINE
8
BLACK
6
CONTINUOUS
10
139.3767379999999889
20
-58.8856809999999982
11
139.3432530000000042
21
-58.8243579999999966
0
LINE
8
BLACK
6
CONTINUOUS
10
139.3432530000000042
20
-58.8243579999999966
11
139.3482369999999833
21
-58.7546660000000003
0
LINE
8
BLACK
6
CONTINUOUS
10
139.3482369999999833
20
-58.7546660000000003
11
139.3901089999999954
21
-58.6987329999999972
0
LINE
8
BLACK
6
CONTINUOUS
10
139.3901089999999954
20
-58.6987329999999972
11
139.4555729999999869
21
-58.6743159999999975
0
LINE
8
BLACK
6
CONTINUOUS
10
139.4555729999999869
20
-58.6743159999999975
11
139.4644189999999924
21
-58.6739999999999995
0
LINE
8
BLACK
6
CONTINUOUS
10
139.4644189999999924
20
-58.6739999999999995
11
156.4580699999999922
21
-58.6739999999999995
0
LINE
8
BLACK
6
CONTINUOUS
10
156.4580699999999922
20
-58.6739999999999995
11
156.5251089999999863
21
-58.693684999999995
0
LINE
8
BLACK
6
CONTINUOUS
10
160.3337530000000015
20
-89.334817000000001
11
160.3337469999999882
21
-89.3348199999999935
0
LINE
8
BLACK
6
CONTINUOUS
10
160.3337469999999882
20
-89.3348199999999935
11
160.1196620000000053
21
-89.4346489999999932
0
LINE
8
BLACK
6
CONTINUOUS
10
160.1196620000000053
20
-89.4346489999999932
11
160.1196599999999819
21
-89.4346499999999907
0
LINE
8
BLACK
6
CONTINUOUS
10
160.1196599999999819
20
-89.4346499999999907
11
159.9261659999999949
21
-89.5701359999999909
0
LINE
8
BLACK
6
CONTINUOUS
10
159.9261659999999949
20
-89.5701359999999909
11
159.9261599999999817
21
-89.5701409999999925
0
LINE
8
BLACK
6
CONTINUOUS
10
159.9261599999999817
20
-89.5701409999999925
11
159.7591309999999964
21
-89.7371699999999919
0
LINE
8
BLACK
6
CONTINUOUS
10
159.7591309999999964
20
-89.7371699999999919
11
159.7591259999999806
21
-89.7371759999999909
0
LINE
8
BLACK
6
CONTINUOUS
10
159.7591259999999806
20
-89.7371759999999909
11
159.6236399999999946
21
-89.9306699999999921
0
LINE
8
BLACK
6
CONTINUOUS
10
159.6236399999999946
20
-89.9306699999999921
11
159.6236389999999972
21
-89.9306720000000013
0
LINE
8
BLACK
6
CONTINUOUS
10
159.6236389999999972
20
-89.9306720000000013
11
159.5238099999999974
21
-90.1447569999999985
0
LINE
8
BLACK
6
CONTINUOUS
10
159.5238099999999974
20
-90.1447569999999985
11
159.523807000000005
21
-90.1447629999999975
0
LINE
8
BLACK
6
CONTINUOUS
10
159.523807000000005
20
-90.1447629999999975
11
159.4666039999999896
21
-90.3582490000000007
0
LINE
8
BLACK
6
CONTINUOUS
10
159.4666039999999896
20
-90.3582490000000007
11
159.4666039999999896
21
-90.3582499999999982
0
LINE
8
BLACK
6
CONTINUOUS
10
159.4666039999999896
20
-90.3582499999999982
11
159.9896229999999946
21
-90.3582499999999982
0
LINE
8
BLACK
6
CONTINUOUS
10
159.9896229999999946
20
-90.3582499999999982
11
160.0207259999999962
21
-90.2625239999999991
0
LINE
8
BLACK
6
CONTINUOUS
10
160.0207259999999962
20
-90.2625239999999991
11
160.1095760000000041
21
-90.1086329999999975
0
LINE
8
BLACK
6
CONTINUOUS
10
160.1095760000000041
20
-90.1086329999999975
11
160.228478999999993
21
-89.9765769999999918
0
LINE
8
BLACK
6
CONTINUOUS
10
160.228478999999993
20
-89.9765769999999918
11
160.372240000000005
21
-89.8721279999999894
0
LINE
8
BLACK
6
CONTINUOUS
10
160.372240000000005
20
-89.8721279999999894
11
160.5345759999999871
21
-89.7998520000000013
0
LINE
8
BLACK
6
CONTINUOUS
10
160.5345759999999871
20
-89.7998520000000013
11
160.547239999999988
21
-89.797159999999991
0
LINE
8
BLACK
6
CONTINUOUS
10
160.547239999999988
20
-89.797159999999991
11
160.547239999999988
21
-89.2776139999999998
0
LINE
8
BLACK
6
CONTINUOUS
10
160.547239999999988
20
-89.2776139999999998
11
160.5472389999999905
21
-89.2776139999999998
0
LINE
8
BLACK
6
CONTINUOUS
10
160.5472389999999905
20
-89.2776139999999998
11
160.3337530000000015
21
-89.334817000000001
0
LINE
8
BLACK
6
CONTINUOUS
10
151.09699999999998
20
-88.0304999999999893
11
151.0789209999999798
21
-88.1213869999999986
0
LINE
8
BLACK
6
CONTINUOUS
10
151.0789209999999798
20
-88.1213869999999986
11
151.0274379999999894
21
-88.1984379999999959
0
LINE
8
BLACK
6
CONTINUOUS
10
151.0274379999999894
20
-88.1984379999999959
11
150.9503870000000063
21
-88.2499210000000005
0
LINE
8
BLACK
6
CONTINUOUS
10
150.9503870000000063
20
-88.2499210000000005
11
150.8719999999999857
21
-88.2655129999999986
0
LINE
8
BLACK
6
CONTINUOUS
10
150.8719999999999857
20
-88.2655129999999986
11
150.8719999999999857
21
-88.767998999999989
0
LINE
8
BLACK
6
CONTINUOUS
10
150.8719999999999857
20
-88.767998999999989
11
150.9086399999999912
21
-88.767998999999989
0
LINE
8
BLACK
6
CONTINUOUS
10
150.9086399999999912
20
-88.767998999999989
11
150.9086539999999843
21
-88.7679979999999915
0
LINE
8
BLACK
6
CONTINUOUS
10
150.9086539999999843
20
-88.7679979999999915
11
151.0096519999999884
21
-88.7576799999999935
0
LINE
8
BLACK
6
CONTINUOUS
10
151.0096519999999884
20
-88.7576799999999935
11
151.1732999999999834
21
-88.7034529999999961
0
LINE
8
BLACK
6
CONTINUOUS
10
151.1732999999999834
20
-88.7034529999999961
11
151.173310999999984
21
-88.7034479999999945
0
LINE
8
BLACK
6
CONTINUOUS
10
151.173310999999984
20
-88.7034479999999945
11
151.3200339999999926
21
-88.6129469999999912
0
LINE
8
BLACK
6
CONTINUOUS
10
151.3200339999999926
20
-88.6129469999999912
11
151.3200379999999825
21
-88.6129439999999988
0
LINE
8
BLACK
6
CONTINUOUS
10
151.3200379999999825
20
-88.6129439999999988
11
151.4419440000000066
21
-88.491037999999989
0
LINE
8
BLACK
6
CONTINUOUS
10
151.4419440000000066
20
-88.491037999999989
11
151.441946999999999
21
-88.4910339999999991
0
LINE
8
BLACK
6
CONTINUOUS
10
151.441946999999999
20
-88.4910339999999991
11
151.532447999999988
21
-88.3443109999999905
0
LINE
8
BLACK
6
CONTINUOUS
10
151.532447999999988
20
-88.3443109999999905
11
151.5324530000000038
21
-88.3442999999999898
0
LINE
8
BLACK
6
CONTINUOUS
10
151.5324530000000038
20
-88.3442999999999898
11
151.5866800000000012
21
-88.1806519999999949
0
LINE
8
BLACK
6
CONTINUOUS
10
151.5866800000000012
20
-88.1806519999999949
11
151.5969989999999825
21
-88.0796539999999908
0
LINE
8
BLACK
6
CONTINUOUS
10
151.5969989999999825
20
-88.0796539999999908
11
151.59699999999998
21
-88.0796409999999952
0
LINE
8
BLACK
6
CONTINUOUS
10
151.59699999999998
20
-88.0796409999999952
11
151.59699999999998
21
-87.9804999999999922
0
LINE
8
BLACK
6
CONTINUOUS
10
151.59699999999998
20
-87.9804999999999922
11
151.09699999999998
21
-87.9804999999999922
0
LINE
8
BLACK
6
CONTINUOUS
10
151.09699999999998
20
-87.9804999999999922
11
151.09699999999998
21
-88.0304999999999893
0
LINE
8
BLACK
6
CONTINUOUS
10
149.6908469999999909
20
-88.0493639999999971
11
149.648257000000001
21
-88.0919529999999895
0
LINE
8
BLACK
6
CONTINUOUS
10
149.648257000000001
20
-88.0919529999999895
11
149.6573190000000011
21
-88.1806519999999949
0
LINE
8
BLACK
6
CONTINUOUS
10
149.6573190000000011
20
-88.1806519999999949
11
149.7115459999999985
21
-88.3442999999999898
0
LINE
8
BLACK
6
CONTINUOUS
10
149.7115459999999985
20
-88.3442999999999898
11
149.7115509999999858
21
-88.3443109999999905
0
LINE
8
BLACK
6
CONTINUOUS
10
149.7115509999999858
20
-88.3443109999999905
11
149.8020520000000033
21
-88.4910339999999991
0
LINE
8
BLACK
6
CONTINUOUS
10
149.8020520000000033
20
-88.4910339999999991
11
149.8020549999999957
21
-88.491037999999989
0
LINE
8
BLACK
6
CONTINUOUS
10
149.8020549999999957
20
-88.491037999999989
11
149.9239609999999914
21
-88.6129439999999988
0
LINE
8
BLACK
6
CONTINUOUS
10
149.9239609999999914
20
-88.6129439999999988
11
149.9239649999999813
21
-88.6129469999999912
0
LINE
8
BLACK
6
CONTINUOUS
10
149.9239649999999813
20
-88.6129469999999912
11
150.0706879999999899
21
-88.7034479999999945
0
LINE
8
BLACK
6
CONTINUOUS
10
150.0706879999999899
20
-88.7034479999999945
11
150.0706989999999905
21
-88.7034529999999961
0
LINE
8
BLACK
6
CONTINUOUS
10
150.0706989999999905
20
-88.7034529999999961
11
150.2343469999999854
21
-88.7576799999999935
0
LINE
8
BLACK
6
CONTINUOUS
10
150.2343469999999854
20
-88.7576799999999935
11
150.3353520000000003
21
-88.767998999999989
0
LINE
8
BLACK
6
CONTINUOUS
10
150.3353520000000003
20
-88.767998999999989
11
150.3719999999999857
21
-88.767998999999989
0
LINE
8
BLACK
6
CONTINUOUS
10
150.3719999999999857
20
-88.767998999999989
11
150.3719999999999857
21
-88.2655129999999986
0
LINE
8
BLACK
6
CONTINUOUS
10
150.3719999999999857
20
-88.2655129999999986
11
150.2936129999999935
21
-88.2499210000000005
0
LINE
8
BLACK
6
CONTINUOUS
10
150.2936129999999935
20
-88.2499210000000005
11
150.2165619999999819
21
-88.1984379999999959
0
LINE
8
BLACK
6
CONTINUOUS
10
150.2165619999999819
20
-88.1984379999999959
11
150.1650789999999915
21
-88.1213869999999986
0
LINE
8
BLACK
6
CONTINUOUS
10
150.1650789999999915
20
-88.1213869999999986
11
150.1469999999999914
21
-88.0304999999999893
0
LINE
8
BLACK
6
CONTINUOUS
10
150.1469999999999914
20
-88.0304999999999893
11
150.1469999999999914
21
-87.9804999999999922
0
LINE
8
BLACK
6
CONTINUOUS
10
150.1469999999999914
20
-87.9804999999999922
11
149.7259349999999927
21
-87.9804999999999922
0
LINE
8
BLACK
6
CONTINUOUS
10
149.7259349999999927
20
-87.9804999999999922
11
149.6908469999999909
21
-88.0493639999999971
0
LINE
8
BLACK
6
CONTINUOUS
10
148.4815659999999866
20
-85.9705060000000003
11
148.4815669999999841
21
-85.9705089999999927
0
LINE
8
BLACK
6
CONTINUOUS
10
148.4815669999999841
20
-85.9705089999999927
11
148.5400579999999877
21
-86.1505269999999967
0
LINE
8
BLACK
6
CONTINUOUS
10
148.5400579999999877
20
-86.1505269999999967
11
148.5400609999999801
21
-86.1505339999999933
0
LINE
8
BLACK
6
CONTINUOUS
10
148.5400609999999801
20
-86.1505339999999933
11
148.6347069999999917
21
-86.3144659999999959
0
LINE
8
BLACK
6
CONTINUOUS
10
148.6347069999999917
20
-86.3144659999999959
11
148.6709199999999953
21
-86.3546839999999918
0
LINE
8
BLACK
6
CONTINUOUS
10
148.6709199999999953
20
-86.3546839999999918
11
148.761369000000002
21
-86.4551379999999909
0
LINE
8
BLACK
6
CONTINUOUS
10
148.761369000000002
20
-86.4551379999999909
11
148.9145049999999912
21
-86.5663979999999924
0
LINE
8
BLACK
6
CONTINUOUS
10
148.9145049999999912
20
-86.5663979999999924
11
148.914510000000007
21
-86.566400999999999
0
LINE
8
BLACK
6
CONTINUOUS
10
148.914510000000007
20
-86.566400999999999
11
149.0874320000000068
21
-86.6433919999999915
0
LINE
8
BLACK
6
CONTINUOUS
10
149.0874320000000068
20
-86.6433919999999915
11
149.0874369999999942
21
-86.6433940000000007
0
LINE
8
BLACK
6
CONTINUOUS
10
149.0874369999999942
20
-86.6433940000000007
11
149.272593999999998
21
-86.6827499999999986
0
LINE
8
BLACK
6
CONTINUOUS
10
149.272593999999998
20
-86.6827499999999986
11
149.2725949999999955
21
-86.6827499999999986
0
LINE
8
BLACK
6
CONTINUOUS
10
149.2725949999999955
20
-86.6827499999999986
11
149.4618839999999977
21
-86.6827499999999986
0
LINE
8
BLACK
6
CONTINUOUS
10
149.4618839999999977
20
-86.6827499999999986
11
149.4618859999999927
21
-86.6827499999999986
0
LINE
8
BLACK
6
CONTINUOUS
10
149.4618859999999927
20
-86.6827499999999986
11
149.5749859999999956
21
-86.6587090000000018
0
LINE
8
BLACK
6
CONTINUOUS
10
149.5749859999999956
20
-86.6587090000000018
11
149.6007669999999905
21
-86.6559999999999917
0
LINE
8
BLACK
6
CONTINUOUS
10
149.6007669999999905
20
-86.6559999999999917
11
149.6643889999999999
21
-86.6559999999999917
0
LINE
8
BLACK
6
CONTINUOUS
10
149.6643889999999999
20
-86.6559999999999917
11
149.731427999999994
21
-86.6756850000000014
0
LINE
8
BLACK
6
CONTINUOUS
10
149.731427999999994
20
-86.6756850000000014
11
149.7699279999999931
21
-86.71490399999999
0
LINE
8
BLACK
6
CONTINUOUS
10
149.7699279999999931
20
-86.71490399999999
11
149.8016590000000008
21
-86.7663489999999911
0
LINE
8
BLACK
6
CONTINUOUS
10
149.8016590000000008
20
-86.7663489999999911
11
149.8159819999999911
21
-86.7806719999999956
0
LINE
8
BLACK
6
CONTINUOUS
10
149.8159819999999911
20
-86.7806719999999956
11
149.8494670000000042
21
-86.8419949999999972
0
LINE
8
BLACK
6
CONTINUOUS
10
149.8494670000000042
20
-86.8419949999999972
11
149.8444829999999968
21
-86.9116870000000006
0
LINE
8
BLACK
6
CONTINUOUS
10
149.8444829999999968
20
-86.9116870000000006
11
149.8159849999999835
21
-86.9560319999999933
0
LINE
8
BLACK
6
CONTINUOUS
10
149.8159849999999835
20
-86.9560319999999933
11
149.8020520000000033
21
-86.969965000000002
0
LINE
8
BLACK
6
CONTINUOUS
10
149.8020520000000033
20
-86.969965000000002
11
149.7115509999999858
21
-87.1166879999999964
0
LINE
8
BLACK
6
CONTINUOUS
10
149.7115509999999858
20
-87.1166879999999964
11
149.7115459999999985
21
-87.116698999999997
0
LINE
8
BLACK
6
CONTINUOUS
10
149.7115459999999985
20
-87.116698999999997
11
149.6573190000000011
21
-87.2803469999999919
0
LINE
8
BLACK
6
CONTINUOUS
10
149.6573190000000011
20
-87.2803469999999919
11
149.6469999999999914
21
-87.381344999999996
0
LINE
8
BLACK
6
CONTINUOUS
10
149.6469999999999914
20
-87.381344999999996
11
149.6469999999999914
21
-87.4804999999999922
0
LINE
8
BLACK
6
CONTINUOUS
10
149.6469999999999914
20
-87.4804999999999922
11
150.1469999999999914
21
-87.4804999999999922
0
LINE
8
BLACK
6
CONTINUOUS
10
150.1469999999999914
20
-87.4804999999999922
11
150.1469999999999914
21
-87.430499999999995
0
LINE
8
BLACK
6
CONTINUOUS
10
150.1469999999999914
20
-87.430499999999995
11
150.1650789999999915
21
-87.3396129999999999
0
LINE
8
BLACK
6
CONTINUOUS
10
150.1650789999999915
20
-87.3396129999999999
11
150.2165619999999819
21
-87.2625620000000026
0
LINE
8
BLACK
6
CONTINUOUS
10
150.2165619999999819
20
-87.2625620000000026
11
150.2936129999999935
21
-87.211078999999998
0
LINE
8
BLACK
6
CONTINUOUS
10
150.2936129999999935
20
-87.211078999999998
11
150.3845000000000027
21
-87.1929999999999978
0
LINE
8
BLACK
6
CONTINUOUS
10
150.3845000000000027
20
-87.1929999999999978
11
150.859499999999997
21
-87.1929999999999978
0
LINE
8
BLACK
6
CONTINUOUS
10
150.859499999999997
20
-87.1929999999999978
11
150.9503870000000063
21
-87.211078999999998
0
LINE
8
BLACK
6
CONTINUOUS
10
150.9503870000000063
20
-87.211078999999998
11
151.0274379999999894
21
-87.2625620000000026
0
LINE
8
BLACK
6
CONTINUOUS
10
151.0274379999999894
20
-87.2625620000000026
11
151.0789209999999798
21
-87.3396129999999999
0
LINE
8
BLACK
6
CONTINUOUS
10
151.0789209999999798
20
-87.3396129999999999
11
151.09699999999998
21
-87.430499999999995
0
LINE
8
BLACK
6
CONTINUOUS
10
151.09699999999998
20
-87.430499999999995
11
151.09699999999998
21
-87.4804999999999922
0
LINE
8
BLACK
6
CONTINUOUS
10
151.09699999999998
20
-87.4804999999999922
11
151.5969989999999825
21
-87.4804999999999922
0
LINE
8
BLACK
6
CONTINUOUS
10
151.5969989999999825
20
-87.4804999999999922
11
151.5969989999999825
21
-87.3813600000000008
0
LINE
8
BLACK
6
CONTINUOUS
10
151.5969989999999825
20
-87.3813600000000008
11
151.596997999999985
21
-87.381344999999996
0
LINE
8
BLACK
6
CONTINUOUS
10
151.596997999999985
20
-87.381344999999996
11
151.5866800000000012
21
-87.2803469999999919
0
LINE
8
BLACK
6
CONTINUOUS
10
151.5866800000000012
20
-87.2803469999999919
11
151.5324530000000038
21
-87.116698999999997
0
LINE
8
BLACK
6
CONTINUOUS
10
151.5324530000000038
20
-87.116698999999997
11
151.532447999999988
21
-87.1166879999999964
0
LINE
8
BLACK
6
CONTINUOUS
10
151.532447999999988
20
-87.1166879999999964
11
151.441946999999999
21
-86.969965000000002
0
LINE
8
BLACK
6
CONTINUOUS
10
151.441946999999999
20
-86.969965000000002
11
151.4419440000000066
21
-86.9699609999999979
0
LINE
8
BLACK
6
CONTINUOUS
10
151.4419440000000066
20
-86.9699609999999979
11
151.4280169999999828
21
-86.9560340000000025
0
LINE
8
BLACK
6
CONTINUOUS
10
151.4280169999999828
20
-86.9560340000000025
11
151.3945319999999981
21
-86.8947110000000009
0
LINE
8
BLACK
6
CONTINUOUS
10
151.3945319999999981
20
-86.8947110000000009
11
151.3995160000000055
21
-86.8250189999999975
0
LINE
8
BLACK
6
CONTINUOUS
10
151.3995160000000055
20
-86.8250189999999975
11
151.4280169999999828
21
-86.7806719999999956
0
LINE
8
BLACK
6
CONTINUOUS
10
151.4280169999999828
20
-86.7806719999999956
11
151.4423400000000015
21
-86.7663500000000028
0
LINE
8
BLACK
6
CONTINUOUS
10
151.4423400000000015
20
-86.7663500000000028
11
151.5329079999999919
21
-86.6195159999999902
0
LINE
8
BLACK
6
CONTINUOUS
10
151.5329079999999919
20
-86.6195159999999902
11
151.5871740000000045
21
-86.4557530000000014
0
LINE
8
BLACK
6
CONTINUOUS
10
151.5871740000000045
20
-86.4557530000000014
11
151.5974999999999966
21
-86.3546769999999952
0
LINE
8
BLACK
6
CONTINUOUS
10
151.5974999999999966
20
-86.3546769999999952
11
151.5974989999999991
21
-85.6563239999999979
0
LINE
8
BLACK
6
CONTINUOUS
10
151.5974989999999991
20
-85.6563239999999979
11
151.5871740000000045
21
-85.5552469999999943
0
LINE
8
BLACK
6
CONTINUOUS
10
151.5871740000000045
20
-85.5552469999999943
11
151.5329079999999919
21
-85.3914839999999913
0
LINE
8
BLACK
6
CONTINUOUS
10
151.5329079999999919
20
-85.3914839999999913
11
151.4423400000000015
21
-85.2446499999999929
0
LINE
8
BLACK
6
CONTINUOUS
10
151.4423400000000015
20
-85.2446499999999929
11
151.3203499999999906
21
-85.1226599999999962
0
LINE
8
BLACK
6
CONTINUOUS
10
151.3203499999999906
20
-85.1226599999999962
11
151.2044949999999801
21
-85.0511999999999944
0
LINE
8
BLACK
6
CONTINUOUS
10
151.2044949999999801
20
-85.0511999999999944
11
151.1735180000000014
21
-85.032092999999989
0
LINE
8
BLACK
6
CONTINUOUS
10
151.1735180000000014
20
-85.032092999999989
11
151.1735129999999856
21
-85.0320909999999941
0
LINE
8
BLACK
6
CONTINUOUS
10
151.1735129999999856
20
-85.0320909999999941
11
151.1720689999999934
21
-85.0316119999999955
0
LINE
8
BLACK
6
CONTINUOUS
10
151.1720689999999934
20
-85.0316119999999955
11
151.0097529999999892
21
-84.9778259999999932
0
LINE
8
BLACK
6
CONTINUOUS
10
151.0097529999999892
20
-84.9778259999999932
11
151.0097509999999943
21
-84.9778249999999957
0
LINE
8
BLACK
6
CONTINUOUS
10
151.0097509999999943
20
-84.9778249999999957
11
150.9086779999999806
21
-84.9675000000000011
0
LINE
8
BLACK
6
CONTINUOUS
10
150.9086779999999806
20
-84.9675000000000011
11
150.335329999999999
21
-84.9675000000000011
0
LINE
8
BLACK
6
CONTINUOUS
10
150.335329999999999
20
-84.9675000000000011
11
150.3353119999999876
21
-84.9675009999999986
0
LINE
8
BLACK
6
CONTINUOUS
10
150.3353119999999876
20
-84.9675009999999986
11
150.2342469999999821
21
-84.9778249999999957
0
LINE
8
BLACK
6
CONTINUOUS
10
150.2342469999999821
20
-84.9778249999999957
11
150.0704839999999933
21
-85.0320919999999916
0
LINE
8
BLACK
6
CONTINUOUS
10
150.0704839999999933
20
-85.0320919999999916
11
150.0704769999999826
21
-85.0320959999999957
0
LINE
8
BLACK
6
CONTINUOUS
10
150.0704769999999826
20
-85.0320959999999957
11
150.0310389999999927
21
-85.0564210000000003
0
LINE
8
BLACK
6
CONTINUOUS
10
150.0310389999999927
20
-85.0564210000000003
11
149.9636459999999829
21
-85.0748609999999985
0
LINE
8
BLACK
6
CONTINUOUS
10
149.9636459999999829
20
-85.0748609999999985
11
149.8969830000000059
21
-85.0539380000000023
0
LINE
8
BLACK
6
CONTINUOUS
10
149.8969830000000059
20
-85.0539380000000023
11
149.8930579999999964
21
-85.0511999999999944
0
LINE
8
BLACK
6
CONTINUOUS
10
149.8930579999999964
20
-85.0511999999999944
11
149.819974000000002
21
-84.9981009999999912
0
LINE
8
BLACK
6
CONTINUOUS
10
149.819974000000002
20
-84.9981009999999912
11
149.8199689999999862
21
-84.9980979999999988
0
LINE
8
BLACK
6
CONTINUOUS
10
149.8199689999999862
20
-84.9980979999999988
11
149.6470469999999864
21
-84.9211069999999921
0
LINE
8
BLACK
6
CONTINUOUS
10
149.6470469999999864
20
-84.9211069999999921
11
149.647041999999999
21
-84.9211049999999972
0
LINE
8
BLACK
6
CONTINUOUS
10
149.647041999999999
20
-84.9211049999999972
11
149.5012409999999932
21
-84.8901149999999944
0
LINE
8
BLACK
6
CONTINUOUS
10
149.5012409999999932
20
-84.8901149999999944
11
149.4618859999999927
21
-84.8817499999999967
0
LINE
8
BLACK
6
CONTINUOUS
10
149.4618859999999927
20
-84.8817499999999967
11
149.272593999999998
21
-84.8817499999999967
0
LINE
8
BLACK
6
CONTINUOUS
10
149.272593999999998
20
-84.8817499999999967
11
149.2401370000000043
21
-84.8886479999999892
0
LINE
8
BLACK
6
CONTINUOUS
10
149.2401370000000043
20
-84.8886479999999892
11
149.0874369999999942
21
-84.9211049999999972
0
LINE
8
BLACK
6
CONTINUOUS
10
149.0874369999999942
20
-84.9211049999999972
11
149.0874320000000068
21
-84.9211069999999921
0
LINE
8
BLACK
6
CONTINUOUS
10
149.0874320000000068
20
-84.9211069999999921
11
148.914510000000007
21
-84.9980979999999988
0
LINE
8
BLACK
6
CONTINUOUS
10
148.914510000000007
20
-84.9980979999999988
11
148.9145049999999912
21
-84.9981009999999912
0
LINE
8
BLACK
6
CONTINUOUS
10
148.9145049999999912
20
-84.9981009999999912
11
148.761369000000002
21
-85.1093609999999927
0
LINE
8
BLACK
6
CONTINUOUS
10
148.761369000000002
20
-85.1093609999999927
11
148.6347059999999942
21
-85.2500349999999969
0
LINE
8
BLACK
6
CONTINUOUS
10
148.6347059999999942
20
-85.2500349999999969
11
148.5400609999999801
21
-85.4139649999999904
0
LINE
8
BLACK
6
CONTINUOUS
10
148.5400609999999801
20
-85.4139649999999904
11
148.5400579999999877
21
-85.4139720000000011
0
LINE
8
BLACK
6
CONTINUOUS
10
148.5400579999999877
20
-85.4139720000000011
11
148.4815669999999841
21
-85.5939899999999909
0
LINE
8
BLACK
6
CONTINUOUS
10
148.4815669999999841
20
-85.5939899999999909
11
148.4815659999999866
21
-85.593993999999995
0
LINE
8
BLACK
6
CONTINUOUS
10
148.4815659999999866
20
-85.593993999999995
11
148.4617800000000045
21
-85.7822499999999906
0
LINE
8
BLACK
6
CONTINUOUS
10
148.4617800000000045
20
-85.7822499999999906
11
148.4815659999999866
21
-85.9705060000000003
0
LINE
8
BLACK
6
CONTINUOUS
10
153.6522400000000061
20
-82.245750000000001
11
153.634161000000006
21
-82.3366369999999961
0
LINE
8
BLACK
6
CONTINUOUS
10
153.634161000000006
20
-82.3366369999999961
11
153.5826779999999872
21
-82.4136879999999934
0
LINE
8
BLACK
6
CONTINUOUS
10
153.5826779999999872
20
-82.4136879999999934
11
153.505627000000004
21
-82.465170999999998
0
LINE
8
BLACK
6
CONTINUOUS
10
153.505627000000004
20
-82.465170999999998
11
153.4272399999999834
21
-82.4807629999999961
0
LINE
8
BLACK
6
CONTINUOUS
10
153.4272399999999834
20
-82.4807629999999961
11
153.4272399999999834
21
-82.9832490000000007
0
LINE
8
BLACK
6
CONTINUOUS
10
153.4272399999999834
20
-82.9832490000000007
11
153.463879999999989
21
-82.9832490000000007
0
LINE
8
BLACK
6
CONTINUOUS
10
153.463879999999989
20
-82.9832490000000007
11
153.463893999999982
21
-82.9832480000000032
0
LINE
8
BLACK
6
CONTINUOUS
10
153.463893999999982
20
-82.9832480000000032
11
153.5648919999999862
21
-82.972929999999991
0
LINE
8
BLACK
6
CONTINUOUS
10
153.5648919999999862
20
-82.972929999999991
11
153.7285399999999811
21
-82.9187029999999936
0
LINE
8
BLACK
6
CONTINUOUS
10
153.7285399999999811
20
-82.9187029999999936
11
153.7285509999999817
21
-82.918697999999992
0
LINE
8
BLACK
6
CONTINUOUS
10
153.7285509999999817
20
-82.918697999999992
11
153.8752739999999903
21
-82.828197000000003
0
LINE
8
BLACK
6
CONTINUOUS
10
153.8752739999999903
20
-82.828197000000003
11
153.8752779999999802
21
-82.8281939999999963
0
LINE
8
BLACK
6
CONTINUOUS
10
153.8752779999999802
20
-82.8281939999999963
11
153.9971840000000043
21
-82.7062880000000007
0
LINE
8
BLACK
6
CONTINUOUS
10
153.9971840000000043
20
-82.7062880000000007
11
153.9971869999999967
21
-82.7062839999999966
0
LINE
8
BLACK
6
CONTINUOUS
10
153.9971869999999967
20
-82.7062839999999966
11
154.0876879999999858
21
-82.5595610000000022
0
LINE
8
BLACK
6
CONTINUOUS
10
154.0876879999999858
20
-82.5595610000000022
11
154.0876930000000016
21
-82.5595500000000015
0
LINE
8
BLACK
6
CONTINUOUS
10
154.0876930000000016
20
-82.5595500000000015
11
154.1419199999999989
21
-82.3959019999999924
0
LINE
8
BLACK
6
CONTINUOUS
10
154.1419199999999989
20
-82.3959019999999924
11
154.1522389999999803
21
-82.2949040000000025
0
LINE
8
BLACK
6
CONTINUOUS
10
154.1522389999999803
20
-82.2949040000000025
11
154.1522400000000061
21
-82.2948909999999927
0
LINE
8
BLACK
6
CONTINUOUS
10
154.1522400000000061
20
-82.2948909999999927
11
154.1522400000000061
21
-82.1957499999999897
0
LINE
8
BLACK
6
CONTINUOUS
10
154.1522400000000061
20
-82.1957499999999897
11
153.6522400000000061
21
-82.1957499999999897
0
LINE
8
BLACK
6
CONTINUOUS
10
153.6522400000000061
20
-82.1957499999999897
11
153.6522400000000061
21
-82.245750000000001
0
LINE
8
BLACK
6
CONTINUOUS
10
144.5817399999999964
20
-80.5699189999999987
11
144.5817409999999938
21
-80.5699369999999959
0
LINE
8
BLACK
6
CONTINUOUS
10
144.5817409999999938
20
-80.5699369999999959
11
144.592064999999991
21
-80.6710020000000014
0
LINE
8
BLACK
6
CONTINUOUS
10
144.592064999999991
20
-80.6710020000000014
11
144.6283489999999858
21
-80.7804989999999918
0
LINE
8
BLACK
6
CONTINUOUS
10
144.6283489999999858
20
-80.7804989999999918
11
144.646332000000001
21
-80.8347660000000019
0
LINE
8
BLACK
6
CONTINUOUS
10
144.646332000000001
20
-80.8347660000000019
11
144.736898999999994
21
-80.9815990000000028
0
LINE
8
BLACK
6
CONTINUOUS
10
144.736898999999994
20
-80.9815990000000028
11
144.7369009999999889
21
-80.9816009999999977
0
LINE
8
BLACK
6
CONTINUOUS
10
144.7369009999999889
20
-80.9816009999999977
11
144.7512219999999843
21
-80.9959219999999931
0
LINE
8
BLACK
6
CONTINUOUS
10
144.7512219999999843
20
-80.9959219999999931
11
144.7847069999999974
21
-81.0572449999999947
0
LINE
8
BLACK
6
CONTINUOUS
10
144.7847069999999974
20
-81.0572449999999947
11
144.77972299999999
21
-81.1269369999999981
0
LINE
8
BLACK
6
CONTINUOUS
10
144.77972299999999
20
-81.1269369999999981
11
144.7512250000000051
21
-81.1712819999999908
0
LINE
8
BLACK
6
CONTINUOUS
10
144.7512250000000051
20
-81.1712819999999908
11
144.7372919999999965
21
-81.1852149999999995
0
LINE
8
BLACK
6
CONTINUOUS
10
144.7372919999999965
20
-81.1852149999999995
11
144.6467910000000074
21
-81.3319379999999938
0
LINE
8
BLACK
6
CONTINUOUS
10
144.6467910000000074
20
-81.3319379999999938
11
144.6467859999999916
21
-81.3319489999999945
0
LINE
8
BLACK
6
CONTINUOUS
10
144.6467859999999916
20
-81.3319489999999945
11
144.5925589999999943
21
-81.4955969999999894
0
LINE
8
BLACK
6
CONTINUOUS
10
144.5925589999999943
20
-81.4955969999999894
11
144.5822399999999845
21
-81.5965949999999935
0
LINE
8
BLACK
6
CONTINUOUS
10
144.5822399999999845
20
-81.5965949999999935
11
144.5822399999999845
21
-81.6957499999999897
0
LINE
8
BLACK
6
CONTINUOUS
10
144.5822399999999845
20
-81.6957499999999897
11
145.0822399999999845
21
-81.6957499999999897
0
LINE
8
BLACK
6
CONTINUOUS
10
145.0822399999999845
20
-81.6957499999999897
11
145.0822399999999845
21
-81.6457499999999925
0
LINE
8
BLACK
6
CONTINUOUS
10
145.0822399999999845
20
-81.6457499999999925
11
145.1003189999999847
21
-81.5548629999999974
0
LINE
8
BLACK
6
CONTINUOUS
10
145.1003189999999847
20
-81.5548629999999974
11
145.1518020000000035
21
-81.4778120000000001
0
LINE
8
BLACK
6
CONTINUOUS
10
145.1518020000000035
20
-81.4778120000000001
11
145.2288529999999867
21
-81.4263289999999955
0
LINE
8
BLACK
6
CONTINUOUS
10
145.2288529999999867
20
-81.4263289999999955
11
145.3197399999999959
21
-81.4082499999999953
0
LINE
8
BLACK
6
CONTINUOUS
10
145.3197399999999959
20
-81.4082499999999953
11
145.7947399999999902
21
-81.4082499999999953
0
LINE
8
BLACK
6
CONTINUOUS
10
145.7947399999999902
20
-81.4082499999999953
11
145.8856269999999995
21
-81.4263289999999955
0
LINE
8
BLACK
6
CONTINUOUS
10
145.8856269999999995
20
-81.4263289999999955
11
145.9626779999999826
21
-81.4778120000000001
0
LINE
8
BLACK
6
CONTINUOUS
10
145.9626779999999826
20
-81.4778120000000001
11
146.0141610000000014
21
-81.5548629999999974
0
LINE
8
BLACK
6
CONTINUOUS
10
146.0141610000000014
20
-81.5548629999999974
11
146.0322400000000016
21
-81.6457499999999925
0
LINE
8
BLACK
6
CONTINUOUS
10
146.0322400000000016
20
-81.6457499999999925
11
146.0322400000000016
21
-82.245750000000001
0
LINE
8
BLACK
6
CONTINUOUS
10
146.0322400000000016
20
-82.245750000000001
11
146.0141610000000014
21
-82.3366369999999961
0
LINE
8
BLACK
6
CONTINUOUS
10
146.0141610000000014
20
-82.3366369999999961
11
145.9626779999999826
21
-82.4136879999999934
0
LINE
8
BLACK
6
CONTINUOUS
10
145.9626779999999826
20
-82.4136879999999934
11
145.8856269999999995
21
-82.465170999999998
0
LINE
8
BLACK
6
CONTINUOUS
10
145.8856269999999995
20
-82.465170999999998
11
145.8072400000000073
21
-82.4807629999999961
0
LINE
8
BLACK
6
CONTINUOUS
10
145.8072400000000073
20
-82.4807629999999961
11
145.8072400000000073
21
-82.9832490000000007
0
LINE
8
BLACK
6
CONTINUOUS
10
145.8072400000000073
20
-82.9832490000000007
11
145.8438799999999844
21
-82.9832490000000007
0
LINE
8
BLACK
6
CONTINUOUS
10
145.8438799999999844
20
-82.9832490000000007
11
145.8438940000000059
21
-82.9832480000000032
0
LINE
8
BLACK
6
CONTINUOUS
10
145.8438940000000059
20
-82.9832480000000032
11
145.9448919999999816
21
-82.972929999999991
0
LINE
8
BLACK
6
CONTINUOUS
10
145.9448919999999816
20
-82.972929999999991
11
146.108540000000005
21
-82.9187029999999936
0
LINE
8
BLACK
6
CONTINUOUS
10
146.108540000000005
20
-82.9187029999999936
11
146.1085510000000056
21
-82.918697999999992
0
LINE
8
BLACK
6
CONTINUOUS
10
146.1085510000000056
20
-82.918697999999992
11
146.2552670000000035
21
-82.8282009999999929
0
LINE
8
BLACK
6
CONTINUOUS
10
146.2552670000000035
20
-82.8282009999999929
11
146.255283999999989
21
-82.8281889999999947
0
LINE
8
BLACK
6
CONTINUOUS
10
146.255283999999989
20
-82.8281889999999947
11
146.2552969999999846
21
-82.8281829999999957
0
LINE
8
BLACK
6
CONTINUOUS
10
146.2552969999999846
20
-82.8281829999999957
11
146.2614250000000027
21
-82.8244040000000012
0
LINE
8
BLACK
6
CONTINUOUS
10
146.2614250000000027
20
-82.8244040000000012
11
146.2620699999999943
21
-82.8254499999999894
0
LINE
8
BLACK
6
CONTINUOUS
10
146.2620699999999943
20
-82.8254499999999894
11
146.3200769999999977
21
-82.8020439999999951
0
LINE
8
BLACK
6
CONTINUOUS
10
146.3200769999999977
20
-82.8020439999999951
11
146.3887200000000064
21
-82.8150789999999972
0
LINE
8
BLACK
6
CONTINUOUS
10
146.3887200000000064
20
-82.8150789999999972
11
146.424351999999999
21
-82.8424779999999998
0
LINE
8
BLACK
6
CONTINUOUS
10
146.424351999999999
20
-82.8424779999999998
11
146.4753690000000006
21
-82.8991379999999936
0
LINE
8
BLACK
6
CONTINUOUS
10
146.4753690000000006
20
-82.8991379999999936
11
146.6285049999999899
21
-83.010397999999995
0
LINE
8
BLACK
6
CONTINUOUS
10
146.6285049999999899
20
-83.010397999999995
11
146.6285100000000057
21
-83.0104010000000017
0
LINE
8
BLACK
6
CONTINUOUS
10
146.6285100000000057
20
-83.0104010000000017
11
146.8014320000000055
21
-83.0873919999999941
0
LINE
8
BLACK
6
CONTINUOUS
10
146.8014320000000055
20
-83.0873919999999941
11
146.8014369999999928
21
-83.0873940000000033
0
LINE
8
BLACK
6
CONTINUOUS
10
146.8014369999999928
20
-83.0873940000000033
11
146.9865939999999966
21
-83.1267500000000013
0
LINE
8
BLACK
6
CONTINUOUS
10
146.9865939999999966
20
-83.1267500000000013
11
146.9865949999999941
21
-83.1267500000000013
0
LINE
8
BLACK
6
CONTINUOUS
10
146.9865949999999941
20
-83.1267500000000013
11
147.1758839999999964
21
-83.1267500000000013
0
LINE
8
BLACK
6
CONTINUOUS
10
147.1758839999999964
20
-83.1267500000000013
11
147.1758859999999913
21
-83.1267500000000013
0
LINE
8
BLACK
6
CONTINUOUS
10
147.1758859999999913
20
-83.1267500000000013
11
147.3610429999999951
21
-83.0873940000000033
0
LINE
8
BLACK
6
CONTINUOUS
10
147.3610429999999951
20
-83.0873940000000033
11
147.5339699999999823
21
-83.0104010000000017
0
LINE
8
BLACK
6
CONTINUOUS
10
147.5339699999999823
20
-83.0104010000000017
11
147.5724170000000015
21
-82.9824660000000023
0
LINE
8
BLACK
6
CONTINUOUS
10
147.5724170000000015
20
-82.9824660000000023
11
147.6382209999999873
21
-82.9589869999999934
0
LINE
8
BLACK
6
CONTINUOUS
10
147.6382209999999873
20
-82.9589869999999934
11
147.6843059999999923
21
-82.9650790000000029
0
LINE
8
BLACK
6
CONTINUOUS
10
147.6843059999999923
20
-82.9650790000000029
11
147.7094869999999958
21
-82.9734239999999943
0
LINE
8
BLACK
6
CONTINUOUS
10
147.7094869999999958
20
-82.9734239999999943
11
147.8105630000000019
21
-82.9837500000000006
0
LINE
8
BLACK
6
CONTINUOUS
10
147.8105630000000019
20
-82.9837500000000006
11
148.3839159999999993
21
-82.9837490000000031
0
LINE
8
BLACK
6
CONTINUOUS
10
148.3839159999999993
20
-82.9837490000000031
11
148.3839240000000075
21
-82.9837479999999914
0
LINE
8
BLACK
6
CONTINUOUS
10
148.3839240000000075
20
-82.9837479999999914
11
148.3839269999999999
21
-82.9837479999999914
0
LINE
8
BLACK
6
CONTINUOUS
10
148.3839269999999999
20
-82.9837479999999914
11
148.4392699999999934
21
-82.9780939999999987
0
LINE
8
BLACK
6
CONTINUOUS
10
148.4392699999999934
20
-82.9780939999999987
11
148.4849930000000029
21
-82.9734239999999943
0
LINE
8
BLACK
6
CONTINUOUS
10
148.4849930000000029
20
-82.9734239999999943
11
148.6487559999999917
21
-82.9191579999999959
0
LINE
8
BLACK
6
CONTINUOUS
10
148.6487559999999917
20
-82.9191579999999959
11
148.7955900000000042
21
-82.8285899999999913
0
LINE
8
BLACK
6
CONTINUOUS
10
148.7955900000000042
20
-82.8285899999999913
11
148.9175799999999867
21
-82.7065999999999946
0
LINE
8
BLACK
6
CONTINUOUS
10
148.9175799999999867
20
-82.7065999999999946
11
149.0081480000000056
21
-82.5597659999999962
0
LINE
8
BLACK
6
CONTINUOUS
10
149.0081480000000056
20
-82.5597659999999962
11
149.0624139999999898
21
-82.3960029999999932
0
LINE
8
BLACK
6
CONTINUOUS
10
149.0624139999999898
20
-82.3960029999999932
11
149.0727399999999818
21
-82.2949270000000013
0
LINE
8
BLACK
6
CONTINUOUS
10
149.0727399999999818
20
-82.2949270000000013
11
149.0727389999999843
21
-81.5965739999999897
0
LINE
8
BLACK
6
CONTINUOUS
10
149.0727389999999843
20
-81.5965739999999897
11
149.0727379999999869
21
-81.5965649999999982
0
LINE
8
BLACK
6
CONTINUOUS
10
149.0727379999999869
20
-81.5965649999999982
11
149.0624139999999898
21
-81.4954970000000003
0
LINE
8
BLACK
6
CONTINUOUS
10
149.0624139999999898
20
-81.4954970000000003
11
149.0081480000000056
21
-81.3317339999999973
0
LINE
8
BLACK
6
CONTINUOUS
10
149.0081480000000056
20
-81.3317339999999973
11
148.9175799999999867
21
-81.184899999999999
0
LINE
8
BLACK
6
CONTINUOUS
10
148.9175799999999867
20
-81.184899999999999
11
148.9032569999999964
21
-81.1705769999999944
0
LINE
8
BLACK
6
CONTINUOUS
10
148.9032569999999964
20
-81.1705769999999944
11
148.8697719999999833
21
-81.1092539999999929
0
LINE
8
BLACK
6
CONTINUOUS
10
148.8697719999999833
20
-81.1092539999999929
11
148.8747559999999908
21
-81.0395619999999894
0
LINE
8
BLACK
6
CONTINUOUS
10
148.8747559999999908
20
-81.0395619999999894
11
148.9032609999999863
21
-80.9952100000000002
0
LINE
8
BLACK
6
CONTINUOUS
10
148.9032609999999863
20
-80.9952100000000002
11
148.9171869999999842
21
-80.9812849999999997
0
LINE
8
BLACK
6
CONTINUOUS
10
148.9171869999999842
20
-80.9812849999999997
11
149.0076880000000017
21
-80.8345609999999937
0
LINE
8
BLACK
6
CONTINUOUS
10
149.0076880000000017
20
-80.8345609999999937
11
149.0076929999999891
21
-80.834549999999993
0
LINE
8
BLACK
6
CONTINUOUS
10
149.0076929999999891
20
-80.834549999999993
11
149.0619199999999864
21
-80.6709019999999981
0
LINE
8
BLACK
6
CONTINUOUS
10
149.0619199999999864
20
-80.6709019999999981
11
149.0722389999999962
21
-80.569903999999994
0
LINE
8
BLACK
6
CONTINUOUS
10
149.0722389999999962
20
-80.569903999999994
11
149.0722399999999936
21
-80.5698909999999984
0
LINE
8
BLACK
6
CONTINUOUS
10
149.0722399999999936
20
-80.5698909999999984
11
149.0722399999999936
21
-80.4707499999999953
0
LINE
8
BLACK
6
CONTINUOUS
10
149.0722399999999936
20
-80.4707499999999953
11
148.5722399999999936
21
-80.4707499999999953
0
LINE
8
BLACK
6
CONTINUOUS
10
148.5722399999999936
20
-80.4707499999999953
11
148.5722399999999936
21
-80.5207499999999925
0
LINE
8
BLACK
6
CONTINUOUS
10
148.5722399999999936
20
-80.5207499999999925
11
148.5541609999999935
21
-80.6116370000000018
0
LINE
8
BLACK
6
CONTINUOUS
10
148.5541609999999935
20
-80.6116370000000018
11
148.5026780000000031
21
-80.6886879999999991
0
LINE
8
BLACK
6
CONTINUOUS
10
148.5026780000000031
20
-80.6886879999999991
11
148.4256269999999915
21
-80.7401709999999895
0
LINE
8
BLACK
6
CONTINUOUS
10
148.4256269999999915
20
-80.7401709999999895
11
148.3347399999999823
21
-80.7582499999999897
0
LINE
8
BLACK
6
CONTINUOUS
10
148.3347399999999823
20
-80.7582499999999897
11
147.859739999999988
21
-80.7582499999999897
0
LINE
8
BLACK
6
CONTINUOUS
10
147.859739999999988
20
-80.7582499999999897
11
147.7688530000000071
21
-80.7401709999999895
0
LINE
8
BLACK
6
CONTINUOUS
10
147.7688530000000071
20
-80.7401709999999895
11
147.6918019999999956
21
-80.6886879999999991
0
LINE
8
BLACK
6
CONTINUOUS
10
147.6918019999999956
20
-80.6886879999999991
11
147.6403190000000052
21
-80.6116370000000018
0
LINE
8
BLACK
6
CONTINUOUS
10
147.6403190000000052
20
-80.6116370000000018
11
147.622240000000005
21
-80.5207499999999925
0
LINE
8
BLACK
6
CONTINUOUS
10
147.622240000000005
20
-80.5207499999999925
11
147.622240000000005
21
-80.4707499999999953
0
LINE
8
BLACK
6
CONTINUOUS
10
147.622240000000005
20
-80.4707499999999953
11
147.1222410000000025
21
-80.4707499999999953
0
LINE
8
BLACK
6
CONTINUOUS
10
147.1222410000000025
20
-80.4707499999999953
11
147.1222410000000025
21
-80.569903999999994
0
LINE
8
BLACK
6
CONTINUOUS
10
147.1222410000000025
20
-80.569903999999994
11
147.1325589999999863
21
-80.6709019999999981
0
LINE
8
BLACK
6
CONTINUOUS
10
147.1325589999999863
20
-80.6709019999999981
11
147.1867859999999837
21
-80.834549999999993
0
LINE
8
BLACK
6
CONTINUOUS
10
147.1867859999999837
20
-80.834549999999993
11
147.1867909999999995
21
-80.8345609999999937
0
LINE
8
BLACK
6
CONTINUOUS
10
147.1867909999999995
20
-80.8345609999999937
11
147.2772919999999885
21
-80.9812840000000023
0
LINE
8
BLACK
6
CONTINUOUS
10
147.2772919999999885
20
-80.9812840000000023
11
147.277294999999981
21
-80.9812879999999922
0
LINE
8
BLACK
6
CONTINUOUS
10
147.277294999999981
20
-80.9812879999999922
11
147.2912220000000048
21
-80.9952150000000017
0
LINE
8
BLACK
6
CONTINUOUS
10
147.2912220000000048
20
-80.9952150000000017
11
147.3247069999999894
21
-81.0565380000000033
0
LINE
8
BLACK
6
CONTINUOUS
10
147.3247069999999894
20
-81.0565380000000033
11
147.319722999999982
21
-81.1262299999999925
0
LINE
8
BLACK
6
CONTINUOUS
10
147.319722999999982
20
-81.1262299999999925
11
147.2912239999999997
21
-81.1705749999999995
0
LINE
8
BLACK
6
CONTINUOUS
10
147.2912239999999997
20
-81.1705749999999995
11
147.276900999999981
21
-81.1848979999999898
0
LINE
8
BLACK
6
CONTINUOUS
10
147.276900999999981
20
-81.1848979999999898
11
147.2650840000000017
21
-81.2040559999999942
0
LINE
8
BLACK
6
CONTINUOUS
10
147.2650840000000017
20
-81.2040559999999942
11
147.2263529999999889
21
-81.266847999999996
0
LINE
8
BLACK
6
CONTINUOUS
10
147.2263529999999889
20
-81.266847999999996
11
147.1744070000000022
21
-81.313570999999996
0
LINE
8
BLACK
6
CONTINUOUS
10
147.1744070000000022
20
-81.313570999999996
11
147.1208159999999907
21
-81.3257499999999993
0
LINE
8
BLACK
6
CONTINUOUS
10
147.1208159999999907
20
-81.3257499999999993
11
146.9865939999999966
21
-81.3257499999999993
0
LINE
8
BLACK
6
CONTINUOUS
10
146.9865939999999966
20
-81.3257499999999993
11
146.9584409999999934
21
-81.3317339999999973
0
LINE
8
BLACK
6
CONTINUOUS
10
146.9584409999999934
20
-81.3317339999999973
11
146.8014369999999928
21
-81.3651049999999998
0
LINE
8
BLACK
6
CONTINUOUS
10
146.8014369999999928
20
-81.3651049999999998
11
146.8014320000000055
21
-81.3651069999999947
0
LINE
8
BLACK
6
CONTINUOUS
10
146.8014320000000055
20
-81.3651069999999947
11
146.6452519999999993
21
-81.4346439999999916
0
LINE
8
BLACK
6
CONTINUOUS
10
146.6452519999999993
20
-81.4346439999999916
11
146.5760019999999884
21
-81.4439289999999971
0
LINE
8
BLACK
6
CONTINUOUS
10
146.5760019999999884
20
-81.4439289999999971
11
146.512724999999989
21
-81.4143009999999947
0
LINE
8
BLACK
6
CONTINUOUS
10
146.512724999999989
20
-81.4143009999999947
11
146.4771089999999845
21
-81.3603669999999966
0
LINE
8
BLACK
6
CONTINUOUS
10
146.4771089999999845
20
-81.3603669999999966
11
146.4676910000000021
21
-81.3319460000000021
0
LINE
8
BLACK
6
CONTINUOUS
10
146.4676910000000021
20
-81.3319460000000021
11
146.4676879999999812
21
-81.3319379999999938
0
LINE
8
BLACK
6
CONTINUOUS
10
146.4676879999999812
20
-81.3319379999999938
11
146.3771869999999922
21
-81.1852149999999995
0
LINE
8
BLACK
6
CONTINUOUS
10
146.3771869999999922
20
-81.1852149999999995
11
146.3771839999999997
21
-81.1852109999999954
0
LINE
8
BLACK
6
CONTINUOUS
10
146.3771839999999997
20
-81.1852109999999954
11
146.3632570000000044
21
-81.171284
0
LINE
8
BLACK
6
CONTINUOUS
10
146.3632570000000044
20
-81.171284
11
146.3297719999999913
21
-81.1099609999999984
0
LINE
8
BLACK
6
CONTINUOUS
10
146.3297719999999913
20
-81.1099609999999984
11
146.3347559999999987
21
-81.040268999999995
0
LINE
8
BLACK
6
CONTINUOUS
10
146.3347559999999987
20
-81.040268999999995
11
146.3632570000000044
21
-80.9959219999999931
0
LINE
8
BLACK
6
CONTINUOUS
10
146.3632570000000044
20
-80.9959219999999931
11
146.3775799999999947
21
-80.9816000000000003
0
LINE
8
BLACK
6
CONTINUOUS
10
146.3775799999999947
20
-80.9816000000000003
11
146.4681479999999851
21
-80.8347660000000019
0
LINE
8
BLACK
6
CONTINUOUS
10
146.4681479999999851
20
-80.8347660000000019
11
146.5224139999999977
21
-80.6710029999999989
0
LINE
8
BLACK
6
CONTINUOUS
10
146.5224139999999977
20
-80.6710029999999989
11
146.5327399999999898
21
-80.5699269999999927
0
LINE
8
BLACK
6
CONTINUOUS
10
146.5327399999999898
20
-80.5699269999999927
11
146.5327389999999923
21
-79.8715949999999992
0
LINE
8
BLACK
6
CONTINUOUS
10
146.5327389999999923
20
-79.8715949999999992
11
146.5327389999999923
21
-79.8715739999999954
0
LINE
8
BLACK
6
CONTINUOUS
10
146.5327389999999923
20
-79.8715739999999954
11
146.5224139999999977
21
-79.7704969999999918
0
LINE
8
BLACK
6
CONTINUOUS
10
146.5224139999999977
20
-79.7704969999999918
11
146.4681479999999851
21
-79.606734000000003
0
LINE
8
BLACK
6
CONTINUOUS
10
146.4681479999999851
20
-79.606734000000003
11
146.4306200000000047
21
-79.5458909999999975
0
LINE
8
BLACK
6
CONTINUOUS
10
146.4306200000000047
20
-79.5458909999999975
11
146.4121800000000064
21
-79.4785009999999943
0
LINE
8
BLACK
6
CONTINUOUS
10
146.4121800000000064
20
-79.4785009999999943
11
146.4182260000000042
21
-79.4424849999999907
0
LINE
8
BLACK
6
CONTINUOUS
10
146.4182260000000042
20
-79.4424849999999907
11
146.4429140000000018
21
-79.3665060000000011
0
LINE
8
BLACK
6
CONTINUOUS
10
146.4429140000000018
20
-79.3665060000000011
11
146.4626999999999839
21
-79.1782499999999914
0
LINE
8
BLACK
6
CONTINUOUS
10
146.4626999999999839
20
-79.1782499999999914
11
146.4429140000000018
21
-78.9899939999999958
0
LINE
8
BLACK
6
CONTINUOUS
10
146.4429140000000018
20
-78.9899939999999958
11
146.3844189999999799
21
-78.8099660000000029
0
LINE
8
BLACK
6
CONTINUOUS
10
146.3844189999999799
20
-78.8099660000000029
11
146.2897729999999967
21
-78.6460340000000002
0
LINE
8
BLACK
6
CONTINUOUS
10
146.2897729999999967
20
-78.6460340000000002
11
146.1631109999999865
21
-78.505361999999991
0
LINE
8
BLACK
6
CONTINUOUS
10
146.1631109999999865
20
-78.505361999999991
11
146.163109999999989
21
-78.5053609999999935
0
LINE
8
BLACK
6
CONTINUOUS
10
146.163109999999989
20
-78.5053609999999935
11
146.0099739999999997
21
-78.394100999999992
0
LINE
8
BLACK
6
CONTINUOUS
10
146.0099739999999997
20
-78.394100999999992
11
146.0099689999999839
21
-78.3940979999999996
0
LINE
8
BLACK
6
CONTINUOUS
10
146.0099689999999839
20
-78.3940979999999996
11
145.8370469999999841
21
-78.3171069999999929
0
LINE
8
BLACK
6
CONTINUOUS
10
145.8370469999999841
20
-78.3171069999999929
11
145.8370419999999967
21
-78.317104999999998
0
LINE
8
BLACK
6
CONTINUOUS
10
145.8370419999999967
20
-78.317104999999998
11
145.6912409999999909
21
-78.2861149999999952
0
LINE
8
BLACK
6
CONTINUOUS
10
145.6912409999999909
20
-78.2861149999999952
11
145.6518859999999904
21
-78.2777499999999975
0
LINE
8
BLACK
6
CONTINUOUS
10
145.6518859999999904
20
-78.2777499999999975
11
145.4625939999999957
21
-78.2777499999999975
0
LINE
8
BLACK
6
CONTINUOUS
10
145.4625939999999957
20
-78.2777499999999975
11
145.430137000000002
21
-78.28464799999999
0
LINE
8
BLACK
6
CONTINUOUS
10
145.430137000000002
20
-78.28464799999999
11
145.2774369999999919
21
-78.317104999999998
0
LINE
8
BLACK
6
CONTINUOUS
10
145.2774369999999919
20
-78.317104999999998
11
145.2774320000000046
21
-78.3171069999999929
0
LINE
8
BLACK
6
CONTINUOUS
10
145.2774320000000046
20
-78.3171069999999929
11
145.1045100000000048
21
-78.3940979999999996
0
LINE
8
BLACK
6
CONTINUOUS
10
145.1045100000000048
20
-78.3940979999999996
11
145.104504999999989
21
-78.394100999999992
0
LINE
8
BLACK
6
CONTINUOUS
10
145.104504999999989
20
-78.394100999999992
11
144.9513689999999997
21
-78.5053609999999935
0
LINE
8
BLACK
6
CONTINUOUS
10
144.9513689999999997
20
-78.5053609999999935
11
144.8247059999999919
21
-78.6460349999999977
0
LINE
8
BLACK
6
CONTINUOUS
10
144.8247059999999919
20
-78.6460349999999977
11
144.7300610000000063
21
-78.8099649999999912
0
LINE
8
BLACK
6
CONTINUOUS
10
144.7300610000000063
20
-78.8099649999999912
11
144.7300579999999854
21
-78.8099720000000019
0
LINE
8
BLACK
6
CONTINUOUS
10
144.7300579999999854
20
-78.8099720000000019
11
144.6715669999999818
21
-78.9899899999999917
0
LINE
8
BLACK
6
CONTINUOUS
10
144.6715669999999818
20
-78.9899899999999917
11
144.6715659999999843
21
-78.9899939999999958
0
LINE
8
BLACK
6
CONTINUOUS
10
144.6715659999999843
20
-78.9899939999999958
11
144.654404999999997
21
-79.1532729999999987
0
LINE
8
BLACK
6
CONTINUOUS
10
144.654404999999997
20
-79.1532729999999987
11
144.6517800000000022
21
-79.1782499999999914
0
LINE
8
BLACK
6
CONTINUOUS
10
144.6517800000000022
20
-79.1782499999999914
11
144.6715659999999843
21
-79.3665060000000011
0
LINE
8
BLACK
6
CONTINUOUS
10
144.6715659999999843
20
-79.3665060000000011
11
144.6715679999999793
21
-79.3665120000000002
0
LINE
8
BLACK
6
CONTINUOUS
10
144.6715679999999793
20
-79.3665120000000002
11
144.696249999999992
21
-79.4424789999999916
0
LINE
8
BLACK
6
CONTINUOUS
10
144.696249999999992
20
-79.4424789999999916
11
144.6982449999999858
21
-79.512321
0
LINE
8
BLACK
6
CONTINUOUS
10
144.6982449999999858
20
-79.512321
11
144.683858999999984
21
-79.5458909999999975
0
LINE
8
BLACK
6
CONTINUOUS
10
144.683858999999984
20
-79.5458909999999975
11
144.6463349999999934
21
-79.6067290000000014
0
LINE
8
BLACK
6
CONTINUOUS
10
144.6463349999999934
20
-79.6067290000000014
11
144.6463310000000035
21
-79.6067359999999979
0
LINE
8
BLACK
6
CONTINUOUS
10
144.6463310000000035
20
-79.6067359999999979
11
144.6189589999999896
21
-79.6893379999999922
0
LINE
8
BLACK
6
CONTINUOUS
10
144.6189589999999896
20
-79.6893379999999922
11
144.5920659999999884
21
-79.7704969999999918
0
LINE
8
BLACK
6
CONTINUOUS
10
144.5920659999999884
20
-79.7704969999999918
11
144.5920659999999884
21
-79.7704980000000035
0
LINE
8
BLACK
6
CONTINUOUS
10
144.5920659999999884
20
-79.7704980000000035
11
144.592064999999991
21
-79.7704980000000035
0
LINE
8
BLACK
6
CONTINUOUS
10
144.592064999999991
20
-79.7704980000000035
11
144.5817399999999964
21
-79.8715649999999897
0
LINE
8
BLACK
6
CONTINUOUS
10
144.5817399999999964
20
-79.8715649999999897
11
144.5817399999999964
21
-80.5699189999999987
0
LINE
8
BLACK
6
CONTINUOUS
10
149.6617399999999805
20
-82.294918999999993
11
149.6617410000000064
21
-82.2949369999999902
0
LINE
8
BLACK
6
CONTINUOUS
10
149.6617410000000064
20
-82.2949369999999902
11
149.6720650000000035
21
-82.3960019999999957
0
LINE
8
BLACK
6
CONTINUOUS
10
149.6720650000000035
20
-82.3960019999999957
11
149.6781969999999831
21
-82.4145060000000029
0
LINE
8
BLACK
6
CONTINUOUS
10
149.6781969999999831
20
-82.4145060000000029
11
149.7263319999999851
21
-82.5597659999999962
0
LINE
8
BLACK
6
CONTINUOUS
10
149.7263319999999851
20
-82.5597659999999962
11
149.816900000000004
21
-82.7065999999999946
0
LINE
8
BLACK
6
CONTINUOUS
10
149.816900000000004
20
-82.7065999999999946
11
149.9388899999999865
21
-82.8285899999999913
0
LINE
8
BLACK
6
CONTINUOUS
10
149.9388899999999865
20
-82.8285899999999913
11
150.085723999999999
21
-82.9191579999999959
0
LINE
8
BLACK
6
CONTINUOUS
10
150.085723999999999
20
-82.9191579999999959
11
150.2494869999999878
21
-82.9734239999999943
0
LINE
8
BLACK
6
CONTINUOUS
10
150.2494869999999878
20
-82.9734239999999943
11
150.350562999999994
21
-82.9837500000000006
0
LINE
8
BLACK
6
CONTINUOUS
10
150.350562999999994
20
-82.9837500000000006
11
150.9239159999999913
21
-82.9837490000000031
0
LINE
8
BLACK
6
CONTINUOUS
10
150.9239159999999913
20
-82.9837490000000031
11
150.9239239999999995
21
-82.9837479999999914
0
LINE
8
BLACK
6
CONTINUOUS
10
150.9239239999999995
20
-82.9837479999999914
11
150.9239269999999919
21
-82.9837479999999914
0
LINE
8
BLACK
6
CONTINUOUS
10
150.9239269999999919
20
-82.9837479999999914
11
150.9474050000000034
21
-82.9813489999999945
0
LINE
8
BLACK
6
CONTINUOUS
10
150.9474050000000034
20
-82.9813489999999945
11
151.0249929999999949
21
-82.9734239999999943
0
LINE
8
BLACK
6
CONTINUOUS
10
151.0249929999999949
20
-82.9734239999999943
11
151.0501730000000009
21
-82.9650790000000029
0
LINE
8
BLACK
6
CONTINUOUS
10
151.0501730000000009
20
-82.9650790000000029
11
151.1199990000000071
21
-82.9626769999999993
0
LINE
8
BLACK
6
CONTINUOUS
10
151.1199990000000071
20
-82.9626769999999993
11
151.1620589999999993
21
-82.9824649999999906
0
LINE
8
BLACK
6
CONTINUOUS
10
151.1620589999999993
20
-82.9824649999999906
11
151.2005059999999901
21
-83.010397999999995
0
LINE
8
BLACK
6
CONTINUOUS
10
151.2005059999999901
20
-83.010397999999995
11
151.20050999999998
21
-83.0104010000000017
0
LINE
8
BLACK
6
CONTINUOUS
10
151.20050999999998
20
-83.0104010000000017
11
151.3734319999999798
21
-83.0873919999999941
0
LINE
8
BLACK
6
CONTINUOUS
10
151.3734319999999798
20
-83.0873919999999941
11
151.3734369999999956
21
-83.0873940000000033
0
LINE
8
BLACK
6
CONTINUOUS
10
151.3734369999999956
20
-83.0873940000000033
11
151.5585939999999994
21
-83.1267500000000013
0
LINE
8
BLACK
6
CONTINUOUS
10
151.5585939999999994
20
-83.1267500000000013
11
151.5585949999999968
21
-83.1267500000000013
0
LINE
8
BLACK
6
CONTINUOUS
10
151.5585949999999968
20
-83.1267500000000013
11
151.7478839999999991
21
-83.1267500000000013
0
LINE
8
BLACK
6
CONTINUOUS
10
151.7478839999999991
20
-83.1267500000000013
11
151.7478859999999941
21
-83.1267500000000013
0
LINE
8
BLACK
6
CONTINUOUS
10
151.7478859999999941
20
-83.1267500000000013
11
151.9330429999999978
21
-83.0873940000000033
0
LINE
8
BLACK
6
CONTINUOUS
10
151.9330429999999978
20
-83.0873940000000033
11
152.105969999999985
21
-83.0104010000000017
0
LINE
8
BLACK
6
CONTINUOUS
10
152.105969999999985
20
-83.0104010000000017
11
152.2591109999999901
21
-82.8991379999999936
0
LINE
8
BLACK
6
CONTINUOUS
10
152.2591109999999901
20
-82.8991379999999936
11
152.3101279999999917
21
-82.8424770000000024
0
LINE
8
BLACK
6
CONTINUOUS
10
152.3101279999999917
20
-82.8424770000000024
11
152.3696129999999869
21
-82.8058300000000003
0
LINE
8
BLACK
6
CONTINUOUS
10
152.3696129999999869
20
-82.8058300000000003
11
152.43947
21
-82.8071589999999986
0
LINE
8
BLACK
6
CONTINUOUS
10
152.43947
20
-82.8071589999999986
11
152.4728069999999889
21
-82.8248049999999978
0
LINE
8
BLACK
6
CONTINUOUS
10
152.4728069999999889
20
-82.8248049999999978
11
152.473054999999988
21
-82.8244040000000012
0
LINE
8
BLACK
6
CONTINUOUS
10
152.473054999999988
20
-82.8244040000000012
11
152.4791490000000067
21
-82.8281629999999893
0
LINE
8
BLACK
6
CONTINUOUS
10
152.4791490000000067
20
-82.8281629999999893
11
152.479186999999996
21
-82.8281829999999957
0
LINE
8
BLACK
6
CONTINUOUS
10
152.479186999999996
20
-82.8281829999999957
11
152.479204999999979
21
-82.828197000000003
0
LINE
8
BLACK
6
CONTINUOUS
10
152.479204999999979
20
-82.828197000000003
11
152.6259279999999876
21
-82.918697999999992
0
LINE
8
BLACK
6
CONTINUOUS
10
152.6259279999999876
20
-82.918697999999992
11
152.6259389999999883
21
-82.9187029999999936
0
LINE
8
BLACK
6
CONTINUOUS
10
152.6259389999999883
20
-82.9187029999999936
11
152.7895869999999832
21
-82.972929999999991
0
LINE
8
BLACK
6
CONTINUOUS
10
152.7895869999999832
20
-82.972929999999991
11
152.8905919999999981
21
-82.9832490000000007
0
LINE
8
BLACK
6
CONTINUOUS
10
152.8905919999999981
20
-82.9832490000000007
11
152.9272399999999834
21
-82.9832490000000007
0
LINE
8
BLACK
6
CONTINUOUS
10
152.9272399999999834
20
-82.9832490000000007
11
152.9272399999999834
21
-82.4807629999999961
0
LINE
8
BLACK
6
CONTINUOUS
10
152.9272399999999834
20
-82.4807629999999961
11
152.8488529999999912
21
-82.465170999999998
0
LINE
8
BLACK
6
CONTINUOUS
10
152.8488529999999912
20
-82.465170999999998
11
152.7718019999999797
21
-82.4136879999999934
0
LINE
8
BLACK
6
CONTINUOUS
10
152.7718019999999797
20
-82.4136879999999934
11
152.7203189999999893
21
-82.3366369999999961
0
LINE
8
BLACK
6
CONTINUOUS
10
152.7203189999999893
20
-82.3366369999999961
11
152.7022399999999891
21
-82.245750000000001
0
LINE
8
BLACK
6
CONTINUOUS
10
152.7022399999999891
20
-82.245750000000001
11
152.7022399999999891
21
-81.6457499999999925
0
LINE
8
BLACK
6
CONTINUOUS
10
152.7022399999999891
20
-81.6457499999999925
11
152.7203189999999893
21
-81.5548629999999974
0
LINE
8
BLACK
6
CONTINUOUS
10
152.7203189999999893
20
-81.5548629999999974
11
152.7718019999999797
21
-81.4778120000000001
0
LINE
8
BLACK
6
CONTINUOUS
10
152.7718019999999797
20
-81.4778120000000001
11
152.8488529999999912
21
-81.4263289999999955
0
LINE
8
BLACK
6
CONTINUOUS
10
152.8488529999999912
20
-81.4263289999999955
11
152.9397400000000005
21
-81.4082499999999953
0
LINE
8
BLACK
6
CONTINUOUS
10
152.9397400000000005
20
-81.4082499999999953
11
153.4147399999999948
21
-81.4082499999999953
0
LINE
8
BLACK
6
CONTINUOUS
10
153.4147399999999948
20
-81.4082499999999953
11
153.505627000000004
21
-81.4263289999999955
0
LINE
8
BLACK
6
CONTINUOUS
10
153.505627000000004
20
-81.4263289999999955
11
153.5826779999999872
21
-81.4778120000000001
0
LINE
8
BLACK
6
CONTINUOUS
10
153.5826779999999872
20
-81.4778120000000001
11
153.634161000000006
21
-81.5548629999999974
0
LINE
8
BLACK
6
CONTINUOUS
10
153.634161000000006
20
-81.5548629999999974
11
153.6522400000000061
21
-81.6457499999999925
0
LINE
8
BLACK
6
CONTINUOUS
10
153.6522400000000061
20
-81.6457499999999925
11
153.6522400000000061
21
-81.6957499999999897
0
LINE
8
BLACK
6
CONTINUOUS
10
153.6522400000000061
20
-81.6957499999999897
11
154.1522389999999803
21
-81.6957499999999897
0
LINE
8
BLACK
6
CONTINUOUS
10
154.1522389999999803
20
-81.6957499999999897
11
154.1522389999999803
21
-81.5966099999999983
0
LINE
8
BLACK
6
CONTINUOUS
10
154.1522389999999803
20
-81.5966099999999983
11
154.1522379999999828
21
-81.5965949999999935
0
LINE
8
BLACK
6
CONTINUOUS
10
154.1522379999999828
20
-81.5965949999999935
11
154.1419199999999989
21
-81.4955969999999894
0
LINE
8
BLACK
6
CONTINUOUS
10
154.1419199999999989
20
-81.4955969999999894
11
154.0876930000000016
21
-81.3319489999999945
0
LINE
8
BLACK
6
CONTINUOUS
10
154.0876930000000016
20
-81.3319489999999945
11
154.0876879999999858
21
-81.3319379999999938
0
LINE
8
BLACK
6
CONTINUOUS
10
154.0876879999999858
20
-81.3319379999999938
11
153.9971869999999967
21
-81.1852149999999995
0
LINE
8
BLACK
6
CONTINUOUS
10
153.9971869999999967
20
-81.1852149999999995
11
153.9971840000000043
21
-81.1852109999999954
0
LINE
8
BLACK
6
CONTINUOUS
10
153.9971840000000043
20
-81.1852109999999954
11
153.9832569999999805
21
-81.171284
0
LINE
8
BLACK
6
CONTINUOUS
10
153.9832569999999805
20
-81.171284
11
153.9497719999999958
21
-81.1099609999999984
0
LINE
8
BLACK
6
CONTINUOUS
10
153.9497719999999958
20
-81.1099609999999984
11
153.9547560000000033
21
-81.040268999999995
0
LINE
8
BLACK
6
CONTINUOUS
10
153.9547560000000033
20
-81.040268999999995
11
153.9832569999999805
21
-80.9959219999999931
0
LINE
8
BLACK
6
CONTINUOUS
10
153.9832569999999805
20
-80.9959219999999931
11
153.9975799999999992
21
-80.9816000000000003
0
LINE
8
BLACK
6
CONTINUOUS
10
153.9975799999999992
20
-80.9816000000000003
11
154.0881479999999897
21
-80.8347660000000019
0
LINE
8
BLACK
6
CONTINUOUS
10
154.0881479999999897
20
-80.8347660000000019
11
154.1424140000000023
21
-80.6710029999999989
0
LINE
8
BLACK
6
CONTINUOUS
10
154.1424140000000023
20
-80.6710029999999989
11
154.1527399999999943
21
-80.5699269999999927
0
LINE
8
BLACK
6
CONTINUOUS
10
154.1527399999999943
20
-80.5699269999999927
11
154.1527389999999968
21
-79.8715739999999954
0
LINE
8
BLACK
6
CONTINUOUS
10
154.1527389999999968
20
-79.8715739999999954
11
154.1424140000000023
21
-79.7704969999999918
0
LINE
8
BLACK
6
CONTINUOUS
10
154.1424140000000023
20
-79.7704969999999918
11
154.0881479999999897
21
-79.606734000000003
0
LINE
8
BLACK
6
CONTINUOUS
10
154.0881479999999897
20
-79.606734000000003
11
154.0506199999999808
21
-79.5458909999999975
0
LINE
8
BLACK
6
CONTINUOUS
10
154.0506199999999808
20
-79.5458909999999975
11
154.0321799999999826
21
-79.4785009999999943
0
LINE
8
BLACK
6
CONTINUOUS
10
154.0321799999999826
20
-79.4785009999999943
11
154.0382259999999803
21
-79.4424849999999907
0
LINE
8
BLACK
6
CONTINUOUS
10
154.0382259999999803
20
-79.4424849999999907
11
154.0629140000000064
21
-79.3665060000000011
0
LINE
8
BLACK
6
CONTINUOUS
10
154.0629140000000064
20
-79.3665060000000011
11
154.0826999999999884
21
-79.1782499999999914
0
LINE
8
BLACK
6
CONTINUOUS
10
154.0826999999999884
20
-79.1782499999999914
11
154.0629140000000064
21
-78.9899939999999958
0
LINE
8
BLACK
6
CONTINUOUS
10
154.0629140000000064
20
-78.9899939999999958
11
154.0044189999999844
21
-78.8099660000000029
0
LINE
8
BLACK
6
CONTINUOUS
10
154.0044189999999844
20
-78.8099660000000029
11
153.9097730000000013
21
-78.6460340000000002
0
LINE
8
BLACK
6
CONTINUOUS
10
153.9097730000000013
20
-78.6460340000000002
11
153.783110999999991
21
-78.505361999999991
0
LINE
8
BLACK
6
CONTINUOUS
10
153.783110999999991
20
-78.505361999999991
11
153.7831099999999935
21
-78.5053609999999935
0
LINE
8
BLACK
6
CONTINUOUS
10
153.7831099999999935
20
-78.5053609999999935
11
153.6299740000000043
21
-78.394100999999992
0
LINE
8
BLACK
6
CONTINUOUS
10
153.6299740000000043
20
-78.394100999999992
11
153.6299689999999885
21
-78.3940979999999996
0
LINE
8
BLACK
6
CONTINUOUS
10
153.6299689999999885
20
-78.3940979999999996
11
153.4570469999999887
21
-78.3171069999999929
0
LINE
8
BLACK
6
CONTINUOUS
10
153.4570469999999887
20
-78.3171069999999929
11
153.4570420000000013
21
-78.317104999999998
0
LINE
8
BLACK
6
CONTINUOUS
10
153.4570420000000013
20
-78.317104999999998
11
153.3112409999999954
21
-78.2861149999999952
0
LINE
8
BLACK
6
CONTINUOUS
10
153.3112409999999954
20
-78.2861149999999952
11
153.271885999999995
21
-78.2777499999999975
0
LINE
8
BLACK
6
CONTINUOUS
10
153.271885999999995
20
-78.2777499999999975
11
153.0825940000000003
21
-78.2777499999999975
0
LINE
8
BLACK
6
CONTINUOUS
10
153.0825940000000003
20
-78.2777499999999975
11
153.0501370000000065
21
-78.28464799999999
0
LINE
8
BLACK
6
CONTINUOUS
10
153.0501370000000065
20
-78.28464799999999
11
152.8974369999999965
21
-78.317104999999998
0
LINE
8
BLACK
6
CONTINUOUS
10
152.8974369999999965
20
-78.317104999999998
11
152.8974319999999807
21
-78.3171069999999929
0
LINE
8
BLACK
6
CONTINUOUS
10
152.8974319999999807
20
-78.3171069999999929
11
152.7245099999999809
21
-78.3940979999999996
0
LINE
8
BLACK
6
CONTINUOUS
10
152.7245099999999809
20
-78.3940979999999996
11
152.7245049999999935
21
-78.394100999999992
0
LINE
8
BLACK
6
CONTINUOUS
10
152.7245049999999935
20
-78.394100999999992
11
152.5713690000000042
21
-78.5053609999999935
0
LINE
8
BLACK
6
CONTINUOUS
10
152.5713690000000042
20
-78.5053609999999935
11
152.4447059999999965
21
-78.6460349999999977
0
LINE
8
BLACK
6
CONTINUOUS
10
152.4447059999999965
20
-78.6460349999999977
11
152.3500609999999824
21
-78.8099649999999912
0
LINE
8
BLACK
6
CONTINUOUS
10
152.3500609999999824
20
-78.8099649999999912
11
152.35005799999999
21
-78.8099720000000019
0
LINE
8
BLACK
6
CONTINUOUS
10
152.35005799999999
20
-78.8099720000000019
11
152.2915669999999864
21
-78.9899899999999917
0
LINE
8
BLACK
6
CONTINUOUS
10
152.2915669999999864
20
-78.9899899999999917
11
152.2915659999999889
21
-78.9899939999999958
0
LINE
8
BLACK
6
CONTINUOUS
10
152.2915659999999889
20
-78.9899939999999958
11
152.2744050000000016
21
-79.1532729999999987
0
LINE
8
BLACK
6
CONTINUOUS
10
152.2744050000000016
20
-79.1532729999999987
11
152.2717800000000068
21
-79.1782499999999914
0
LINE
8
BLACK
6
CONTINUOUS
10
152.2717800000000068
20
-79.1782499999999914
11
152.2915659999999889
21
-79.3665060000000011
0
LINE
8
BLACK
6
CONTINUOUS
10
152.2915659999999889
20
-79.3665060000000011
11
152.2915679999999838
21
-79.3665120000000002
0
LINE
8
BLACK
6
CONTINUOUS
10
152.2915679999999838
20
-79.3665120000000002
11
152.3162499999999966
21
-79.4424789999999916
0
LINE
8
BLACK
6
CONTINUOUS
10
152.3162499999999966
20
-79.4424789999999916
11
152.3182449999999903
21
-79.512321
0
LINE
8
BLACK
6
CONTINUOUS
10
152.3182449999999903
20
-79.512321
11
152.3038589999999886
21
-79.5458909999999975
0
LINE
8
BLACK
6
CONTINUOUS
10
152.3038589999999886
20
-79.5458909999999975
11
152.266334999999998
21
-79.6067290000000014
0
LINE
8
BLACK
6
CONTINUOUS
10
152.266334999999998
20
-79.6067290000000014
11
152.2663309999999797
21
-79.6067359999999979
0
LINE
8
BLACK
6
CONTINUOUS
10
152.2663309999999797
20
-79.6067359999999979
11
152.2389589999999941
21
-79.6893379999999922
0
LINE
8
BLACK
6
CONTINUOUS
10
152.2389589999999941
20
-79.6893379999999922
11
152.212065999999993
21
-79.7704969999999918
0
LINE
8
BLACK
6
CONTINUOUS
10
152.212065999999993
20
-79.7704969999999918
11
152.212065999999993
21
-79.7704980000000035
0
LINE
8
BLACK
6
CONTINUOUS
10
152.212065999999993
20
-79.7704980000000035
11
152.2120649999999955
21
-79.7704980000000035
0
LINE
8
BLACK
6
CONTINUOUS
10
152.2120649999999955
20
-79.7704980000000035
11
152.2017400000000009
21
-79.8715649999999897
0
LINE
8
BLACK
6
CONTINUOUS
10
152.2017400000000009
20
-79.8715649999999897
11
152.2017400000000009
21
-80.5699189999999987
0
LINE
8
BLACK
6
CONTINUOUS
10
152.2017400000000009
20
-80.5699189999999987
11
152.2017409999999984
21
-80.5699369999999959
0
LINE
8
BLACK
6
CONTINUOUS
10
152.2017409999999984
20
-80.5699369999999959
11
152.2120649999999955
21
-80.6710020000000014
0
LINE
8
BLACK
6
CONTINUOUS
10
152.2120649999999955
20
-80.6710020000000014
11
152.2483489999999904
21
-80.7804989999999918
0
LINE
8
BLACK
6
CONTINUOUS
10
152.2483489999999904
20
-80.7804989999999918
11
152.2663320000000056
21
-80.8347660000000019
0
LINE
8
BLACK
6
CONTINUOUS
10
152.2663320000000056
20
-80.8347660000000019
11
152.3568989999999985
21
-80.9815990000000028
0
LINE
8
BLACK
6
CONTINUOUS
10
152.3568989999999985
20
-80.9815990000000028
11
152.3569009999999935
21
-80.9816009999999977
0
LINE
8
BLACK
6
CONTINUOUS
10
152.3569009999999935
20
-80.9816009999999977
11
152.3712219999999888
21
-80.9959219999999931
0
LINE
8
BLACK
6
CONTINUOUS
10
152.3712219999999888
20
-80.9959219999999931
11
152.4047070000000019
21
-81.0572449999999947
0
LINE
8
BLACK
6
CONTINUOUS
10
152.4047070000000019
20
-81.0572449999999947
11
152.3997229999999945
21
-81.1269369999999981
0
LINE
8
BLACK
6
CONTINUOUS
10
152.3997229999999945
20
-81.1269369999999981
11
152.3712249999999813
21
-81.1712819999999908
0
LINE
8
BLACK
6
CONTINUOUS
10
152.3712249999999813
20
-81.1712819999999908
11
152.3572920000000011
21
-81.1852149999999995
0
LINE
8
BLACK
6
CONTINUOUS
10
152.3572920000000011
20
-81.1852149999999995
11
152.2667909999999836
21
-81.3319379999999938
0
LINE
8
BLACK
6
CONTINUOUS
10
152.2667909999999836
20
-81.3319379999999938
11
152.2667869999999937
21
-81.3319469999999995
0
LINE
8
BLACK
6
CONTINUOUS
10
152.2667869999999937
20
-81.3319469999999995
11
152.2573689999999829
21
-81.3603700000000032
0
LINE
8
BLACK
6
CONTINUOUS
10
152.2573689999999829
20
-81.3603700000000032
11
152.2175959999999861
21
-81.4178149999999903
0
LINE
8
BLACK
6
CONTINUOUS
10
152.2175959999999861
20
-81.4178149999999903
11
152.1530799999999886
21
-81.4446370000000002
0
LINE
8
BLACK
6
CONTINUOUS
10
152.1530799999999886
20
-81.4446370000000002
11
152.089226999999994
21
-81.4346439999999916
0
LINE
8
BLACK
6
CONTINUOUS
10
152.089226999999994
20
-81.4346439999999916
11
151.9330469999999877
21
-81.3651069999999947
0
LINE
8
BLACK
6
CONTINUOUS
10
151.9330469999999877
20
-81.3651069999999947
11
151.9330420000000004
21
-81.3651049999999998
0
LINE
8
BLACK
6
CONTINUOUS
10
151.9330420000000004
20
-81.3651049999999998
11
151.776048000000003
21
-81.3317359999999923
0
LINE
8
BLACK
6
CONTINUOUS
10
151.776048000000003
20
-81.3317359999999923
11
151.7478859999999941
21
-81.3257499999999993
0
LINE
8
BLACK
6
CONTINUOUS
10
151.7478859999999941
20
-81.3257499999999993
11
151.613664
21
-81.3257499999999993
0
LINE
8
BLACK
6
CONTINUOUS
10
151.613664
20
-81.3257499999999993
11
151.5466250000000059
21
-81.3060649999999896
0
LINE
8
BLACK
6
CONTINUOUS
10
151.5466250000000059
20
-81.3060649999999896
11
151.5081250000000068
21
-81.2668469999999985
0
LINE
8
BLACK
6
CONTINUOUS
10
151.5081250000000068
20
-81.2668469999999985
11
151.4577740000000006
21
-81.1852149999999995
0
LINE
8
BLACK
6
CONTINUOUS
10
151.4577740000000006
20
-81.1852149999999995
11
151.4575800000000072
21
-81.184899999999999
0
LINE
8
BLACK
6
CONTINUOUS
10
151.4575800000000072
20
-81.184899999999999
11
151.4432569999999885
21
-81.1705769999999944
0
LINE
8
BLACK
6
CONTINUOUS
10
151.4432569999999885
20
-81.1705769999999944
11
151.4097720000000038
21
-81.1092539999999929
0
LINE
8
BLACK
6
CONTINUOUS
10
151.4097720000000038
20
-81.1092539999999929
11
151.4147559999999828
21
-81.0395619999999894
0
LINE
8
BLACK
6
CONTINUOUS
10
151.4147559999999828
20
-81.0395619999999894
11
151.4432610000000068
21
-80.9952100000000002
0
LINE
8
BLACK
6
CONTINUOUS
10
151.4432610000000068
20
-80.9952100000000002
11
151.4571870000000047
21
-80.9812849999999997
0
LINE
8
BLACK
6
CONTINUOUS
10
151.4571870000000047
20
-80.9812849999999997
11
151.5476879999999937
21
-80.8345609999999937
0
LINE
8
BLACK
6
CONTINUOUS
10
151.5476879999999937
20
-80.8345609999999937
11
151.5476929999999811
21
-80.834549999999993
0
LINE
8
BLACK
6
CONTINUOUS
10
151.5476929999999811
20
-80.834549999999993
11
151.6019200000000069
21
-80.6709019999999981
0
LINE
8
BLACK
6
CONTINUOUS
10
151.6019200000000069
20
-80.6709019999999981
11
151.6122389999999882
21
-80.569903999999994
0
LINE
8
BLACK
6
CONTINUOUS
10
151.6122389999999882
20
-80.569903999999994
11
151.6122399999999857
21
-80.5698909999999984
0
LINE
8
BLACK
6
CONTINUOUS
10
151.6122399999999857
20
-80.5698909999999984
11
151.6122399999999857
21
-80.4707499999999953
0
LINE
8
BLACK
6
CONTINUOUS
10
151.6122399999999857
20
-80.4707499999999953
11
151.1122399999999857
21
-80.4707499999999953
0
LINE
8
BLACK
6
CONTINUOUS
10
151.1122399999999857
20
-80.4707499999999953
11
151.1122399999999857
21
-80.5207499999999925
0
LINE
8
BLACK
6
CONTINUOUS
10
151.1122399999999857
20
-80.5207499999999925
11
151.0941609999999855
21
-80.6116370000000018
0
LINE
8
BLACK
6
CONTINUOUS
10
151.0941609999999855
20
-80.6116370000000018
11
151.0426779999999951
21
-80.6886879999999991
0
LINE
8
BLACK
6
CONTINUOUS
10
151.0426779999999951
20
-80.6886879999999991
11
150.9656269999999836
21
-80.7401709999999895
0
LINE
8
BLACK
6
CONTINUOUS
10
150.9656269999999836
20
-80.7401709999999895
11
150.8747400000000027
21
-80.7582499999999897
0
LINE
8
BLACK
6
CONTINUOUS
10
150.8747400000000027
20
-80.7582499999999897
11
150.39973999999998
21
-80.7582499999999897
0
LINE
8
BLACK
6
CONTINUOUS
10
150.39973999999998
20
-80.7582499999999897
11
150.3088529999999992
21
-80.7401709999999895
0
LINE
8
BLACK
6
CONTINUOUS
10
150.3088529999999992
20
-80.7401709999999895
11
150.2318019999999876
21
-80.6886879999999991
0
LINE
8
BLACK
6
CONTINUOUS
10
150.2318019999999876
20
-80.6886879999999991
11
150.1803189999999972
21
-80.6116370000000018
0
LINE
8
BLACK
6
CONTINUOUS
10
150.1803189999999972
20
-80.6116370000000018
11
150.1622399999999971
21
-80.5207499999999925
0
LINE
8
BLACK
6
CONTINUOUS
10
150.1622399999999971
20
-80.5207499999999925
11
150.1622399999999971
21
-80.4707499999999953
0
LINE
8
BLACK
6
CONTINUOUS
10
150.1622399999999971
20
-80.4707499999999953
11
149.6622409999999945
21
-80.4707499999999953
0
LINE
8
BLACK
6
CONTINUOUS
10
149.6622409999999945
20
-80.4707499999999953
11
149.6622409999999945
21
-80.569903999999994
0
LINE
8
BLACK
6
CONTINUOUS
10
149.6622409999999945
20
-80.569903999999994
11
149.6725590000000068
21
-80.6709019999999981
0
LINE
8
BLACK
6
CONTINUOUS
10
149.6725590000000068
20
-80.6709019999999981
11
149.7267860000000042
21
-80.834549999999993
0
LINE
8
BLACK
6
CONTINUOUS
10
149.7267860000000042
20
-80.834549999999993
11
149.7267909999999915
21
-80.8345609999999937
0
LINE
8
BLACK
6
CONTINUOUS
10
149.7267909999999915
20
-80.8345609999999937
11
149.8172919999999806
21
-80.9812840000000023
0
LINE
8
BLACK
6
CONTINUOUS
10
149.8172919999999806
20
-80.9812840000000023
11
149.8172950000000014
21
-80.9812879999999922
0
LINE
8
BLACK
6
CONTINUOUS
10
149.8172950000000014
20
-80.9812879999999922
11
149.8312219999999968
21
-80.9952150000000017
0
LINE
8
BLACK
6
CONTINUOUS
10
149.8312219999999968
20
-80.9952150000000017
11
149.8647069999999815
21
-81.0565380000000033
0
LINE
8
BLACK
6
CONTINUOUS
10
149.8647069999999815
20
-81.0565380000000033
11
149.8597230000000025
21
-81.1262299999999925
0
LINE
8
BLACK
6
CONTINUOUS
10
149.8597230000000025
20
-81.1262299999999925
11
149.8312239999999917
21
-81.1705749999999995
0
LINE
8
BLACK
6
CONTINUOUS
10
149.8312239999999917
20
-81.1705749999999995
11
149.8169010000000014
21
-81.1848979999999898
0
LINE
8
BLACK
6
CONTINUOUS
10
149.8169010000000014
20
-81.1848979999999898
11
149.7263329999999826
21
-81.3317309999999907
0
LINE
8
BLACK
6
CONTINUOUS
10
149.7263329999999826
20
-81.3317309999999907
11
149.7263309999999876
21
-81.3317359999999923
0
LINE
8
BLACK
6
CONTINUOUS
10
149.7263309999999876
20
-81.3317359999999923
11
149.7152729999999963
21
-81.3651069999999947
0
LINE
8
BLACK
6
CONTINUOUS
10
149.7152729999999963
20
-81.3651069999999947
11
149.6720660000000009
21
-81.4954970000000003
0
LINE
8
BLACK
6
CONTINUOUS
10
149.6720660000000009
20
-81.4954970000000003
11
149.6720660000000009
21
-81.4954979999999978
0
LINE
8
BLACK
6
CONTINUOUS
10
149.6720660000000009
20
-81.4954979999999978
11
149.6720650000000035
21
-81.4954979999999978
0
LINE
8
BLACK
6
CONTINUOUS
10
149.6720650000000035
20
-81.4954979999999978
11
149.6617399999999805
21
-81.5965649999999982
0
LINE
8
BLACK
6
CONTINUOUS
10
149.6617399999999805
20
-81.5965649999999982
11
149.6617399999999805
21
-82.294918999999993
0
LINE
8
BLACK
6
CONTINUOUS
10
148.3472399999999993
20
-79.6857359999999915
11
148.4256269999999915
21
-79.7013290000000012
0
LINE
8
BLACK
6
CONTINUOUS
10
148.4256269999999915
20
-79.7013290000000012
11
148.5026780000000031
21
-79.7528119999999916
0
LINE
8
BLACK
6
CONTINUOUS
10
148.5026780000000031
20
-79.7528119999999916
11
148.5541609999999935
21
-79.8298630000000031
0
LINE
8
BLACK
6
CONTINUOUS
10
148.5541609999999935
20
-79.8298630000000031
11
148.5722399999999936
21
-79.9207499999999982
0
LINE
8
BLACK
6
CONTINUOUS
10
148.5722399999999936
20
-79.9207499999999982
11
148.5722399999999936
21
-79.9707499999999953
0
LINE
8
BLACK
6
CONTINUOUS
10
148.5722399999999936
20
-79.9707499999999953
11
149.0722389999999962
21
-79.9707499999999953
0
LINE
8
BLACK
6
CONTINUOUS
10
149.0722389999999962
20
-79.9707499999999953
11
149.0722389999999962
21
-79.8716099999999898
0
LINE
8
BLACK
6
CONTINUOUS
10
149.0722389999999962
20
-79.8716099999999898
11
149.0722379999999987
21
-79.8715949999999992
0
LINE
8
BLACK
6
CONTINUOUS
10
149.0722379999999987
20
-79.8715949999999992
11
149.0619199999999864
21
-79.7705969999999951
0
LINE
8
BLACK
6
CONTINUOUS
10
149.0619199999999864
20
-79.7705969999999951
11
149.0076929999999891
21
-79.6069490000000002
0
LINE
8
BLACK
6
CONTINUOUS
10
149.0076929999999891
20
-79.6069490000000002
11
149.0076880000000017
21
-79.6069379999999995
0
LINE
8
BLACK
6
CONTINUOUS
10
149.0076880000000017
20
-79.6069379999999995
11
148.9171869999999842
21
-79.4602149999999909
0
LINE
8
BLACK
6
CONTINUOUS
10
148.9171869999999842
20
-79.4602149999999909
11
148.9171839999999918
21
-79.460211000000001
0
LINE
8
BLACK
6
CONTINUOUS
10
148.9171839999999918
20
-79.460211000000001
11
148.7952779999999962
21
-79.3383049999999912
0
LINE
8
BLACK
6
CONTINUOUS
10
148.7952779999999962
20
-79.3383049999999912
11
148.7952740000000063
21
-79.3383019999999988
0
LINE
8
BLACK
6
CONTINUOUS
10
148.7952740000000063
20
-79.3383019999999988
11
148.6485509999999977
21
-79.2478009999999955
0
LINE
8
BLACK
6
CONTINUOUS
10
148.6485509999999977
20
-79.2478009999999955
11
148.648539999999997
21
-79.2477959999999939
0
LINE
8
BLACK
6
CONTINUOUS
10
148.648539999999997
20
-79.2477959999999939
11
148.4848920000000021
21
-79.1935689999999965
0
LINE
8
BLACK
6
CONTINUOUS
10
148.4848920000000021
20
-79.1935689999999965
11
148.383893999999998
21
-79.183250000000001
0
LINE
8
BLACK
6
CONTINUOUS
10
148.383893999999998
20
-79.183250000000001
11
148.3472399999999993
21
-79.183250000000001
0
LINE
8
BLACK
6
CONTINUOUS
10
148.3472399999999993
20
-79.183250000000001
11
148.3472399999999993
21
-79.6857359999999915
0
LINE
8
BLACK
6
CONTINUOUS
10
150.8872399999999914
20
-79.6857359999999915
11
150.9656269999999836
21
-79.7013290000000012
0
LINE
8
BLACK
6
CONTINUOUS
10
150.9656269999999836
20
-79.7013290000000012
11
151.0426779999999951
21
-79.7528119999999916
0
LINE
8
BLACK
6
CONTINUOUS
10
151.0426779999999951
20
-79.7528119999999916
11
151.0941609999999855
21
-79.8298630000000031
0
LINE
8
BLACK
6
CONTINUOUS
10
151.0941609999999855
20
-79.8298630000000031
11
151.1122399999999857
21
-79.9207499999999982
0
LINE
8
BLACK
6
CONTINUOUS
10
151.1122399999999857
20
-79.9207499999999982
11
151.1122399999999857
21
-79.9707499999999953
0
LINE
8
BLACK
6
CONTINUOUS
10
151.1122399999999857
20
-79.9707499999999953
11
151.6122389999999882
21
-79.9707499999999953
0
LINE
8
BLACK
6
CONTINUOUS
10
151.6122389999999882
20
-79.9707499999999953
11
151.6122389999999882
21
-79.8716099999999898
0
LINE
8
BLACK
6
CONTINUOUS
10
151.6122389999999882
20
-79.8716099999999898
11
151.6122379999999907
21
-79.8715949999999992
0
LINE
8
BLACK
6
CONTINUOUS
10
151.6122379999999907
20
-79.8715949999999992
11
151.6019200000000069
21
-79.7705969999999951
0
LINE
8
BLACK
6
CONTINUOUS
10
151.6019200000000069
20
-79.7705969999999951
11
151.5476929999999811
21
-79.6069490000000002
0
LINE
8
BLACK
6
CONTINUOUS
10
151.5476929999999811
20
-79.6069490000000002
11
151.5476879999999937
21
-79.6069379999999995
0
LINE
8
BLACK
6
CONTINUOUS
10
151.5476879999999937
20
-79.6069379999999995
11
151.4571870000000047
21
-79.4602149999999909
0
LINE
8
BLACK
6
CONTINUOUS
10
151.4571870000000047
20
-79.4602149999999909
11
151.4571839999999838
21
-79.460211000000001
0
LINE
8
BLACK
6
CONTINUOUS
10
151.4571839999999838
20
-79.460211000000001
11
151.3352779999999882
21
-79.3383049999999912
0
LINE
8
BLACK
6
CONTINUOUS
10
151.3352779999999882
20
-79.3383049999999912
11
151.3352739999999983
21
-79.3383019999999988
0
LINE
8
BLACK
6
CONTINUOUS
10
151.3352739999999983
20
-79.3383019999999988
11
151.1885509999999897
21
-79.2478009999999955
0
LINE
8
BLACK
6
CONTINUOUS
10
151.1885509999999897
20
-79.2478009999999955
11
151.188539999999989
21
-79.2477959999999939
0
LINE
8
BLACK
6
CONTINUOUS
10
151.188539999999989
20
-79.2477959999999939
11
151.0248919999999941
21
-79.1935689999999965
0
LINE
8
BLACK
6
CONTINUOUS
10
151.0248919999999941
20
-79.1935689999999965
11
150.92389399999999
21
-79.183250000000001
0
LINE
8
BLACK
6
CONTINUOUS
10
150.92389399999999
20
-79.183250000000001
11
150.8872399999999914
21
-79.183250000000001
0
LINE
8
BLACK
6
CONTINUOUS
10
150.8872399999999914
20
-79.183250000000001
11
150.8872399999999914
21
-79.6857359999999915
0
LINE
8
BLACK
6
CONTINUOUS
10
142.5125659999999925
20
-78.0965059999999909
11
142.51256699999999
21
-78.0965089999999975
0
LINE
8
BLACK
6
CONTINUOUS
10
142.51256699999999
20
-78.0965089999999975
11
142.5710579999999936
21
-78.2765270000000015
0
LINE
8
BLACK
6
CONTINUOUS
10
142.5710579999999936
20
-78.2765270000000015
11
142.5710609999999861
21
-78.2765339999999981
0
LINE
8
BLACK
6
CONTINUOUS
10
142.5710609999999861
20
-78.2765339999999981
11
142.6657069999999976
21
-78.4404660000000007
0
LINE
8
BLACK
6
CONTINUOUS
10
142.6657069999999976
20
-78.4404660000000007
11
142.7241389999999797
21
-78.5053609999999935
0
LINE
8
BLACK
6
CONTINUOUS
10
142.7241389999999797
20
-78.5053609999999935
11
142.7923689999999795
21
-78.5811379999999957
0
LINE
8
BLACK
6
CONTINUOUS
10
142.7923689999999795
20
-78.5811379999999957
11
142.9455049999999972
21
-78.6923979999999972
0
LINE
8
BLACK
6
CONTINUOUS
10
142.9455049999999972
20
-78.6923979999999972
11
142.9455099999999845
21
-78.6924009999999896
0
LINE
8
BLACK
6
CONTINUOUS
10
142.9455099999999845
20
-78.6924009999999896
11
143.1184319999999843
21
-78.7693919999999963
0
LINE
8
BLACK
6
CONTINUOUS
10
143.1184319999999843
20
-78.7693919999999963
11
143.1184370000000001
21
-78.7693939999999913
0
LINE
8
BLACK
6
CONTINUOUS
10
143.1184370000000001
20
-78.7693939999999913
11
143.3035940000000039
21
-78.8087500000000034
0
LINE
8
BLACK
6
CONTINUOUS
10
143.3035940000000039
20
-78.8087500000000034
11
143.3035950000000014
21
-78.8087500000000034
0
LINE
8
BLACK
6
CONTINUOUS
10
143.3035950000000014
20
-78.8087500000000034
11
143.4928840000000037
21
-78.8087500000000034
0
LINE
8
BLACK
6
CONTINUOUS
10
143.4928840000000037
20
-78.8087500000000034
11
143.4928859999999986
21
-78.8087500000000034
0
LINE
8
BLACK
6
CONTINUOUS
10
143.4928859999999986
20
-78.8087500000000034
11
143.6780430000000024
21
-78.7693939999999913
0
LINE
8
BLACK
6
CONTINUOUS
10
143.6780430000000024
20
-78.7693939999999913
11
143.8509699999999896
21
-78.6924009999999896
0
LINE
8
BLACK
6
CONTINUOUS
10
143.8509699999999896
20
-78.6924009999999896
11
144.0041109999999946
21
-78.5811379999999957
0
LINE
8
BLACK
6
CONTINUOUS
10
144.0041109999999946
20
-78.5811379999999957
11
144.1307730000000049
21
-78.4404660000000007
0
LINE
8
BLACK
6
CONTINUOUS
10
144.1307730000000049
20
-78.4404660000000007
11
144.225418999999988
21
-78.2765339999999981
0
LINE
8
BLACK
6
CONTINUOUS
10
144.225418999999988
20
-78.2765339999999981
11
144.2839139999999816
21
-78.0965059999999909
0
LINE
8
BLACK
6
CONTINUOUS
10
144.2839139999999816
20
-78.0965059999999909
11
144.3036999999999921
21
-77.9082499999999953
0
LINE
8
BLACK
6
CONTINUOUS
10
144.3036999999999921
20
-77.9082499999999953
11
144.2839139999999816
21
-77.7199939999999998
0
LINE
8
BLACK
6
CONTINUOUS
10
144.2839139999999816
20
-77.7199939999999998
11
144.225418999999988
21
-77.5399659999999926
0
LINE
8
BLACK
6
CONTINUOUS
10
144.225418999999988
20
-77.5399659999999926
11
144.1307730000000049
21
-77.37603399999999
0
LINE
8
BLACK
6
CONTINUOUS
10
144.1307730000000049
20
-77.37603399999999
11
144.0041109999999946
21
-77.235361999999995
0
LINE
8
BLACK
6
CONTINUOUS
10
144.0041109999999946
20
-77.235361999999995
11
144.0041099999999972
21
-77.2353609999999975
0
LINE
8
BLACK
6
CONTINUOUS
10
144.0041099999999972
20
-77.2353609999999975
11
143.8509739999999795
21
-77.124100999999996
0
LINE
8
BLACK
6
CONTINUOUS
10
143.8509739999999795
20
-77.124100999999996
11
143.8509689999999921
21
-77.1240980000000036
0
LINE
8
BLACK
6
CONTINUOUS
10
143.8509689999999921
20
-77.1240980000000036
11
143.6780469999999923
21
-77.0471069999999969
0
LINE
8
BLACK
6
CONTINUOUS
10
143.6780469999999923
20
-77.0471069999999969
11
143.6780420000000049
21
-77.047105000000002
0
LINE
8
BLACK
6
CONTINUOUS
10
143.6780420000000049
20
-77.047105000000002
11
143.5322409999999991
21
-77.0161149999999992
0
LINE
8
BLACK
6
CONTINUOUS
10
143.5322409999999991
20
-77.0161149999999992
11
143.4928859999999986
21
-77.0077500000000015
0
LINE
8
BLACK
6
CONTINUOUS
10
143.4928859999999986
20
-77.0077500000000015
11
143.3035940000000039
21
-77.0077500000000015
0
LINE
8
BLACK
6
CONTINUOUS
10
143.3035940000000039
20
-77.0077500000000015
11
143.2711369999999818
21
-77.014647999999994
0
LINE
8
BLACK
6
CONTINUOUS
10
143.2711369999999818
20
-77.014647999999994
11
143.1184370000000001
21
-77.047105000000002
0
LINE
8
BLACK
6
CONTINUOUS
10
143.1184370000000001
20
-77.047105000000002
11
143.1184319999999843
21
-77.0471069999999969
0
LINE
8
BLACK
6
CONTINUOUS
10
143.1184319999999843
20
-77.0471069999999969
11
142.9455099999999845
21
-77.1240980000000036
0
LINE
8
BLACK
6
CONTINUOUS
10
142.9455099999999845
20
-77.1240980000000036
11
142.9455049999999972
21
-77.124100999999996
0
LINE
8
BLACK
6
CONTINUOUS
10
142.9455049999999972
20
-77.124100999999996
11
142.7923689999999795
21
-77.2353609999999975
0
LINE
8
BLACK
6
CONTINUOUS
10
142.7923689999999795
20
-77.2353609999999975
11
142.6657060000000001
21
-77.3760350000000017
0
LINE
8
BLACK
6
CONTINUOUS
10
142.6657060000000001
20
-77.3760350000000017
11
142.5710609999999861
21
-77.5399649999999951
0
LINE
8
BLACK
6
CONTINUOUS
10
142.5710609999999861
20
-77.5399649999999951
11
142.5710579999999936
21
-77.5399719999999917
0
LINE
8
BLACK
6
CONTINUOUS
10
142.5710579999999936
20
-77.5399719999999917
11
142.51256699999999
21
-77.7199899999999957
0
LINE
8
BLACK
6
CONTINUOUS
10
142.51256699999999
20
-77.7199899999999957
11
142.5125659999999925
21
-77.7199939999999998
0
LINE
8
BLACK
6
CONTINUOUS
10
142.5125659999999925
20
-77.7199939999999998
11
142.492779999999982
21
-77.9082499999999953
0
LINE
8
BLACK
6
CONTINUOUS
10
142.492779999999982
20
-77.9082499999999953
11
142.5125659999999925
21
-78.0965059999999909
0
LINE
8
BLACK
6
CONTINUOUS
10
155.4665660000000003
20
-73.2705059999999975
11
155.4665669999999977
21
-73.2705089999999899
0
LINE
8
BLACK
6
CONTINUOUS
10
155.4665669999999977
20
-73.2705089999999899
11
155.5250580000000014
21
-73.4505269999999939
0
LINE
8
BLACK
6
CONTINUOUS
10
155.5250580000000014
20
-73.4505269999999939
11
155.5250609999999938
21
-73.4505339999999904
0
LINE
8
BLACK
6
CONTINUOUS
10
155.5250609999999938
20
-73.4505339999999904
11
155.6197070000000053
21
-73.6144659999999931
0
LINE
8
BLACK
6
CONTINUOUS
10
155.6197070000000053
20
-73.6144659999999931
11
155.7463689999999872
21
-73.7551380000000023
0
LINE
8
BLACK
6
CONTINUOUS
10
155.7463689999999872
20
-73.7551380000000023
11
155.8995050000000049
21
-73.8663979999999896
0
LINE
8
BLACK
6
CONTINUOUS
10
155.8995050000000049
20
-73.8663979999999896
11
155.8995099999999923
21
-73.8664009999999962
0
LINE
8
BLACK
6
CONTINUOUS
10
155.8995099999999923
20
-73.8664009999999962
11
156.0724319999999921
21
-73.9433920000000029
0
LINE
8
BLACK
6
CONTINUOUS
10
156.0724319999999921
20
-73.9433920000000029
11
156.0724369999999794
21
-73.9433939999999978
0
LINE
8
BLACK
6
CONTINUOUS
10
156.0724369999999794
20
-73.9433939999999978
11
156.2575939999999832
21
-73.9827499999999958
0
LINE
8
BLACK
6
CONTINUOUS
10
156.2575939999999832
20
-73.9827499999999958
11
156.2575949999999807
21
-73.9827499999999958
0
LINE
8
BLACK
6
CONTINUOUS
10
156.2575949999999807
20
-73.9827499999999958
11
156.446883999999983
21
-73.9827499999999958
0
LINE
8
BLACK
6
CONTINUOUS
10
156.446883999999983
20
-73.9827499999999958
11
156.4468860000000063
21
-73.9827499999999958
0
LINE
8
BLACK
6
CONTINUOUS
10
156.4468860000000063
20
-73.9827499999999958
11
156.6320429999999817
21
-73.9433939999999978
0
LINE
8
BLACK
6
CONTINUOUS
10
156.6320429999999817
20
-73.9433939999999978
11
156.8049699999999973
21
-73.8664009999999962
0
LINE
8
BLACK
6
CONTINUOUS
10
156.8049699999999973
20
-73.8664009999999962
11
156.9581110000000024
21
-73.7551380000000023
0
LINE
8
BLACK
6
CONTINUOUS
10
156.9581110000000024
20
-73.7551380000000023
11
157.0847729999999842
21
-73.6144659999999931
0
LINE
8
BLACK
6
CONTINUOUS
10
157.0847729999999842
20
-73.6144659999999931
11
157.1794189999999958
21
-73.4505339999999904
0
LINE
8
BLACK
6
CONTINUOUS
10
157.1794189999999958
20
-73.4505339999999904
11
157.2379139999999893
21
-73.2705059999999975
0
LINE
8
BLACK
6
CONTINUOUS
10
157.2379139999999893
20
-73.2705059999999975
11
157.2576999999999998
21
-73.0822500000000019
0
LINE
8
BLACK
6
CONTINUOUS
10
157.2576999999999998
20
-73.0822500000000019
11
157.2379139999999893
21
-72.8939939999999922
0
LINE
8
BLACK
6
CONTINUOUS
10
157.2379139999999893
20
-72.8939939999999922
11
157.1794189999999958
21
-72.7139659999999992
0
LINE
8
BLACK
6
CONTINUOUS
10
157.1794189999999958
20
-72.7139659999999992
11
157.0847729999999842
21
-72.5500339999999966
0
LINE
8
BLACK
6
CONTINUOUS
10
157.0847729999999842
20
-72.5500339999999966
11
156.9581110000000024
21
-72.4093620000000016
0
LINE
8
BLACK
6
CONTINUOUS
10
156.9581110000000024
20
-72.4093620000000016
11
156.9581100000000049
21
-72.4093609999999899
0
LINE
8
BLACK
6
CONTINUOUS
10
156.9581100000000049
20
-72.4093609999999899
11
156.8049739999999872
21
-72.2981010000000026
0
LINE
8
BLACK
6
CONTINUOUS
10
156.8049739999999872
20
-72.2981010000000026
11
156.8049689999999998
21
-72.298097999999996
0
LINE
8
BLACK
6
CONTINUOUS
10
156.8049689999999998
20
-72.298097999999996
11
156.632047
21
-72.2211070000000035
0
LINE
8
BLACK
6
CONTINUOUS
10
156.632047
20
-72.2211070000000035
11
156.6320419999999842
21
-72.2211049999999943
0
LINE
8
BLACK
6
CONTINUOUS
10
156.6320419999999842
20
-72.2211049999999943
11
156.4862410000000068
21
-72.1901149999999916
0
LINE
8
BLACK
6
CONTINUOUS
10
156.4862410000000068
20
-72.1901149999999916
11
156.4468860000000063
21
-72.1817499999999939
0
LINE
8
BLACK
6
CONTINUOUS
10
156.4468860000000063
20
-72.1817499999999939
11
156.2575939999999832
21
-72.1817499999999939
0
LINE
8
BLACK
6
CONTINUOUS
10
156.2575939999999832
20
-72.1817499999999939
11
156.2251369999999895
21
-72.1886480000000006
0
LINE
8
BLACK
6
CONTINUOUS
10
156.2251369999999895
20
-72.1886480000000006
11
156.0724369999999794
21
-72.2211049999999943
0
LINE
8
BLACK
6
CONTINUOUS
10
156.0724369999999794
20
-72.2211049999999943
11
156.0724319999999921
21
-72.2211070000000035
0
LINE
8
BLACK
6
CONTINUOUS
10
156.0724319999999921
20
-72.2211070000000035
11
155.8995099999999923
21
-72.298097999999996
0
LINE
8
BLACK
6
CONTINUOUS
10
155.8995099999999923
20
-72.298097999999996
11
155.8995050000000049
21
-72.2981010000000026
0
LINE
8
BLACK
6
CONTINUOUS
10
155.8995050000000049
20
-72.2981010000000026
11
155.7463689999999872
21
-72.4093609999999899
0
LINE
8
BLACK
6
CONTINUOUS
10
155.7463689999999872
20
-72.4093609999999899
11
155.6197059999999794
21
-72.5500349999999941
0
LINE
8
BLACK
6
CONTINUOUS
10
155.6197059999999794
20
-72.5500349999999941
11
155.5250609999999938
21
-72.7139650000000017
0
LINE
8
BLACK
6
CONTINUOUS
10
155.5250609999999938
20
-72.7139650000000017
11
155.5250580000000014
21
-72.7139719999999983
0
LINE
8
BLACK
6
CONTINUOUS
10
155.5250580000000014
20
-72.7139719999999983
11
155.4665669999999977
21
-72.8939900000000023
0
LINE
8
BLACK
6
CONTINUOUS
10
155.4665669999999977
20
-72.8939900000000023
11
155.4665660000000003
21
-72.8939939999999922
0
LINE
8
BLACK
6
CONTINUOUS
10
155.4665660000000003
20
-72.8939939999999922
11
155.4467799999999897
21
-73.0822500000000019
0
LINE
8
BLACK
6
CONTINUOUS
10
155.4467799999999897
20
-73.0822500000000019
11
155.4665660000000003
21
-73.2705059999999975
0
LINE
8
BLACK
6
CONTINUOUS
10
138.3063259999999843
20
-71.5622559999999908
11
138.3063269999999818
21
-71.5622589999999974
0
LINE
8
BLACK
6
CONTINUOUS
10
138.3063269999999818
20
-71.5622589999999974
11
138.3648179999999854
21
-71.7422770000000014
0
LINE
8
BLACK
6
CONTINUOUS
10
138.3648179999999854
20
-71.7422770000000014
11
138.3648210000000063
21
-71.7422839999999979
0
LINE
8
BLACK
6
CONTINUOUS
10
138.3648210000000063
20
-71.7422839999999979
11
138.4594669999999894
21
-71.9062160000000006
0
LINE
8
BLACK
6
CONTINUOUS
10
138.4594669999999894
20
-71.9062160000000006
11
138.4744149999999934
21
-71.9228169999999949
0
LINE
8
BLACK
6
CONTINUOUS
10
138.4744149999999934
20
-71.9228169999999949
11
138.5861289999999997
21
-72.0468879999999956
0
LINE
8
BLACK
6
CONTINUOUS
10
138.5861289999999997
20
-72.0468879999999956
11
138.739264999999989
21
-72.1581479999999971
0
LINE
8
BLACK
6
CONTINUOUS
10
138.739264999999989
20
-72.1581479999999971
11
138.7392700000000048
21
-72.1581510000000037
0
LINE
8
BLACK
6
CONTINUOUS
10
138.7392700000000048
20
-72.1581510000000037
11
138.9121920000000046
21
-72.2351419999999962
0
LINE
8
BLACK
6
CONTINUOUS
10
138.9121920000000046
20
-72.2351419999999962
11
138.9121969999999919
21
-72.2351439999999911
0
LINE
8
BLACK
6
CONTINUOUS
10
138.9121969999999919
20
-72.2351439999999911
11
139.061790000000002
21
-72.2669399999999911
0
LINE
8
BLACK
6
CONTINUOUS
10
139.061790000000002
20
-72.2669399999999911
11
139.0683929999999862
21
-72.263576999999998
0
LINE
8
BLACK
6
CONTINUOUS
10
139.0683929999999862
20
-72.263576999999998
11
139.1920000000000073
21
-72.2439999999999998
0
LINE
8
BLACK
6
CONTINUOUS
10
139.1920000000000073
20
-72.2439999999999998
11
139.315607
21
-72.263576999999998
0
LINE
8
BLACK
6
CONTINUOUS
10
139.315607
20
-72.263576999999998
11
139.3222089999999866
21
-72.2669399999999911
0
LINE
8
BLACK
6
CONTINUOUS
10
139.3222089999999866
20
-72.2669399999999911
11
139.4718029999999942
21
-72.2351439999999911
0
LINE
8
BLACK
6
CONTINUOUS
10
139.4718029999999942
20
-72.2351439999999911
11
139.6447299999999814
21
-72.1581510000000037
0
LINE
8
BLACK
6
CONTINUOUS
10
139.6447299999999814
20
-72.1581510000000037
11
139.7978709999999865
21
-72.0468879999999956
0
LINE
8
BLACK
6
CONTINUOUS
10
139.7978709999999865
20
-72.0468879999999956
11
139.9245329999999967
21
-71.9062160000000006
0
LINE
8
BLACK
6
CONTINUOUS
10
139.9245329999999967
20
-71.9062160000000006
11
140.0191789999999799
21
-71.7422839999999979
0
LINE
8
BLACK
6
CONTINUOUS
10
140.0191789999999799
20
-71.7422839999999979
11
140.0776740000000018
21
-71.5622559999999908
0
LINE
8
BLACK
6
CONTINUOUS
10
140.0776740000000018
20
-71.5622559999999908
11
140.0974599999999839
21
-71.3739999999999952
0
LINE
8
BLACK
6
CONTINUOUS
10
140.0974599999999839
20
-71.3739999999999952
11
140.0776740000000018
21
-71.1857439999999997
0
LINE
8
BLACK
6
CONTINUOUS
10
140.0776740000000018
20
-71.1857439999999997
11
140.0191789999999799
21
-71.0057159999999925
0
LINE
8
BLACK
6
CONTINUOUS
10
140.0191789999999799
20
-71.0057159999999925
11
139.9245329999999967
21
-70.8417839999999899
0
LINE
8
BLACK
6
CONTINUOUS
10
139.9245329999999967
20
-70.8417839999999899
11
139.7978709999999865
21
-70.7011119999999949
0
LINE
8
BLACK
6
CONTINUOUS
10
139.7978709999999865
20
-70.7011119999999949
11
139.797869999999989
21
-70.7011109999999974
0
LINE
8
BLACK
6
CONTINUOUS
10
139.797869999999989
20
-70.7011109999999974
11
139.6447339999999997
21
-70.5898509999999959
0
LINE
8
BLACK
6
CONTINUOUS
10
139.6447339999999997
20
-70.5898509999999959
11
139.6447289999999839
21
-70.5898480000000035
0
LINE
8
BLACK
6
CONTINUOUS
10
139.6447289999999839
20
-70.5898480000000035
11
139.4718069999999841
21
-70.5128569999999968
0
LINE
8
BLACK
6
CONTINUOUS
10
139.4718069999999841
20
-70.5128569999999968
11
139.4718019999999967
21
-70.5128550000000018
0
LINE
8
BLACK
6
CONTINUOUS
10
139.4718019999999967
20
-70.5128550000000018
11
139.3260009999999909
21
-70.4818649999999991
0
LINE
8
BLACK
6
CONTINUOUS
10
139.3260009999999909
20
-70.4818649999999991
11
139.2866459999999904
21
-70.4735000000000014
0
LINE
8
BLACK
6
CONTINUOUS
10
139.2866459999999904
20
-70.4735000000000014
11
139.0973539999999957
21
-70.4735000000000014
0
LINE
8
BLACK
6
CONTINUOUS
10
139.0973539999999957
20
-70.4735000000000014
11
139.064897000000002
21
-70.4803979999999939
0
LINE
8
BLACK
6
CONTINUOUS
10
139.064897000000002
20
-70.4803979999999939
11
138.9121969999999919
21
-70.5128550000000018
0
LINE
8
BLACK
6
CONTINUOUS
10
138.9121969999999919
20
-70.5128550000000018
11
138.9121920000000046
21
-70.5128569999999968
0
LINE
8
BLACK
6
CONTINUOUS
10
138.9121920000000046
20
-70.5128569999999968
11
138.7392700000000048
21
-70.5898480000000035
0
LINE
8
BLACK
6
CONTINUOUS
10
138.7392700000000048
20
-70.5898480000000035
11
138.739264999999989
21
-70.5898509999999959
0
LINE
8
BLACK
6
CONTINUOUS
10
138.739264999999989
20
-70.5898509999999959
11
138.5861289999999997
21
-70.7011109999999974
0
LINE
8
BLACK
6
CONTINUOUS
10
138.5861289999999997
20
-70.7011109999999974
11
138.4594659999999919
21
-70.8417850000000016
0
LINE
8
BLACK
6
CONTINUOUS
10
138.4594659999999919
20
-70.8417850000000016
11
138.3648210000000063
21
-71.005714999999995
0
LINE
8
BLACK
6
CONTINUOUS
10
138.3648210000000063
20
-71.005714999999995
11
138.3648179999999854
21
-71.0057219999999916
0
LINE
8
BLACK
6
CONTINUOUS
10
138.3648179999999854
20
-71.0057219999999916
11
138.3063269999999818
21
-71.1857399999999956
0
LINE
8
BLACK
6
CONTINUOUS
10
138.3063269999999818
20
-71.1857399999999956
11
138.3063259999999843
21
-71.1857439999999997
0
LINE
8
BLACK
6
CONTINUOUS
10
138.3063259999999843
20
-71.1857439999999997
11
138.2865400000000022
21
-71.3739999999999952
0
LINE
8
BLACK
6
CONTINUOUS
10
138.2865400000000022
20
-71.3739999999999952
11
138.3063259999999843
21
-71.5622559999999908
0
LINE
8
BLACK
6
CONTINUOUS
10
139.5763259999999946
20
-65.720255999999992
11
139.576326999999992
21
-65.7202589999999987
0
LINE
8
BLACK
6
CONTINUOUS
10
139.576326999999992
20
-65.7202589999999987
11
139.6348179999999957
21
-65.9002770000000027
0
LINE
8
BLACK
6
CONTINUOUS
10
139.6348179999999957
20
-65.9002770000000027
11
139.6348209999999881
21
-65.9002839999999992
0
LINE
8
BLACK
6
CONTINUOUS
10
139.6348209999999881
20
-65.9002839999999992
11
139.7294669999999996
21
-66.0642160000000018
0
LINE
8
BLACK
6
CONTINUOUS
10
139.7294669999999996
20
-66.0642160000000018
11
139.8561289999999815
21
-66.2048879999999969
0
LINE
8
BLACK
6
CONTINUOUS
10
139.8561289999999815
20
-66.2048879999999969
11
140.0092649999999992
21
-66.3161479999999983
0
LINE
8
BLACK
6
CONTINUOUS
10
140.0092649999999992
20
-66.3161479999999983
11
140.0092699999999866
21
-66.3161509999999907
0
LINE
8
BLACK
6
CONTINUOUS
10
140.0092699999999866
20
-66.3161509999999907
11
140.1821919999999864
21
-66.3931419999999974
0
LINE
8
BLACK
6
CONTINUOUS
10
140.1821919999999864
20
-66.3931419999999974
11
140.1821970000000022
21
-66.3931439999999924
0
LINE
8
BLACK
6
CONTINUOUS
10
140.1821970000000022
20
-66.3931439999999924
11
140.367354000000006
21
-66.4324999999999903
0
LINE
8
BLACK
6
CONTINUOUS
10
140.367354000000006
20
-66.4324999999999903
11
140.3673550000000034
21
-66.4324999999999903
0
LINE
8
BLACK
6
CONTINUOUS
10
140.3673550000000034
20
-66.4324999999999903
11
140.5566440000000057
21
-66.4324999999999903
0
LINE
8
BLACK
6
CONTINUOUS
10
140.5566440000000057
20
-66.4324999999999903
11
140.5566460000000006
21
-66.4324999999999903
0
LINE
8
BLACK
6
CONTINUOUS
10
140.5566460000000006
20
-66.4324999999999903
11
140.7418030000000044
21
-66.3931439999999924
0
LINE
8
BLACK
6
CONTINUOUS
10
140.7418030000000044
20
-66.3931439999999924
11
140.9147299999999916
21
-66.3161509999999907
0
LINE
8
BLACK
6
CONTINUOUS
10
140.9147299999999916
20
-66.3161509999999907
11
141.0678709999999967
21
-66.2048879999999969
0
LINE
8
BLACK
6
CONTINUOUS
10
141.0678709999999967
20
-66.2048879999999969
11
141.194533000000007
21
-66.0642160000000018
0
LINE
8
BLACK
6
CONTINUOUS
10
141.194533000000007
20
-66.0642160000000018
11
141.2891789999999901
21
-65.9002839999999992
0
LINE
8
BLACK
6
CONTINUOUS
10
141.2891789999999901
20
-65.9002839999999992
11
141.3476739999999836
21
-65.720255999999992
0
LINE
8
BLACK
6
CONTINUOUS
10
141.3476739999999836
20
-65.720255999999992
11
141.3674599999999941
21
-65.5319999999999965
0
LINE
8
BLACK
6
CONTINUOUS
10
141.3674599999999941
20
-65.5319999999999965
11
141.3476739999999836
21
-65.3437440000000009
0
LINE
8
BLACK
6
CONTINUOUS
10
141.3476739999999836
20
-65.3437440000000009
11
141.2891789999999901
21
-65.1637159999999938
0
LINE
8
BLACK
6
CONTINUOUS
10
141.2891789999999901
20
-65.1637159999999938
11
141.194533000000007
21
-64.9997839999999911
0
LINE
8
BLACK
6
CONTINUOUS
10
141.194533000000007
20
-64.9997839999999911
11
141.0678709999999967
21
-64.8591119999999961
0
LINE
8
BLACK
6
CONTINUOUS
10
141.0678709999999967
20
-64.8591119999999961
11
141.0678699999999992
21
-64.8591109999999986
0
LINE
8
BLACK
6
CONTINUOUS
10
141.0678699999999992
20
-64.8591109999999986
11
140.9147339999999815
21
-64.7478509999999972
0
LINE
8
BLACK
6
CONTINUOUS
10
140.9147339999999815
20
-64.7478509999999972
11
140.9147289999999941
21
-64.7478479999999905
0
LINE
8
BLACK
6
CONTINUOUS
10
140.9147289999999941
20
-64.7478479999999905
11
140.7418069999999943
21
-64.670856999999998
0
LINE
8
BLACK
6
CONTINUOUS
10
140.7418069999999943
20
-64.670856999999998
11
140.741802000000007
21
-64.6708550000000031
0
LINE
8
BLACK
6
CONTINUOUS
10
140.741802000000007
20
-64.6708550000000031
11
140.5960010000000011
21
-64.6398650000000004
0
LINE
8
BLACK
6
CONTINUOUS
10
140.5960010000000011
20
-64.6398650000000004
11
140.5566460000000006
21
-64.6315000000000026
0
LINE
8
BLACK
6
CONTINUOUS
10
140.5566460000000006
20
-64.6315000000000026
11
140.367354000000006
21
-64.6315000000000026
0
LINE
8
BLACK
6
CONTINUOUS
10
140.367354000000006
20
-64.6315000000000026
11
140.3348969999999838
21
-64.6383979999999951
0
LINE
8
BLACK
6
CONTINUOUS
10
140.3348969999999838
20
-64.6383979999999951
11
140.1821970000000022
21
-64.6708550000000031
0
LINE
8
BLACK
6
CONTINUOUS
10
140.1821970000000022
20
-64.6708550000000031
11
140.1821919999999864
21
-64.670856999999998
0
LINE
8
BLACK
6
CONTINUOUS
10
140.1821919999999864
20
-64.670856999999998
11
140.0092699999999866
21
-64.7478479999999905
0
LINE
8
BLACK
6
CONTINUOUS
10
140.0092699999999866
20
-64.7478479999999905
11
140.0092649999999992
21
-64.7478509999999972
0
LINE
8
BLACK
6
CONTINUOUS
10
140.0092649999999992
20
-64.7478509999999972
11
139.8561289999999815
21
-64.8591109999999986
0
LINE
8
BLACK
6
CONTINUOUS
10
139.8561289999999815
20
-64.8591109999999986
11
139.7294660000000022
21
-64.9997850000000028
0
LINE
8
BLACK
6
CONTINUOUS
10
139.7294660000000022
20
-64.9997850000000028
11
139.6348209999999881
21
-65.1637149999999963
0
LINE
8
BLACK
6
CONTINUOUS
10
139.6348209999999881
20
-65.1637149999999963
11
139.6348179999999957
21
-65.1637219999999928
0
LINE
8
BLACK
6
CONTINUOUS
10
139.6348179999999957
20
-65.1637219999999928
11
139.5844280000000026
21
-65.3188090000000017
0
LINE
8
BLACK
6
CONTINUOUS
10
139.5844280000000026
20
-65.3188090000000017
11
139.5763259999999946
21
-65.3437440000000009
0
LINE
8
BLACK
6
CONTINUOUS
10
139.5763259999999946
20
-65.3437440000000009
11
139.556539999999984
21
-65.5319999999999965
0
LINE
8
BLACK
6
CONTINUOUS
10
139.556539999999984
20
-65.5319999999999965
11
139.5763259999999946
21
-65.720255999999992
0
LINE
8
BLACK
6
CONTINUOUS
10
144.5925589999999943
20
-82.3959019999999924
11
144.6467859999999916
21
-82.5595500000000015
0
LINE
8
BLACK
6
CONTINUOUS
10
144.6467859999999916
20
-82.5595500000000015
11
144.6467910000000074
21
-82.5595610000000022
0
LINE
8
BLACK
6
CONTINUOUS
10
144.6467910000000074
20
-82.5595610000000022
11
144.7372919999999965
21
-82.7062839999999966
0
LINE
8
BLACK
6
CONTINUOUS
10
144.7372919999999965
20
-82.7062839999999966
11
144.7372949999999889
21
-82.7062880000000007
0
LINE
8
BLACK
6
CONTINUOUS
10
144.7372949999999889
20
-82.7062880000000007
11
144.8592009999999846
21
-82.8281939999999963
0
LINE
8
BLACK
6
CONTINUOUS
10
144.8592009999999846
20
-82.8281939999999963
11
144.8592050000000029
21
-82.828197000000003
0
LINE
8
BLACK
6
CONTINUOUS
10
144.8592050000000029
20
-82.828197000000003
11
145.0059279999999831
21
-82.918697999999992
0
LINE
8
BLACK
6
CONTINUOUS
10
145.0059279999999831
20
-82.918697999999992
11
145.0059389999999837
21
-82.9187029999999936
0
LINE
8
BLACK
6
CONTINUOUS
10
145.0059389999999837
20
-82.9187029999999936
11
145.169587000000007
21
-82.972929999999991
0
LINE
8
BLACK
6
CONTINUOUS
10
145.169587000000007
20
-82.972929999999991
11
145.2705919999999935
21
-82.9832490000000007
0
LINE
8
BLACK
6
CONTINUOUS
10
145.2705919999999935
20
-82.9832490000000007
11
145.3072400000000073
21
-82.9832490000000007
0
LINE
8
BLACK
6
CONTINUOUS
10
145.3072400000000073
20
-82.9832490000000007
11
145.3072400000000073
21
-82.4807629999999961
0
LINE
8
BLACK
6
CONTINUOUS
10
145.3072400000000073
20
-82.4807629999999961
11
145.2288529999999867
21
-82.465170999999998
0
LINE
8
BLACK
6
CONTINUOUS
10
145.2288529999999867
20
-82.465170999999998
11
145.1518020000000035
21
-82.4136879999999934
0
LINE
8
BLACK
6
CONTINUOUS
10
145.1518020000000035
20
-82.4136879999999934
11
145.1003189999999847
21
-82.3366369999999961
0
LINE
8
BLACK
6
CONTINUOUS
10
145.1003189999999847
20
-82.3366369999999961
11
145.0822399999999845
21
-82.245750000000001
0
LINE
8
BLACK
6
CONTINUOUS
10
145.0822399999999845
20
-82.245750000000001
11
145.0822399999999845
21
-82.1957499999999897
0
LINE
8
BLACK
6
CONTINUOUS
10
145.0822399999999845
20
-82.1957499999999897
11
144.582240999999982
21
-82.1957499999999897
0
LINE
8
BLACK
6
CONTINUOUS
10
144.582240999999982
20
-82.1957499999999897
11
144.582240999999982
21
-82.2949040000000025
0
LINE
8
BLACK
6
CONTINUOUS
10
144.582240999999982
20
-82.2949040000000025
11
144.5925589999999943
21
-82.3959019999999924
0
LINE
8
BLACK
6
CONTINUOUS
10
147.122240000000005
20
-79.9707499999999953
11
147.622240000000005
21
-79.9707499999999953
0
LINE
8
BLACK
6
CONTINUOUS
10
147.622240000000005
20
-79.9707499999999953
11
147.622240000000005
21
-79.9207499999999982
0
LINE
8
BLACK
6
CONTINUOUS
10
147.622240000000005
20
-79.9207499999999982
11
147.6403190000000052
21
-79.8298630000000031
0
LINE
8
BLACK
6
CONTINUOUS
10
147.6403190000000052
20
-79.8298630000000031
11
147.6918019999999956
21
-79.7528119999999916
0
LINE
8
BLACK
6
CONTINUOUS
10
147.6918019999999956
20
-79.7528119999999916
11
147.7688530000000071
21
-79.7013290000000012
0
LINE
8
BLACK
6
CONTINUOUS
10
147.7688530000000071
20
-79.7013290000000012
11
147.8472399999999993
21
-79.6857359999999915
0
LINE
8
BLACK
6
CONTINUOUS
10
147.8472399999999993
20
-79.6857359999999915
11
147.8472399999999993
21
-79.183250000000001
0
LINE
8
BLACK
6
CONTINUOUS
10
147.8472399999999993
20
-79.183250000000001
11
147.8106009999999912
21
-79.183250000000001
0
LINE
8
BLACK
6
CONTINUOUS
10
147.8106009999999912
20
-79.183250000000001
11
147.8105829999999798
21
-79.1832509999999985
0
LINE
8
BLACK
6
CONTINUOUS
10
147.8105829999999798
20
-79.1832509999999985
11
147.7095869999999991
21
-79.1935689999999965
0
LINE
8
BLACK
6
CONTINUOUS
10
147.7095869999999991
20
-79.1935689999999965
11
147.5459390000000042
21
-79.2477959999999939
0
LINE
8
BLACK
6
CONTINUOUS
10
147.5459390000000042
20
-79.2477959999999939
11
147.5459280000000035
21
-79.2478009999999955
0
LINE
8
BLACK
6
CONTINUOUS
10
147.5459280000000035
20
-79.2478009999999955
11
147.3992049999999949
21
-79.3383019999999988
0
LINE
8
BLACK
6
CONTINUOUS
10
147.3992049999999949
20
-79.3383019999999988
11
147.399201000000005
21
-79.3383049999999912
0
LINE
8
BLACK
6
CONTINUOUS
10
147.399201000000005
20
-79.3383049999999912
11
147.277294999999981
21
-79.460211000000001
0
LINE
8
BLACK
6
CONTINUOUS
10
147.277294999999981
20
-79.460211000000001
11
147.2772919999999885
21
-79.4602149999999909
0
LINE
8
BLACK
6
CONTINUOUS
10
147.2772919999999885
20
-79.4602149999999909
11
147.1867909999999995
21
-79.6069379999999995
0
LINE
8
BLACK
6
CONTINUOUS
10
147.1867909999999995
20
-79.6069379999999995
11
147.1867859999999837
21
-79.6069490000000002
0
LINE
8
BLACK
6
CONTINUOUS
10
147.1867859999999837
20
-79.6069490000000002
11
147.1325589999999863
21
-79.7705969999999951
0
LINE
8
BLACK
6
CONTINUOUS
10
147.1325589999999863
20
-79.7705969999999951
11
147.122240000000005
21
-79.8715949999999992
0
LINE
8
BLACK
6
CONTINUOUS
10
147.122240000000005
20
-79.8715949999999992
11
147.122240000000005
21
-79.9707499999999953
0
LINE
8
BLACK
6
CONTINUOUS
10
149.6622399999999971
20
-79.9707499999999953
11
150.1622399999999971
21
-79.9707499999999953
0
LINE
8
BLACK
6
CONTINUOUS
10
150.1622399999999971
20
-79.9707499999999953
11
150.1622399999999971
21
-79.9207499999999982
0
LINE
8
BLACK
6
CONTINUOUS
10
150.1622399999999971
20
-79.9207499999999982
11
150.1803189999999972
21
-79.8298630000000031
0
LINE
8
BLACK
6
CONTINUOUS
10
150.1803189999999972
20
-79.8298630000000031
11
150.2318019999999876
21
-79.7528119999999916
0
LINE
8
BLACK
6
CONTINUOUS
10
150.2318019999999876
20
-79.7528119999999916
11
150.3088529999999992
21
-79.7013290000000012
0
LINE
8
BLACK
6
CONTINUOUS
10
150.3088529999999992
20
-79.7013290000000012
11
150.3872399999999914
21
-79.6857359999999915
0
LINE
8
BLACK
6
CONTINUOUS
10
150.3872399999999914
20
-79.6857359999999915
11
150.3872399999999914
21
-79.183250000000001
0
LINE
8
BLACK
6
CONTINUOUS
10
150.3872399999999914
20
-79.183250000000001
11
150.3506009999999833
21
-79.183250000000001
0
LINE
8
BLACK
6
CONTINUOUS
10
150.3506009999999833
20
-79.183250000000001
11
150.3505830000000003
21
-79.1832509999999985
0
LINE
8
BLACK
6
CONTINUOUS
10
150.3505830000000003
20
-79.1832509999999985
11
150.2495869999999911
21
-79.1935689999999965
0
LINE
8
BLACK
6
CONTINUOUS
10
150.2495869999999911
20
-79.1935689999999965
11
150.0859389999999962
21
-79.2477959999999939
0
LINE
8
BLACK
6
CONTINUOUS
10
150.0859389999999962
20
-79.2477959999999939
11
150.0859279999999956
21
-79.2478009999999955
0
LINE
8
BLACK
6
CONTINUOUS
10
150.0859279999999956
20
-79.2478009999999955
11
149.939204999999987
21
-79.3383019999999988
0
LINE
8
BLACK
6
CONTINUOUS
10
149.939204999999987
20
-79.3383019999999988
11
149.9392009999999971
21
-79.3383049999999912
0
LINE
8
BLACK
6
CONTINUOUS
10
149.9392009999999971
20
-79.3383049999999912
11
149.8172950000000014
21
-79.460211000000001
0
LINE
8
BLACK
6
CONTINUOUS
10
149.8172950000000014
20
-79.460211000000001
11
149.8172919999999806
21
-79.4602149999999909
0
LINE
8
BLACK
6
CONTINUOUS
10
149.8172919999999806
20
-79.4602149999999909
11
149.7267909999999915
21
-79.6069379999999995
0
LINE
8
BLACK
6
CONTINUOUS
10
149.7267909999999915
20
-79.6069379999999995
11
149.7267860000000042
21
-79.6069490000000002
0
LINE
8
BLACK
6
CONTINUOUS
10
149.7267860000000042
20
-79.6069490000000002
11
149.6725590000000068
21
-79.7705969999999951
0
LINE
8
BLACK
6
CONTINUOUS
10
149.6725590000000068
20
-79.7705969999999951
11
149.6622399999999971
21
-79.8715949999999992
0
LINE
8
BLACK
6
CONTINUOUS
10
149.6622399999999971
20
-79.8715949999999992
11
149.6622399999999971
21
-79.9707499999999953
0
LINE
8
BLACK
6
CONTINUOUS
10
166.7272399999999948
20
-91.4582499999999925
11
165.0272400000000061
21
-91.4582499999999925
0
LINE
8
BLACK
6
CONTINUOUS
10
165.0272400000000061
20
-91.4582499999999925
11
165.0272400000000061
21
-89.7582499999999897
0
LINE
8
BLACK
6
CONTINUOUS
10
165.0272400000000061
20
-89.7582499999999897
11
166.7272399999999948
21
-89.7582499999999897
0
LINE
8
BLACK
6
CONTINUOUS
10
166.7272399999999948
20
-89.7582499999999897
11
166.7272399999999948
21
-91.4582499999999925
0
LINE
8
BLACK
6
CONTINUOUS
10
163.5999039999999809
20
-89.7998520000000013
11
163.7622399999999914
21
-89.8721279999999894
0
LINE
8
BLACK
6
CONTINUOUS
10
163.7622399999999914
20
-89.8721279999999894
11
163.9060010000000034
21
-89.9765769999999918
0
LINE
8
BLACK
6
CONTINUOUS
10
163.9060010000000034
20
-89.9765769999999918
11
164.0249039999999923
21
-90.1086329999999975
0
LINE
8
BLACK
6
CONTINUOUS
10
164.0249039999999923
20
-90.1086329999999975
11
164.1137540000000001
21
-90.2625239999999991
0
LINE
8
BLACK
6
CONTINUOUS
10
164.1137540000000001
20
-90.2625239999999991
11
164.1686650000000043
21
-90.4315249999999935
0
LINE
8
BLACK
6
CONTINUOUS
10
164.1686650000000043
20
-90.4315249999999935
11
164.1872400000000027
21
-90.6082499999999982
0
LINE
8
BLACK
6
CONTINUOUS
10
164.1872400000000027
20
-90.6082499999999982
11
164.1686650000000043
21
-90.7849750000000029
0
LINE
8
BLACK
6
CONTINUOUS
10
164.1686650000000043
20
-90.7849750000000029
11
164.1137540000000001
21
-90.9539759999999973
0
LINE
8
BLACK
6
CONTINUOUS
10
164.1137540000000001
20
-90.9539759999999973
11
164.0249039999999923
21
-91.1078669999999988
0
LINE
8
BLACK
6
CONTINUOUS
10
164.0249039999999923
20
-91.1078669999999988
11
163.9060010000000034
21
-91.2399229999999903
0
LINE
8
BLACK
6
CONTINUOUS
10
163.9060010000000034
20
-91.2399229999999903
11
163.7622399999999914
21
-91.3443719999999928
0
LINE
8
BLACK
6
CONTINUOUS
10
163.7622399999999914
20
-91.3443719999999928
11
163.5999039999999809
21
-91.416647999999995
0
LINE
8
BLACK
6
CONTINUOUS
10
163.5999039999999809
20
-91.416647999999995
11
163.4260889999999904
21
-91.4535939999999954
0
LINE
8
BLACK
6
CONTINUOUS
10
163.4260889999999904
20
-91.4535939999999954
11
163.248390999999998
21
-91.4535939999999954
0
LINE
8
BLACK
6
CONTINUOUS
10
163.248390999999998
20
-91.4535939999999954
11
163.0745759999999791
21
-91.416647999999995
0
LINE
8
BLACK
6
CONTINUOUS
10
163.0745759999999791
20
-91.416647999999995
11
162.9122399999999971
21
-91.3443719999999928
0
LINE
8
BLACK
6
CONTINUOUS
10
162.9122399999999971
20
-91.3443719999999928
11
162.768478999999985
21
-91.2399229999999903
0
LINE
8
BLACK
6
CONTINUOUS
10
162.768478999999985
20
-91.2399229999999903
11
162.6495759999999962
21
-91.1078669999999988
0
LINE
8
BLACK
6
CONTINUOUS
10
162.6495759999999962
20
-91.1078669999999988
11
162.5607259999999883
21
-90.9539759999999973
0
LINE
8
BLACK
6
CONTINUOUS
10
162.5607259999999883
20
-90.9539759999999973
11
162.5058149999999841
21
-90.7849750000000029
0
LINE
8
BLACK
6
CONTINUOUS
10
162.5058149999999841
20
-90.7849750000000029
11
162.4872399999999857
21
-90.6082499999999982
0
LINE
8
BLACK
6
CONTINUOUS
10
162.4872399999999857
20
-90.6082499999999982
11
162.5058149999999841
21
-90.4315249999999935
0
LINE
8
BLACK
6
CONTINUOUS
10
162.5058149999999841
20
-90.4315249999999935
11
162.5607259999999883
21
-90.2625239999999991
0
LINE
8
BLACK
6
CONTINUOUS
10
162.5607259999999883
20
-90.2625239999999991
11
162.6495759999999962
21
-90.1086329999999975
0
LINE
8
BLACK
6
CONTINUOUS
10
162.6495759999999962
20
-90.1086329999999975
11
162.768478999999985
21
-89.9765769999999918
0
LINE
8
BLACK
6
CONTINUOUS
10
162.768478999999985
20
-89.9765769999999918
11
162.9122399999999971
21
-89.8721279999999894
0
LINE
8
BLACK
6
CONTINUOUS
10
162.9122399999999971
20
-89.8721279999999894
11
163.0745759999999791
21
-89.7998520000000013
0
LINE
8
BLACK
6
CONTINUOUS
10
163.0745759999999791
20
-89.7998520000000013
11
163.248390999999998
21
-89.762906000000001
0
LINE
8
BLACK
6
CONTINUOUS
10
163.248390999999998
20
-89.762906000000001
11
163.4260889999999904
21
-89.762906000000001
0
LINE
8
BLACK
6
CONTINUOUS
10
163.4260889999999904
20
-89.762906000000001
11
163.5999039999999809
21
-89.7998520000000013
0
LINE
8
BLACK
6
CONTINUOUS
10
161.1596069999999941
20
-70.739576999999997
11
161.271113999999983
21
-70.7963929999999948
0
LINE
8
BLACK
6
CONTINUOUS
10
161.271113999999983
20
-70.7963929999999948
11
161.3596069999999827
21
-70.8848859999999945
0
LINE
8
BLACK
6
CONTINUOUS
10
161.3596069999999827
20
-70.8848859999999945
11
161.4164229999999804
21
-70.9963929999999976
0
LINE
8
BLACK
6
CONTINUOUS
10
161.4164229999999804
20
-70.9963929999999976
11
161.4359999999999786
21
-71.1199999999999903
0
LINE
8
BLACK
6
CONTINUOUS
10
161.4359999999999786
20
-71.1199999999999903
11
161.4164229999999804
21
-71.2436069999999972
0
LINE
8
BLACK
6
CONTINUOUS
10
161.4164229999999804
20
-71.2436069999999972
11
161.3596069999999827
21
-71.3551140000000004
0
LINE
8
BLACK
6
CONTINUOUS
10
161.3596069999999827
20
-71.3551140000000004
11
161.271113999999983
21
-71.4436070000000001
0
LINE
8
BLACK
6
CONTINUOUS
10
161.271113999999983
20
-71.4436070000000001
11
161.1596069999999941
21
-71.5004229999999978
0
LINE
8
BLACK
6
CONTINUOUS
10
161.1596069999999941
20
-71.5004229999999978
11
161.0360000000000014
21
-71.519999999999996
0
LINE
8
BLACK
6
CONTINUOUS
10
161.0360000000000014
20
-71.519999999999996
11
160.9123929999999802
21
-71.5004229999999978
0
LINE
8
BLACK
6
CONTINUOUS
10
160.9123929999999802
20
-71.5004229999999978
11
160.8008859999999913
21
-71.4436070000000001
0
LINE
8
BLACK
6
CONTINUOUS
10
160.8008859999999913
20
-71.4436070000000001
11
160.7123929999999916
21
-71.3551140000000004
0
LINE
8
BLACK
6
CONTINUOUS
10
160.7123929999999916
20
-71.3551140000000004
11
160.6555769999999939
21
-71.2436069999999972
0
LINE
8
BLACK
6
CONTINUOUS
10
160.6555769999999939
20
-71.2436069999999972
11
160.6359999999999957
21
-71.1199999999999903
0
LINE
8
BLACK
6
CONTINUOUS
10
160.6359999999999957
20
-71.1199999999999903
11
160.6555769999999939
21
-70.9963929999999976
0
LINE
8
BLACK
6
CONTINUOUS
10
160.6555769999999939
20
-70.9963929999999976
11
160.7123929999999916
21
-70.8848859999999945
0
LINE
8
BLACK
6
CONTINUOUS
10
160.7123929999999916
20
-70.8848859999999945
11
160.8008859999999913
21
-70.7963929999999948
0
LINE
8
BLACK
6
CONTINUOUS
10
160.8008859999999913
20
-70.7963929999999948
11
160.9123929999999802
21
-70.739576999999997
0
LINE
8
BLACK
6
CONTINUOUS
10
160.9123929999999802
20
-70.739576999999997
11
161.0360000000000014
21
-70.7199999999999989
0
LINE
8
BLACK
6
CONTINUOUS
10
161.0360000000000014
20
-70.7199999999999989
11
161.1596069999999941
21
-70.739576999999997
0
LINE
8
BLACK
6
CONTINUOUS
10
155.8256069999999909
20
-62.6115769999999969
11
155.9371139999999798
21
-62.6683929999999947
0
LINE
8
BLACK
6
CONTINUOUS
10
155.9371139999999798
20
-62.6683929999999947
11
156.0256069999999795
21
-62.7568859999999944
0
LINE
8
BLACK
6
CONTINUOUS
10
156.0256069999999795
20
-62.7568859999999944
11
156.0824230000000057
21
-62.8683929999999975
0
LINE
8
BLACK
6
CONTINUOUS
10
156.0824230000000057
20
-62.8683929999999975
11
156.1020000000000039
21
-62.9919999999999973
0
LINE
8
BLACK
6
CONTINUOUS
10
156.1020000000000039
20
-62.9919999999999973
11
156.0824230000000057
21
-63.1156069999999971
0
LINE
8
BLACK
6
CONTINUOUS
10
156.0824230000000057
20
-63.1156069999999971
11
156.0673400000000015
21
-63.1452079999999967
0
LINE
8
BLACK
6
CONTINUOUS
10
156.0673400000000015
20
-63.1452079999999967
11
161.6447909999999979
21
-68.7226589999999931
0
LINE
8
BLACK
6
CONTINUOUS
10
161.6447909999999979
20
-68.7226589999999931
11
161.6743929999999807
21
-68.7075770000000006
0
LINE
8
BLACK
6
CONTINUOUS
10
161.6743929999999807
20
-68.7075770000000006
11
161.7980000000000018
21
-68.6880000000000024
0
LINE
8
BLACK
6
CONTINUOUS
10
161.7980000000000018
20
-68.6880000000000024
11
161.9216069999999945
21
-68.7075770000000006
0
LINE
8
BLACK
6
CONTINUOUS
10
161.9216069999999945
20
-68.7075770000000006
11
162.0331139999999834
21
-68.7643929999999983
0
LINE
8
BLACK
6
CONTINUOUS
10
162.0331139999999834
20
-68.7643929999999983
11
162.1216069999999831
21
-68.852885999999998
0
LINE
8
BLACK
6
CONTINUOUS
10
162.1216069999999831
20
-68.852885999999998
11
162.1784229999999809
21
-68.9643930000000012
0
LINE
8
BLACK
6
CONTINUOUS
10
162.1784229999999809
20
-68.9643930000000012
11
162.1979999999999791
21
-69.0879999999999939
0
LINE
8
BLACK
6
CONTINUOUS
10
162.1979999999999791
20
-69.0879999999999939
11
162.1784229999999809
21
-69.2116070000000008
0
LINE
8
BLACK
6
CONTINUOUS
10
162.1784229999999809
20
-69.2116070000000008
11
162.1216069999999831
21
-69.3231140000000039
0
LINE
8
BLACK
6
CONTINUOUS
10
162.1216069999999831
20
-69.3231140000000039
11
162.0331139999999834
21
-69.4116070000000036
0
LINE
8
BLACK
6
CONTINUOUS
10
162.0331139999999834
20
-69.4116070000000036
11
161.9216069999999945
21
-69.4684230000000014
0
LINE
8
BLACK
6
CONTINUOUS
10
161.9216069999999945
20
-69.4684230000000014
11
161.7980000000000018
21
-69.4879999999999995
0
LINE
8
BLACK
6
CONTINUOUS
10
161.7980000000000018
20
-69.4879999999999995
11
161.6743929999999807
21
-69.4684230000000014
0
LINE
8
BLACK
6
CONTINUOUS
10
161.6743929999999807
20
-69.4684230000000014
11
161.5628859999999918
21
-69.4116070000000036
0
LINE
8
BLACK
6
CONTINUOUS
10
161.5628859999999918
20
-69.4116070000000036
11
161.4743929999999921
21
-69.3231140000000039
0
LINE
8
BLACK
6
CONTINUOUS
10
161.4743929999999921
20
-69.3231140000000039
11
161.4175769999999943
21
-69.2116070000000008
0
LINE
8
BLACK
6
CONTINUOUS
10
161.4175769999999943
20
-69.2116070000000008
11
161.3979999999999961
21
-69.0879999999999939
0
LINE
8
BLACK
6
CONTINUOUS
10
161.3979999999999961
20
-69.0879999999999939
11
161.4175769999999943
21
-68.9643930000000012
0
LINE
8
BLACK
6
CONTINUOUS
10
161.4175769999999943
20
-68.9643930000000012
11
161.432659000000001
21
-68.9347909999999899
0
LINE
8
BLACK
6
CONTINUOUS
10
161.432659000000001
20
-68.9347909999999899
11
155.8552080000000046
21
-63.3573400000000007
0
LINE
8
BLACK
6
CONTINUOUS
10
155.8552080000000046
20
-63.3573400000000007
11
155.8256069999999909
21
-63.3724229999999977
0
LINE
8
BLACK
6
CONTINUOUS
10
155.8256069999999909
20
-63.3724229999999977
11
155.7019999999999982
21
-63.3919999999999959
0
LINE
8
BLACK
6
CONTINUOUS
10
155.7019999999999982
20
-63.3919999999999959
11
155.5783930000000055
21
-63.3724229999999977
0
LINE
8
BLACK
6
CONTINUOUS
10
155.5783930000000055
20
-63.3724229999999977
11
155.4668859999999881
21
-63.315607
0
LINE
8
BLACK
6
CONTINUOUS
10
155.4668859999999881
20
-63.315607
11
155.3783929999999884
21
-63.2271140000000003
0
LINE
8
BLACK
6
CONTINUOUS
10
155.3783929999999884
20
-63.2271140000000003
11
155.3215769999999907
21
-63.1156069999999971
0
LINE
8
BLACK
6
CONTINUOUS
10
155.3215769999999907
20
-63.1156069999999971
11
155.3019999999999925
21
-62.9919999999999973
0
LINE
8
BLACK
6
CONTINUOUS
10
155.3019999999999925
20
-62.9919999999999973
11
155.3215769999999907
21
-62.8683929999999975
0
LINE
8
BLACK
6
CONTINUOUS
10
155.3215769999999907
20
-62.8683929999999975
11
155.3783929999999884
21
-62.7568859999999944
0
LINE
8
BLACK
6
CONTINUOUS
10
155.3783929999999884
20
-62.7568859999999944
11
155.4668859999999881
21
-62.6683929999999947
0
LINE
8
BLACK
6
CONTINUOUS
10
155.4668859999999881
20
-62.6683929999999947
11
155.5783930000000055
21
-62.6115769999999969
0
LINE
8
BLACK
6
CONTINUOUS
10
155.5783930000000055
20
-62.6115769999999969
11
155.7019999999999982
21
-62.5919999999999987
0
LINE
8
BLACK
6
CONTINUOUS
10
155.7019999999999982
20
-62.5919999999999987
11
155.8256069999999909
21
-62.6115769999999969
0
LINE
8
BLACK
6
CONTINUOUS
10
127.4046109999999885
20
-54.7369999999999948
11
128.4406620000000032
21
-54.7369999999999948
0
LINE
8
BLACK
6
CONTINUOUS
10
128.4406620000000032
20
-54.7369999999999948
11
128.4539419999999836
21
-54.7377129999999994
0
LINE
8
BLACK
6
CONTINUOUS
10
128.4539419999999836
20
-54.7377129999999994
11
128.6470139999999844
21
-54.758509999999994
0
LINE
8
BLACK
6
CONTINUOUS
10
128.6470139999999844
20
-54.758509999999994
11
128.6729589999999916
21
-54.7641649999999984
0
LINE
8
BLACK
6
CONTINUOUS
10
128.6729589999999916
20
-54.7641649999999984
11
128.8508139999999855
21
-54.823482999999996
0
LINE
8
BLACK
6
CONTINUOUS
10
128.8508139999999855
20
-54.823482999999996
11
128.8749609999999848
21
-54.8345339999999979
0
LINE
8
BLACK
6
CONTINUOUS
10
128.8749609999999848
20
-54.8345339999999979
11
129.0361130000000003
21
-54.9303740000000005
0
LINE
8
BLACK
6
CONTINUOUS
10
129.0361130000000003
20
-54.9303740000000005
11
129.0573459999999955
21
-54.9463099999999969
0
LINE
8
BLACK
6
CONTINUOUS
10
129.0573459999999955
20
-54.9463099999999969
11
129.1767719999999997
21
-55.0578199999999995
0
LINE
8
BLACK
6
CONTINUOUS
10
129.1767719999999997
20
-55.0578199999999995
11
129.1992750000000001
21
-55.0788319999999985
0
LINE
8
BLACK
6
CONTINUOUS
10
129.1992750000000001
20
-55.0788319999999985
11
129.2084949999999992
21
-55.0884159999999952
0
LINE
8
BLACK
6
CONTINUOUS
10
129.2084949999999992
20
-55.0884159999999952
11
131.0712130000000002
21
-57.2452469999999991
0
LINE
8
BLACK
6
CONTINUOUS
10
131.0712130000000002
20
-57.2452469999999991
11
131.0780479999999955
21
-57.2539129999999972
0
LINE
8
BLACK
6
CONTINUOUS
10
131.0780479999999955
20
-57.2539129999999972
11
131.1721789999999999
21
-57.3848449999999985
0
LINE
8
BLACK
6
CONTINUOUS
10
131.1721789999999999
20
-57.3848449999999985
11
131.1834099999999808
21
-57.4038269999999997
0
LINE
8
BLACK
6
CONTINUOUS
10
131.1834099999999808
20
-57.4038269999999997
11
131.2504669999999862
21
-57.5443579999999955
0
LINE
8
BLACK
6
CONTINUOUS
10
131.2504669999999862
20
-57.5443579999999955
11
131.2581569999999829
21
-57.565025999999996
0
LINE
8
BLACK
6
CONTINUOUS
10
131.2581569999999829
20
-57.565025999999996
11
131.2992610000000013
21
-57.7152159999999981
0
LINE
8
BLACK
6
CONTINUOUS
10
131.2992610000000013
20
-57.7152159999999981
11
131.3031679999999994
21
-57.7369219999999999
0
LINE
8
BLACK
6
CONTINUOUS
10
131.3031679999999994
20
-57.7369219999999999
11
131.3175090000000012
21
-57.8975469999999959
0
LINE
8
BLACK
6
CONTINUOUS
10
131.3175090000000012
20
-57.8975469999999959
11
131.3179999999999836
21
-57.9085739999999944
0
LINE
8
BLACK
6
CONTINUOUS
10
131.3179999999999836
20
-57.9085739999999944
11
131.3179999999999836
21
-63.8202669999999941
0
LINE
8
BLACK
6
CONTINUOUS
10
131.3179999999999836
20
-63.8202669999999941
11
131.3169389999999908
21
-63.8364539999999963
0
LINE
8
BLACK
6
CONTINUOUS
10
131.3169389999999908
20
-63.8364539999999963
11
131.3053549999999916
21
-63.924436
0
LINE
8
BLACK
6
CONTINUOUS
10
131.3053549999999916
20
-63.924436
11
131.2969769999999983
21
-63.9557019999999952
0
LINE
8
BLACK
6
CONTINUOUS
10
131.2969769999999983
20
-63.9557019999999952
11
131.2661540000000002
21
-64.030114999999995
0
LINE
8
BLACK
6
CONTINUOUS
10
131.2661540000000002
20
-64.030114999999995
11
131.2499699999999905
21
-64.0581469999999911
0
LINE
8
BLACK
6
CONTINUOUS
10
131.2499699999999905
20
-64.0581469999999911
11
131.2009390000000053
21
-64.1220469999999949
0
LINE
8
BLACK
6
CONTINUOUS
10
131.2009390000000053
20
-64.1220469999999949
11
131.1780469999999923
21
-64.1449389999999937
0
LINE
8
BLACK
6
CONTINUOUS
10
131.1780469999999923
20
-64.1449389999999937
11
131.1141470000000027
21
-64.1939699999999931
0
LINE
8
BLACK
6
CONTINUOUS
10
131.1141470000000027
20
-64.1939699999999931
11
131.0861150000000066
21
-64.2101540000000028
0
LINE
8
BLACK
6
CONTINUOUS
10
131.0861150000000066
20
-64.2101540000000028
11
131.0117019999999854
21
-64.2409770000000009
0
LINE
8
BLACK
6
CONTINUOUS
10
131.0117019999999854
20
-64.2409770000000009
11
130.9804359999999974
21
-64.2493549999999942
0
LINE
8
BLACK
6
CONTINUOUS
10
130.9804359999999974
20
-64.2493549999999942
11
130.9070449999999823
21
-64.2590170000000001
0
LINE
8
BLACK
6
CONTINUOUS
10
130.9070449999999823
20
-64.2590170000000001
11
130.8924519999999916
21
-64.2609389999999934
0
LINE
8
BLACK
6
CONTINUOUS
10
130.8924519999999916
20
-64.2609389999999934
11
130.8762679999999818
21
-64.2620000000000005
0
LINE
8
BLACK
6
CONTINUOUS
10
130.8762679999999818
20
-64.2620000000000005
11
127.
21
-64.2620000000000005
0
LINE
8
BLACK
6
CONTINUOUS
10
127.
20
-64.2620000000000005
11
127.
21
-65.2620000000000005
0
LINE
8
BLACK
6
CONTINUOUS
10
127.
20
-65.2620000000000005
11
127.
21
-65.2620029999999929
0
LINE
8
BLACK
6
CONTINUOUS
10
127.
20
-65.2620029999999929
11
127.
21
-65.4149069999999995
0
LINE
8
BLACK
6
CONTINUOUS
10
127.
20
-65.4149069999999995
11
126.9994030000000009
21
-65.4270609999999948
0
LINE
8
BLACK
6
CONTINUOUS
10
126.9994030000000009
20
-65.4270609999999948
11
126.9819819999999879
21
-65.6039339999999953
0
LINE
8
BLACK
6
CONTINUOUS
10
126.9819819999999879
20
-65.6039339999999953
11
126.9772399999999948
21
-65.6277749999999997
0
LINE
8
BLACK
6
CONTINUOUS
10
126.9772399999999948
20
-65.6277749999999997
11
126.9274239999999878
21
-65.7919979999999924
0
LINE
8
BLACK
6
CONTINUOUS
10
126.9274239999999878
20
-65.7919979999999924
11
126.9181209999999993
21
-65.8144559999999927
0
LINE
8
BLACK
6
CONTINUOUS
10
126.9181209999999993
20
-65.8144559999999927
11
126.8372269999999986
21
-65.9657979999999924
0
LINE
8
BLACK
6
CONTINUOUS
10
126.8372269999999986
20
-65.9657979999999924
11
126.8237219999999894
21
-65.9860099999999932
0
LINE
8
BLACK
6
CONTINUOUS
10
126.8237219999999894
20
-65.9860099999999932
11
126.7148539999999883
21
-66.1186659999999904
0
LINE
8
BLACK
6
CONTINUOUS
10
126.7148539999999883
20
-66.1186659999999904
11
126.6976659999999981
21
-66.1358539999999948
0
LINE
8
BLACK
6
CONTINUOUS
10
126.6976659999999981
20
-66.1358539999999948
11
126.5650100000000009
21
-66.2447219999999959
0
LINE
8
BLACK
6
CONTINUOUS
10
126.5650100000000009
20
-66.2447219999999959
11
126.5447980000000001
21
-66.2582269999999909
0
LINE
8
BLACK
6
CONTINUOUS
10
126.5447980000000001
20
-66.2582269999999909
11
126.3934560000000005
21
-66.3391209999999916
0
LINE
8
BLACK
6
CONTINUOUS
10
126.3934560000000005
20
-66.3391209999999916
11
126.3709980000000002
21
-66.3484239999999943
0
LINE
8
BLACK
6
CONTINUOUS
10
126.3709980000000002
20
-66.3484239999999943
11
126.2067749999999933
21
-66.3982400000000013
0
LINE
8
BLACK
6
CONTINUOUS
10
126.2067749999999933
20
-66.3982400000000013
11
126.1829339999999888
21
-66.4029819999999944
0
LINE
8
BLACK
6
CONTINUOUS
10
126.1829339999999888
20
-66.4029819999999944
11
126.0060609999999883
21
-66.4204029999999932
0
LINE
8
BLACK
6
CONTINUOUS
10
126.0060609999999883
20
-66.4204029999999932
11
125.993906999999993
21
-66.4209999999999923
0
LINE
8
BLACK
6
CONTINUOUS
10
125.993906999999993
20
-66.4209999999999923
11
117.4665359999999907
21
-66.4209999999999923
0
LINE
8
BLACK
6
CONTINUOUS
10
117.4665359999999907
20
-66.4209999999999923
11
117.3994969999999967
21
-66.4013149999999968
0
LINE
8
BLACK
6
CONTINUOUS
10
117.3994969999999967
20
-66.4013149999999968
11
117.3537419999999969
21
-66.348511000000002
0
LINE
8
BLACK
6
CONTINUOUS
10
117.3537419999999969
20
-66.348511000000002
11
117.3437979999999925
21
-66.2793530000000004
0
LINE
8
BLACK
6
CONTINUOUS
10
117.3437979999999925
20
-66.2793530000000004
11
117.3441329999999994
21
-66.2771639999999991
0
LINE
8
BLACK
6
CONTINUOUS
10
117.3441329999999994
20
-66.2771639999999991
11
117.3472019999999958
21
-66.2582269999999909
0
LINE
8
BLACK
6
CONTINUOUS
10
117.3472019999999958
20
-66.2582269999999909
11
117.499102999999991
21
-65.3208779999999933
0
LINE
8
BLACK
6
CONTINUOUS
10
117.499102999999991
20
-65.3208779999999933
11
117.4998489999999975
21
-65.3167359999999917
0
LINE
8
BLACK
6
CONTINUOUS
10
117.4998489999999975
20
-65.3167359999999917
11
117.7187629999999956
21
-64.2111379999999912
0
LINE
8
BLACK
6
CONTINUOUS
10
117.7187629999999956
20
-64.2111379999999912
11
117.7196599999999904
21
-64.206988999999993
0
LINE
8
BLACK
6
CONTINUOUS
10
117.7196599999999904
20
-64.206988999999993
11
117.9769309999999933
21
-63.1096659999999972
0
LINE
8
BLACK
6
CONTINUOUS
10
117.9769309999999933
20
-63.1096659999999972
11
117.9779599999999959
21
-63.1055980000000005
0
LINE
8
BLACK
6
CONTINUOUS
10
117.9779599999999959
20
-63.1055980000000005
11
118.2732829999999922
21
-62.017868
0
LINE
8
BLACK
6
CONTINUOUS
10
118.2732829999999922
20
-62.017868
11
118.2744639999999947
21
-62.0137969999999967
0
LINE
8
BLACK
6
CONTINUOUS
10
118.2744639999999947
20
-62.0137969999999967
11
118.6074619999999982
21
-60.9370449999999977
0
LINE
8
BLACK
6
CONTINUOUS
10
118.6074619999999982
20
-60.9370449999999977
11
118.6087699999999927
21
-60.9330619999999996
0
LINE
8
BLACK
6
CONTINUOUS
10
118.6087699999999927
20
-60.9330619999999996
11
118.9790569999999974
21
-59.8685279999999977
0
LINE
8
BLACK
6
CONTINUOUS
10
118.9790569999999974
20
-59.8685279999999977
11
118.9805169999999919
21
-59.8645530000000008
0
LINE
8
BLACK
6
CONTINUOUS
10
118.9805169999999919
20
-59.8645530000000008
11
119.3876209999999958
21
-58.8135999999999939
0
LINE
8
BLACK
6
CONTINUOUS
10
119.3876209999999958
20
-58.8135999999999939
11
119.3892290000000003
21
-58.8096529999999973
0
LINE
8
BLACK
6
CONTINUOUS
10
119.3892290000000003
20
-58.8096529999999973
11
119.8326780000000014
21
-57.7734909999999999
0
LINE
8
BLACK
6
CONTINUOUS
10
119.8326780000000014
20
-57.7734909999999999
11
119.8344189999999969
21
-57.7696119999999951
0
LINE
8
BLACK
6
CONTINUOUS
10
119.8344189999999969
20
-57.7696119999999951
11
120.3136459999999914
21
-56.7495649999999969
0
LINE
8
BLACK
6
CONTINUOUS
10
120.3136459999999914
20
-56.7495649999999969
11
120.3155409999999961
21
-56.7457069999999959
0
LINE
8
BLACK
6
CONTINUOUS
10
120.3155409999999961
20
-56.7457069999999959
11
120.8299909999999926
21
-55.7429500000000004
0
LINE
8
BLACK
6
CONTINUOUS
10
120.8299909999999926
20
-55.7429500000000004
11
120.8320099999999968
21
-55.7391779999999954
0
LINE
8
BLACK
6
CONTINUOUS
10
120.8320099999999968
20
-55.7391779999999954
11
121.3555899999999923
21
-54.8005889999999951
0
LINE
8
BLACK
6
CONTINUOUS
10
121.3555899999999923
20
-54.8005889999999951
11
121.4054390000000012
21
-54.7516350000000003
0
LINE
8
BLACK
6
CONTINUOUS
10
121.4054390000000012
20
-54.7516350000000003
11
121.4638789999999915
21
-54.7369999999999948
0
LINE
8
BLACK
6
CONTINUOUS
10
121.4638789999999915
20
-54.7369999999999948
11
126.8798689999999993
21
-54.7369999999999948
0
LINE
8
BLACK
6
CONTINUOUS
10
126.8798689999999993
20
-54.7369999999999948
11
127.142240000000001
21
-54.7232500000000002
0
LINE
8
BLACK
6
CONTINUOUS
10
127.142240000000001
20
-54.7232500000000002
11
127.4046109999999885
21
-54.7369999999999948
0
LINE
8
BLACK
6
CONTINUOUS
10
171.8546110000000056
20
-54.7369999999999948
11
177.4941209999999785
21
-54.7369999999999948
0
LINE
8
BLACK
6
CONTINUOUS
10
177.4941209999999785
20
-54.7369999999999948
11
177.561160000000001
21
-54.7566849999999974
0
LINE
8
BLACK
6
CONTINUOUS
10
177.561160000000001
20
-54.7566849999999974
11
177.6024109999999894
21
-54.8005919999999946
0
LINE
8
BLACK
6
CONTINUOUS
10
177.6024109999999894
20
-54.8005919999999946
11
178.1259699999999953
21
-55.739143999999996
0
LINE
8
BLACK
6
CONTINUOUS
10
178.1259699999999953
20
-55.739143999999996
11
178.1280079999999941
21
-55.7429500000000004
0
LINE
8
BLACK
6
CONTINUOUS
10
178.1280079999999941
20
-55.7429500000000004
11
178.6424580000000049
21
-56.7457069999999959
0
LINE
8
BLACK
6
CONTINUOUS
10
178.6424580000000049
20
-56.7457069999999959
11
178.6443610000000035
21
-56.7495819999999966
0
LINE
8
BLACK
6
CONTINUOUS
10
178.6443610000000035
20
-56.7495819999999966
11
179.1235659999999825
21
-57.7695819999999998
0
LINE
8
BLACK
6
CONTINUOUS
10
179.1235659999999825
20
-57.7695819999999998
11
179.125333999999981
21
-57.7735209999999952
0
LINE
8
BLACK
6
CONTINUOUS
10
179.125333999999981
20
-57.7735209999999952
11
179.568759
21
-58.8096279999999965
0
LINE
8
BLACK
6
CONTINUOUS
10
179.568759
20
-58.8096279999999965
11
179.5703879999999799
21
-58.8136259999999993
0
LINE
8
BLACK
6
CONTINUOUS
10
179.5703879999999799
20
-58.8136259999999993
11
179.9774669999999901
21
-59.8645149999999973
0
LINE
8
BLACK
6
CONTINUOUS
10
179.9774669999999901
20
-59.8645149999999973
11
179.9789559999999824
21
-59.8685669999999988
0
LINE
8
BLACK
6
CONTINUOUS
10
179.9789559999999824
20
-59.8685669999999988
11
180.3492090000000019
21
-60.9330029999999994
0
LINE
8
BLACK
6
CONTINUOUS
10
180.3492090000000019
20
-60.9330029999999994
11
180.3505559999999832
21
-60.9371049999999954
0
LINE
8
BLACK
6
CONTINUOUS
10
180.3505559999999832
20
-60.9371049999999954
11
180.6835229999999797
21
-62.0137599999999978
0
LINE
8
BLACK
6
CONTINUOUS
10
180.6835229999999797
20
-62.0137599999999978
11
180.684726999999981
21
-62.0179059999999964
0
LINE
8
BLACK
6
CONTINUOUS
10
180.684726999999981
20
-62.0179059999999964
11
180.980023999999986
21
-63.1055399999999977
0
LINE
8
BLACK
6
CONTINUOUS
10
180.980023999999986
20
-63.1055399999999977
11
180.9810819999999865
21
-63.1097249999999974
0
LINE
8
BLACK
6
CONTINUOUS
10
180.9810819999999865
20
-63.1097249999999974
11
181.2383309999999881
21
-64.2069539999999961
0
LINE
8
BLACK
6
CONTINUOUS
10
181.2383309999999881
20
-64.2069539999999961
11
181.2392429999999877
21
-64.2111739999999998
0
LINE
8
BLACK
6
CONTINUOUS
10
181.2392429999999877
20
-64.2111739999999998
11
181.458139999999986
21
-65.3166829999999976
0
LINE
8
BLACK
6
CONTINUOUS
10
181.458139999999986
20
-65.3166829999999976
11
181.4589049999999872
21
-65.3209319999999991
0
LINE
8
BLACK
6
CONTINUOUS
10
181.4589049999999872
20
-65.3209319999999991
11
181.6086090000000013
21
-66.2447219999999959
0
LINE
8
BLACK
6
CONTINUOUS
10
181.6086090000000013
20
-66.2447219999999959
11
181.6138669999999991
21
-66.2771639999999991
0
LINE
8
BLACK
6
CONTINUOUS
10
181.6138669999999991
20
-66.2771639999999991
11
181.6051599999999837
21
-66.3464889999999912
0
LINE
8
BLACK
6
CONTINUOUS
10
181.6051599999999837
20
-66.3464889999999912
11
181.5603559999999845
21
-66.400102000000004
0
LINE
8
BLACK
6
CONTINUOUS
10
181.5603559999999845
20
-66.400102000000004
11
181.4936779999999885
21
-66.4209800000000001
0
LINE
8
BLACK
6
CONTINUOUS
10
181.4936779999999885
20
-66.4209800000000001
11
181.4914639999999793
21
-66.4209999999999923
0
LINE
8
BLACK
6
CONTINUOUS
10
181.4914639999999793
20
-66.4209999999999923
11
172.8370929999999817
21
-66.4209999999999923
0
LINE
8
BLACK
6
CONTINUOUS
10
172.8370929999999817
20
-66.4209999999999923
11
172.8249390000000005
21
-66.4204029999999932
0
LINE
8
BLACK
6
CONTINUOUS
10
172.8249390000000005
20
-66.4204029999999932
11
172.6480650000000026
21
-66.4029819999999944
0
LINE
8
BLACK
6
CONTINUOUS
10
172.6480650000000026
20
-66.4029819999999944
11
172.6242239999999981
21
-66.3982400000000013
0
LINE
8
BLACK
6
CONTINUOUS
10
172.6242239999999981
20
-66.3982400000000013
11
172.4600010000000054
21
-66.3484239999999943
0
LINE
8
BLACK
6
CONTINUOUS
10
172.4600010000000054
20
-66.3484239999999943
11
172.4375430000000051
21
-66.3391209999999916
0
LINE
8
BLACK
6
CONTINUOUS
10
172.4375430000000051
20
-66.3391209999999916
11
172.2862010000000055
21
-66.2582269999999909
0
LINE
8
BLACK
6
CONTINUOUS
10
172.2862010000000055
20
-66.2582269999999909
11
172.2659889999999905
21
-66.2447219999999959
0
LINE
8
BLACK
6
CONTINUOUS
10
172.2659889999999905
20
-66.2447219999999959
11
172.1333329999999933
21
-66.1358539999999948
0
LINE
8
BLACK
6
CONTINUOUS
10
172.1333329999999933
20
-66.1358539999999948
11
172.1161449999999888
21
-66.1186659999999904
0
LINE
8
BLACK
6
CONTINUOUS
10
172.1161449999999888
20
-66.1186659999999904
11
172.0072769999999878
21
-65.9860099999999932
0
LINE
8
BLACK
6
CONTINUOUS
10
172.0072769999999878
20
-65.9860099999999932
11
171.9937719999999786
21
-65.9657979999999924
0
LINE
8
BLACK
6
CONTINUOUS
10
171.9937719999999786
20
-65.9657979999999924
11
171.9128780000000063
21
-65.8144559999999927
0
LINE
8
BLACK
6
CONTINUOUS
10
171.9128780000000063
20
-65.8144559999999927
11
171.9035749999999894
21
-65.7919979999999924
0
LINE
8
BLACK
6
CONTINUOUS
10
171.9035749999999894
20
-65.7919979999999924
11
171.8537570000000017
21
-65.6277690000000007
0
LINE
8
BLACK
6
CONTINUOUS
10
171.8537570000000017
20
-65.6277690000000007
11
171.8490180000000009
21
-65.6039409999999918
0
LINE
8
BLACK
6
CONTINUOUS
10
171.8490180000000009
20
-65.6039409999999918
11
171.8315969999999879
21
-65.4270609999999948
0
LINE
8
BLACK
6
CONTINUOUS
10
171.8315969999999879
20
-65.4270609999999948
11
171.8309999999999889
21
-65.4149069999999995
0
LINE
8
BLACK
6
CONTINUOUS
10
171.8309999999999889
20
-65.4149069999999995
11
171.8309999999999889
21
-65.3890030000000024
0
LINE
8
BLACK
6
CONTINUOUS
10
171.8309999999999889
20
-65.3890030000000024
11
171.8309999999999889
21
-65.3889999999999958
0
LINE
8
BLACK
6
CONTINUOUS
10
171.8309999999999889
20
-65.3889999999999958
11
171.8309999999999889
21
-64.3889999999999958
0
LINE
8
BLACK
6
CONTINUOUS
10
171.8309999999999889
20
-64.3889999999999958
11
170.8309999999999889
21
-64.3889999999999958
0
LINE
8
BLACK
6
CONTINUOUS
10
170.8309999999999889
20
-64.3889999999999958
11
170.8309969999999964
21
-64.3889999999999958
0
LINE
8
BLACK
6
CONTINUOUS
10
170.8309969999999964
20
-64.3889999999999958
11
168.0817319999999881
21
-64.3889999999999958
0
LINE
8
BLACK
6
CONTINUOUS
10
168.0817319999999881
20
-64.3889999999999958
11
168.0655469999999809
21
-64.3879390000000029
0
LINE
8
BLACK
6
CONTINUOUS
10
168.0655469999999809
20
-64.3879390000000029
11
168.0482709999999997
21
-64.3856639999999913
0
LINE
8
BLACK
6
CONTINUOUS
10
168.0482709999999997
20
-64.3856639999999913
11
167.9775630000000035
21
-64.3763550000000038
0
LINE
8
BLACK
6
CONTINUOUS
10
167.9775630000000035
20
-64.3763550000000038
11
167.9462969999999871
21
-64.3679769999999962
0
LINE
8
BLACK
6
CONTINUOUS
10
167.9462969999999871
20
-64.3679769999999962
11
167.8718839999999943
21
-64.3371539999999982
0
LINE
8
BLACK
6
CONTINUOUS
10
167.8718839999999943
20
-64.3371539999999982
11
167.8438519999999983
21
-64.3209700000000026
0
LINE
8
BLACK
6
CONTINUOUS
10
167.8438519999999983
20
-64.3209700000000026
11
167.8192939999999851
21
-64.3021260000000012
0
LINE
8
BLACK
6
CONTINUOUS
10
167.8192939999999851
20
-64.3021260000000012
11
167.7799489999999878
21
-64.2719359999999966
0
LINE
8
BLACK
6
CONTINUOUS
10
167.7799489999999878
20
-64.2719359999999966
11
167.7570629999999881
21
-64.2490499999999969
0
LINE
8
BLACK
6
CONTINUOUS
10
167.7570629999999881
20
-64.2490499999999969
11
167.708028999999982
21
-64.1851470000000006
0
LINE
8
BLACK
6
CONTINUOUS
10
167.708028999999982
20
-64.1851470000000006
11
167.6918450000000007
21
-64.1571149999999903
0
LINE
8
BLACK
6
CONTINUOUS
10
167.6918450000000007
20
-64.1571149999999903
11
167.6610220000000027
21
-64.0827019999999976
0
LINE
8
BLACK
6
CONTINUOUS
10
167.6610220000000027
20
-64.0827019999999976
11
167.6526439999999809
21
-64.0514340000000004
0
LINE
8
BLACK
6
CONTINUOUS
10
167.6526439999999809
20
-64.0514340000000004
11
167.6410609999999792
21
-63.9634519999999966
0
LINE
8
BLACK
6
CONTINUOUS
10
167.6410609999999792
20
-63.9634519999999966
11
167.6399999999999864
21
-63.9472669999999965
0
LINE
8
BLACK
6
CONTINUOUS
10
167.6399999999999864
20
-63.9472669999999965
11
167.6399999999999864
21
-58.0096530000000001
0
LINE
8
BLACK
6
CONTINUOUS
10
167.6399999999999864
20
-58.0096530000000001
11
167.6407590000000027
21
-57.9959579999999946
0
LINE
8
BLACK
6
CONTINUOUS
10
167.6407590000000027
20
-57.9959579999999946
11
167.6436929999999847
21
-57.9695509999999956
0
LINE
8
BLACK
6
CONTINUOUS
10
167.6436929999999847
20
-57.9695509999999956
11
167.6628759999999829
21
-57.7969340000000003
0
LINE
8
BLACK
6
CONTINUOUS
10
167.6628759999999829
20
-57.7969340000000003
11
167.6688859999999863
21
-57.7702229999999943
0
LINE
8
BLACK
6
CONTINUOUS
10
167.6688859999999863
20
-57.7702229999999943
11
167.7319099999999992
21
-57.5874309999999952
0
LINE
8
BLACK
6
CONTINUOUS
10
167.7319099999999992
20
-57.5874309999999952
11
167.7436439999999891
21
-57.5626829999999998
0
LINE
8
BLACK
6
CONTINUOUS
10
167.7436439999999891
20
-57.5626829999999998
11
167.8488930000000039
21
-57.3923079999999999
0
LINE
8
BLACK
6
CONTINUOUS
10
167.8488930000000039
20
-57.3923079999999999
11
167.8567149999999799
21
-57.3810859999999963
0
LINE
8
BLACK
6
CONTINUOUS
10
167.8567149999999799
20
-57.3810859999999963
11
168.549872999999991
21
-56.4953829999999968
0
LINE
8
BLACK
6
CONTINUOUS
10
168.549872999999991
20
-56.4953829999999968
11
168.5611509999999953
21
-56.4732500000000002
0
LINE
8
BLACK
6
CONTINUOUS
10
168.5611509999999953
20
-56.4732500000000002
11
168.7606810000000053
21
-56.1660019999999989
0
LINE
8
BLACK
6
CONTINUOUS
10
168.7606810000000053
20
-56.1660019999999989
11
168.991232999999994
21
-55.8812929999999994
0
LINE
8
BLACK
6
CONTINUOUS
10
168.991232999999994
20
-55.8812929999999994
11
169.1717050000000029
21
-55.7008209999999977
0
LINE
8
BLACK
6
CONTINUOUS
10
169.1717050000000029
20
-55.7008209999999977
11
169.6222630000000038
21
-55.1251079999999973
0
LINE
8
BLACK
6
CONTINUOUS
10
169.6222630000000038
20
-55.1251079999999973
11
169.6295619999999928
21
-55.1166049999999998
0
LINE
8
BLACK
6
CONTINUOUS
10
169.6295619999999928
20
-55.1166049999999998
11
169.7420740000000023
21
-54.996969
0
LINE
8
BLACK
6
CONTINUOUS
10
169.7420740000000023
20
-54.996969
11
169.7588619999999935
21
-54.9820849999999979
0
LINE
8
BLACK
6
CONTINUOUS
10
169.7588619999999935
20
-54.9820849999999979
11
169.886540999999994
21
-54.8880659999999949
0
LINE
8
BLACK
6
CONTINUOUS
10
169.886540999999994
20
-54.8880659999999949
11
169.9057499999999834
21
-54.8764439999999993
0
LINE
8
BLACK
6
CONTINUOUS
10
169.9057499999999834
20
-54.8764439999999993
11
170.048294999999996
21
-54.8069929999999985
0
LINE
8
BLACK
6
CONTINUOUS
10
170.048294999999996
20
-54.8069929999999985
11
170.0692809999999895
21
-54.7990289999999973
0
LINE
8
BLACK
6
CONTINUOUS
10
170.0692809999999895
20
-54.7990289999999973
11
170.2220069999999907
21
-54.7564279999999997
0
LINE
8
BLACK
6
CONTINUOUS
10
170.2220069999999907
20
-54.7564279999999997
11
170.2440869999999791
21
-54.7523780000000002
0
LINE
8
BLACK
6
CONTINUOUS
10
170.2440869999999791
20
-54.7523780000000002
11
170.4076269999999909
21
-54.7375089999999958
0
LINE
8
BLACK
6
CONTINUOUS
10
170.4076269999999909
20
-54.7375089999999958
11
170.4188549999999793
21
-54.7369999999999948
0
LINE
8
BLACK
6
CONTINUOUS
10
170.4188549999999793
20
-54.7369999999999948
11
171.3298690000000022
21
-54.7369999999999948
0
LINE
8
BLACK
6
CONTINUOUS
10
171.3298690000000022
20
-54.7369999999999948
11
171.5922400000000039
21
-54.7232500000000002
0
LINE
8
BLACK
6
CONTINUOUS
10
171.5922400000000039
20
-54.7232500000000002
11
171.8546110000000056
21
-54.7369999999999948
0
LINE
8
BLACK
6
CONTINUOUS
10
134.263385999999997
20
-58.4244020000000006
11
134.2633869999999945
21
-58.4244020000000006
0
LINE
8
BLACK
6
CONTINUOUS
10
134.2633869999999945
20
-58.4244020000000006
11
134.2765839999999855
21
-58.429867999999999
0
LINE
8
BLACK
6
CONTINUOUS
10
134.2765839999999855
20
-58.429867999999999
11
134.3084460000000036
21
-58.4430659999999946
0
LINE
8
BLACK
6
CONTINUOUS
10
134.3084460000000036
20
-58.4430659999999946
11
134.3084509999999909
21
-58.4430709999999962
0
LINE
8
BLACK
6
CONTINUOUS
10
134.3084509999999909
20
-58.4430709999999962
11
134.3273879999999849
21
-58.4586119999999951
0
LINE
8
BLACK
6
CONTINUOUS
10
134.3273879999999849
20
-58.4586119999999951
11
134.9483889999999917
21
-59.0796119999999974
0
LINE
8
BLACK
6
CONTINUOUS
10
134.9483889999999917
20
-59.0796119999999974
11
134.9639339999999947
21
-59.098554
0
LINE
8
BLACK
6
CONTINUOUS
10
134.9639339999999947
20
-59.098554
11
134.9715530000000001
21
-59.1169499999999957
0
LINE
8
BLACK
6
CONTINUOUS
10
134.9715530000000001
20
-59.1169499999999957
11
135.0677079999999819
21
-59.1451840000000004
0
LINE
8
BLACK
6
CONTINUOUS
10
135.0677079999999819
20
-59.1451840000000004
11
135.1874300000000062
21
-59.2221249999999984
0
LINE
8
BLACK
6
CONTINUOUS
10
135.1874300000000062
20
-59.2221249999999984
11
135.2806269999999813
21
-59.3296799999999962
0
LINE
8
BLACK
6
CONTINUOUS
10
135.2806269999999813
20
-59.3296799999999962
11
135.339745999999991
21
-59.4591339999999988
0
LINE
8
BLACK
6
CONTINUOUS
10
135.339745999999991
20
-59.4591339999999988
11
135.3599999999999852
21
-59.5999999999999943
0
LINE
8
BLACK
6
CONTINUOUS
10
135.3599999999999852
20
-59.5999999999999943
11
135.339745999999991
21
-59.7408659999999969
0
LINE
8
BLACK
6
CONTINUOUS
10
135.339745999999991
20
-59.7408659999999969
11
135.2806269999999813
21
-59.8703199999999995
0
LINE
8
BLACK
6
CONTINUOUS
10
135.2806269999999813
20
-59.8703199999999995
11
135.1874300000000062
21
-59.9778749999999974
0
LINE
8
BLACK
6
CONTINUOUS
10
135.1874300000000062
20
-59.9778749999999974
11
135.0677079999999819
21
-60.0548159999999953
0
LINE
8
BLACK
6
CONTINUOUS
10
135.0677079999999819
20
-60.0548159999999953
11
134.9311569999999847
21
-60.0949109999999962
0
LINE
8
BLACK
6
CONTINUOUS
10
134.9311569999999847
20
-60.0949109999999962
11
134.7888429999999858
21
-60.0949109999999962
0
LINE
8
BLACK
6
CONTINUOUS
10
134.7888429999999858
20
-60.0949109999999962
11
134.6522919999999885
21
-60.0548159999999953
0
LINE
8
BLACK
6
CONTINUOUS
10
134.6522919999999885
20
-60.0548159999999953
11
134.5325699999999927
21
-59.9778749999999974
0
LINE
8
BLACK
6
CONTINUOUS
10
134.5325699999999927
20
-59.9778749999999974
11
134.4393729999999891
21
-59.8703199999999995
0
LINE
8
BLACK
6
CONTINUOUS
10
134.4393729999999891
20
-59.8703199999999995
11
134.3802540000000079
21
-59.7408659999999969
0
LINE
8
BLACK
6
CONTINUOUS
10
134.3802540000000079
20
-59.7408659999999969
11
134.3599999999999852
21
-59.5999999999999943
0
LINE
8
BLACK
6
CONTINUOUS
10
134.3599999999999852
20
-59.5999999999999943
11
134.3802540000000079
21
-59.4591339999999988
0
LINE
8
BLACK
6
CONTINUOUS
10
134.3802540000000079
20
-59.4591339999999988
11
134.4393729999999891
21
-59.3296799999999962
0
LINE
8
BLACK
6
CONTINUOUS
10
134.4393729999999891
20
-59.3296799999999962
11
134.5325699999999927
21
-59.2221249999999984
0
LINE
8
BLACK
6
CONTINUOUS
10
134.5325699999999927
20
-59.2221249999999984
11
134.6522919999999885
21
-59.1451840000000004
0
LINE
8
BLACK
6
CONTINUOUS
10
134.6522919999999885
20
-59.1451840000000004
11
134.6585649999999816
21
-59.143341999999997
0
LINE
8
BLACK
6
CONTINUOUS
10
134.6585649999999816
20
-59.143341999999997
11
134.1872239999999863
21
-58.671999999999997
0
LINE
8
BLACK
6
CONTINUOUS
10
134.1872239999999863
20
-58.671999999999997
11
133.0207769999999812
21
-58.671999999999997
0
LINE
8
BLACK
6
CONTINUOUS
10
133.0207769999999812
20
-58.671999999999997
11
132.3319999999999936
21
-59.3607759999999942
0
LINE
8
BLACK
6
CONTINUOUS
10
132.3319999999999936
20
-59.3607759999999942
11
132.3319999999999936
21
-61.0852229999999992
0
LINE
8
BLACK
6
CONTINUOUS
10
132.3319999999999936
20
-61.0852229999999992
11
133.6057769999999891
21
-62.3589999999999947
0
LINE
8
BLACK
6
CONTINUOUS
10
133.6057769999999891
20
-62.3589999999999947
11
134.8752869999999859
21
-62.3589999999999947
0
LINE
8
BLACK
6
CONTINUOUS
10
134.8752869999999859
20
-62.3589999999999947
11
134.9313929999999857
21
-62.2488859999999988
0
LINE
8
BLACK
6
CONTINUOUS
10
134.9313929999999857
20
-62.2488859999999988
11
135.0198859999999854
21
-62.1603929999999991
0
LINE
8
BLACK
6
CONTINUOUS
10
135.0198859999999854
20
-62.1603929999999991
11
135.1313930000000028
21
-62.1035769999999943
0
LINE
8
BLACK
6
CONTINUOUS
10
135.1313930000000028
20
-62.1035769999999943
11
135.2549999999999955
21
-62.0839999999999961
0
LINE
8
BLACK
6
CONTINUOUS
10
135.2549999999999955
20
-62.0839999999999961
11
135.3786069999999881
21
-62.1035769999999943
0
LINE
8
BLACK
6
CONTINUOUS
10
135.3786069999999881
20
-62.1035769999999943
11
135.4901140000000055
21
-62.1603929999999991
0
LINE
8
BLACK
6
CONTINUOUS
10
135.4901140000000055
20
-62.1603929999999991
11
135.5786070000000052
21
-62.2488859999999988
0
LINE
8
BLACK
6
CONTINUOUS
10
135.5786070000000052
20
-62.2488859999999988
11
135.635423000000003
21
-62.3603929999999949
0
LINE
8
BLACK
6
CONTINUOUS
10
135.635423000000003
20
-62.3603929999999949
11
135.6550000000000011
21
-62.4839999999999947
0
LINE
8
BLACK
6
CONTINUOUS
10
135.6550000000000011
20
-62.4839999999999947
11
135.635423000000003
21
-62.6076069999999945
0
LINE
8
BLACK
6
CONTINUOUS
10
135.635423000000003
20
-62.6076069999999945
11
135.5786070000000052
21
-62.7191139999999976
0
LINE
8
BLACK
6
CONTINUOUS
10
135.5786070000000052
20
-62.7191139999999976
11
135.4901140000000055
21
-62.8076069999999973
0
LINE
8
BLACK
6
CONTINUOUS
10
135.4901140000000055
20
-62.8076069999999973
11
135.3786069999999881
21
-62.8644229999999951
0
LINE
8
BLACK
6
CONTINUOUS
10
135.3786069999999881
20
-62.8644229999999951
11
135.2549999999999955
21
-62.8840000000000003
0
LINE
8
BLACK
6
CONTINUOUS
10
135.2549999999999955
20
-62.8840000000000003
11
135.1313930000000028
21
-62.8644229999999951
0
LINE
8
BLACK
6
CONTINUOUS
10
135.1313930000000028
20
-62.8644229999999951
11
135.0198859999999854
21
-62.8076069999999973
0
LINE
8
BLACK
6
CONTINUOUS
10
135.0198859999999854
20
-62.8076069999999973
11
134.9313929999999857
21
-62.7191139999999976
0
LINE
8
BLACK
6
CONTINUOUS
10
134.9313929999999857
20
-62.7191139999999976
11
134.8752869999999859
21
-62.6089999999999947
0
LINE
8
BLACK
6
CONTINUOUS
10
134.8752869999999859
20
-62.6089999999999947
11
133.554000000000002
21
-62.6089999999999947
0
LINE
8
BLACK
6
CONTINUOUS
10
133.554000000000002
20
-62.6089999999999947
11
133.5296139999999809
21
-62.6065979999999982
0
LINE
8
BLACK
6
CONTINUOUS
10
133.5296139999999809
20
-62.6065979999999982
11
133.4845540000000028
21
-62.5879339999999971
0
LINE
8
BLACK
6
CONTINUOUS
10
133.4845540000000028
20
-62.5879339999999971
11
133.465611999999993
21
-62.572388999999994
0
LINE
8
BLACK
6
CONTINUOUS
10
133.465611999999993
20
-62.572388999999994
11
132.1186119999999846
21
-61.2253879999999953
0
LINE
8
BLACK
6
CONTINUOUS
10
132.1186119999999846
20
-61.2253879999999953
11
132.1030709999999999
21
-61.2064509999999942
0
LINE
8
BLACK
6
CONTINUOUS
10
132.1030709999999999
20
-61.2064509999999942
11
132.1030659999999841
21
-61.2064459999999997
0
LINE
8
BLACK
6
CONTINUOUS
10
132.1030659999999841
20
-61.2064459999999997
11
132.084401999999983
21
-61.1613860000000003
0
LINE
8
BLACK
6
CONTINUOUS
10
132.084401999999983
20
-61.1613860000000003
11
132.0819999999999936
21
-61.1370000000000005
0
LINE
8
BLACK
6
CONTINUOUS
10
132.0819999999999936
20
-61.1370000000000005
11
132.0819999999999936
21
-59.3089999999999975
0
LINE
8
BLACK
6
CONTINUOUS
10
132.0819999999999936
20
-59.3089999999999975
11
132.084401999999983
21
-59.2846139999999977
0
LINE
8
BLACK
6
CONTINUOUS
10
132.084401999999983
20
-59.2846139999999977
11
132.1030659999999841
21
-59.2395539999999983
0
LINE
8
BLACK
6
CONTINUOUS
10
132.1030659999999841
20
-59.2395539999999983
11
132.1030709999999999
21
-59.2395479999999992
0
LINE
8
BLACK
6
CONTINUOUS
10
132.1030709999999999
20
-59.2395479999999992
11
132.1186119999999846
21
-59.2206119999999956
0
LINE
8
BLACK
6
CONTINUOUS
10
132.1186119999999846
20
-59.2206119999999956
11
132.8806119999999851
21
-58.4586109999999977
0
LINE
8
BLACK
6
CONTINUOUS
10
132.8806119999999851
20
-58.4586109999999977
11
132.8995539999999949
21
-58.4430659999999946
0
LINE
8
BLACK
6
CONTINUOUS
10
132.8995539999999949
20
-58.4430659999999946
11
132.9446130000000039
21
-58.4244020000000006
0
LINE
8
BLACK
6
CONTINUOUS
10
132.9446130000000039
20
-58.4244020000000006
11
132.9446140000000014
21
-58.4244020000000006
0
LINE
8
BLACK
6
CONTINUOUS
10
132.9446140000000014
20
-58.4244020000000006
11
132.9689999999999941
21
-58.421999999999997
0
LINE
8
BLACK
6
CONTINUOUS
10
132.9689999999999941
20
-58.421999999999997
11
134.2390000000000043
21
-58.421999999999997
0
LINE
8
BLACK
6
CONTINUOUS
10
134.2390000000000043
20
-58.421999999999997
11
134.263385999999997
21
-58.4244020000000006
0
LINE
8
BLACK
6
CONTINUOUS
10
133.7977080000000001
20
-60.4151839999999964
11
133.917429999999996
21
-60.4921249999999944
0
LINE
8
BLACK
6
CONTINUOUS
10
133.917429999999996
20
-60.4921249999999944
11
134.0106269999999995
21
-60.5996799999999993
0
LINE
8
BLACK
6
CONTINUOUS
10
134.0106269999999995
20
-60.5996799999999993
11
134.0697459999999808
21
-60.7291339999999948
0
LINE
8
BLACK
6
CONTINUOUS
10
134.0697459999999808
20
-60.7291339999999948
11
134.0900000000000034
21
-60.8699999999999974
0
LINE
8
BLACK
6
CONTINUOUS
10
134.0900000000000034
20
-60.8699999999999974
11
134.0697459999999808
21
-61.010866
0
LINE
8
BLACK
6
CONTINUOUS
10
134.0697459999999808
20
-61.010866
11
134.0106269999999995
21
-61.1403199999999956
0
LINE
8
BLACK
6
CONTINUOUS
10
134.0106269999999995
20
-61.1403199999999956
11
133.917429999999996
21
-61.2478750000000005
0
LINE
8
BLACK
6
CONTINUOUS
10
133.917429999999996
20
-61.2478750000000005
11
133.7977080000000001
21
-61.3248159999999984
0
LINE
8
BLACK
6
CONTINUOUS
10
133.7977080000000001
20
-61.3248159999999984
11
133.6611570000000029
21
-61.3649109999999993
0
LINE
8
BLACK
6
CONTINUOUS
10
133.6611570000000029
20
-61.3649109999999993
11
133.5188430000000039
21
-61.3649109999999993
0
LINE
8
BLACK
6
CONTINUOUS
10
133.5188430000000039
20
-61.3649109999999993
11
133.3822920000000067
21
-61.3248159999999984
0
LINE
8
BLACK
6
CONTINUOUS
10
133.3822920000000067
20
-61.3248159999999984
11
133.2625699999999824
21
-61.2478750000000005
0
LINE
8
BLACK
6
CONTINUOUS
10
133.2625699999999824
20
-61.2478750000000005
11
133.1693730000000073
21
-61.1403199999999956
0
LINE
8
BLACK
6
CONTINUOUS
10
133.1693730000000073
20
-61.1403199999999956
11
133.1102539999999976
21
-61.010866
0
LINE
8
BLACK
6
CONTINUOUS
10
133.1102539999999976
20
-61.010866
11
133.0900000000000034
21
-60.8699999999999974
0
LINE
8
BLACK
6
CONTINUOUS
10
133.0900000000000034
20
-60.8699999999999974
11
133.1102539999999976
21
-60.7291339999999948
0
LINE
8
BLACK
6
CONTINUOUS
10
133.1102539999999976
20
-60.7291339999999948
11
133.1693730000000073
21
-60.5996799999999993
0
LINE
8
BLACK
6
CONTINUOUS
10
133.1693730000000073
20
-60.5996799999999993
11
133.2625699999999824
21
-60.4921249999999944
0
LINE
8
BLACK
6
CONTINUOUS
10
133.2625699999999824
20
-60.4921249999999944
11
133.3822920000000067
21
-60.4151839999999964
0
LINE
8
BLACK
6
CONTINUOUS
10
133.3822920000000067
20
-60.4151839999999964
11
133.5188430000000039
21
-60.3750889999999956
0
LINE
8
BLACK
6
CONTINUOUS
10
133.5188430000000039
20
-60.3750889999999956
11
133.6611570000000029
21
-60.3750889999999956
0
LINE
8
BLACK
6
CONTINUOUS
10
133.6611570000000029
20
-60.3750889999999956
11
133.7977080000000001
21
-60.4151839999999964
0
LINE
8
BLACK
6
CONTINUOUS
10
135.0677079999999819
20
-60.4151839999999964
11
135.1874300000000062
21
-60.4921249999999944
0
LINE
8
BLACK
6
CONTINUOUS
10
135.1874300000000062
20
-60.4921249999999944
11
135.2806269999999813
21
-60.5996799999999993
0
LINE
8
BLACK
6
CONTINUOUS
10
135.2806269999999813
20
-60.5996799999999993
11
135.339745999999991
21
-60.7291339999999948
0
LINE
8
BLACK
6
CONTINUOUS
10
135.339745999999991
20
-60.7291339999999948
11
135.3599999999999852
21
-60.8699999999999974
0
LINE
8
BLACK
6
CONTINUOUS
10
135.3599999999999852
20
-60.8699999999999974
11
135.339745999999991
21
-61.010866
0
LINE
8
BLACK
6
CONTINUOUS
10
135.339745999999991
20
-61.010866
11
135.2806269999999813
21
-61.1403199999999956
0
LINE
8
BLACK
6
CONTINUOUS
10
135.2806269999999813
20
-61.1403199999999956
11
135.1874300000000062
21
-61.2478750000000005
0
LINE
8
BLACK
6
CONTINUOUS
10
135.1874300000000062
20
-61.2478750000000005
11
135.0677079999999819
21
-61.3248159999999984
0
LINE
8
BLACK
6
CONTINUOUS
10
135.0677079999999819
20
-61.3248159999999984
11
134.9311569999999847
21
-61.3649109999999993
0
LINE
8
BLACK
6
CONTINUOUS
10
134.9311569999999847
20
-61.3649109999999993
11
134.7888429999999858
21
-61.3649109999999993
0
LINE
8
BLACK
6
CONTINUOUS
10
134.7888429999999858
20
-61.3649109999999993
11
134.6522919999999885
21
-61.3248159999999984
0
LINE
8
BLACK
6
CONTINUOUS
10
134.6522919999999885
20
-61.3248159999999984
11
134.5325699999999927
21
-61.2478750000000005
0
LINE
8
BLACK
6
CONTINUOUS
10
134.5325699999999927
20
-61.2478750000000005
11
134.4393729999999891
21
-61.1403199999999956
0
LINE
8
BLACK
6
CONTINUOUS
10
134.4393729999999891
20
-61.1403199999999956
11
134.3802540000000079
21
-61.010866
0
LINE
8
BLACK
6
CONTINUOUS
10
134.3802540000000079
20
-61.010866
11
134.3599999999999852
21
-60.8699999999999974
0
LINE
8
BLACK
6
CONTINUOUS
10
134.3599999999999852
20
-60.8699999999999974
11
134.3802540000000079
21
-60.7291339999999948
0
LINE
8
BLACK
6
CONTINUOUS
10
134.3802540000000079
20
-60.7291339999999948
11
134.4393729999999891
21
-60.5996799999999993
0
LINE
8
BLACK
6
CONTINUOUS
10
134.4393729999999891
20
-60.5996799999999993
11
134.5325699999999927
21
-60.4921249999999944
0
LINE
8
BLACK
6
CONTINUOUS
10
134.5325699999999927
20
-60.4921249999999944
11
134.6522919999999885
21
-60.4151839999999964
0
LINE
8
BLACK
6
CONTINUOUS
10
134.6522919999999885
20
-60.4151839999999964
11
134.7888429999999858
21
-60.3750889999999956
0
LINE
8
BLACK
6
CONTINUOUS
10
134.7888429999999858
20
-60.3750889999999956
11
134.9311569999999847
21
-60.3750889999999956
0
LINE
8
BLACK
6
CONTINUOUS
10
134.9311569999999847
20
-60.3750889999999956
11
135.0677079999999819
21
-60.4151839999999964
0
LINE
8
BLACK
6
CONTINUOUS
10
136.3377079999999921
20
-60.4151839999999964
11
136.457429999999988
21
-60.4921249999999944
0
LINE
8
BLACK
6
CONTINUOUS
10
136.457429999999988
20
-60.4921249999999944
11
136.5506269999999915
21
-60.5996799999999993
0
LINE
8
BLACK
6
CONTINUOUS
10
136.5506269999999915
20
-60.5996799999999993
11
136.6097460000000012
21
-60.7291339999999948
0
LINE
8
BLACK
6
CONTINUOUS
10
136.6097460000000012
20
-60.7291339999999948
11
136.6299999999999955
21
-60.8699999999999974
0
LINE
8
BLACK
6
CONTINUOUS
10
136.6299999999999955
20
-60.8699999999999974
11
136.6097460000000012
21
-61.010866
0
LINE
8
BLACK
6
CONTINUOUS
10
136.6097460000000012
20
-61.010866
11
136.5506269999999915
21
-61.1403199999999956
0
LINE
8
BLACK
6
CONTINUOUS
10
136.5506269999999915
20
-61.1403199999999956
11
136.457429999999988
21
-61.2478750000000005
0
LINE
8
BLACK
6
CONTINUOUS
10
136.457429999999988
20
-61.2478750000000005
11
136.3377079999999921
21
-61.3248159999999984
0
LINE
8
BLACK
6
CONTINUOUS
10
136.3377079999999921
20
-61.3248159999999984
11
136.2011569999999949
21
-61.3649109999999993
0
LINE
8
BLACK
6
CONTINUOUS
10
136.2011569999999949
20
-61.3649109999999993
11
136.058842999999996
21
-61.3649109999999993
0
LINE
8
BLACK
6
CONTINUOUS
10
136.058842999999996
20
-61.3649109999999993
11
135.9222919999999988
21
-61.3248159999999984
0
LINE
8
BLACK
6
CONTINUOUS
10
135.9222919999999988
20
-61.3248159999999984
11
135.8025700000000029
21
-61.2478750000000005
0
LINE
8
BLACK
6
CONTINUOUS
10
135.8025700000000029
20
-61.2478750000000005
11
135.7093729999999994
21
-61.1403199999999956
0
LINE
8
BLACK
6
CONTINUOUS
10
135.7093729999999994
20
-61.1403199999999956
11
135.6502539999999897
21
-61.010866
0
LINE
8
BLACK
6
CONTINUOUS
10
135.6502539999999897
20
-61.010866
11
135.6299999999999955
21
-60.8699999999999974
0
LINE
8
BLACK
6
CONTINUOUS
10
135.6299999999999955
20
-60.8699999999999974
11
135.6502539999999897
21
-60.7291339999999948
0
LINE
8
BLACK
6
CONTINUOUS
10
135.6502539999999897
20
-60.7291339999999948
11
135.7093729999999994
21
-60.5996799999999993
0
LINE
8
BLACK
6
CONTINUOUS
10
135.7093729999999994
20
-60.5996799999999993
11
135.8025700000000029
21
-60.4921249999999944
0
LINE
8
BLACK
6
CONTINUOUS
10
135.8025700000000029
20
-60.4921249999999944
11
135.9222919999999988
21
-60.4151839999999964
0
LINE
8
BLACK
6
CONTINUOUS
10
135.9222919999999988
20
-60.4151839999999964
11
136.058842999999996
21
-60.3750889999999956
0
LINE
8
BLACK
6
CONTINUOUS
10
136.058842999999996
20
-60.3750889999999956
11
136.2011569999999949
21
-60.3750889999999956
0
LINE
8
BLACK
6
CONTINUOUS
10
136.2011569999999949
20
-60.3750889999999956
11
136.3377079999999921
21
-60.4151839999999964
0
LINE
8
BLACK
6
CONTINUOUS
10
137.6077080000000024
20
-60.4151839999999964
11
137.7274299999999982
21
-60.4921249999999944
0
LINE
8
BLACK
6
CONTINUOUS
10
137.7274299999999982
20
-60.4921249999999944
11
137.8206270000000018
21
-60.5996799999999993
0
LINE
8
BLACK
6
CONTINUOUS
10
137.8206270000000018
20
-60.5996799999999993
11
137.879745999999983
21
-60.7291339999999948
0
LINE
8
BLACK
6
CONTINUOUS
10
137.879745999999983
20
-60.7291339999999948
11
137.9000000000000057
21
-60.8699999999999974
0
LINE
8
BLACK
6
CONTINUOUS
10
137.9000000000000057
20
-60.8699999999999974
11
137.879745999999983
21
-61.010866
0
LINE
8
BLACK
6
CONTINUOUS
10
137.879745999999983
20
-61.010866
11
137.8206270000000018
21
-61.1403199999999956
0
LINE
8
BLACK
6
CONTINUOUS
10
137.8206270000000018
20
-61.1403199999999956
11
137.7274299999999982
21
-61.2478750000000005
0
LINE
8
BLACK
6
CONTINUOUS
10
137.7274299999999982
20
-61.2478750000000005
11
137.6077080000000024
21
-61.3248159999999984
0
LINE
8
BLACK
6
CONTINUOUS
10
137.6077080000000024
20
-61.3248159999999984
11
137.4711570000000052
21
-61.3649109999999993
0
LINE
8
BLACK
6
CONTINUOUS
10
137.4711570000000052
20
-61.3649109999999993
11
137.3288430000000062
21
-61.3649109999999993
0
LINE
8
BLACK
6
CONTINUOUS
10
137.3288430000000062
20
-61.3649109999999993
11
137.1922919999999806
21
-61.3248159999999984
0
LINE
8
BLACK
6
CONTINUOUS
10
137.1922919999999806
20
-61.3248159999999984
11
137.0725699999999847
21
-61.2478750000000005
0
LINE
8
BLACK
6
CONTINUOUS
10
137.0725699999999847
20
-61.2478750000000005
11
136.9793729999999812
21
-61.1403199999999956
0
LINE
8
BLACK
6
CONTINUOUS
10
136.9793729999999812
20
-61.1403199999999956
11
136.9202539999999999
21
-61.010866
0
LINE
8
BLACK
6
CONTINUOUS
10
136.9202539999999999
20
-61.010866
11
136.9000000000000057
21
-60.8699999999999974
0
LINE
8
BLACK
6
CONTINUOUS
10
136.9000000000000057
20
-60.8699999999999974
11
136.9202539999999999
21
-60.7291339999999948
0
LINE
8
BLACK
6
CONTINUOUS
10
136.9202539999999999
20
-60.7291339999999948
11
136.9793729999999812
21
-60.5996799999999993
0
LINE
8
BLACK
6
CONTINUOUS
10
136.9793729999999812
20
-60.5996799999999993
11
137.0725699999999847
21
-60.4921249999999944
0
LINE
8
BLACK
6
CONTINUOUS
10
137.0725699999999847
20
-60.4921249999999944
11
137.1922919999999806
21
-60.4151839999999964
0
LINE
8
BLACK
6
CONTINUOUS
10
137.1922919999999806
20
-60.4151839999999964
11
137.3288430000000062
21
-60.3750889999999956
0
LINE
8
BLACK
6
CONTINUOUS
10
137.3288430000000062
20
-60.3750889999999956
11
137.4711570000000052
21
-60.3750889999999956
0
LINE
8
BLACK
6
CONTINUOUS
10
137.4711570000000052
20
-60.3750889999999956
11
137.6077080000000024
21
-60.4151839999999964
0
LINE
8
BLACK
6
CONTINUOUS
10
138.8777079999999842
20
-60.4151839999999964
11
138.9974299999999801
21
-60.4921249999999944
0
LINE
8
BLACK
6
CONTINUOUS
10
138.9974299999999801
20
-60.4921249999999944
11
139.0906269999999836
21
-60.5996799999999993
0
LINE
8
BLACK
6
CONTINUOUS
10
139.0906269999999836
20
-60.5996799999999993
11
139.1497459999999933
21
-60.7291339999999948
0
LINE
8
BLACK
6
CONTINUOUS
10
139.1497459999999933
20
-60.7291339999999948
11
139.1699999999999875
21
-60.8699999999999974
0
LINE
8
BLACK
6
CONTINUOUS
10
139.1699999999999875
20
-60.8699999999999974
11
139.1497459999999933
21
-61.010866
0
LINE
8
BLACK
6
CONTINUOUS
10
139.1497459999999933
20
-61.010866
11
139.0906269999999836
21
-61.1403199999999956
0
LINE
8
BLACK
6
CONTINUOUS
10
139.0906269999999836
20
-61.1403199999999956
11
138.9974299999999801
21
-61.2478750000000005
0
LINE
8
BLACK
6
CONTINUOUS
10
138.9974299999999801
20
-61.2478750000000005
11
138.8777079999999842
21
-61.3248159999999984
0
LINE
8
BLACK
6
CONTINUOUS
10
138.8777079999999842
20
-61.3248159999999984
11
138.741156999999987
21
-61.3649109999999993
0
LINE
8
BLACK
6
CONTINUOUS
10
138.741156999999987
20
-61.3649109999999993
11
138.598842999999988
21
-61.3649109999999993
0
LINE
8
BLACK
6
CONTINUOUS
10
138.598842999999988
20
-61.3649109999999993
11
138.4622919999999908
21
-61.3248159999999984
0
LINE
8
BLACK
6
CONTINUOUS
10
138.4622919999999908
20
-61.3248159999999984
11
138.3425699999999949
21
-61.2478750000000005
0
LINE
8
BLACK
6
CONTINUOUS
10
138.3425699999999949
20
-61.2478750000000005
11
138.2493729999999914
21
-61.1403199999999956
0
LINE
8
BLACK
6
CONTINUOUS
10
138.2493729999999914
20
-61.1403199999999956
11
138.1902539999999817
21
-61.010866
0
LINE
8
BLACK
6
CONTINUOUS
10
138.1902539999999817
20
-61.010866
11
138.1699999999999875
21
-60.8699999999999974
0
LINE
8
BLACK
6
CONTINUOUS
10
138.1699999999999875
20
-60.8699999999999974
11
138.1902539999999817
21
-60.7291339999999948
0
LINE
8
BLACK
6
CONTINUOUS
10
138.1902539999999817
20
-60.7291339999999948
11
138.2493729999999914
21
-60.5996799999999993
0
LINE
8
BLACK
6
CONTINUOUS
10
138.2493729999999914
20
-60.5996799999999993
11
138.3425699999999949
21
-60.4921249999999944
0
LINE
8
BLACK
6
CONTINUOUS
10
138.3425699999999949
20
-60.4921249999999944
11
138.4622919999999908
21
-60.4151839999999964
0
LINE
8
BLACK
6
CONTINUOUS
10
138.4622919999999908
20
-60.4151839999999964
11
138.598842999999988
21
-60.3750889999999956
0
LINE
8
BLACK
6
CONTINUOUS
10
138.598842999999988
20
-60.3750889999999956
11
138.741156999999987
21
-60.3750889999999956
0
LINE
8
BLACK
6
CONTINUOUS
10
138.741156999999987
20
-60.3750889999999956
11
138.8777079999999842
21
-60.4151839999999964
0
LINE
8
BLACK
6
CONTINUOUS
10
134.0900000000000034
20
-60.0999999999999943
11
133.0900000000000034
21
-60.0999999999999943
0
LINE
8
BLACK
6
CONTINUOUS
10
133.0900000000000034
20
-60.0999999999999943
11
133.0900000000000034
21
-59.0999999999999943
0
LINE
8
BLACK
6
CONTINUOUS
10
133.0900000000000034
20
-59.0999999999999943
11
134.0900000000000034
21
-59.0999999999999943
0
LINE
8
BLACK
6
CONTINUOUS
10
134.0900000000000034
20
-59.0999999999999943
11
134.0900000000000034
21
-60.0999999999999943
0
LINE
8
BLACK
6
CONTINUOUS
10
136.3377079999999921
20
-59.1451840000000004
11
136.457429999999988
21
-59.2221249999999984
0
LINE
8
BLACK
6
CONTINUOUS
10
136.457429999999988
20
-59.2221249999999984
11
136.5506269999999915
21
-59.3296799999999962
0
LINE
8
BLACK
6
CONTINUOUS
10
136.5506269999999915
20
-59.3296799999999962
11
136.6097460000000012
21
-59.4591339999999988
0
LINE
8
BLACK
6
CONTINUOUS
10
136.6097460000000012
20
-59.4591339999999988
11
136.6299999999999955
21
-59.5999999999999943
0
LINE
8
BLACK
6
CONTINUOUS
10
136.6299999999999955
20
-59.5999999999999943
11
136.6097460000000012
21
-59.7408659999999969
0
LINE
8
BLACK
6
CONTINUOUS
10
136.6097460000000012
20
-59.7408659999999969
11
136.5506269999999915
21
-59.8703199999999995
0
LINE
8
BLACK
6
CONTINUOUS
10
136.5506269999999915
20
-59.8703199999999995
11
136.457429999999988
21
-59.9778749999999974
0
LINE
8
BLACK
6
CONTINUOUS
10
136.457429999999988
20
-59.9778749999999974
11
136.3377079999999921
21
-60.0548159999999953
0
LINE
8
BLACK
6
CONTINUOUS
10
136.3377079999999921
20
-60.0548159999999953
11
136.2011569999999949
21
-60.0949109999999962
0
LINE
8
BLACK
6
CONTINUOUS
10
136.2011569999999949
20
-60.0949109999999962
11
136.058842999999996
21
-60.0949109999999962
0
LINE
8
BLACK
6
CONTINUOUS
10
136.058842999999996
20
-60.0949109999999962
11
135.9222919999999988
21
-60.0548159999999953
0
LINE
8
BLACK
6
CONTINUOUS
10
135.9222919999999988
20
-60.0548159999999953
11
135.8025700000000029
21
-59.9778749999999974
0
LINE
8
BLACK
6
CONTINUOUS
10
135.8025700000000029
20
-59.9778749999999974
11
135.7093729999999994
21
-59.8703199999999995
0
LINE
8
BLACK
6
CONTINUOUS
10
135.7093729999999994
20
-59.8703199999999995
11
135.6502539999999897
21
-59.7408659999999969
0
LINE
8
BLACK
6
CONTINUOUS
10
135.6502539999999897
20
-59.7408659999999969
11
135.6299999999999955
21
-59.5999999999999943
0
LINE
8
BLACK
6
CONTINUOUS
10
135.6299999999999955
20
-59.5999999999999943
11
135.6502539999999897
21
-59.4591339999999988
0
LINE
8
BLACK
6
CONTINUOUS
10
135.6502539999999897
20
-59.4591339999999988
11
135.7093729999999994
21
-59.3296799999999962
0
LINE
8
BLACK
6
CONTINUOUS
10
135.7093729999999994
20
-59.3296799999999962
11
135.8025700000000029
21
-59.2221249999999984
0
LINE
8
BLACK
6
CONTINUOUS
10
135.8025700000000029
20
-59.2221249999999984
11
135.9222919999999988
21
-59.1451840000000004
0
LINE
8
BLACK
6
CONTINUOUS
10
135.9222919999999988
20
-59.1451840000000004
11
136.058842999999996
21
-59.1050889999999995
0
LINE
8
BLACK
6
CONTINUOUS
10
136.058842999999996
20
-59.1050889999999995
11
136.2011569999999949
21
-59.1050889999999995
0
LINE
8
BLACK
6
CONTINUOUS
10
136.2011569999999949
20
-59.1050889999999995
11
136.3377079999999921
21
-59.1451840000000004
0
LINE
8
BLACK
6
CONTINUOUS
10
157.0956070000000011
20
-59.3095769999999973
11
157.20711399999999
21
-59.3663929999999951
0
LINE
8
BLACK
6
CONTINUOUS
10
157.20711399999999
20
-59.3663929999999951
11
157.2956069999999897
21
-59.4548859999999948
0
LINE
8
BLACK
6
CONTINUOUS
10
157.2956069999999897
20
-59.4548859999999948
11
157.3524229999999875
21
-59.5663929999999979
0
LINE
8
BLACK
6
CONTINUOUS
10
157.3524229999999875
20
-59.5663929999999979
11
157.3719999999999857
21
-59.6899999999999977
0
LINE
8
BLACK
6
CONTINUOUS
10
157.3719999999999857
20
-59.6899999999999977
11
157.3524229999999875
21
-59.8136069999999975
0
LINE
8
BLACK
6
CONTINUOUS
10
157.3524229999999875
20
-59.8136069999999975
11
157.2956069999999897
21
-59.9251140000000007
0
LINE
8
BLACK
6
CONTINUOUS
10
157.2956069999999897
20
-59.9251140000000007
11
157.20711399999999
21
-60.0136070000000004
0
LINE
8
BLACK
6
CONTINUOUS
10
157.20711399999999
20
-60.0136070000000004
11
157.0956070000000011
21
-60.0704229999999981
0
LINE
8
BLACK
6
CONTINUOUS
10
157.0956070000000011
20
-60.0704229999999981
11
156.97199999999998
21
-60.0899999999999963
0
LINE
8
BLACK
6
CONTINUOUS
10
156.97199999999998
20
-60.0899999999999963
11
156.8483929999999873
21
-60.0704229999999981
0
LINE
8
BLACK
6
CONTINUOUS
10
156.8483929999999873
20
-60.0704229999999981
11
156.7368859999999984
21
-60.0136070000000004
0
LINE
8
BLACK
6
CONTINUOUS
10
156.7368859999999984
20
-60.0136070000000004
11
156.6483929999999987
21
-59.9251140000000007
0
LINE
8
BLACK
6
CONTINUOUS
10
156.6483929999999987
20
-59.9251140000000007
11
156.5915770000000009
21
-59.8136069999999975
0
LINE
8
BLACK
6
CONTINUOUS
10
156.5915770000000009
20
-59.8136069999999975
11
156.5720000000000027
21
-59.6899999999999977
0
LINE
8
BLACK
6
CONTINUOUS
10
156.5720000000000027
20
-59.6899999999999977
11
156.5915770000000009
21
-59.5663929999999979
0
LINE
8
BLACK
6
CONTINUOUS
10
156.5915770000000009
20
-59.5663929999999979
11
156.6483929999999987
21
-59.4548859999999948
0
LINE
8
BLACK
6
CONTINUOUS
10
156.6483929999999987
20
-59.4548859999999948
11
156.7368859999999984
21
-59.3663929999999951
0
LINE
8
BLACK
6
CONTINUOUS
10
156.7368859999999984
20
-59.3663929999999951
11
156.8483929999999873
21
-59.3095769999999973
0
LINE
8
BLACK
6
CONTINUOUS
10
156.8483929999999873
20
-59.3095769999999973
11
156.97199999999998
21
-59.2899999999999991
0
LINE
8
BLACK
6
CONTINUOUS
10
156.97199999999998
20
-59.2899999999999991
11
157.0956070000000011
21
-59.3095769999999973
0
LINE
8
BLACK
6
CONTINUOUS
10
157.8900069999999971
20
-39.6934989999999956
11
158.4112499999999955
21
-39.8327959999999948
0
LINE
8
BLACK
6
CONTINUOUS
10
158.4112499999999955
20
-39.8327959999999948
11
158.4153230000000008
21
-39.8339609999999951
0
LINE
8
BLACK
6
CONTINUOUS
10
158.4153230000000008
20
-39.8339609999999951
11
159.4933889999999792
21
-40.1626729999999981
0
LINE
8
BLACK
6
CONTINUOUS
10
159.4933889999999792
20
-40.1626729999999981
11
159.4974359999999933
21
-40.1639849999999967
0
LINE
8
BLACK
6
CONTINUOUS
10
159.4974359999999933
20
-40.1639849999999967
11
160.5633559999999989
21
-40.5300099999999972
0
LINE
8
BLACK
6
CONTINUOUS
10
160.5633559999999989
20
-40.5300099999999972
11
160.5674139999999852
21
-40.5314830000000015
0
LINE
8
BLACK
6
CONTINUOUS
10
160.5674139999999852
20
-40.5314830000000015
11
161.6199039999999911
21
-40.9343760000000003
0
LINE
8
BLACK
6
CONTINUOUS
10
161.6199039999999911
20
-40.9343760000000003
11
161.6239019999999869
21
-40.9359859999999998
0
LINE
8
BLACK
6
CONTINUOUS
10
161.6239019999999869
20
-40.9359859999999998
11
162.6618019999999945
21
-41.3753049999999973
0
LINE
8
BLACK
6
CONTINUOUS
10
162.6618019999999945
20
-41.3753049999999973
11
162.6657040000000052
21
-41.3770379999999989
0
LINE
8
BLACK
6
CONTINUOUS
10
162.6657040000000052
20
-41.3770379999999989
11
163.6876670000000047
21
-41.852212999999999
0
LINE
8
BLACK
6
CONTINUOUS
10
163.6876670000000047
20
-41.852212999999999
11
163.6914679999999862
21
-41.8540610000000015
0
LINE
8
BLACK
6
CONTINUOUS
10
163.6914679999999862
20
-41.8540610000000015
11
164.6962800000000016
21
-42.3645299999999949
0
LINE
8
BLACK
6
CONTINUOUS
10
164.6962800000000016
20
-42.3645299999999949
11
164.7000919999999837
21
-42.3665510000000012
0
LINE
8
BLACK
6
CONTINUOUS
10
164.7000919999999837
20
-42.3665510000000012
11
165.470247999999998
21
-42.7921669999999992
0
LINE
8
BLACK
6
CONTINUOUS
10
165.470247999999998
20
-42.7921669999999992
11
165.6864779999999939
21
-42.9116629999999972
0
LINE
8
BLACK
6
CONTINUOUS
10
165.6864779999999939
20
-42.9116629999999972
11
165.6902199999999823
21
-42.9138169999999946
0
LINE
8
BLACK
6
CONTINUOUS
10
165.6902199999999823
20
-42.9138169999999946
11
166.6570269999999994
21
-43.4929330000000007
0
LINE
8
BLACK
6
CONTINUOUS
10
166.6570269999999994
20
-43.4929330000000007
11
166.660665999999992
21
-43.4951989999999995
0
LINE
8
BLACK
6
CONTINUOUS
10
166.660665999999992
20
-43.4951989999999995
11
167.6067939999999794
21
-44.1076619999999977
0
LINE
8
BLACK
6
CONTINUOUS
10
167.6067939999999794
20
-44.1076619999999977
11
167.6103259999999864
21
-44.1100379999999959
0
LINE
8
BLACK
6
CONTINUOUS
10
167.6103259999999864
20
-44.1100379999999959
11
168.1993359999999882
21
-44.5211109999999977
0
LINE
8
BLACK
6
CONTINUOUS
10
168.1993359999999882
20
-44.5211109999999977
11
168.5345039999999983
21
-44.7550260000000009
0
LINE
8
BLACK
6
CONTINUOUS
10
168.5345039999999983
20
-44.7550260000000009
11
168.5379930000000002
21
-44.7575519999999969
0
LINE
8
BLACK
6
CONTINUOUS
10
168.5379930000000002
20
-44.7575519999999969
11
168.8222419999999886
21
-44.9710219999999978
0
LINE
8
BLACK
6
CONTINUOUS
10
168.8222419999999886
20
-44.9710219999999978
11
169.4391689999999926
21
-45.4343310000000002
0
LINE
8
BLACK
6
CONTINUOUS
10
169.4391689999999926
20
-45.4343310000000002
11
169.4425760000000025
21
-45.4369839999999954
0
LINE
8
BLACK
6
CONTINUOUS
10
169.4425760000000025
20
-45.4369839999999954
11
170.3196209999999837
21
-46.1447019999999952
0
LINE
8
BLACK
6
CONTINUOUS
10
170.3196209999999837
20
-46.1447019999999952
11
170.3229330000000061
21
-46.1474709999999959
0
LINE
8
BLACK
6
CONTINUOUS
10
170.3229330000000061
20
-46.1474709999999959
11
171.1748319999999808
21
-46.8853109999999944
0
LINE
8
BLACK
6
CONTINUOUS
10
171.1748319999999808
20
-46.8853109999999944
11
171.1780449999999973
21
-46.8881939999999986
0
LINE
8
BLACK
6
CONTINUOUS
10
171.1780449999999973
20
-46.8881939999999986
11
172.0037089999999864
21
-47.6552099999999967
0
LINE
8
BLACK
6
CONTINUOUS
10
172.0037089999999864
20
-47.6552099999999967
11
172.0068210000000022
21
-47.6582030000000003
0
LINE
8
BLACK
6
CONTINUOUS
10
172.0068210000000022
20
-47.6582030000000003
11
172.8053089999999941
21
-48.453522999999997
0
LINE
8
BLACK
6
CONTINUOUS
10
172.8053089999999941
20
-48.453522999999997
11
172.8083120000000008
21
-48.4566200000000009
0
LINE
8
BLACK
6
CONTINUOUS
10
172.8083120000000008
20
-48.4566200000000009
11
172.9437700000000007
21
-48.6012780000000006
0
LINE
8
BLACK
6
CONTINUOUS
10
172.9437700000000007
20
-48.6012780000000006
11
173.5786190000000033
21
-49.2792419999999964
0
LINE
8
BLACK
6
CONTINUOUS
10
173.5786190000000033
20
-49.2792419999999964
11
173.581514999999996
21
-49.2824439999999981
0
LINE
8
BLACK
6
CONTINUOUS
10
173.581514999999996
20
-49.2824439999999981
11
174.3227369999999894
21
-50.1314039999999963
0
LINE
8
BLACK
6
CONTINUOUS
10
174.3227369999999894
20
-50.1314039999999963
11
174.3255189999999857
21
-50.1347049999999967
0
LINE
8
BLACK
6
CONTINUOUS
10
174.3255189999999857
20
-50.1347049999999967
11
175.0367200000000025
21
-51.0089289999999949
0
LINE
8
BLACK
6
CONTINUOUS
10
175.0367200000000025
20
-51.0089289999999949
11
175.039385999999979
21
-51.012324999999997
0
LINE
8
BLACK
6
CONTINUOUS
10
175.039385999999979
20
-51.012324999999997
11
175.7197329999999909
21
-51.9107920000000007
0
LINE
8
BLACK
6
CONTINUOUS
10
175.7197329999999909
20
-51.9107920000000007
11
175.7222789999999861
21
-51.9142790000000005
0
LINE
8
BLACK
6
CONTINUOUS
10
175.7222789999999861
20
-51.9142790000000005
11
176.3709289999999896
21
-52.8358719999999948
0
LINE
8
BLACK
6
CONTINUOUS
10
176.3709289999999896
20
-52.8358719999999948
11
176.3733519999999828
21
-52.8394449999999978
0
LINE
8
BLACK
6
CONTINUOUS
10
176.3733519999999828
20
-52.8394449999999978
11
176.8237589999999955
21
-53.5292029999999954
0
LINE
8
BLACK
6
CONTINUOUS
10
176.8237589999999955
20
-53.5292029999999954
11
176.8439309999999978
21
-53.5960979999999978
0
LINE
8
BLACK
6
CONTINUOUS
10
176.8439309999999978
20
-53.5960979999999978
11
176.824735000000004
21
-53.6632789999999957
0
LINE
8
BLACK
6
CONTINUOUS
10
176.824735000000004
20
-53.6632789999999957
11
176.7722650000000044
21
-53.7094169999999949
0
LINE
8
BLACK
6
CONTINUOUS
10
176.7722650000000044
20
-53.7094169999999949
11
176.719933999999995
21
-53.7209999999999965
0
LINE
8
BLACK
6
CONTINUOUS
10
176.719933999999995
20
-53.7209999999999965
11
169.4180000000000064
21
-53.7209999999999965
0
LINE
8
BLACK
6
CONTINUOUS
10
169.4180000000000064
20
-53.7209999999999965
11
169.2933160000000044
21
-53.8696599999999961
0
LINE
8
BLACK
6
CONTINUOUS
10
169.2933160000000044
20
-53.8696599999999961
11
169.3100000000000023
21
-53.9749999999999943
0
LINE
8
BLACK
6
CONTINUOUS
10
169.3100000000000023
20
-53.9749999999999943
11
169.2904230000000041
21
-54.0986069999999941
0
LINE
8
BLACK
6
CONTINUOUS
10
169.2904230000000041
20
-54.0986069999999941
11
169.2336070000000063
21
-54.2101139999999972
0
LINE
8
BLACK
6
CONTINUOUS
10
169.2336070000000063
20
-54.2101139999999972
11
169.1451139999999782
21
-54.298606999999997
0
LINE
8
BLACK
6
CONTINUOUS
10
169.1451139999999782
20
-54.298606999999997
11
169.0336069999999893
21
-54.3554229999999947
0
LINE
8
BLACK
6
CONTINUOUS
10
169.0336069999999893
20
-54.3554229999999947
11
168.9099999999999966
21
-54.375
0
LINE
8
BLACK
6
CONTINUOUS
10
168.9099999999999966
20
-54.375
11
168.8742340000000013
21
-54.3693349999999995
0
LINE
8
BLACK
6
CONTINUOUS
10
168.8742340000000013
20
-54.3693349999999995
11
166.4200969999999984
21
-57.295421999999995
0
LINE
8
BLACK
6
CONTINUOUS
10
166.4200969999999984
20
-57.295421999999995
11
166.410854999999998
21
-57.3052939999999964
0
LINE
8
BLACK
6
CONTINUOUS
10
166.410854999999998
20
-57.3052939999999964
11
166.2682609999999954
21
-57.4418539999999993
0
LINE
8
BLACK
6
CONTINUOUS
10
166.2682609999999954
20
-57.4418539999999993
11
166.2468379999999968
21
-57.4582979999999992
0
LINE
8
BLACK
6
CONTINUOUS
10
166.2468379999999968
20
-57.4582979999999992
11
166.0838870000000043
21
-57.5572099999999978
0
LINE
8
BLACK
6
CONTINUOUS
10
166.0838870000000043
20
-57.5572099999999978
11
166.0594130000000064
21
-57.5686259999999947
0
LINE
8
BLACK
6
CONTINUOUS
10
166.0594130000000064
20
-57.5686259999999947
11
165.878910999999988
21
-57.6299159999999944
0
LINE
8
BLACK
6
CONTINUOUS
10
165.878910999999988
20
-57.6299159999999944
11
165.8525449999999921
21
-57.6357629999999972
0
LINE
8
BLACK
6
CONTINUOUS
10
165.8525449999999921
20
-57.6357629999999972
11
165.6562809999999786
21
-57.6572630000000004
0
LINE
8
BLACK
6
CONTINUOUS
10
165.6562809999999786
20
-57.6572630000000004
11
165.6427779999999927
21
-57.6579999999999941
0
LINE
8
BLACK
6
CONTINUOUS
10
165.6427779999999927
20
-57.6579999999999941
11
153.6730670000000032
21
-57.6579999999999941
0
LINE
8
BLACK
6
CONTINUOUS
10
153.6730670000000032
20
-57.6579999999999941
11
153.6728479999999877
21
-57.6579989999999967
0
LINE
8
BLACK
6
CONTINUOUS
10
153.6728479999999877
20
-57.6579989999999967
11
153.6702089999999998
21
-57.6579949999999997
0
LINE
8
BLACK
6
CONTINUOUS
10
153.6702089999999998
20
-57.6579949999999997
11
153.6699999999999875
21
-57.6579939999999951
0
LINE
8
BLACK
6
CONTINUOUS
10
153.6699999999999875
20
-57.6579939999999951
11
153.6698519999999917
21
-57.6579939999999951
0
LINE
8
BLACK
6
CONTINUOUS
10
153.6698519999999917
20
-57.6579939999999951
11
153.6670489999999916
21
-57.6579809999999995
0
LINE
8
BLACK
6
CONTINUOUS
10
153.6670489999999916
20
-57.6579809999999995
11
153.6668630000000064
21
-57.6579799999999949
0
LINE
8
BLACK
6
CONTINUOUS
10
153.6668630000000064
20
-57.6579799999999949
11
147.4678940000000011
21
-57.6199489999999983
0
LINE
8
BLACK
6
CONTINUOUS
10
147.4678940000000011
20
-57.6199489999999983
11
145.7748870000000068
21
-57.6095629999999943
0
LINE
8
BLACK
6
CONTINUOUS
10
145.7748870000000068
20
-57.6095629999999943
11
133.4171230000000037
21
-57.5337479999999957
0
LINE
8
BLACK
6
CONTINUOUS
10
133.4171230000000037
20
-57.5337479999999957
11
133.4042680000000018
21
-57.5329999999999941
0
LINE
8
BLACK
6
CONTINUOUS
10
133.4042680000000018
20
-57.5329999999999941
11
133.2172129999999868
21
-57.5123180000000005
0
LINE
8
BLACK
6
CONTINUOUS
10
133.2172129999999868
20
-57.5123180000000005
11
133.1920629999999903
21
-57.50685
0
LINE
8
BLACK
6
CONTINUOUS
10
133.1920629999999903
20
-57.50685
11
133.1057659999999885
21
-57.478435999999995
0
LINE
8
BLACK
6
CONTINUOUS
10
133.1057659999999885
20
-57.478435999999995
11
133.0194709999999816
21
-57.4500229999999945
0
LINE
8
BLACK
6
CONTINUOUS
10
133.0194709999999816
20
-57.4500229999999945
11
132.9959889999999803
21
-57.439477999999994
0
LINE
8
BLACK
6
CONTINUOUS
10
132.9959889999999803
20
-57.439477999999994
11
132.8388459999999895
21
-57.3482389999999995
0
LINE
8
BLACK
6
CONTINUOUS
10
132.8388459999999895
20
-57.3482389999999995
11
132.8180470000000071
21
-57.3330739999999963
0
LINE
8
BLACK
6
CONTINUOUS
10
132.8180470000000071
20
-57.3330739999999963
11
132.7674779999999828
21
-57.2874539999999968
0
LINE
8
BLACK
6
CONTINUOUS
10
132.7674779999999828
20
-57.2874539999999968
11
132.6783059999999921
21
-57.2070069999999973
0
LINE
8
BLACK
6
CONTINUOUS
10
132.6783059999999921
20
-57.2070069999999973
11
132.669212999999985
21
-57.1979029999999966
0
LINE
8
BLACK
6
CONTINUOUS
10
132.669212999999985
20
-57.1979029999999966
11
131.5030930000000069
21
-55.9022140000000007
0
LINE
8
BLACK
6
CONTINUOUS
10
131.5030930000000069
20
-55.9022140000000007
11
129.8379419999999982
21
-54.0520449999999997
0
LINE
8
BLACK
6
CONTINUOUS
10
129.8379419999999982
20
-54.0520449999999997
11
129.8379359999999849
21
-54.0520390000000006
0
LINE
8
BLACK
6
CONTINUOUS
10
129.8379359999999849
20
-54.0520390000000006
11
129.837931999999995
21
-54.0520349999999965
0
LINE
8
BLACK
6
CONTINUOUS
10
129.837931999999995
20
-54.0520349999999965
11
129.8379290000000026
21
-54.052031999999997
0
LINE
8
BLACK
6
CONTINUOUS
10
129.8379290000000026
20
-54.052031999999997
11
129.539999999999992
21
-53.7209999999999965
0
LINE
8
BLACK
6
CONTINUOUS
10
129.539999999999992
20
-53.7209999999999965
11
129.0946439999999882
21
-53.7209999999999965
0
LINE
8
BLACK
6
CONTINUOUS
10
129.0946439999999882
20
-53.7209999999999965
11
122.2380659999999892
21
-53.7209999999999965
0
LINE
8
BLACK
6
CONTINUOUS
10
122.2380659999999892
20
-53.7209999999999965
11
122.1710269999999952
21
-53.701315000000001
0
LINE
8
BLACK
6
CONTINUOUS
10
122.1710269999999952
20
-53.701315000000001
11
122.1252719999999954
21
-53.6485109999999992
0
LINE
8
BLACK
6
CONTINUOUS
10
122.1252719999999954
20
-53.6485109999999992
11
122.115327999999991
21
-53.5793529999999976
0
LINE
8
BLACK
6
CONTINUOUS
10
122.115327999999991
20
-53.5793529999999976
11
122.1342409999999887
21
-53.5292029999999954
0
LINE
8
BLACK
6
CONTINUOUS
10
122.1342409999999887
20
-53.5292029999999954
11
122.2702149999999932
21
-53.3209710000000001
0
LINE
8
BLACK
6
CONTINUOUS
10
122.2702149999999932
20
-53.3209710000000001
11
122.5846829999999983
21
-52.8393909999999991
0
LINE
8
BLACK
6
CONTINUOUS
10
122.5846829999999983
20
-52.8393909999999991
11
122.587032999999991
21
-52.835924999999996
0
LINE
8
BLACK
6
CONTINUOUS
10
122.587032999999991
20
-52.835924999999996
11
123.2357449999999943
21
-51.9142439999999965
0
LINE
8
BLACK
6
CONTINUOUS
10
123.2357449999999943
20
-51.9142439999999965
11
123.2382409999999879
21
-51.9108260000000001
0
LINE
8
BLACK
6
CONTINUOUS
10
123.2382409999999879
20
-51.9108260000000001
11
123.9186429999999888
21
-51.012285999999996
0
LINE
8
BLACK
6
CONTINUOUS
10
123.9186429999999888
20
-51.012285999999996
11
123.9212479999999914
21
-51.0089669999999984
0
LINE
8
BLACK
6
CONTINUOUS
10
123.9212479999999914
20
-51.0089669999999984
11
124.6324879999999951
21
-50.1346950000000007
0
LINE
8
BLACK
6
CONTINUOUS
10
124.6324879999999951
20
-50.1346950000000007
11
124.6352619999999973
21
-50.1314039999999963
0
LINE
8
BLACK
6
CONTINUOUS
10
124.6352619999999973
20
-50.1314039999999963
11
125.3765149999999977
21
-49.2824090000000012
0
LINE
8
BLACK
6
CONTINUOUS
10
125.3765149999999977
20
-49.2824090000000012
11
125.3793469999999957
21
-49.2792770000000004
0
LINE
8
BLACK
6
CONTINUOUS
10
125.3793469999999957
20
-49.2792770000000004
11
126.1497150000000005
21
-48.4565899999999985
0
LINE
8
BLACK
6
CONTINUOUS
10
126.1497150000000005
20
-48.4565899999999985
11
126.1526589999999999
21
-48.4535539999999969
0
LINE
8
BLACK
6
CONTINUOUS
10
126.1526589999999999
20
-48.4535539999999969
11
126.9512059999999991
21
-47.6581759999999974
0
LINE
8
BLACK
6
CONTINUOUS
10
126.9512059999999991
20
-47.6581759999999974
11
126.9542609999999883
21
-47.6552369999999996
0
LINE
8
BLACK
6
CONTINUOUS
10
126.9542609999999883
20
-47.6552369999999996
11
127.7799779999999998
21
-46.8881719999999973
0
LINE
8
BLACK
6
CONTINUOUS
10
127.7799779999999998
20
-46.8881719999999973
11
127.783141999999998
21
-46.8853329999999957
0
LINE
8
BLACK
6
CONTINUOUS
10
127.783141999999998
20
-46.8853329999999957
11
128.6350909999999885
21
-46.1474489999999946
0
LINE
8
BLACK
6
CONTINUOUS
10
128.6350909999999885
20
-46.1474489999999946
11
128.6383519999999976
21
-46.144722999999999
0
LINE
8
BLACK
6
CONTINUOUS
10
128.6383519999999976
20
-46.144722999999999
11
129.5154330000000016
21
-45.4369749999999968
0
LINE
8
BLACK
6
CONTINUOUS
10
129.5154330000000016
20
-45.4369749999999968
11
129.5188300000000083
21
-45.4343310000000002
0
LINE
8
BLACK
6
CONTINUOUS
10
129.5188300000000083
20
-45.4343310000000002
11
130.4200329999999894
21
-44.7575319999999977
0
LINE
8
BLACK
6
CONTINUOUS
10
130.4200329999999894
20
-44.7575319999999977
11
130.4234590000000082
21
-44.7550509999999946
0
LINE
8
BLACK
6
CONTINUOUS
10
130.4234590000000082
20
-44.7550509999999946
11
131.3476990000000058
21
-44.1100190000000012
0
LINE
8
BLACK
6
CONTINUOUS
10
131.3476990000000058
20
-44.1100190000000012
11
131.3511780000000044
21
-44.1076789999999974
0
LINE
8
BLACK
6
CONTINUOUS
10
131.3511780000000044
20
-44.1076789999999974
11
132.2973580000000027
21
-43.4951819999999998
0
LINE
8
BLACK
6
CONTINUOUS
10
132.2973580000000027
20
-43.4951819999999998
11
132.3009720000000016
21
-43.4929330000000007
0
LINE
8
BLACK
6
CONTINUOUS
10
132.3009720000000016
20
-43.4929330000000007
11
133.2678099999999972
21
-42.9137979999999999
0
LINE
8
BLACK
6
CONTINUOUS
10
133.2678099999999972
20
-42.9137979999999999
11
133.2714890000000025
21
-42.9116810000000015
0
LINE
8
BLACK
6
CONTINUOUS
10
133.2714890000000025
20
-42.9116810000000015
11
134.257930999999985
21
-42.3665379999999985
0
LINE
8
BLACK
6
CONTINUOUS
10
134.257930999999985
20
-42.3665379999999985
11
134.2616919999999823
21
-42.3645429999999976
0
LINE
8
BLACK
6
CONTINUOUS
10
134.2616919999999823
20
-42.3645429999999976
11
135.2665529999999876
21
-41.8540489999999963
0
LINE
8
BLACK
6
CONTINUOUS
10
135.2665529999999876
20
-41.8540489999999963
11
135.2703089999999975
21
-41.8522229999999951
0
LINE
8
BLACK
6
CONTINUOUS
10
135.2703089999999975
20
-41.8522229999999951
11
136.2923159999999996
21
-41.3770279999999957
0
LINE
8
BLACK
6
CONTINUOUS
10
136.2923159999999996
20
-41.3770279999999957
11
136.2961760000000027
21
-41.3753139999999959
0
LINE
8
BLACK
6
CONTINUOUS
10
136.2961760000000027
20
-41.3753139999999959
11
137.3341159999999945
21
-40.9359779999999986
0
LINE
8
BLACK
6
CONTINUOUS
10
137.3341159999999945
20
-40.9359779999999986
11
137.3380679999999927
21
-40.9343859999999964
0
LINE
8
BLACK
6
CONTINUOUS
10
137.3380679999999927
20
-40.9343859999999964
11
138.3906089999999836
21
-40.5314739999999958
0
LINE
8
BLACK
6
CONTINUOUS
10
138.3906089999999836
20
-40.5314739999999958
11
138.3946179999999799
21
-40.5300189999999958
0
LINE
8
BLACK
6
CONTINUOUS
10
138.3946179999999799
20
-40.5300189999999958
11
139.4605799999999931
21
-40.1639789999999977
0
LINE
8
BLACK
6
CONTINUOUS
10
139.4605799999999931
20
-40.1639789999999977
11
139.4645930000000078
21
-40.1626779999999997
0
LINE
8
BLACK
6
CONTINUOUS
10
139.4645930000000078
20
-40.1626779999999997
11
140.5426909999999907
21
-39.8339560000000006
0
LINE
8
BLACK
6
CONTINUOUS
10
140.5426909999999907
20
-39.8339560000000006
11
140.5467339999999865
21
-39.8327999999999989
0
LINE
8
BLACK
6
CONTINUOUS
10
140.5467339999999865
20
-39.8327999999999989
11
140.8139859999999999
21
-39.7613799999999955
0
LINE
8
BLACK
6
CONTINUOUS
10
140.8139859999999999
20
-39.7613799999999955
11
140.8838350000000048
21
-39.7630890000000008
0
LINE
8
BLACK
6
CONTINUOUS
10
140.8838350000000048
20
-39.7630890000000008
11
140.9416709999999853
21
-39.8022899999999993
0
LINE
8
BLACK
6
CONTINUOUS
10
140.9416709999999853
20
-39.8022899999999993
11
140.9691329999999994
21
-39.866537000000001
0
LINE
8
BLACK
6
CONTINUOUS
10
140.9691329999999994
20
-39.866537000000001
11
140.9699999999999989
21
-39.8811759999999964
0
LINE
8
BLACK
6
CONTINUOUS
10
140.9699999999999989
20
-39.8811759999999964
11
140.9699999999999989
21
-47.7519999999999953
0
LINE
8
BLACK
6
CONTINUOUS
10
140.9699999999999989
20
-47.7519999999999953
11
142.3514909999999816
21
-47.7519999999999953
0
LINE
8
BLACK
6
CONTINUOUS
10
142.3514909999999816
20
-47.7519999999999953
11
142.4165279999999996
21
-47.7710969999999975
0
LINE
8
BLACK
6
CONTINUOUS
10
142.4165279999999996
20
-47.7710969999999975
11
142.4166409999999985
21
-47.7709019999999995
0
LINE
8
BLACK
6
CONTINUOUS
10
142.4166409999999985
20
-47.7709019999999995
11
142.4174449999999865
21
-47.7713660000000004
0
LINE
8
BLACK
6
CONTINUOUS
10
142.4174449999999865
20
-47.7713660000000004
11
142.4185300000000041
21
-47.771684999999998
0
LINE
8
BLACK
6
CONTINUOUS
10
142.4185300000000041
20
-47.771684999999998
11
142.4214220000000068
21
-47.7736619999999945
0
LINE
8
BLACK
6
CONTINUOUS
10
142.4214220000000068
20
-47.7736619999999945
11
142.4222660000000076
21
-47.7741490000000013
0
LINE
8
BLACK
6
CONTINUOUS
10
142.4222660000000076
20
-47.7741490000000013
11
142.5951919999999973
21
-47.8511419999999958
0
LINE
8
BLACK
6
CONTINUOUS
10
142.5951919999999973
20
-47.8511419999999958
11
142.5951969999999847
21
-47.8511439999999979
0
LINE
8
BLACK
6
CONTINUOUS
10
142.5951969999999847
20
-47.8511439999999979
11
142.7803539999999884
21
-47.8904999999999959
0
LINE
8
BLACK
6
CONTINUOUS
10
142.7803539999999884
20
-47.8904999999999959
11
142.7803549999999859
21
-47.8904999999999959
0
LINE
8
BLACK
6
CONTINUOUS
10
142.7803549999999859
20
-47.8904999999999959
11
142.9696439999999882
21
-47.8904999999999959
0
LINE
8
BLACK
6
CONTINUOUS
10
142.9696439999999882
20
-47.8904999999999959
11
142.9696459999999831
21
-47.8904999999999959
0
LINE
8
BLACK
6
CONTINUOUS
10
142.9696459999999831
20
-47.8904999999999959
11
143.1548029999999869
21
-47.8511439999999979
0
LINE
8
BLACK
6
CONTINUOUS
10
143.1548029999999869
20
-47.8511439999999979
11
143.3277300000000025
21
-47.7741509999999963
0
LINE
8
BLACK
6
CONTINUOUS
10
143.3277300000000025
20
-47.7741509999999963
11
143.3277329999999949
21
-47.7741490000000013
0
LINE
8
BLACK
6
CONTINUOUS
10
143.3277329999999949
20
-47.7741490000000013
11
143.3333590000000015
21
-47.7709019999999995
0
LINE
8
BLACK
6
CONTINUOUS
10
143.3333590000000015
20
-47.7709019999999995
11
143.3343250000000069
21
-47.7725749999999962
0
LINE
8
BLACK
6
CONTINUOUS
10
143.3343250000000069
20
-47.7725749999999962
11
143.3914389999999912
21
-47.7522019999999969
0
LINE
8
BLACK
6
CONTINUOUS
10
143.3914389999999912
20
-47.7522019999999969
11
143.39850899999999
21
-47.7519999999999953
0
LINE
8
BLACK
6
CONTINUOUS
10
143.39850899999999
20
-47.7519999999999953
11
143.6214909999999918
21
-47.7519999999999953
0
LINE
8
BLACK
6
CONTINUOUS
10
143.6214909999999918
20
-47.7519999999999953
11
143.6865279999999814
21
-47.7710969999999975
0
LINE
8
BLACK
6
CONTINUOUS
10
143.6865279999999814
20
-47.7710969999999975
11
143.6866409999999803
21
-47.7709019999999995
0
LINE
8
BLACK
6
CONTINUOUS
10
143.6866409999999803
20
-47.7709019999999995
11
143.6874449999999968
21
-47.7713660000000004
0
LINE
8
BLACK
6
CONTINUOUS
10
143.6874449999999968
20
-47.7713660000000004
11
143.6885299999999859
21
-47.771684999999998
0
LINE
8
BLACK
6
CONTINUOUS
10
143.6885299999999859
20
-47.771684999999998
11
143.6914219999999887
21
-47.7736619999999945
0
LINE
8
BLACK
6
CONTINUOUS
10
143.6914219999999887
20
-47.7736619999999945
11
143.6922659999999894
21
-47.7741490000000013
0
LINE
8
BLACK
6
CONTINUOUS
10
143.6922659999999894
20
-47.7741490000000013
11
143.8651920000000075
21
-47.8511419999999958
0
LINE
8
BLACK
6
CONTINUOUS
10
143.8651920000000075
20
-47.8511419999999958
11
143.8651969999999949
21
-47.8511439999999979
0
LINE
8
BLACK
6
CONTINUOUS
10
143.8651969999999949
20
-47.8511439999999979
11
144.0503539999999987
21
-47.8904999999999959
0
LINE
8
BLACK
6
CONTINUOUS
10
144.0503539999999987
20
-47.8904999999999959
11
144.0503549999999962
21
-47.8904999999999959
0
LINE
8
BLACK
6
CONTINUOUS
10
144.0503549999999962
20
-47.8904999999999959
11
144.2396420000000035
21
-47.8904999999999959
0
LINE
8
BLACK
6
CONTINUOUS
10
144.2396420000000035
20
-47.8904999999999959
11
144.2396459999999934
21
-47.8904999999999959
0
LINE
8
BLACK
6
CONTINUOUS
10
144.2396459999999934
20
-47.8904999999999959
11
144.2781789999999944
21
-47.8823089999999993
0
LINE
8
BLACK
6
CONTINUOUS
10
144.2781789999999944
20
-47.8823089999999993
11
144.3478419999999858
21
-47.8876239999999953
0
LINE
8
BLACK
6
CONTINUOUS
10
144.3478419999999858
20
-47.8876239999999953
11
144.3699289999999849
21
-47.8986039999999988
0
LINE
8
BLACK
6
CONTINUOUS
10
144.3699289999999849
20
-47.8986039999999988
11
144.4334539999999834
21
-47.9385199999999969
0
LINE
8
BLACK
6
CONTINUOUS
10
144.4334539999999834
20
-47.9385199999999969
11
144.4551620000000014
21
-47.9558320000000009
0
LINE
8
BLACK
6
CONTINUOUS
10
144.4551620000000014
20
-47.9558320000000009
11
144.5761669999999981
21
-48.0768369999999976
0
LINE
8
BLACK
6
CONTINUOUS
10
144.5761669999999981
20
-48.0768369999999976
11
144.5934799999999996
21
-48.0985459999999989
0
LINE
8
BLACK
6
CONTINUOUS
10
144.5934799999999996
20
-48.0985459999999989
11
144.6845289999999977
21
-48.2434489999999983
0
LINE
8
BLACK
6
CONTINUOUS
10
144.6845289999999977
20
-48.2434489999999983
11
144.6965759999999932
21
-48.2684659999999965
0
LINE
8
BLACK
6
CONTINUOUS
10
144.6965759999999932
20
-48.2684659999999965
11
144.7530959999999993
21
-48.4299899999999965
0
LINE
8
BLACK
6
CONTINUOUS
10
144.7530959999999993
20
-48.4299899999999965
11
144.7592750000000024
21
-48.4570609999999959
0
LINE
8
BLACK
6
CONTINUOUS
10
144.7592750000000024
20
-48.4570609999999959
11
144.7800000000000011
21
-48.6409999999999982
0
LINE
8
BLACK
6
CONTINUOUS
10
144.7800000000000011
20
-48.6409999999999982
11
144.7800000000000011
21
-49.5300000000000011
0
LINE
8
BLACK
6
CONTINUOUS
10
144.7800000000000011
20
-49.5300000000000011
11
153.9240000000000066
21
-49.5300000000000011
0
LINE
8
BLACK
6
CONTINUOUS
10
153.9240000000000066
20
-49.5300000000000011
11
153.9240000000000066
21
-48.0060000000000002
0
LINE
8
BLACK
6
CONTINUOUS
10
153.9240000000000066
20
-48.0060000000000002
11
153.9240000000000066
21
-47.982759999999999
0
LINE
8
BLACK
6
CONTINUOUS
10
153.9240000000000066
20
-47.982759999999999
11
153.9436849999999879
21
-47.9157209999999978
0
LINE
8
BLACK
6
CONTINUOUS
10
153.9436849999999879
20
-47.9157209999999978
11
153.9964889999999968
21
-47.869965999999998
0
LINE
8
BLACK
6
CONTINUOUS
10
153.9964889999999968
20
-47.869965999999998
11
154.0656469999999842
21
-47.8600220000000007
0
LINE
8
BLACK
6
CONTINUOUS
10
154.0656469999999842
20
-47.8600220000000007
11
154.073757999999998
21
-47.8614660000000001
0
LINE
8
BLACK
6
CONTINUOUS
10
154.073757999999998
20
-47.8614660000000001
11
154.2103539999999953
21
-47.8904999999999959
0
LINE
8
BLACK
6
CONTINUOUS
10
154.2103539999999953
20
-47.8904999999999959
11
154.2103549999999927
21
-47.8904999999999959
0
LINE
8
BLACK
6
CONTINUOUS
10
154.2103549999999927
20
-47.8904999999999959
11
154.399643999999995
21
-47.8904999999999959
0
LINE
8
BLACK
6
CONTINUOUS
10
154.399643999999995
20
-47.8904999999999959
11
154.39964599999999
21
-47.8904999999999959
0
LINE
8
BLACK
6
CONTINUOUS
10
154.39964599999999
20
-47.8904999999999959
11
154.5848029999999937
21
-47.8511439999999979
0
LINE
8
BLACK
6
CONTINUOUS
10
154.5848029999999937
20
-47.8511439999999979
11
154.7577299999999809
21
-47.7741509999999963
0
LINE
8
BLACK
6
CONTINUOUS
10
154.7577299999999809
20
-47.7741509999999963
11
154.7577330000000018
21
-47.7741490000000013
0
LINE
8
BLACK
6
CONTINUOUS
10
154.7577330000000018
20
-47.7741490000000013
11
154.7633589999999799
21
-47.7709019999999995
0
LINE
8
BLACK
6
CONTINUOUS
10
154.7633589999999799
20
-47.7709019999999995
11
154.7643249999999853
21
-47.7725749999999962
0
LINE
8
BLACK
6
CONTINUOUS
10
154.7643249999999853
20
-47.7725749999999962
11
154.821438999999998
21
-47.7522019999999969
0
LINE
8
BLACK
6
CONTINUOUS
10
154.821438999999998
20
-47.7522019999999969
11
154.8285089999999968
21
-47.7519999999999953
0
LINE
8
BLACK
6
CONTINUOUS
10
154.8285089999999968
20
-47.7519999999999953
11
155.0514909999999986
21
-47.7519999999999953
0
LINE
8
BLACK
6
CONTINUOUS
10
155.0514909999999986
20
-47.7519999999999953
11
155.1165279999999882
21
-47.7710969999999975
0
LINE
8
BLACK
6
CONTINUOUS
10
155.1165279999999882
20
-47.7710969999999975
11
155.1166409999999871
21
-47.7709019999999995
0
LINE
8
BLACK
6
CONTINUOUS
10
155.1166409999999871
20
-47.7709019999999995
11
155.1174450000000036
21
-47.7713660000000004
0
LINE
8
BLACK
6
CONTINUOUS
10
155.1174450000000036
20
-47.7713660000000004
11
155.1185299999999927
21
-47.771684999999998
0
LINE
8
BLACK
6
CONTINUOUS
10
155.1185299999999927
20
-47.771684999999998
11
155.1214219999999955
21
-47.7736619999999945
0
LINE
8
BLACK
6
CONTINUOUS
10
155.1214219999999955
20
-47.7736619999999945
11
155.1222659999999962
21
-47.7741490000000013
0
LINE
8
BLACK
6
CONTINUOUS
10
155.1222659999999962
20
-47.7741490000000013
11
155.2951919999999859
21
-47.8511419999999958
0
LINE
8
BLACK
6
CONTINUOUS
10
155.2951919999999859
20
-47.8511419999999958
11
155.2951970000000017
21
-47.8511439999999979
0
LINE
8
BLACK
6
CONTINUOUS
10
155.2951970000000017
20
-47.8511439999999979
11
155.4803540000000055
21
-47.8904999999999959
0
LINE
8
BLACK
6
CONTINUOUS
10
155.4803540000000055
20
-47.8904999999999959
11
155.480355000000003
21
-47.8904999999999959
0
LINE
8
BLACK
6
CONTINUOUS
10
155.480355000000003
20
-47.8904999999999959
11
155.6696440000000052
21
-47.8904999999999959
0
LINE
8
BLACK
6
CONTINUOUS
10
155.6696440000000052
20
-47.8904999999999959
11
155.6696460000000002
21
-47.8904999999999959
0
LINE
8
BLACK
6
CONTINUOUS
10
155.6696460000000002
20
-47.8904999999999959
11
155.854803000000004
21
-47.8511439999999979
0
LINE
8
BLACK
6
CONTINUOUS
10
155.854803000000004
20
-47.8511439999999979
11
156.0277299999999912
21
-47.7741509999999963
0
LINE
8
BLACK
6
CONTINUOUS
10
156.0277299999999912
20
-47.7741509999999963
11
156.0277329999999836
21
-47.7741490000000013
0
LINE
8
BLACK
6
CONTINUOUS
10
156.0277329999999836
20
-47.7741490000000013
11
156.0333589999999901
21
-47.7709019999999995
0
LINE
8
BLACK
6
CONTINUOUS
10
156.0333589999999901
20
-47.7709019999999995
11
156.0343249999999955
21
-47.7725749999999962
0
LINE
8
BLACK
6
CONTINUOUS
10
156.0343249999999955
20
-47.7725749999999962
11
156.0914389999999798
21
-47.7522019999999969
0
LINE
8
BLACK
6
CONTINUOUS
10
156.0914389999999798
20
-47.7522019999999969
11
156.0985090000000071
21
-47.7519999999999953
0
LINE
8
BLACK
6
CONTINUOUS
10
156.0985090000000071
20
-47.7519999999999953
11
156.3214909999999804
21
-47.7519999999999953
0
LINE
8
BLACK
6
CONTINUOUS
10
156.3214909999999804
20
-47.7519999999999953
11
156.3865279999999984
21
-47.7710969999999975
0
LINE
8
BLACK
6
CONTINUOUS
10
156.3865279999999984
20
-47.7710969999999975
11
156.3866409999999973
21
-47.7709019999999995
0
LINE
8
BLACK
6
CONTINUOUS
10
156.3866409999999973
20
-47.7709019999999995
11
156.3874449999999854
21
-47.7713660000000004
0
LINE
8
BLACK
6
CONTINUOUS
10
156.3874449999999854
20
-47.7713660000000004
11
156.3885300000000029
21
-47.771684999999998
0
LINE
8
BLACK
6
CONTINUOUS
10
156.3885300000000029
20
-47.771684999999998
11
156.3914220000000057
21
-47.7736619999999945
0
LINE
8
BLACK
6
CONTINUOUS
10
156.3914220000000057
20
-47.7736619999999945
11
156.3922660000000064
21
-47.7741490000000013
0
LINE
8
BLACK
6
CONTINUOUS
10
156.3922660000000064
20
-47.7741490000000013
11
156.5651919999999961
21
-47.8511419999999958
0
LINE
8
BLACK
6
CONTINUOUS
10
156.5651919999999961
20
-47.8511419999999958
11
156.5651969999999835
21
-47.8511439999999979
0
LINE
8
BLACK
6
CONTINUOUS
10
156.5651969999999835
20
-47.8511439999999979
11
156.7503539999999873
21
-47.8904999999999959
0
LINE
8
BLACK
6
CONTINUOUS
10
156.7503539999999873
20
-47.8904999999999959
11
156.7503549999999848
21
-47.8904999999999959
0
LINE
8
BLACK
6
CONTINUOUS
10
156.7503549999999848
20
-47.8904999999999959
11
156.939643999999987
21
-47.8904999999999959
0
LINE
8
BLACK
6
CONTINUOUS
10
156.939643999999987
20
-47.8904999999999959
11
156.939645999999982
21
-47.8904999999999959
0
LINE
8
BLACK
6
CONTINUOUS
10
156.939645999999982
20
-47.8904999999999959
11
157.1248029999999858
21
-47.8511439999999979
0
LINE
8
BLACK
6
CONTINUOUS
10
157.1248029999999858
20
-47.8511439999999979
11
157.2977300000000014
21
-47.7741509999999963
0
LINE
8
BLACK
6
CONTINUOUS
10
157.2977300000000014
20
-47.7741509999999963
11
157.2977329999999938
21
-47.7741490000000013
0
LINE
8
BLACK
6
CONTINUOUS
10
157.2977329999999938
20
-47.7741490000000013
11
157.3033590000000004
21
-47.7709019999999995
0
LINE
8
BLACK
6
CONTINUOUS
10
157.3033590000000004
20
-47.7709019999999995
11
157.3043250000000057
21
-47.7725749999999962
0
LINE
8
BLACK
6
CONTINUOUS
10
157.3043250000000057
20
-47.7725749999999962
11
157.3614389999999901
21
-47.7522019999999969
0
LINE
8
BLACK
6
CONTINUOUS
10
157.3614389999999901
20
-47.7522019999999969
11
157.3685089999999889
21
-47.7519999999999953
0
LINE
8
BLACK
6
CONTINUOUS
10
157.3685089999999889
20
-47.7519999999999953
11
157.4800019999999847
21
-47.7519999999999953
0
LINE
8
BLACK
6
CONTINUOUS
10
157.4800019999999847
20
-47.7519999999999953
11
157.7339999999999804
21
-47.7519999999999953
0
LINE
8
BLACK
6
CONTINUOUS
10
157.7339999999999804
20
-47.7519999999999953
11
157.7339999999999804
21
-47.1531099999999981
0
LINE
8
BLACK
6
CONTINUOUS
10
157.7339999999999804
20
-47.1531099999999981
11
157.7346789999999999
21
-47.140149000000001
0
LINE
8
BLACK
6
CONTINUOUS
10
157.7346789999999999
20
-47.140149000000001
11
157.7504600000000039
21
-46.9899999999999949
0
LINE
8
BLACK
6
CONTINUOUS
10
157.7504600000000039
20
-46.9899999999999949
11
157.7346789999999999
21
-46.839849000000001
0
LINE
8
BLACK
6
CONTINUOUS
10
157.7346789999999999
20
-46.839849000000001
11
157.7339999999999804
21
-46.8268879999999967
0
LINE
8
BLACK
6
CONTINUOUS
10
157.7339999999999804
20
-46.8268879999999967
11
157.7339999999999804
21
-44.6131099999999989
0
LINE
8
BLACK
6
CONTINUOUS
10
157.7339999999999804
20
-44.6131099999999989
11
157.7346789999999999
21
-44.6001489999999947
0
LINE
8
BLACK
6
CONTINUOUS
10
157.7346789999999999
20
-44.6001489999999947
11
157.7504600000000039
21
-44.4499999999999957
0
LINE
8
BLACK
6
CONTINUOUS
10
157.7504600000000039
20
-44.4499999999999957
11
157.7346789999999999
21
-44.2998489999999947
0
LINE
8
BLACK
6
CONTINUOUS
10
157.7346789999999999
20
-44.2998489999999947
11
157.7339999999999804
21
-44.2868879999999976
0
LINE
8
BLACK
6
CONTINUOUS
10
157.7339999999999804
20
-44.2868879999999976
11
157.7339999999999804
21
-42.0731099999999998
0
LINE
8
BLACK
6
CONTINUOUS
10
157.7339999999999804
20
-42.0731099999999998
11
157.7346789999999999
21
-42.0601489999999956
0
LINE
8
BLACK
6
CONTINUOUS
10
157.7346789999999999
20
-42.0601489999999956
11
157.7504600000000039
21
-41.9099999999999966
0
LINE
8
BLACK
6
CONTINUOUS
10
157.7504600000000039
20
-41.9099999999999966
11
157.7346789999999999
21
-41.7598489999999956
0
LINE
8
BLACK
6
CONTINUOUS
10
157.7346789999999999
20
-41.7598489999999956
11
157.7339999999999804
21
-41.7468879999999984
0
LINE
8
BLACK
6
CONTINUOUS
10
157.7339999999999804
20
-41.7468879999999984
11
157.7339999999999804
21
-39.8132969999999986
0
LINE
8
BLACK
6
CONTINUOUS
10
157.7339999999999804
20
-39.8132969999999986
11
157.7536849999999902
21
-39.7462579999999974
0
LINE
8
BLACK
6
CONTINUOUS
10
157.7536849999999902
20
-39.7462579999999974
11
157.8064889999999991
21
-39.7005029999999977
0
LINE
8
BLACK
6
CONTINUOUS
10
157.8064889999999991
20
-39.7005029999999977
11
157.8756469999999865
21
-39.6905590000000004
0
LINE
8
BLACK
6
CONTINUOUS
10
157.8756469999999865
20
-39.6905590000000004
11
157.8900069999999971
21
-39.6934989999999956
0
LINE
8
BLACK
6
CONTINUOUS
10
150.6079819999999927
20
-38.6005859999999998
11
150.6122629999999845
21
-38.6007350000000002
0
LINE
8
BLACK
6
CONTINUOUS
10
150.6122629999999845
20
-38.6007350000000002
11
151.7377630000000011
21
-38.6595699999999951
0
LINE
8
BLACK
6
CONTINUOUS
10
151.7377630000000011
20
-38.6595699999999951
11
151.7419940000000054
21
-38.6598649999999964
0
LINE
8
BLACK
6
CONTINUOUS
10
151.7419940000000054
20
-38.6598649999999964
11
152.8648019999999974
21
-38.7578479999999956
0
LINE
8
BLACK
6
CONTINUOUS
10
152.8648019999999974
20
-38.7578479999999956
11
152.8690639999999803
21
-38.7582960000000014
0
LINE
8
BLACK
6
CONTINUOUS
10
152.8690639999999803
20
-38.7582960000000014
11
153.9877089999999953
21
-38.8952969999999993
0
LINE
8
BLACK
6
CONTINUOUS
10
153.9877089999999953
20
-38.8952969999999993
11
153.9919209999999907
21
-38.8958869999999948
0
LINE
8
BLACK
6
CONTINUOUS
10
153.9919209999999907
20
-38.8958869999999948
11
155.1051909999999907
21
-39.0717579999999955
0
LINE
8
BLACK
6
CONTINUOUS
10
155.1051909999999907
20
-39.0717579999999955
11
155.1093520000000012
21
-39.0724899999999948
0
LINE
8
BLACK
6
CONTINUOUS
10
155.1093520000000012
20
-39.0724899999999948
11
156.2157919999999933
21
-39.2870029999999986
0
LINE
8
BLACK
6
CONTINUOUS
10
156.2157919999999933
20
-39.2870029999999986
11
156.2199699999999893
21
-39.2878879999999953
0
LINE
8
BLACK
6
CONTINUOUS
10
156.2199699999999893
20
-39.2878879999999953
11
157.1609229999999968
21
-39.5045539999999988
0
LINE
8
BLACK
6
CONTINUOUS
10
157.1609229999999968
20
-39.5045539999999988
11
157.2218340000000012
21
-39.5387789999999981
0
LINE
8
BLACK
6
CONTINUOUS
10
157.2218340000000012
20
-39.5387789999999981
11
157.254573999999991
21
-39.6005029999999962
0
LINE
8
BLACK
6
CONTINUOUS
10
157.254573999999991
20
-39.6005029999999962
11
157.2520749999999907
21
-39.6603220000000007
0
LINE
8
BLACK
6
CONTINUOUS
10
157.2520749999999907
20
-39.6603220000000007
11
157.2489779999999939
21
-39.6708689999999962
0
LINE
8
BLACK
6
CONTINUOUS
10
157.2489779999999939
20
-39.6708689999999962
11
157.2489769999999965
21
-39.6708739999999977
0
LINE
8
BLACK
6
CONTINUOUS
10
157.2489769999999965
20
-39.6708739999999977
11
157.2489769999999965
21
-39.6708769999999973
0
LINE
8
BLACK
6
CONTINUOUS
10
157.2489769999999965
20
-39.6708769999999973
11
157.248975999999999
21
-39.6708810000000014
0
LINE
8
BLACK
6
CONTINUOUS
10
157.248975999999999
20
-39.6708810000000014
11
157.2284999999999968
21
-39.8132969999999986
0
LINE
8
BLACK
6
CONTINUOUS
10
157.2284999999999968
20
-39.8132969999999986
11
157.2284999999999968
21
-41.7468879999999984
0
LINE
8
BLACK
6
CONTINUOUS
10
157.2284999999999968
20
-41.7468879999999984
11
157.2291919999999834
21
-41.7733339999999984
0
LINE
8
BLACK
6
CONTINUOUS
10
157.2291919999999834
20
-41.7733339999999984
11
157.2298710000000028
21
-41.7862949999999955
0
LINE
8
BLACK
6
CONTINUOUS
10
157.2298710000000028
20
-41.7862949999999955
11
157.2306480000000022
21
-41.7961639999999974
0
LINE
8
BLACK
6
CONTINUOUS
10
157.2306480000000022
20
-41.7961639999999974
11
157.231948999999986
21
-41.8126940000000005
0
LINE
8
BLACK
6
CONTINUOUS
10
157.231948999999986
20
-41.8126940000000005
11
157.2366039999999998
21
-41.8569880000000012
0
LINE
8
BLACK
6
CONTINUOUS
10
157.2366039999999998
20
-41.8569880000000012
11
157.2450000000000045
21
-41.9099999999999966
0
LINE
8
BLACK
6
CONTINUOUS
10
157.2450000000000045
20
-41.9099999999999966
11
157.2366020000000049
21
-41.9630179999999982
0
LINE
8
BLACK
6
CONTINUOUS
10
157.2366020000000049
20
-41.9630179999999982
11
157.2319479999999885
21
-42.0073110000000014
0
LINE
8
BLACK
6
CONTINUOUS
10
157.2319479999999885
20
-42.0073110000000014
11
157.2298710000000028
21
-42.0337029999999956
0
LINE
8
BLACK
6
CONTINUOUS
10
157.2298710000000028
20
-42.0337029999999956
11
157.2291919999999834
21
-42.0466639999999998
0
LINE
8
BLACK
6
CONTINUOUS
10
157.2291919999999834
20
-42.0466639999999998
11
157.2284999999999968
21
-42.0731099999999998
0
LINE
8
BLACK
6
CONTINUOUS
10
157.2284999999999968
20
-42.0731099999999998
11
157.2284999999999968
21
-44.2868879999999976
0
LINE
8
BLACK
6
CONTINUOUS
10
157.2284999999999968
20
-44.2868879999999976
11
157.2291919999999834
21
-44.3133339999999976
0
LINE
8
BLACK
6
CONTINUOUS
10
157.2291919999999834
20
-44.3133339999999976
11
157.2298710000000028
21
-44.3262949999999947
0
LINE
8
BLACK
6
CONTINUOUS
10
157.2298710000000028
20
-44.3262949999999947
11
157.2319479999999885
21
-44.3526859999999985
0
LINE
8
BLACK
6
CONTINUOUS
10
157.2319479999999885
20
-44.3526859999999985
11
157.231948999999986
21
-44.3526939999999996
0
LINE
8
BLACK
6
CONTINUOUS
10
157.231948999999986
20
-44.3526939999999996
11
157.2366039999999998
21
-44.3969880000000003
0
LINE
8
BLACK
6
CONTINUOUS
10
157.2366039999999998
20
-44.3969880000000003
11
157.2450000000000045
21
-44.4499999999999957
0
LINE
8
BLACK
6
CONTINUOUS
10
157.2450000000000045
20
-44.4499999999999957
11
157.2366020000000049
21
-44.5030179999999973
0
LINE
8
BLACK
6
CONTINUOUS
10
157.2366020000000049
20
-44.5030179999999973
11
157.2319479999999885
21
-44.5473110000000005
0
LINE
8
BLACK
6
CONTINUOUS
10
157.2319479999999885
20
-44.5473110000000005
11
157.2298710000000028
21
-44.5737029999999947
0
LINE
8
BLACK
6
CONTINUOUS
10
157.2298710000000028
20
-44.5737029999999947
11
157.2291919999999834
21
-44.586663999999999
0
LINE
8
BLACK
6
CONTINUOUS
10
157.2291919999999834
20
-44.586663999999999
11
157.2284999999999968
21
-44.6131099999999989
0
LINE
8
BLACK
6
CONTINUOUS
10
157.2284999999999968
20
-44.6131099999999989
11
157.2284999999999968
21
-46.8268879999999967
0
LINE
8
BLACK
6
CONTINUOUS
10
157.2284999999999968
20
-46.8268879999999967
11
157.2291919999999834
21
-46.8533339999999967
0
LINE
8
BLACK
6
CONTINUOUS
10
157.2291919999999834
20
-46.8533339999999967
11
157.2298710000000028
21
-46.8662950000000009
0
LINE
8
BLACK
6
CONTINUOUS
10
157.2298710000000028
20
-46.8662950000000009
11
157.2313839999999914
21
-46.8855199999999996
0
LINE
8
BLACK
6
CONTINUOUS
10
157.2313839999999914
20
-46.8855199999999996
11
157.231948999999986
21
-46.8926939999999988
0
LINE
8
BLACK
6
CONTINUOUS
10
157.231948999999986
20
-46.8926939999999988
11
157.2366039999999998
21
-46.9369879999999995
0
LINE
8
BLACK
6
CONTINUOUS
10
157.2366039999999998
20
-46.9369879999999995
11
157.2450000000000045
21
-46.9899999999999949
0
LINE
8
BLACK
6
CONTINUOUS
10
157.2450000000000045
20
-46.9899999999999949
11
157.2366030000000023
21
-47.0430159999999944
0
LINE
8
BLACK
6
CONTINUOUS
10
157.2366030000000023
20
-47.0430159999999944
11
157.231948999999986
21
-47.0873029999999986
0
LINE
8
BLACK
6
CONTINUOUS
10
157.231948999999986
20
-47.0873029999999986
11
157.2298689999999795
21
-47.1137299999999968
0
LINE
8
BLACK
6
CONTINUOUS
10
157.2298689999999795
20
-47.1137299999999968
11
157.2298020000000065
21
-47.1150129999999976
0
LINE
8
BLACK
6
CONTINUOUS
10
157.2298020000000065
20
-47.1150129999999976
11
157.2297580000000039
21
-47.1151349999999951
0
LINE
8
BLACK
6
CONTINUOUS
10
157.2297580000000039
20
-47.1151349999999951
11
157.2297439999999824
21
-47.1153240000000011
0
LINE
8
BLACK
6
CONTINUOUS
10
157.2297439999999824
20
-47.1153240000000011
11
157.229693999999995
21
-47.115319999999997
0
LINE
8
BLACK
6
CONTINUOUS
10
157.229693999999995
20
-47.115319999999997
11
157.206626
21
-47.180926999999997
0
LINE
8
BLACK
6
CONTINUOUS
10
157.206626
20
-47.180926999999997
11
157.2018280000000061
21
-47.1871679999999998
0
LINE
8
BLACK
6
CONTINUOUS
10
157.2018280000000061
20
-47.1871679999999998
11
157.1948549999999898
21
-47.1956649999999982
0
LINE
8
BLACK
6
CONTINUOUS
10
157.1948549999999898
20
-47.1956649999999982
11
157.1776649999999904
21
-47.2128549999999976
0
LINE
8
BLACK
6
CONTINUOUS
10
157.1776649999999904
20
-47.2128549999999976
11
157.1728319999999997
21
-47.2168199999999985
0
LINE
8
BLACK
6
CONTINUOUS
10
157.1728319999999997
20
-47.2168199999999985
11
157.1686069999999802
21
-47.2251139999999978
0
LINE
8
BLACK
6
CONTINUOUS
10
157.1686069999999802
20
-47.2251139999999978
11
157.0801139999999805
21
-47.3136069999999975
0
LINE
8
BLACK
6
CONTINUOUS
10
157.0801139999999805
20
-47.3136069999999975
11
156.9686069999999916
21
-47.3704229999999953
0
LINE
8
BLACK
6
CONTINUOUS
10
156.9686069999999916
20
-47.3704229999999953
11
156.915569000000005
21
-47.378822999999997
0
LINE
8
BLACK
6
CONTINUOUS
10
156.915569000000005
20
-47.378822999999997
11
156.8992669999999805
21
-47.3822890000000001
0
LINE
8
BLACK
6
CONTINUOUS
10
156.8992669999999805
20
-47.3822890000000001
11
156.8826669999999979
21
-47.3840339999999998
0
LINE
8
BLACK
6
CONTINUOUS
10
156.8826669999999979
20
-47.3840339999999998
11
156.8449999999999989
21
-47.3900000000000006
0
LINE
8
BLACK
6
CONTINUOUS
10
156.8449999999999989
20
-47.3900000000000006
11
156.8073399999999822
21
-47.3840349999999972
0
LINE
8
BLACK
6
CONTINUOUS
10
156.8073399999999822
20
-47.3840349999999972
11
156.7907369999999787
21
-47.3822899999999976
0
LINE
8
BLACK
6
CONTINUOUS
10
156.7907369999999787
20
-47.3822899999999976
11
156.7744129999999814
21
-47.3788199999999975
0
LINE
8
BLACK
6
CONTINUOUS
10
156.7744129999999814
20
-47.3788199999999975
11
156.7213930000000062
21
-47.3704229999999953
0
LINE
8
BLACK
6
CONTINUOUS
10
156.7213930000000062
20
-47.3704229999999953
11
156.6735559999999907
21
-47.3460479999999961
0
LINE
8
BLACK
6
CONTINUOUS
10
156.6735559999999907
20
-47.3460479999999961
11
156.5862510000000043
21
-47.3071769999999958
0
LINE
8
BLACK
6
CONTINUOUS
10
156.5862510000000043
20
-47.3071769999999958
11
156.582429999999988
21
-47.3053979999999967
0
LINE
8
BLACK
6
CONTINUOUS
10
156.582429999999988
20
-47.3053979999999967
11
156.5752619999999808
21
-47.3019099999999995
0
LINE
8
BLACK
6
CONTINUOUS
10
156.5752619999999808
20
-47.3019099999999995
11
156.5750649999999951
21
-47.3018390000000011
0
LINE
8
BLACK
6
CONTINUOUS
10
156.5750649999999951
20
-47.3018390000000011
11
156.566693999999984
21
-47.2984699999999947
0
LINE
8
BLACK
6
CONTINUOUS
10
156.566693999999984
20
-47.2984699999999947
11
156.5640539999999987
21
-47.2972940000000008
0
LINE
8
BLACK
6
CONTINUOUS
10
156.5640539999999987
20
-47.2972940000000008
11
156.5624149999999872
21
-47.2959010000000006
0
LINE
8
BLACK
6
CONTINUOUS
10
156.5624149999999872
20
-47.2959010000000006
11
156.5296349999999848
21
-47.2862749999999963
0
LINE
8
BLACK
6
CONTINUOUS
10
156.5296349999999848
20
-47.2862749999999963
11
156.529595999999998
21
-47.2862639999999956
0
LINE
8
BLACK
6
CONTINUOUS
10
156.529595999999998
20
-47.2862639999999956
11
156.480969999999985
21
-47.2719680000000011
0
LINE
8
BLACK
6
CONTINUOUS
10
156.480969999999985
20
-47.2719680000000011
11
156.4807889999999873
21
-47.2719319999999996
0
LINE
8
BLACK
6
CONTINUOUS
10
156.4807889999999873
20
-47.2719319999999996
11
156.4660609999999963
21
-47.2676079999999956
0
LINE
8
BLACK
6
CONTINUOUS
10
156.4660609999999963
20
-47.2676079999999956
11
156.4644649999999899
21
-47.2671080000000003
0
LINE
8
BLACK
6
CONTINUOUS
10
156.4644649999999899
20
-47.2671080000000003
11
156.4639049999999827
21
-47.2669749999999951
0
LINE
8
BLACK
6
CONTINUOUS
10
156.4639049999999827
20
-47.2669749999999951
11
156.3214909999999804
21
-47.2464999999999975
0
LINE
8
BLACK
6
CONTINUOUS
10
156.3214909999999804
20
-47.2464999999999975
11
156.0985090000000071
21
-47.2464999999999975
0
LINE
8
BLACK
6
CONTINUOUS
10
156.0985090000000071
20
-47.2464999999999975
11
156.0984789999999975
21
-47.2464999999999975
0
LINE
8
BLACK
6
CONTINUOUS
10
156.0984789999999975
20
-47.2464999999999975
11
156.0840869999999825
21
-47.2467049999999986
0
LINE
8
BLACK
6
CONTINUOUS
10
156.0840869999999825
20
-47.2467049999999986
11
156.0769880000000001
21
-47.2469079999999977
0
LINE
8
BLACK
6
CONTINUOUS
10
156.0769880000000001
20
-47.2469079999999977
11
156.0626239999999996
21
-47.247523000000001
0
LINE
8
BLACK
6
CONTINUOUS
10
156.0626239999999996
20
-47.247523000000001
11
155.921605999999997
21
-47.2760849999999948
0
LINE
8
BLACK
6
CONTINUOUS
10
155.921605999999997
20
-47.2760849999999948
11
155.8930409999999824
21
-47.2862749999999963
0
LINE
8
BLACK
6
CONTINUOUS
10
155.8930409999999824
20
-47.2862749999999963
11
155.8644909999999868
21
-47.2964589999999987
0
LINE
8
BLACK
6
CONTINUOUS
10
155.8644909999999868
20
-47.2964589999999987
11
155.8643069999999966
21
-47.2965249999999955
0
LINE
8
BLACK
6
CONTINUOUS
10
155.8643069999999966
20
-47.2965249999999955
11
155.8567009999999868
21
-47.2969590000000011
0
LINE
8
BLACK
6
CONTINUOUS
10
155.8567009999999868
20
-47.2969590000000011
11
155.8352799999999831
21
-47.3064959999999957
0
LINE
8
BLACK
6
CONTINUOUS
10
155.8352799999999831
20
-47.3064959999999957
11
155.8281169999999918
21
-47.3093629999999976
0
LINE
8
BLACK
6
CONTINUOUS
10
155.8281169999999918
20
-47.3093629999999976
11
155.8243369999999857
21
-47.3113689999999991
0
LINE
8
BLACK
6
CONTINUOUS
10
155.8243369999999857
20
-47.3113689999999991
11
155.7464499999999816
21
-47.3460449999999966
0
LINE
8
BLACK
6
CONTINUOUS
10
155.7464499999999816
20
-47.3460449999999966
11
155.6986069999999813
21
-47.3704229999999953
0
LINE
8
BLACK
6
CONTINUOUS
10
155.6986069999999813
20
-47.3704229999999953
11
155.6455719999999872
21
-47.3788219999999995
0
LINE
8
BLACK
6
CONTINUOUS
10
155.6455719999999872
20
-47.3788219999999995
11
155.6292619999999829
21
-47.3822899999999976
0
LINE
8
BLACK
6
CONTINUOUS
10
155.6292619999999829
20
-47.3822899999999976
11
155.6126629999999977
21
-47.3840339999999998
0
LINE
8
BLACK
6
CONTINUOUS
10
155.6126629999999977
20
-47.3840339999999998
11
155.5749999999999886
21
-47.3900000000000006
0
LINE
8
BLACK
6
CONTINUOUS
10
155.5749999999999886
20
-47.3900000000000006
11
155.5373400000000004
21
-47.3840349999999972
0
LINE
8
BLACK
6
CONTINUOUS
10
155.5373400000000004
20
-47.3840349999999972
11
155.5207369999999969
21
-47.3822899999999976
0
LINE
8
BLACK
6
CONTINUOUS
10
155.5207369999999969
20
-47.3822899999999976
11
155.5044129999999996
21
-47.3788199999999975
0
LINE
8
BLACK
6
CONTINUOUS
10
155.5044129999999996
20
-47.3788199999999975
11
155.4513929999999959
21
-47.3704229999999953
0
LINE
8
BLACK
6
CONTINUOUS
10
155.4513929999999959
20
-47.3704229999999953
11
155.4035559999999805
21
-47.3460479999999961
0
LINE
8
BLACK
6
CONTINUOUS
10
155.4035559999999805
20
-47.3460479999999961
11
155.3162509999999941
21
-47.3071769999999958
0
LINE
8
BLACK
6
CONTINUOUS
10
155.3162509999999941
20
-47.3071769999999958
11
155.3124300000000062
21
-47.3053979999999967
0
LINE
8
BLACK
6
CONTINUOUS
10
155.3124300000000062
20
-47.3053979999999967
11
155.305261999999999
21
-47.3019099999999995
0
LINE
8
BLACK
6
CONTINUOUS
10
155.305261999999999
20
-47.3019099999999995
11
155.3050649999999848
21
-47.3018390000000011
0
LINE
8
BLACK
6
CONTINUOUS
10
155.3050649999999848
20
-47.3018390000000011
11
155.2966940000000022
21
-47.2984699999999947
0
LINE
8
BLACK
6
CONTINUOUS
10
155.2966940000000022
20
-47.2984699999999947
11
155.2940539999999885
21
-47.2972940000000008
0
LINE
8
BLACK
6
CONTINUOUS
10
155.2940539999999885
20
-47.2972940000000008
11
155.2924150000000054
21
-47.2959010000000006
0
LINE
8
BLACK
6
CONTINUOUS
10
155.2924150000000054
20
-47.2959010000000006
11
155.2596350000000029
21
-47.2862749999999963
0
LINE
8
BLACK
6
CONTINUOUS
10
155.2596350000000029
20
-47.2862749999999963
11
155.2595959999999877
21
-47.2862639999999956
0
LINE
8
BLACK
6
CONTINUOUS
10
155.2595959999999877
20
-47.2862639999999956
11
155.2109700000000032
21
-47.2719680000000011
0
LINE
8
BLACK
6
CONTINUOUS
10
155.2109700000000032
20
-47.2719680000000011
11
155.2107890000000054
21
-47.2719319999999996
0
LINE
8
BLACK
6
CONTINUOUS
10
155.2107890000000054
20
-47.2719319999999996
11
155.1960609999999861
21
-47.2676079999999956
0
LINE
8
BLACK
6
CONTINUOUS
10
155.1960609999999861
20
-47.2676079999999956
11
155.1944649999999797
21
-47.2671080000000003
0
LINE
8
BLACK
6
CONTINUOUS
10
155.1944649999999797
20
-47.2671080000000003
11
155.1939050000000009
21
-47.2669749999999951
0
LINE
8
BLACK
6
CONTINUOUS
10
155.1939050000000009
20
-47.2669749999999951
11
155.0514909999999986
21
-47.2464999999999975
0
LINE
8
BLACK
6
CONTINUOUS
10
155.0514909999999986
20
-47.2464999999999975
11
154.8285089999999968
21
-47.2464999999999975
0
LINE
8
BLACK
6
CONTINUOUS
10
154.8285089999999968
20
-47.2464999999999975
11
154.8284789999999873
21
-47.2464999999999975
0
LINE
8
BLACK
6
CONTINUOUS
10
154.8284789999999873
20
-47.2464999999999975
11
154.8140870000000007
21
-47.2467049999999986
0
LINE
8
BLACK
6
CONTINUOUS
10
154.8140870000000007
20
-47.2467049999999986
11
154.8069879999999898
21
-47.2469079999999977
0
LINE
8
BLACK
6
CONTINUOUS
10
154.8069879999999898
20
-47.2469079999999977
11
154.7926239999999893
21
-47.247523000000001
0
LINE
8
BLACK
6
CONTINUOUS
10
154.7926239999999893
20
-47.247523000000001
11
154.6516059999999868
21
-47.2760849999999948
0
LINE
8
BLACK
6
CONTINUOUS
10
154.6516059999999868
20
-47.2760849999999948
11
154.6230410000000006
21
-47.2862749999999963
0
LINE
8
BLACK
6
CONTINUOUS
10
154.6230410000000006
20
-47.2862749999999963
11
154.594491000000005
21
-47.2964589999999987
0
LINE
8
BLACK
6
CONTINUOUS
10
154.594491000000005
20
-47.2964589999999987
11
154.5943069999999864
21
-47.2965249999999955
0
LINE
8
BLACK
6
CONTINUOUS
10
154.5943069999999864
20
-47.2965249999999955
11
154.586701000000005
21
-47.2969590000000011
0
LINE
8
BLACK
6
CONTINUOUS
10
154.586701000000005
20
-47.2969590000000011
11
154.5652800000000013
21
-47.3064959999999957
0
LINE
8
BLACK
6
CONTINUOUS
10
154.5652800000000013
20
-47.3064959999999957
11
154.5581169999999815
21
-47.3093629999999976
0
LINE
8
BLACK
6
CONTINUOUS
10
154.5581169999999815
20
-47.3093629999999976
11
154.5543370000000039
21
-47.3113689999999991
0
LINE
8
BLACK
6
CONTINUOUS
10
154.5543370000000039
20
-47.3113689999999991
11
154.4764499999999998
21
-47.3460449999999966
0
LINE
8
BLACK
6
CONTINUOUS
10
154.4764499999999998
20
-47.3460449999999966
11
154.4286069999999995
21
-47.3704229999999953
0
LINE
8
BLACK
6
CONTINUOUS
10
154.4286069999999995
20
-47.3704229999999953
11
154.3755720000000053
21
-47.3788219999999995
0
LINE
8
BLACK
6
CONTINUOUS
10
154.3755720000000053
20
-47.3788219999999995
11
154.3592620000000011
21
-47.3822899999999976
0
LINE
8
BLACK
6
CONTINUOUS
10
154.3592620000000011
20
-47.3822899999999976
11
154.3426629999999875
21
-47.3840339999999998
0
LINE
8
BLACK
6
CONTINUOUS
10
154.3426629999999875
20
-47.3840339999999998
11
154.3050000000000068
21
-47.3900000000000006
0
LINE
8
BLACK
6
CONTINUOUS
10
154.3050000000000068
20
-47.3900000000000006
11
154.2673419999999851
21
-47.3840349999999972
0
LINE
8
BLACK
6
CONTINUOUS
10
154.2673419999999851
20
-47.3840349999999972
11
154.2507339999999942
21
-47.3822899999999976
0
LINE
8
BLACK
6
CONTINUOUS
10
154.2507339999999942
20
-47.3822899999999976
11
154.2507290000000069
21
-47.3822890000000001
0
LINE
8
BLACK
6
CONTINUOUS
10
154.2507290000000069
20
-47.3822890000000001
11
154.2428040000000067
21
-47.3806039999999982
0
LINE
8
BLACK
6
CONTINUOUS
10
154.2428040000000067
20
-47.3806039999999982
11
154.2344109999999944
21
-47.3788199999999975
0
LINE
8
BLACK
6
CONTINUOUS
10
154.2344109999999944
20
-47.3788199999999975
11
154.1813929999999857
21
-47.3704229999999953
0
LINE
8
BLACK
6
CONTINUOUS
10
154.1813929999999857
20
-47.3704229999999953
11
154.1721139999999934
21
-47.3656949999999952
0
LINE
8
BLACK
6
CONTINUOUS
10
154.1721139999999934
20
-47.3656949999999952
11
154.1623679999999865
21
-47.3637919999999966
0
LINE
8
BLACK
6
CONTINUOUS
10
154.1623679999999865
20
-47.3637919999999966
11
154.1565989999999999
21
-47.362764999999996
0
LINE
8
BLACK
6
CONTINUOUS
10
154.1565989999999999
20
-47.362764999999996
11
154.1542479999999955
21
-47.3623469999999998
0
LINE
8
BLACK
6
CONTINUOUS
10
154.1542479999999955
20
-47.3623469999999998
11
154.1375830000000065
21
-47.3596669999999946
0
LINE
8
BLACK
6
CONTINUOUS
10
154.1375830000000065
20
-47.3596669999999946
11
154.1375809999999831
21
-47.3596669999999946
0
LINE
8
BLACK
6
CONTINUOUS
10
154.1375809999999831
20
-47.3596669999999946
11
153.9937060000000031
21
-47.3596669999999946
0
LINE
8
BLACK
6
CONTINUOUS
10
153.9937060000000031
20
-47.3596669999999946
11
153.9628459999999848
21
-47.3641039999999975
0
LINE
8
BLACK
6
CONTINUOUS
10
153.9628459999999848
20
-47.3641039999999975
11
153.9245449999999948
21
-47.3696119999999965
0
LINE
8
BLACK
6
CONTINUOUS
10
153.9245449999999948
20
-47.3696119999999965
11
153.924539999999979
21
-47.3696130000000011
0
LINE
8
BLACK
6
CONTINUOUS
10
153.924539999999979
20
-47.3696130000000011
11
153.9245359999999891
21
-47.3696139999999986
0
LINE
8
BLACK
6
CONTINUOUS
10
153.9245359999999891
20
-47.3696139999999986
11
153.7864979999999946
21
-47.4101459999999975
0
LINE
8
BLACK
6
CONTINUOUS
10
153.7864979999999946
20
-47.4101459999999975
11
153.7864919999999813
21
-47.410148999999997
0
LINE
8
BLACK
6
CONTINUOUS
10
153.7864919999999813
20
-47.410148999999997
11
153.6654619999999909
21
-47.4879309999999961
0
LINE
8
BLACK
6
CONTINUOUS
10
153.6654619999999909
20
-47.4879309999999961
11
153.6654509999999902
21
-47.4879389999999972
0
LINE
8
BLACK
6
CONTINUOUS
10
153.6654509999999902
20
-47.4879389999999972
11
153.6126589999999794
21
-47.5336829999999964
0
LINE
8
BLACK
6
CONTINUOUS
10
153.6126589999999794
20
-47.5336829999999964
11
153.5184329999999875
21
-47.6424239999999983
0
LINE
8
BLACK
6
CONTINUOUS
10
153.5184329999999875
20
-47.6424239999999983
11
153.5184299999999951
21
-47.6424279999999953
0
LINE
8
BLACK
6
CONTINUOUS
10
153.5184299999999951
20
-47.6424279999999953
11
153.4586639999999989
21
-47.7732939999999999
0
LINE
8
BLACK
6
CONTINUOUS
10
153.4586639999999989
20
-47.7732939999999999
11
153.4389759999999967
21
-47.8403419999999997
0
LINE
8
BLACK
6
CONTINUOUS
10
153.4389759999999967
20
-47.8403419999999997
11
153.4184999999999945
21
-47.9827609999999964
0
LINE
8
BLACK
6
CONTINUOUS
10
153.4184999999999945
20
-47.9827609999999964
11
153.4184999999999945
21
-48.900500000000001
0
LINE
8
BLACK
6
CONTINUOUS
10
153.4184999999999945
20
-48.900500000000001
11
153.3988149999999848
21
-48.967538999999995
0
LINE
8
BLACK
6
CONTINUOUS
10
153.3988149999999848
20
-48.967538999999995
11
153.3460110000000043
21
-49.0132939999999948
0
LINE
8
BLACK
6
CONTINUOUS
10
153.3460110000000043
20
-49.0132939999999948
11
153.2944999999999993
21
-49.0244999999999962
0
LINE
8
BLACK
6
CONTINUOUS
10
153.2944999999999993
20
-49.0244999999999962
11
145.40949999999998
21
-49.0244999999999962
0
LINE
8
BLACK
6
CONTINUOUS
10
145.40949999999998
20
-49.0244999999999962
11
145.3424609999999859
21
-49.0048150000000007
0
LINE
8
BLACK
6
CONTINUOUS
10
145.3424609999999859
20
-49.0048150000000007
11
145.2967060000000004
21
-48.9520109999999988
0
LINE
8
BLACK
6
CONTINUOUS
10
145.2967060000000004
20
-48.9520109999999988
11
145.2854999999999848
21
-48.900500000000001
0
LINE
8
BLACK
6
CONTINUOUS
10
145.2854999999999848
20
-48.900500000000001
11
145.2854999999999848
21
-48.6410179999999954
0
LINE
8
BLACK
6
CONTINUOUS
10
145.2854999999999848
20
-48.6410179999999954
11
145.2854999999999848
21
-48.6409999999999982
0
LINE
8
BLACK
6
CONTINUOUS
10
145.2854999999999848
20
-48.6409999999999982
11
145.2823219999999935
21
-48.5844019999999972
0
LINE
8
BLACK
6
CONTINUOUS
10
145.2823219999999935
20
-48.5844019999999972
11
145.2615969999999948
21
-48.4004629999999949
0
LINE
8
BLACK
6
CONTINUOUS
10
145.2615969999999948
20
-48.4004629999999949
11
145.2520999999999844
21
-48.3445729999999969
0
LINE
8
BLACK
6
CONTINUOUS
10
145.2520999999999844
20
-48.3445729999999969
11
145.2459209999999814
21
-48.3175019999999975
0
LINE
8
BLACK
6
CONTINUOUS
10
145.2459209999999814
20
-48.3175019999999975
11
145.23022899999998
21
-48.2630330000000001
0
LINE
8
BLACK
6
CONTINUOUS
10
145.23022899999998
20
-48.2630330000000001
11
145.2302239999999927
21
-48.2630189999999999
0
LINE
8
BLACK
6
CONTINUOUS
10
145.2302239999999927
20
-48.2630189999999999
11
145.2302229999999952
21
-48.2630139999999983
0
LINE
8
BLACK
6
CONTINUOUS
10
145.2302229999999952
20
-48.2630139999999983
11
145.1737099999999998
21
-48.1015119999999996
0
LINE
8
BLACK
6
CONTINUOUS
10
145.1737099999999998
20
-48.1015119999999996
11
145.173704999999984
21
-48.1014999999999944
0
LINE
8
BLACK
6
CONTINUOUS
10
145.173704999999984
20
-48.1014999999999944
11
145.1520260000000064
21
-48.049160999999998
0
LINE
8
BLACK
6
CONTINUOUS
10
145.1520260000000064
20
-48.049160999999998
11
145.1520199999999932
21
-48.0491460000000004
0
LINE
8
BLACK
6
CONTINUOUS
10
145.1520199999999932
20
-48.0491460000000004
11
145.1399729999999977
21
-48.024128999999995
0
LINE
8
BLACK
6
CONTINUOUS
10
145.1399729999999977
20
-48.024128999999995
11
145.1399649999999895
21
-48.0241149999999948
0
LINE
8
BLACK
6
CONTINUOUS
10
145.1399649999999895
20
-48.0241149999999948
11
145.1399549999999863
21
-48.0240949999999955
0
LINE
8
BLACK
6
CONTINUOUS
10
145.1399549999999863
20
-48.0240949999999955
11
145.1125619999999969
21
-47.9745299999999943
0
LINE
8
BLACK
6
CONTINUOUS
10
145.1125619999999969
20
-47.9745299999999943
11
145.1125529999999912
21
-47.9745139999999992
0
LINE
8
BLACK
6
CONTINUOUS
10
145.1125529999999912
20
-47.9745139999999992
11
145.1125480000000039
21
-47.9745059999999981
0
LINE
8
BLACK
6
CONTINUOUS
10
145.1125480000000039
20
-47.9745059999999981
11
145.0339999999999918
21
-47.849497999999997
0
LINE
8
BLACK
6
CONTINUOUS
10
145.0339999999999918
20
-47.849497999999997
11
145.0339999999999918
21
-47.4979999999999976
0
LINE
8
BLACK
6
CONTINUOUS
10
145.0339999999999918
20
-47.4979999999999976
11
144.682501000000002
21
-47.4979999999999976
0
LINE
8
BLACK
6
CONTINUOUS
10
144.682501000000002
20
-47.4979999999999976
11
144.6388739999999871
21
-47.4705869999999948
0
LINE
8
BLACK
6
CONTINUOUS
10
144.6388739999999871
20
-47.4705869999999948
11
144.5949540000000013
21
-47.4459519999999983
0
LINE
8
BLACK
6
CONTINUOUS
10
144.5949540000000013
20
-47.4459519999999983
11
144.5728670000000022
21
-47.4349719999999948
0
LINE
8
BLACK
6
CONTINUOUS
10
144.5728670000000022
20
-47.4349719999999948
11
144.5728529999999807
21
-47.4349649999999983
0
LINE
8
BLACK
6
CONTINUOUS
10
144.5728529999999807
20
-47.4349649999999983
11
144.5728440000000035
21
-47.4349610000000013
0
LINE
8
BLACK
6
CONTINUOUS
10
144.5728440000000035
20
-47.4349610000000013
11
144.5267539999999826
21
-47.4148429999999976
0
LINE
8
BLACK
6
CONTINUOUS
10
144.5267539999999826
20
-47.4148429999999976
11
144.5267399999999895
21
-47.4148390000000006
0
LINE
8
BLACK
6
CONTINUOUS
10
144.5267399999999895
20
-47.4148390000000006
11
144.3862979999999823
21
-47.3835890000000006
0
LINE
8
BLACK
6
CONTINUOUS
10
144.3862979999999823
20
-47.3835890000000006
11
144.3692589999999996
21
-47.3822890000000001
0
LINE
8
BLACK
6
CONTINUOUS
10
144.3692589999999996
20
-47.3822890000000001
11
144.3166349999999909
21
-47.3782739999999976
0
LINE
8
BLACK
6
CONTINUOUS
10
144.3166349999999909
20
-47.3782739999999976
11
144.3166339999999934
21
-47.3782739999999976
0
LINE
8
BLACK
6
CONTINUOUS
10
144.3166339999999934
20
-47.3782739999999976
11
144.2199919999999906
21
-47.384724999999996
0
LINE
8
BLACK
6
CONTINUOUS
10
144.2199919999999906
20
-47.384724999999996
11
144.211734000000007
21
-47.384999999999998
0
LINE
8
BLACK
6
CONTINUOUS
10
144.211734000000007
20
-47.384999999999998
11
144.1765690000000006
21
-47.384999999999998
0
LINE
8
BLACK
6
CONTINUOUS
10
144.1765690000000006
20
-47.384999999999998
11
144.1449999999999818
21
-47.3900000000000006
0
LINE
8
BLACK
6
CONTINUOUS
10
144.1449999999999818
20
-47.3900000000000006
11
144.1073399999999936
21
-47.3840349999999972
0
LINE
8
BLACK
6
CONTINUOUS
10
144.1073399999999936
20
-47.3840349999999972
11
144.0907369999999901
21
-47.3822899999999976
0
LINE
8
BLACK
6
CONTINUOUS
10
144.0907369999999901
20
-47.3822899999999976
11
144.0744129999999927
21
-47.3788199999999975
0
LINE
8
BLACK
6
CONTINUOUS
10
144.0744129999999927
20
-47.3788199999999975
11
144.0213929999999891
21
-47.3704229999999953
0
LINE
8
BLACK
6
CONTINUOUS
10
144.0213929999999891
20
-47.3704229999999953
11
143.9735560000000021
21
-47.3460479999999961
0
LINE
8
BLACK
6
CONTINUOUS
10
143.9735560000000021
20
-47.3460479999999961
11
143.8862509999999872
21
-47.3071769999999958
0
LINE
8
BLACK
6
CONTINUOUS
10
143.8862509999999872
20
-47.3071769999999958
11
143.8824299999999994
21
-47.3053979999999967
0
LINE
8
BLACK
6
CONTINUOUS
10
143.8824299999999994
20
-47.3053979999999967
11
143.8752619999999922
21
-47.3019099999999995
0
LINE
8
BLACK
6
CONTINUOUS
10
143.8752619999999922
20
-47.3019099999999995
11
143.8750650000000064
21
-47.3018390000000011
0
LINE
8
BLACK
6
CONTINUOUS
10
143.8750650000000064
20
-47.3018390000000011
11
143.8666939999999954
21
-47.2984699999999947
0
LINE
8
BLACK
6
CONTINUOUS
10
143.8666939999999954
20
-47.2984699999999947
11
143.8640539999999817
21
-47.2972940000000008
0
LINE
8
BLACK
6
CONTINUOUS
10
143.8640539999999817
20
-47.2972940000000008
11
143.8624149999999986
21
-47.2959010000000006
0
LINE
8
BLACK
6
CONTINUOUS
10
143.8624149999999986
20
-47.2959010000000006
11
143.8296349999999961
21
-47.2862749999999963
0
LINE
8
BLACK
6
CONTINUOUS
10
143.8296349999999961
20
-47.2862749999999963
11
143.8295959999999809
21
-47.2862639999999956
0
LINE
8
BLACK
6
CONTINUOUS
10
143.8295959999999809
20
-47.2862639999999956
11
143.7809699999999964
21
-47.2719680000000011
0
LINE
8
BLACK
6
CONTINUOUS
10
143.7809699999999964
20
-47.2719680000000011
11
143.7807889999999986
21
-47.2719319999999996
0
LINE
8
BLACK
6
CONTINUOUS
10
143.7807889999999986
20
-47.2719319999999996
11
143.7660610000000077
21
-47.2676079999999956
0
LINE
8
BLACK
6
CONTINUOUS
10
143.7660610000000077
20
-47.2676079999999956
11
143.7644650000000013
21
-47.2671080000000003
0
LINE
8
BLACK
6
CONTINUOUS
10
143.7644650000000013
20
-47.2671080000000003
11
143.7639049999999941
21
-47.2669749999999951
0
LINE
8
BLACK
6
CONTINUOUS
10
143.7639049999999941
20
-47.2669749999999951
11
143.6214909999999918
21
-47.2464999999999975
0
LINE
8
BLACK
6
CONTINUOUS
10
143.6214909999999918
20
-47.2464999999999975
11
143.39850899999999
21
-47.2464999999999975
0
LINE
8
BLACK
6
CONTINUOUS
10
143.39850899999999
20
-47.2464999999999975
11
143.3984789999999805
21
-47.2464999999999975
0
LINE
8
BLACK
6
CONTINUOUS
10
143.3984789999999805
20
-47.2464999999999975
11
143.3840869999999938
21
-47.2467049999999986
0
LINE
8
BLACK
6
CONTINUOUS
10
143.3840869999999938
20
-47.2467049999999986
11
143.376987999999983
21
-47.2469079999999977
0
LINE
8
BLACK
6
CONTINUOUS
10
143.376987999999983
20
-47.2469079999999977
11
143.3626239999999825
21
-47.247523000000001
0
LINE
8
BLACK
6
CONTINUOUS
10
143.3626239999999825
20
-47.247523000000001
11
143.22160599999998
21
-47.2760849999999948
0
LINE
8
BLACK
6
CONTINUOUS
10
143.22160599999998
20
-47.2760849999999948
11
143.1930409999999938
21
-47.2862749999999963
0
LINE
8
BLACK
6
CONTINUOUS
10
143.1930409999999938
20
-47.2862749999999963
11
143.1644909999999982
21
-47.2964589999999987
0
LINE
8
BLACK
6
CONTINUOUS
10
143.1644909999999982
20
-47.2964589999999987
11
143.1643069999999796
21
-47.2965249999999955
0
LINE
8
BLACK
6
CONTINUOUS
10
143.1643069999999796
20
-47.2965249999999955
11
143.1567009999999982
21
-47.2969590000000011
0
LINE
8
BLACK
6
CONTINUOUS
10
143.1567009999999982
20
-47.2969590000000011
11
143.1352799999999945
21
-47.3064959999999957
0
LINE
8
BLACK
6
CONTINUOUS
10
143.1352799999999945
20
-47.3064959999999957
11
143.1281170000000031
21
-47.3093629999999976
0
LINE
8
BLACK
6
CONTINUOUS
10
143.1281170000000031
20
-47.3093629999999976
11
143.124336999999997
21
-47.3113689999999991
0
LINE
8
BLACK
6
CONTINUOUS
10
143.124336999999997
20
-47.3113689999999991
11
143.046449999999993
21
-47.3460449999999966
0
LINE
8
BLACK
6
CONTINUOUS
10
143.046449999999993
20
-47.3460449999999966
11
142.9986069999999927
21
-47.3704229999999953
0
LINE
8
BLACK
6
CONTINUOUS
10
142.9986069999999927
20
-47.3704229999999953
11
142.9455719999999985
21
-47.3788219999999995
0
LINE
8
BLACK
6
CONTINUOUS
10
142.9455719999999985
20
-47.3788219999999995
11
142.9292619999999943
21
-47.3822899999999976
0
LINE
8
BLACK
6
CONTINUOUS
10
142.9292619999999943
20
-47.3822899999999976
11
142.9126629999999807
21
-47.3840339999999998
0
LINE
8
BLACK
6
CONTINUOUS
10
142.9126629999999807
20
-47.3840339999999998
11
142.875
21
-47.3900000000000006
0
LINE
8
BLACK
6
CONTINUOUS
10
142.875
20
-47.3900000000000006
11
142.8373399999999833
21
-47.3840349999999972
0
LINE
8
BLACK
6
CONTINUOUS
10
142.8373399999999833
20
-47.3840349999999972
11
142.8207369999999798
21
-47.3822899999999976
0
LINE
8
BLACK
6
CONTINUOUS
10
142.8207369999999798
20
-47.3822899999999976
11
142.8044129999999825
21
-47.3788199999999975
0
LINE
8
BLACK
6
CONTINUOUS
10
142.8044129999999825
20
-47.3788199999999975
11
142.7513930000000073
21
-47.3704229999999953
0
LINE
8
BLACK
6
CONTINUOUS
10
142.7513930000000073
20
-47.3704229999999953
11
142.7035559999999919
21
-47.3460479999999961
0
LINE
8
BLACK
6
CONTINUOUS
10
142.7035559999999919
20
-47.3460479999999961
11
142.6162510000000054
21
-47.3071769999999958
0
LINE
8
BLACK
6
CONTINUOUS
10
142.6162510000000054
20
-47.3071769999999958
11
142.6124299999999891
21
-47.3053979999999967
0
LINE
8
BLACK
6
CONTINUOUS
10
142.6124299999999891
20
-47.3053979999999967
11
142.605261999999982
21
-47.3019099999999995
0
LINE
8
BLACK
6
CONTINUOUS
10
142.605261999999982
20
-47.3019099999999995
11
142.6050649999999962
21
-47.3018390000000011
0
LINE
8
BLACK
6
CONTINUOUS
10
142.6050649999999962
20
-47.3018390000000011
11
142.5966939999999852
21
-47.2984699999999947
0
LINE
8
BLACK
6
CONTINUOUS
10
142.5966939999999852
20
-47.2984699999999947
11
142.5940539999999999
21
-47.2972940000000008
0
LINE
8
BLACK
6
CONTINUOUS
10
142.5940539999999999
20
-47.2972940000000008
11
142.5924149999999884
21
-47.2959010000000006
0
LINE
8
BLACK
6
CONTINUOUS
10
142.5924149999999884
20
-47.2959010000000006
11
142.5596349999999859
21
-47.2862749999999963
0
LINE
8
BLACK
6
CONTINUOUS
10
142.5596349999999859
20
-47.2862749999999963
11
142.5595959999999991
21
-47.2862639999999956
0
LINE
8
BLACK
6
CONTINUOUS
10
142.5595959999999991
20
-47.2862639999999956
11
142.5109699999999862
21
-47.2719680000000011
0
LINE
8
BLACK
6
CONTINUOUS
10
142.5109699999999862
20
-47.2719680000000011
11
142.5107889999999884
21
-47.2719319999999996
0
LINE
8
BLACK
6
CONTINUOUS
10
142.5107889999999884
20
-47.2719319999999996
11
142.4960609999999974
21
-47.2676079999999956
0
LINE
8
BLACK
6
CONTINUOUS
10
142.4960609999999974
20
-47.2676079999999956
11
142.4944649999999911
21
-47.2671080000000003
0
LINE
8
BLACK
6
CONTINUOUS
10
142.4944649999999911
20
-47.2671080000000003
11
142.4939049999999838
21
-47.2669749999999951
0
LINE
8
BLACK
6
CONTINUOUS
10
142.4939049999999838
20
-47.2669749999999951
11
142.3514909999999816
21
-47.2464999999999975
0
LINE
8
BLACK
6
CONTINUOUS
10
142.3514909999999816
20
-47.2464999999999975
11
141.6116989999999873
21
-47.2464999999999975
0
LINE
8
BLACK
6
CONTINUOUS
10
141.6116989999999873
20
-47.2464999999999975
11
141.5446599999999933
21
-47.2268149999999949
0
LINE
8
BLACK
6
CONTINUOUS
10
141.5446599999999933
20
-47.2268149999999949
11
141.5330370000000073
21
-47.218356
0
LINE
8
BLACK
6
CONTINUOUS
10
141.5330370000000073
20
-47.218356
11
141.5263359999999864
21
-47.2128569999999996
0
LINE
8
BLACK
6
CONTINUOUS
10
141.5263359999999864
20
-47.2128569999999996
11
141.5091409999999996
21
-47.1956610000000012
0
LINE
8
BLACK
6
CONTINUOUS
10
141.5091409999999996
20
-47.1956610000000012
11
141.5036429999999825
21
-47.188960999999999
0
LINE
8
BLACK
6
CONTINUOUS
10
141.5036429999999825
20
-47.188960999999999
11
141.4763329999999826
21
-47.1246499999999955
0
LINE
8
BLACK
6
CONTINUOUS
10
141.4763329999999826
20
-47.1246499999999955
11
141.4754999999999825
21
-47.1103009999999998
0
LINE
8
BLACK
6
CONTINUOUS
10
141.4754999999999825
20
-47.1103009999999998
11
141.4754999999999825
21
-39.8811800000000005
0
LINE
8
BLACK
6
CONTINUOUS
10
141.4754999999999825
20
-39.8811800000000005
11
141.4746159999999975
21
-39.8512819999999977
0
LINE
8
BLACK
6
CONTINUOUS
10
141.4746159999999975
20
-39.8512819999999977
11
141.473748999999998
21
-39.8366559999999978
0
LINE
8
BLACK
6
CONTINUOUS
10
141.473748999999998
20
-39.8366559999999978
11
141.473748999999998
21
-39.8366509999999963
0
LINE
8
BLACK
6
CONTINUOUS
10
141.473748999999998
20
-39.8366509999999963
11
141.4710979999999836
21
-39.8068559999999962
0
LINE
8
BLACK
6
CONTINUOUS
10
141.4710979999999836
20
-39.8068559999999962
11
141.447968000000003
21
-39.7203069999999983
0
LINE
8
BLACK
6
CONTINUOUS
10
141.447968000000003
20
-39.7203069999999983
11
141.4496749999999849
21
-39.6504599999999954
0
LINE
8
BLACK
6
CONTINUOUS
10
141.4496749999999849
20
-39.6504599999999954
11
141.4888750000000073
21
-39.5926229999999961
0
LINE
8
BLACK
6
CONTINUOUS
10
141.4888750000000073
20
-39.5926229999999961
11
141.5357449999999915
21
-39.5684970000000007
0
LINE
8
BLACK
6
CONTINUOUS
10
141.5357449999999915
20
-39.5684970000000007
11
141.6356269999999995
21
-39.5418049999999965
0
LINE
8
BLACK
6
CONTINUOUS
10
141.6356269999999995
20
-39.5418049999999965
11
141.639696999999984
21
-39.5407930000000007
0
LINE
8
BLACK
6
CONTINUOUS
10
141.639696999999984
20
-39.5407930000000007
11
142.7380409999999813
21
-39.2878849999999957
0
LINE
8
BLACK
6
CONTINUOUS
10
142.7380409999999813
20
-39.2878849999999957
11
142.7421949999999811
21
-39.2870050000000006
0
LINE
8
BLACK
6
CONTINUOUS
10
142.7421949999999811
20
-39.2870050000000006
11
143.8486560000000054
21
-39.0724879999999999
0
LINE
8
BLACK
6
CONTINUOUS
10
143.8486560000000054
20
-39.0724879999999999
11
143.8527990000000045
21
-39.0717590000000001
0
LINE
8
BLACK
6
CONTINUOUS
10
143.8527990000000045
20
-39.0717590000000001
11
144.96608599999999
21
-38.8958859999999973
0
LINE
8
BLACK
6
CONTINUOUS
10
144.96608599999999
20
-38.8958859999999973
11
144.9702829999999949
21
-38.8952979999999968
0
LINE
8
BLACK
6
CONTINUOUS
10
144.9702829999999949
20
-38.8952979999999968
11
146.0889410000000055
21
-38.7582949999999968
0
LINE
8
BLACK
6
CONTINUOUS
10
146.0889410000000055
20
-38.7582949999999968
11
146.0931909999999903
21
-38.7578490000000002
0
LINE
8
BLACK
6
CONTINUOUS
10
146.0931909999999903
20
-38.7578490000000002
11
147.2160089999999855
21
-38.6598649999999964
0
LINE
8
BLACK
6
CONTINUOUS
10
147.2160089999999855
20
-38.6598649999999964
11
147.2202319999999816
21
-38.6595699999999951
0
LINE
8
BLACK
6
CONTINUOUS
10
147.2202319999999816
20
-38.6595699999999951
11
148.345737999999983
21
-38.6007350000000002
0
LINE
8
BLACK
6
CONTINUOUS
10
148.345737999999983
20
-38.6007350000000002
11
148.3500149999999849
21
-38.6005859999999998
0
LINE
8
BLACK
6
CONTINUOUS
10
148.3500149999999849
20
-38.6005859999999998
11
149.4768750000000068
21
-38.5809670000000011
0
LINE
8
BLACK
6
CONTINUOUS
10
149.4768750000000068
20
-38.5809670000000011
11
149.4811249999999916
21
-38.5809670000000011
0
LINE
8
BLACK
6
CONTINUOUS
10
149.4811249999999916
20
-38.5809670000000011
11
150.6079819999999927
21
-38.6005859999999998
0
CIRCLE
8
BLACK
10
156.3522399999999948
20
-73.0822500000000019
40
0.2
0
CIRCLE
8
BLACK
10
140.4619999999999891
20
-65.5319999999999965
40
0.2
0
CIRCLE
8
BLACK
10
152.1459999999999866
20
-76.7079999999999984
40
0.2
0
CIRCLE
8
BLACK
10
149.3672399999999811
20
-87.8142500000000013
40
0.2
0
CIRCLE
8
BLACK
10
147.2082399999999893
20
-65.2082499999999925
40
0.2
0
CIRCLE
8
BLACK
10
144.0180000000000007
20
-66.8019999999999925
40
0.2
0
CIRCLE
8
BLACK
10
139.1920000000000073
20
-72.6439999999999912
40
0.2
0
CIRCLE
8
BLACK
10
146.304000000000002
20
-76.7079999999999984
40
0.2
0
CIRCLE
8
BLACK
10
142.2552399999999864
20
-81.4642499999999927
40
0.2
0
CIRCLE
8
BLACK
10
145.2879999999999825
20
-61.7219999999999942
40
0.2
0
CIRCLE
8
BLACK
10
155.1939999999999884
20
-59.6899999999999977
40
0.2
0
CIRCLE
8
BLACK
10
140.7248469999999827
20
-63.7449879999999993
40
0.2
0
CIRCLE
8
BLACK
10
156.4792400000000043
20
-81.210250000000002
40
0.2
0
CIRCLE
8
BLACK
10
161.0360000000000014
20
-72.3900000000000006
40
0.2
0
CIRCLE
8
BLACK
10
135.2549999999999955
20
-62.4839999999999947
40
0.2
0
CIRCLE
8
BLACK
10
145.5572400000000073
20
-79.1782499999999914
40
0.2
0
CIRCLE
8
BLACK
10
153.1772399999999834
20
-79.1782499999999914
40
0.2
0
CIRCLE
8
BLACK
10
149.3672399999999811
20
-85.7822499999999906
40
0.2
0
CIRCLE
8
BLACK
10
143.398239999999987
20
-77.9082499999999953
40
0.2
0
CIRCLE
8
BLACK
10
139.1920000000000073
20
-71.3739999999999952
40
0.2
0
CIRCLE
8
BLACK
10
161.0360000000000014
20
-71.1199999999999903
40
0.2
0
CIRCLE
8
BLACK
10
156.97199999999998
20
-59.6899999999999977
40
0.2
0
CIRCLE
8
BLACK
10
151.6532399999999825
20
-82.2262499999999932
40
0.2
0
CIRCLE
8
BLACK
10
147.0812399999999798
20
-82.2262499999999932
40
0.2
0
CIRCLE
8
BLACK
10
155.7019999999999982
20
-62.9919999999999973
40
0.2
0
CIRCLE
8
BLACK
10
161.7980000000000018
20
-69.0879999999999939
40
0.2
0
CIRCLE
8
BLACK
10
177.7999999999999829
20
-63.5
40
0.2
0
CIRCLE
8
BLACK
10
176.5300000000000011
20
-58.4199999999999946
40
0.2
0
CIRCLE
8
BLACK
10
170.8149999999999977
20
-62.2299999999999969
40
0.2
0
CIRCLE
8
BLACK
10
177.7999999999999829
20
-60.9599999999999937
40
0.2
0
CIRCLE
8
BLACK
10
173.9899999999999807
20
-60.9599999999999937
40
0.2
0
CIRCLE
8
BLACK
10
172.0849999999999795
20
-62.2299999999999969
40
0.2
0
CIRCLE
8
BLACK
10
175.2599999999999909
20
-55.8799999999999955
40
0.2
0
CIRCLE
8
BLACK
10
180.3400000000000034
20
-63.5
40
0.2
0
CIRCLE
8
BLACK
10
177.164999999999992
20
-57.1499999999999986
40
0.2
0
CIRCLE
8
BLACK
10
174.625
20
-62.2299999999999969
40
0.2
0
CIRCLE
8
BLACK
10
179.0699999999999932
20
-63.5
40
0.2
0
CIRCLE
8
BLACK
10
175.2599999999999909
20
-60.9599999999999937
40
0.2
0
CIRCLE
8
BLACK
10
179.7049999999999841
20
-62.2299999999999969
40
0.2
0
CIRCLE
8
BLACK
10
179.0699999999999932
20
-60.9599999999999937
40
0.2
0
CIRCLE
8
BLACK
10
175.8949999999999818
20
-57.1499999999999986
40
0.2
0
CIRCLE
8
BLACK
10
176.5300000000000011
20
-63.5
40
0.2
0
CIRCLE
8
BLACK
10
168.9099999999999966
20
-60.9599999999999937
40
0.2
0
CIRCLE
8
BLACK
10
176.5300000000000011
20
-55.8799999999999955
40
0.2
0
CIRCLE
8
BLACK
10
168.2750000000000057
20
-62.2299999999999969
40
0.2
0
CIRCLE
8
BLACK
10
175.8949999999999818
20
-59.6899999999999977
40
0.2
0
CIRCLE
8
BLACK
10
175.8949999999999818
20
-62.2299999999999969
40
0.2
0
CIRCLE
8
BLACK
10
176.5300000000000011
20
-60.9599999999999937
40
0.2
0
CIRCLE
8
BLACK
10
177.7999999999999829
20
-58.4199999999999946
40
0.2
0
CIRCLE
8
BLACK
10
173.3549999999999898
20
-62.2299999999999969
40
0.2
0
CIRCLE
8
BLACK
10
177.164999999999992
20
-62.2299999999999969
40
0.2
0
CIRCLE
8
BLACK
10
178.4350000000000023
20
-62.2299999999999969
40
0.2
0
CIRCLE
8
BLACK
10
169.5449999999999875
20
-62.2299999999999969
40
0.2
0
CIRCLE
8
BLACK
10
178.4350000000000023
20
-59.6899999999999977
40
0.2
0
CIRCLE
8
BLACK
10
177.164999999999992
20
-59.6899999999999977
40
0.2
0
CIRCLE
8
BLACK
10
172.0849999999999795
20
-81.2800000000000011
40
0.2
0
CIRCLE
8
BLACK
10
169.5449999999999875
20
-76.2000000000000028
40
0.2
0
CIRCLE
8
BLACK
10
175.8949999999999818
20
-76.2000000000000028
40
0.2
0
CIRCLE
8
BLACK
10
177.7999999999999829
20
-74.9299999999999926
40
0.2
0
CIRCLE
8
BLACK
10
168.2750000000000057
20
-71.1199999999999903
40
0.2
0
CIRCLE
8
BLACK
10
177.7999999999999829
20
-69.8499999999999943
40
0.2
0
CIRCLE
8
BLACK
10
171.4499999999999886
20
-80.0099999999999909
40
0.2
0
CIRCLE
8
BLACK
10
177.7999999999999829
20
-72.3900000000000006
40
0.2
0
CIRCLE
8
BLACK
10
179.7049999999999841
20
-71.1199999999999903
40
0.2
0
CIRCLE
8
BLACK
10
178.4350000000000023
20
-81.2800000000000011
40
0.2
0
CIRCLE
8
BLACK
10
175.8949999999999818
20
-71.1199999999999903
40
0.2
0
CIRCLE
8
BLACK
10
177.7999999999999829
20
-82.5499999999999972
40
0.2
0
CIRCLE
8
BLACK
10
176.5300000000000011
20
-72.3900000000000006
40
0.2
0
CIRCLE
8
BLACK
10
179.0699999999999932
20
-69.8499999999999943
40
0.2
0
CIRCLE
8
BLACK
10
180.3400000000000034
20
-77.4699999999999989
40
0.2
0
CIRCLE
8
BLACK
10
172.7199999999999989
20
-74.9299999999999926
40
0.2
0
CIRCLE
8
BLACK
10
180.9749999999999943
20
-76.2000000000000028
40
0.2
0
CIRCLE
8
BLACK
10
180.3400000000000034
20
-72.3900000000000006
40
0.2
0
CIRCLE
8
BLACK
10
168.9099999999999966
20
-80.0099999999999909
40
0.2
0
CIRCLE
8
BLACK
10
177.7999999999999829
20
-80.0099999999999909
40
0.2
0
CIRCLE
8
BLACK
10
176.5300000000000011
20
-77.4699999999999989
40
0.2
0
CIRCLE
8
BLACK
10
177.7999999999999829
20
-77.4699999999999989
40
0.2
0
CIRCLE
8
BLACK
10
175.8949999999999818
20
-81.2800000000000011
40
0.2
0
CIRCLE
8
BLACK
10
171.4499999999999886
20
-72.3900000000000006
40
0.2
0
CIRCLE
8
BLACK
10
179.0699999999999932
20
-82.5499999999999972
40
0.2
0
CIRCLE
8
BLACK
10
170.1799999999999784
20
-80.0099999999999909
40
0.2
0
CIRCLE
8
BLACK
10
179.0699999999999932
20
-80.0099999999999909
40
0.2
0
CIRCLE
8
BLACK
10
172.0849999999999795
20
-71.1199999999999903
40
0.2
0
CIRCLE
8
BLACK
10
177.164999999999992
20
-73.6599999999999966
40
0.2
0
CIRCLE
8
BLACK
10
172.0849999999999795
20
-73.6599999999999966
40
0.2
0
CIRCLE
8
BLACK
10
170.8149999999999977
20
-73.6599999999999966
40
0.2
0
CIRCLE
8
BLACK
10
179.0699999999999932
20
-77.4699999999999989
40
0.2
0
CIRCLE
8
BLACK
10
180.9749999999999943
20
-73.6599999999999966
40
0.2
0
CIRCLE
8
BLACK
10
169.5449999999999875
20
-71.1199999999999903
40
0.2
0
CIRCLE
8
BLACK
10
177.164999999999992
20
-71.1199999999999903
40
0.2
0
CIRCLE
8
BLACK
10
174.625
20
-76.2000000000000028
40
0.2
0
CIRCLE
8
BLACK
10
175.2599999999999909
20
-74.9299999999999926
40
0.2
0
CIRCLE
8
BLACK
10
175.8949999999999818
20
-73.6599999999999966
40
0.2
0
CIRCLE
8
BLACK
10
170.8149999999999977
20
-78.7399999999999949
40
0.2
0
CIRCLE
8
BLACK
10
173.9899999999999807
20
-74.9299999999999926
40
0.2
0
CIRCLE
8
BLACK
10
179.0699999999999932
20
-74.9299999999999926
40
0.2
0
CIRCLE
8
BLACK
10
172.0849999999999795
20
-78.7399999999999949
40
0.2
0
CIRCLE
8
BLACK
10
176.5300000000000011
20
-74.9299999999999926
40
0.2
0
CIRCLE
8
BLACK
10
171.4499999999999886
20
-82.5499999999999972
40
0.2
0
CIRCLE
8
BLACK
10
176.5300000000000011
20
-80.0099999999999909
40
0.2
0
CIRCLE
8
BLACK
10
175.8949999999999818
20
-78.7399999999999949
40
0.2
0
CIRCLE
8
BLACK
10
170.8149999999999977
20
-71.1199999999999903
40
0.2
0
CIRCLE
8
BLACK
10
178.4350000000000023
20
-76.2000000000000028
40
0.2
0
CIRCLE
8
BLACK
10
170.1799999999999784
20
-74.9299999999999926
40
0.2
0
CIRCLE
8
BLACK
10
180.3400000000000034
20
-74.9299999999999926
40
0.2
0
CIRCLE
8
BLACK
10
170.8149999999999977
20
-81.2800000000000011
40
0.2
0
CIRCLE
8
BLACK
10
178.4350000000000023
20
-73.6599999999999966
40
0.2
0
CIRCLE
8
BLACK
10
180.9749999999999943
20
-71.1199999999999903
40
0.2
0
CIRCLE
8
BLACK
10
174.625
20
-71.1199999999999903
40
0.2
0
CIRCLE
8
BLACK
10
179.7049999999999841
20
-81.2800000000000011
40
0.2
0
CIRCLE
8
BLACK
10
173.3549999999999898
20
-76.2000000000000028
40
0.2
0
CIRCLE
8
BLACK
10
179.7049999999999841
20
-73.6599999999999966
40
0.2
0
CIRCLE
8
BLACK
10
175.2599999999999909
20
-72.3900000000000006
40
0.2
0
CIRCLE
8
BLACK
10
177.164999999999992
20
-78.7399999999999949
40
0.2
0
CIRCLE
8
BLACK
10
175.2599999999999909
20
-82.5499999999999972
40
0.2
0
CIRCLE
8
BLACK
10
172.7199999999999989
20
-72.3900000000000006
40
0.2
0
CIRCLE
8
BLACK
10
180.3400000000000034
20
-69.8499999999999943
40
0.2
0
CIRCLE
8
BLACK
10
168.9099999999999966
20
-74.9299999999999926
40
0.2
0
CIRCLE
8
BLACK
10
176.5300000000000011
20
-69.8499999999999943
40
0.2
0
CIRCLE
8
BLACK
10
177.164999999999992
20
-76.2000000000000028
40
0.2
0
CIRCLE
8
BLACK
10
179.7049999999999841
20
-78.7399999999999949
40
0.2
0
CIRCLE
8
BLACK
10
177.164999999999992
20
-81.2800000000000011
40
0.2
0
CIRCLE
8
BLACK
10
171.4499999999999886
20
-77.4699999999999989
40
0.2
0
CIRCLE
8
BLACK
10
175.2599999999999909
20
-80.0099999999999909
40
0.2
0
CIRCLE
8
BLACK
10
173.9899999999999807
20
-80.0099999999999909
40
0.2
0
CIRCLE
8
BLACK
10
172.7199999999999989
20
-80.0099999999999909
40
0.2
0
CIRCLE
8
BLACK
10
178.4350000000000023
20
-71.1199999999999903
40
0.2
0
CIRCLE
8
BLACK
10
179.7049999999999841
20
-76.2000000000000028
40
0.2
0
CIRCLE
8
BLACK
10
172.0849999999999795
20
-76.2000000000000028
40
0.2
0
CIRCLE
8
BLACK
10
171.4499999999999886
20
-74.9299999999999926
40
0.2
0
CIRCLE
8
BLACK
10
173.3549999999999898
20
-71.1199999999999903
40
0.2
0
CIRCLE
8
BLACK
10
178.4350000000000023
20
-78.7399999999999949
40
0.2
0
CIRCLE
8
BLACK
10
170.1799999999999784
20
-72.3900000000000006
40
0.2
0
CIRCLE
8
BLACK
10
170.8149999999999977
20
-76.2000000000000028
40
0.2
0
CIRCLE
8
BLACK
10
179.0699999999999932
20
-72.3900000000000006
40
0.2
0
CIRCLE
8
BLACK
10
176.5300000000000011
20
-82.5499999999999972
40
0.2
0
CIRCLE
8
BLACK
10
150.4950000000000045
20
-47.2439999999999998
40
0.2
0
CIRCLE
8
BLACK
10
146.6850000000000023
20
-46.9899999999999949
40
0.2
0
CIRCLE
8
BLACK
10
149.2249999999999943
20
-47.2439999999999998
40
0.2
0
CIRCLE
8
BLACK
10
152.4000000000000057
20
-45.7199999999999989
40
0.2
0
CIRCLE
8
BLACK
10
156.8449999999999989
20
-46.9899999999999949
40
0.2
0
CIRCLE
8
BLACK
10
145.414999999999992
20
-44.4499999999999957
40
0.2
0
CIRCLE
8
BLACK
10
156.2099999999999795
20
-43.1799999999999997
40
0.2
0
CIRCLE
8
BLACK
10
154.9399999999999977
20
-45.7199999999999989
40
0.2
0
CIRCLE
8
BLACK
10
153.0349999999999966
20
-44.4499999999999957
40
0.2
0
CIRCLE
8
BLACK
10
144.7800000000000011
20
-43.1799999999999997
40
0.2
0
CIRCLE
8
BLACK
10
145.414999999999992
20
-41.9099999999999966
40
0.2
0
CIRCLE
8
BLACK
10
156.2099999999999795
20
-45.7199999999999989
40
0.2
0
CIRCLE
8
BLACK
10
154.3050000000000068
20
-46.9899999999999949
40
0.2
0
CIRCLE
8
BLACK
10
155.5749999999999886
20
-46.9899999999999949
40
0.2
0
CIRCLE
8
BLACK
10
144.1449999999999818
20
-44.4499999999999957
40
0.2
0
CIRCLE
8
BLACK
10
146.0499999999999829
20
-45.7199999999999989
40
0.2
0
CIRCLE
8
BLACK
10
153.0349999999999966
20
-46.9899999999999949
40
0.2
0
CIRCLE
8
BLACK
10
153.6699999999999875
20
-45.7199999999999989
40
0.2
0
CIRCLE
8
BLACK
10
143.5099999999999909
20
-43.1799999999999997
40
0.2
0
CIRCLE
8
BLACK
10
151.7649999999999864
20
-46.9899999999999949
40
0.2
0
CIRCLE
8
BLACK
10
143.5099999999999909
20
-45.7199999999999989
40
0.2
0
CIRCLE
8
BLACK
10
144.7800000000000011
20
-45.7199999999999989
40
0.2
0
CIRCLE
8
BLACK
10
142.875
20
-44.4499999999999957
40
0.2
0
CIRCLE
8
BLACK
10
155.5749999999999886
20
-44.4499999999999957
40
0.2
0
CIRCLE
8
BLACK
10
154.3050000000000068
20
-41.9099999999999966
40
0.2
0
CIRCLE
8
BLACK
10
147.9549999999999841
20
-47.2439999999999998
40
0.2
0
CIRCLE
8
BLACK
10
155.5749999999999886
20
-41.9099999999999966
40
0.2
0
CIRCLE
8
BLACK
10
142.2399999999999807
20
-43.1799999999999997
40
0.2
0
CIRCLE
8
BLACK
10
144.1449999999999818
20
-46.9899999999999949
40
0.2
0
CIRCLE
8
BLACK
10
153.0349999999999966
20
-41.9099999999999966
40
0.2
0
CIRCLE
8
BLACK
10
154.9399999999999977
20
-43.1799999999999997
40
0.2
0
CIRCLE
8
BLACK
10
145.414999999999992
20
-46.9899999999999949
40
0.2
0
CIRCLE
8
BLACK
10
154.3050000000000068
20
-44.4499999999999957
40
0.2
0
CIRCLE
8
BLACK
10
156.8449999999999989
20
-44.4499999999999957
40
0.2
0
CIRCLE
8
BLACK
10
156.8449999999999989
20
-41.9099999999999966
40
0.2
0
CIRCLE
8
BLACK
10
142.2399999999999807
20
-45.7199999999999989
40
0.2
0
CIRCLE
8
BLACK
10
142.875
20
-41.9099999999999966
40
0.2
0
CIRCLE
8
BLACK
10
142.875
20
-46.9899999999999949
40
0.2
0
CIRCLE
8
BLACK
10
153.6699999999999875
20
-43.1799999999999997
40
0.2
0
CIRCLE
8
BLACK
10
144.1449999999999818
20
-41.9099999999999966
40
0.2
0
CIRCLE
8
BLACK
10
162.5600000000000023
20
-51.4349999999999952
40
0.2
0
CIRCLE
8
BLACK
10
140.3349999999999795
20
-53.9749999999999943
40
0.2
0
CIRCLE
8
BLACK
10
144.1449999999999818
20
-48.894999999999996
40
0.2
0
CIRCLE
8
BLACK
10
139.6999999999999886
20
-52.7049999999999983
40
0.2
0
CIRCLE
8
BLACK
10
163.8299999999999841
20
-46.3549999999999969
40
0.2
0
CIRCLE
8
BLACK
10
168.9099999999999966
20
-48.894999999999996
40
0.2
0
CIRCLE
8
BLACK
10
150.4950000000000045
20
-56.5150000000000006
40
0.2
0
CIRCLE
8
BLACK
10
137.1599999999999966
20
-47.625
40
0.2
0
CIRCLE
8
BLACK
10
138.4300000000000068
20
-47.625
40
0.2
0
CIRCLE
8
BLACK
10
135.2549999999999955
20
-48.894999999999996
40
0.2
0
CIRCLE
8
BLACK
10
135.2549999999999955
20
-56.5150000000000006
40
0.2
0
CIRCLE
8
BLACK
10
163.8299999999999841
20
-53.9749999999999943
40
0.2
0
CIRCLE
8
BLACK
10
163.8299999999999841
20
-51.4349999999999952
40
0.2
0
CIRCLE
8
BLACK
10
160.6550000000000011
20
-47.625
40
0.2
0
CIRCLE
8
BLACK
10
167.6399999999999864
20
-46.3549999999999969
40
0.2
0
CIRCLE
8
BLACK
10
160.6550000000000011
20
-45.0850000000000009
40
0.2
0
CIRCLE
8
BLACK
10
146.6850000000000023
20
-56.5150000000000006
40
0.2
0
CIRCLE
8
BLACK
10
130.8100000000000023
20
-52.7049999999999983
40
0.2
0
CIRCLE
8
BLACK
10
166.3700000000000045
20
-46.3549999999999969
40
0.2
0
CIRCLE
8
BLACK
10
142.2399999999999807
20
-52.7049999999999983
40
0.2
0
CIRCLE
8
BLACK
10
139.0649999999999977
20
-53.9749999999999943
40
0.2
0
CIRCLE
8
BLACK
10
141.6049999999999898
20
-48.894999999999996
40
0.2
0
CIRCLE
8
BLACK
10
163.1949999999999932
20
-55.2449999999999974
40
0.2
0
CIRCLE
8
BLACK
10
142.2399999999999807
20
-55.2449999999999974
40
0.2
0
CIRCLE
8
BLACK
10
161.289999999999992
20
-46.3549999999999969
40
0.2
0
CIRCLE
8
BLACK
10
163.1949999999999932
20
-52.7049999999999983
40
0.2
0
CIRCLE
8
BLACK
10
165.7349999999999852
20
-52.7049999999999983
40
0.2
0
CIRCLE
8
BLACK
10
140.3349999999999795
20
-48.894999999999996
40
0.2
0
CIRCLE
8
BLACK
10
161.289999999999992
20
-51.4349999999999952
40
0.2
0
CIRCLE
8
BLACK
10
139.0649999999999977
20
-56.5150000000000006
40
0.2
0
CIRCLE
8
BLACK
10
168.2750000000000057
20
-50.1649999999999991
40
0.2
0
CIRCLE
8
BLACK
10
164.4650000000000034
20
-45.0850000000000009
40
0.2
0
CIRCLE
8
BLACK
10
133.3499999999999943
20
-47.625
40
0.2
0
CIRCLE
8
BLACK
10
163.8299999999999841
20
-56.5150000000000006
40
0.2
0
CIRCLE
8
BLACK
10
136.5250000000000057
20
-51.4349999999999952
40
0.2
0
CIRCLE
8
BLACK
10
139.6999999999999886
20
-47.625
40
0.2
0
CIRCLE
8
BLACK
10
132.7150000000000034
20
-51.4349999999999952
40
0.2
0
CIRCLE
8
BLACK
10
136.5250000000000057
20
-56.5150000000000006
40
0.2
0
CIRCLE
8
BLACK
10
131.4449999999999932
20
-53.9749999999999943
40
0.2
0
CIRCLE
8
BLACK
10
165.7349999999999852
20
-47.625
40
0.2
0
CIRCLE
8
BLACK
10
161.289999999999992
20
-56.5150000000000006
40
0.2
0
CIRCLE
8
BLACK
10
141.6049999999999898
20
-51.4349999999999952
40
0.2
0
CIRCLE
8
BLACK
10
164.4650000000000034
20
-55.2449999999999974
40
0.2
0
CIRCLE
8
BLACK
10
144.7800000000000011
20
-55.2449999999999974
40
0.2
0
CIRCLE
8
BLACK
10
167.0049999999999955
20
-47.625
40
0.2
0
CIRCLE
8
BLACK
10
161.9249999999999829
20
-52.7049999999999983
40
0.2
0
CIRCLE
8
BLACK
10
164.4650000000000034
20
-52.7049999999999983
40
0.2
0
CIRCLE
8
BLACK
10
142.875
20
-56.5150000000000006
40
0.2
0
CIRCLE
8
BLACK
10
163.1949999999999932
20
-45.0850000000000009
40
0.2
0
CIRCLE
8
BLACK
10
139.0649999999999977
20
-48.894999999999996
40
0.2
0
CIRCLE
8
BLACK
10
140.3349999999999795
20
-56.5150000000000006
40
0.2
0
CIRCLE
8
BLACK
10
134.6200000000000045
20
-50.1649999999999991
40
0.2
0
CIRCLE
8
BLACK
10
167.6399999999999864
20
-51.4349999999999952
40
0.2
0
CIRCLE
8
BLACK
10
143.5099999999999909
20
-55.2449999999999974
40
0.2
0
CIRCLE
8
BLACK
10
151.7649999999999864
20
-56.5150000000000006
40
0.2
0
CIRCLE
8
BLACK
10
163.1949999999999932
20
-50.1649999999999991
40
0.2
0
CIRCLE
8
BLACK
10
139.6999999999999886
20
-55.2449999999999974
40
0.2
0
CIRCLE
8
BLACK
10
141.6049999999999898
20
-56.5150000000000006
40
0.2
0
CIRCLE
8
BLACK
10
149.2249999999999943
20
-56.5150000000000006
40
0.2
0
CIRCLE
8
BLACK
10
134.6200000000000045
20
-52.7049999999999983
40
0.2
0
CIRCLE
8
BLACK
10
140.9699999999999989
20
-55.2449999999999974
40
0.2
0
CIRCLE
8
BLACK
10
147.9549999999999841
20
-56.5150000000000006
40
0.2
0
CIRCLE
8
BLACK
10
134.6200000000000045
20
-55.2449999999999974
40
0.2
0
CIRCLE
8
BLACK
10
167.0049999999999955
20
-52.7049999999999983
40
0.2
0
CIRCLE
8
BLACK
10
133.3499999999999943
20
-52.7049999999999983
40
0.2
0
CIRCLE
8
BLACK
10
153.0349999999999966
20
-56.5150000000000006
40
0.2
0
CIRCLE
8
BLACK
10
165.7349999999999852
20
-45.0850000000000009
40
0.2
0
CIRCLE
8
BLACK
10
161.9249999999999829
20
-47.625
40
0.2
0
CIRCLE
8
BLACK
10
142.2399999999999807
20
-50.1649999999999991
40
0.2
0
CIRCLE
8
BLACK
10
138.4300000000000068
20
-55.2449999999999974
40
0.2
0
CIRCLE
8
BLACK
10
139.0649999999999977
20
-51.4349999999999952
40
0.2
0
CIRCLE
8
BLACK
10
169.5449999999999875
20
-52.7049999999999983
40
0.2
0
CIRCLE
8
BLACK
10
161.9249999999999829
20
-45.0850000000000009
40
0.2
0
CIRCLE
8
BLACK
10
133.9849999999999852
20
-56.5150000000000006
40
0.2
0
CIRCLE
8
BLACK
10
159.3849999999999909
20
-47.625
40
0.2
0
CIRCLE
8
BLACK
10
166.3700000000000045
20
-56.5150000000000006
40
0.2
0
CIRCLE
8
BLACK
10
160.6550000000000011
20
-52.7049999999999983
40
0.2
0
CIRCLE
8
BLACK
10
144.1449999999999818
20
-51.4349999999999952
40
0.2
0
CIRCLE
8
BLACK
10
160.0199999999999818
20
-51.4349999999999952
40
0.2
0
CIRCLE
8
BLACK
10
137.1599999999999966
20
-52.7049999999999983
40
0.2
0
CIRCLE
8
BLACK
10
140.9699999999999989
20
-52.7049999999999983
40
0.2
0
CIRCLE
8
BLACK
10
135.8899999999999864
20
-55.2449999999999974
40
0.2
0
CIRCLE
8
BLACK
10
168.9099999999999966
20
-51.4349999999999952
40
0.2
0
CIRCLE
8
BLACK
10
164.4650000000000034
20
-50.1649999999999991
40
0.2
0
CIRCLE
8
BLACK
10
140.9699999999999989
20
-50.1649999999999991
40
0.2
0
CIRCLE
8
BLACK
10
141.6049999999999898
20
-53.9749999999999943
40
0.2
0
CIRCLE
8
BLACK
10
143.5099999999999909
20
-52.7049999999999983
40
0.2
0
CIRCLE
8
BLACK
10
144.1449999999999818
20
-56.5150000000000006
40
0.2
0
CIRCLE
8
BLACK
10
160.0199999999999818
20
-46.3549999999999969
40
0.2
0
CIRCLE
8
BLACK
10
160.0199999999999818
20
-56.5150000000000006
40
0.2
0
CIRCLE
8
BLACK
10
142.875
20
-53.9749999999999943
40
0.2
0
CIRCLE
8
BLACK
10
167.6399999999999864
20
-48.894999999999996
40
0.2
0
CIRCLE
8
BLACK
10
162.5600000000000023
20
-46.3549999999999969
40
0.2
0
CIRCLE
8
BLACK
10
164.4650000000000034
20
-47.625
40
0.2
0
CIRCLE
8
BLACK
10
168.9099999999999966
20
-53.9749999999999943
40
0.2
0
CIRCLE
8
BLACK
10
133.9849999999999852
20
-51.4349999999999952
40
0.2
0
CIRCLE
8
BLACK
10
168.2750000000000057
20
-52.7049999999999983
40
0.2
0
CIRCLE
8
BLACK
10
139.6999999999999886
20
-50.1649999999999991
40
0.2
0
CIRCLE
8
BLACK
10
135.8899999999999864
20
-50.1649999999999991
40
0.2
0
CIRCLE
8
BLACK
10
142.875
20
-48.894999999999996
40
0.2
0
CIRCLE
8
BLACK
10
135.2549999999999955
20
-51.4349999999999952
40
0.2
0
CIRCLE
8
BLACK
10
140.3349999999999795
20
-51.4349999999999952
40
0.2
0
CIRCLE
8
BLACK
10
144.1449999999999818
20
-53.9749999999999943
40
0.2
0
CIRCLE
8
BLACK
10
166.3700000000000045
20
-51.4349999999999952
40
0.2
0
CIRCLE
8
BLACK
10
132.0799999999999841
20
-52.7049999999999983
40
0.2
0
CIRCLE
8
BLACK
10
137.7949999999999875
20
-56.5150000000000006
40
0.2
0
CIRCLE
8
BLACK
10
165.0999999999999943
20
-56.5150000000000006
40
0.2
0
CIRCLE
8
BLACK
10
143.5099999999999909
20
-50.1649999999999991
40
0.2
0
CIRCLE
8
BLACK
10
167.0049999999999955
20
-45.0850000000000009
40
0.2
0
CIRCLE
8
BLACK
10
137.7949999999999875
20
-51.4349999999999952
40
0.2
0
CIRCLE
8
BLACK
10
163.8299999999999841
20
-48.894999999999996
40
0.2
0
CIRCLE
8
BLACK
10
134.6200000000000045
20
-47.625
40
0.2
0
CIRCLE
8
BLACK
10
135.8899999999999864
20
-47.625
40
0.2
0
CIRCLE
8
BLACK
10
167.6399999999999864
20
-53.9749999999999943
40
0.2
0
CIRCLE
8
BLACK
10
162.5600000000000023
20
-56.5150000000000006
40
0.2
0
CIRCLE
8
BLACK
10
145.414999999999992
20
-56.5150000000000006
40
0.2
0
CIRCLE
8
BLACK
10
138.4300000000000068
20
-52.7049999999999983
40
0.2
0
CIRCLE
8
BLACK
10
135.2549999999999955
20
-53.9749999999999943
40
0.2
0
CIRCLE
8
BLACK
10
163.1949999999999932
20
-47.625
40
0.2
0
CIRCLE
8
BLACK
10
142.875
20
-51.4349999999999952
40
0.2
0
CIRCLE
8
BLACK
10
165.0999999999999943
20
-51.4349999999999952
40
0.2
0
CIRCLE
8
BLACK
10
135.8899999999999864
20
-52.7049999999999983
40
0.2
0
CIRCLE
8
BLACK
10
160.0199999999999818
20
-48.894999999999996
40
0.2
0
CIRCLE
8
BLACK
10
168.2750000000000057
20
-47.625
40
0.2
0
CIRCLE
8
BLACK
10
159.3849999999999909
20
-45.0850000000000009
40
0.2
0
CIRCLE
8
BLACK
10
165.0999999999999943
20
-46.3549999999999969
40
0.2
0
CIRCLE
8
BLACK
10
158.75
20
-46.3549999999999969
40
0.2
0
CIRCLE
8
BLACK
10
124.4599999999999937
20
-60.9599999999999937
40
0.2
0
CIRCLE
8
BLACK
10
119.3799999999999955
20
-60.9599999999999937
40
0.2
0
CIRCLE
8
BLACK
10
120.0150000000000006
20
-62.2299999999999969
40
0.2
0
CIRCLE
8
BLACK
10
128.9050000000000011
20
-62.2299999999999969
40
0.2
0
CIRCLE
8
BLACK
10
121.2849999999999966
20
-62.2299999999999969
40
0.2
0
CIRCLE
8
BLACK
10
121.9199999999999875
20
-63.5
40
0.2
0
CIRCLE
8
BLACK
10
120.6499999999999915
20
-58.4199999999999946
40
0.2
0
CIRCLE
8
BLACK
10
121.9199999999999875
20
-60.9599999999999937
40
0.2
0
CIRCLE
8
BLACK
10
123.1899999999999977
20
-60.9599999999999937
40
0.2
0
CIRCLE
8
BLACK
10
118.7449999999999903
20
-62.2299999999999969
40
0.2
0
CIRCLE
8
BLACK
10
120.6499999999999915
20
-63.5
40
0.2
0
CIRCLE
8
BLACK
10
119.3799999999999955
20
-63.5
40
0.2
0
CIRCLE
8
BLACK
10
121.2849999999999966
20
-57.1499999999999986
40
0.2
0
CIRCLE
8
BLACK
10
120.6499999999999915
20
-60.9599999999999937
40
0.2
0
CIRCLE
8
BLACK
10
123.8249999999999886
20
-59.6899999999999977
40
0.2
0
CIRCLE
8
BLACK
10
120.0150000000000006
20
-59.6899999999999977
40
0.2
0
CIRCLE
8
BLACK
10
122.5549999999999926
20
-59.6899999999999977
40
0.2
0
CIRCLE
8
BLACK
10
122.5549999999999926
20
-57.1499999999999986
40
0.2
0
CIRCLE
8
BLACK
10
121.2849999999999966
20
-59.6899999999999977
40
0.2
0
CIRCLE
8
BLACK
10
123.8249999999999886
20
-62.2299999999999969
40
0.2
0
CIRCLE
8
BLACK
10
123.1899999999999977
20
-55.8799999999999955
40
0.2
0
CIRCLE
8
BLACK
10
127.6349999999999909
20
-62.2299999999999969
40
0.2
0
CIRCLE
8
BLACK
10
130.1749999999999829
20
-62.2299999999999969
40
0.2
0
CIRCLE
8
BLACK
10
121.9199999999999875
20
-55.8799999999999955
40
0.2
0
CIRCLE
8
BLACK
10
123.1899999999999977
20
-58.4199999999999946
40
0.2
0
CIRCLE
8
BLACK
10
125.0949999999999989
20
-62.2299999999999969
40
0.2
0
CIRCLE
8
BLACK
10
129.539999999999992
20
-60.9599999999999937
40
0.2
0
CIRCLE
8
BLACK
10
126.3649999999999949
20
-62.2299999999999969
40
0.2
0
CIRCLE
8
BLACK
10
122.5549999999999926
20
-62.2299999999999969
40
0.2
0
CIRCLE
8
BLACK
10
121.9199999999999875
20
-58.4199999999999946
40
0.2
0
CIRCLE
8
BLACK
10
128.2699999999999818
20
-83.1850000000000023
40
0.2
0
CIRCLE
8
BLACK
10
118.1099999999999994
20
-73.0249999999999915
40
0.2
0
CIRCLE
8
BLACK
10
117.4749999999999943
20
-71.7549999999999955
40
0.2
0
CIRCLE
8
BLACK
10
128.2699999999999818
20
-80.644999999999996
40
0.2
0
CIRCLE
8
BLACK
10
119.3799999999999955
20
-73.0249999999999915
40
0.2
0
CIRCLE
8
BLACK
10
118.7449999999999903
20
-76.8349999999999937
40
0.2
0
CIRCLE
8
BLACK
10
127.6349999999999909
20
-74.2950000000000017
40
0.2
0
CIRCLE
8
BLACK
10
123.1899999999999977
20
-83.1850000000000023
40
0.2
0
CIRCLE
8
BLACK
10
120.6499999999999915
20
-70.4849999999999994
40
0.2
0
CIRCLE
8
BLACK
10
125.0949999999999989
20
-71.7549999999999955
40
0.2
0
CIRCLE
8
BLACK
10
126.3649999999999949
20
-81.914999999999992
40
0.2
0
CIRCLE
8
BLACK
10
125.7299999999999898
20
-80.644999999999996
40
0.2
0
CIRCLE
8
BLACK
10
127.
20
-73.0249999999999915
40
0.2
0
CIRCLE
8
BLACK
10
119.3799999999999955
20
-78.1049999999999898
40
0.2
0
CIRCLE
8
BLACK
10
121.2849999999999966
20
-81.914999999999992
40
0.2
0
CIRCLE
8
BLACK
10
126.3649999999999949
20
-71.7549999999999955
40
0.2
0
CIRCLE
8
BLACK
10
121.9199999999999875
20
-78.1049999999999898
40
0.2
0
CIRCLE
8
BLACK
10
127.6349999999999909
20
-71.7549999999999955
40
0.2
0
CIRCLE
8
BLACK
10
121.9199999999999875
20
-73.0249999999999915
40
0.2
0
CIRCLE
8
BLACK
10
120.0150000000000006
20
-71.7549999999999955
40
0.2
0
CIRCLE
8
BLACK
10
121.2849999999999966
20
-74.2950000000000017
40
0.2
0
CIRCLE
8
BLACK
10
130.1749999999999829
20
-71.7549999999999955
40
0.2
0
CIRCLE
8
BLACK
10
126.3649999999999949
20
-76.8349999999999937
40
0.2
0
CIRCLE
8
BLACK
10
120.0150000000000006
20
-74.2950000000000017
40
0.2
0
CIRCLE
8
BLACK
10
125.7299999999999898
20
-75.5649999999999977
40
0.2
0
CIRCLE
8
BLACK
10
122.5549999999999926
20
-74.2950000000000017
40
0.2
0
CIRCLE
8
BLACK
10
122.5549999999999926
20
-71.7549999999999955
40
0.2
0
CIRCLE
8
BLACK
10
121.9199999999999875
20
-80.644999999999996
40
0.2
0
CIRCLE
8
BLACK
10
130.8100000000000023
20
-75.5649999999999977
40
0.2
0
CIRCLE
8
BLACK
10
123.1899999999999977
20
-78.1049999999999898
40
0.2
0
CIRCLE
8
BLACK
10
129.539999999999992
20
-80.644999999999996
40
0.2
0
CIRCLE
8
BLACK
10
126.3649999999999949
20
-79.375
40
0.2
0
CIRCLE
8
BLACK
10
120.0150000000000006
20
-79.375
40
0.2
0
CIRCLE
8
BLACK
10
127.
20
-83.1850000000000023
40
0.2
0
CIRCLE
8
BLACK
10
124.4599999999999937
20
-75.5649999999999977
40
0.2
0
CIRCLE
8
BLACK
10
120.6499999999999915
20
-80.644999999999996
40
0.2
0
CIRCLE
8
BLACK
10
121.9199999999999875
20
-75.5649999999999977
40
0.2
0
CIRCLE
8
BLACK
10
121.9199999999999875
20
-70.4849999999999994
40
0.2
0
CIRCLE
8
BLACK
10
127.
20
-80.644999999999996
40
0.2
0
CIRCLE
8
BLACK
10
127.
20
-78.1049999999999898
40
0.2
0
CIRCLE
8
BLACK
10
122.5549999999999926
20
-79.375
40
0.2
0
CIRCLE
8
BLACK
10
127.6349999999999909
20
-81.914999999999992
40
0.2
0
CIRCLE
8
BLACK
10
124.4599999999999937
20
-80.644999999999996
40
0.2
0
CIRCLE
8
BLACK
10
127.6349999999999909
20
-79.375
40
0.2
0
CIRCLE
8
BLACK
10
119.3799999999999955
20
-75.5649999999999977
40
0.2
0
CIRCLE
8
BLACK
10
120.0150000000000006
20
-76.8349999999999937
40
0.2
0
CIRCLE
8
BLACK
10
130.8100000000000023
20
-80.644999999999996
40
0.2
0
CIRCLE
8
BLACK
10
123.1899999999999977
20
-80.644999999999996
40
0.2
0
CIRCLE
8
BLACK
10
122.5549999999999926
20
-81.914999999999992
40
0.2
0
CIRCLE
8
BLACK
10
118.1099999999999994
20
-70.4849999999999994
40
0.2
0
CIRCLE
8
BLACK
10
122.5549999999999926
20
-76.8349999999999937
40
0.2
0
CIRCLE
8
BLACK
10
120.6499999999999915
20
-75.5649999999999977
40
0.2
0
CIRCLE
8
BLACK
10
130.1749999999999829
20
-79.375
40
0.2
0
CIRCLE
8
BLACK
10
127.6349999999999909
20
-76.8349999999999937
40
0.2
0
CIRCLE
8
BLACK
10
120.6499999999999915
20
-73.0249999999999915
40
0.2
0
CIRCLE
8
BLACK
10
118.7449999999999903
20
-74.2950000000000017
40
0.2
0
CIRCLE
8
BLACK
10
120.6499999999999915
20
-78.1049999999999898
40
0.2
0
CIRCLE
8
BLACK
10
127.
20
-75.5649999999999977
40
0.2
0
CIRCLE
8
BLACK
10
128.2699999999999818
20
-75.5649999999999977
40
0.2
0
CIRCLE
8
BLACK
10
121.9199999999999875
20
-83.1850000000000023
40
0.2
0
CIRCLE
8
BLACK
10
123.1899999999999977
20
-73.0249999999999915
40
0.2
0
CIRCLE
8
BLACK
10
129.539999999999992
20
-75.5649999999999977
40
0.2
0
CIRCLE
8
BLACK
10
126.3649999999999949
20
-74.2950000000000017
40
0.2
0
CIRCLE
8
BLACK
10
123.8249999999999886
20
-71.7549999999999955
40
0.2
0
CIRCLE
8
BLACK
10
128.9050000000000011
20
-79.375
40
0.2
0
CIRCLE
8
BLACK
10
128.9050000000000011
20
-71.7549999999999955
40
0.2
0
CIRCLE
8
BLACK
10
121.2849999999999966
20
-76.8349999999999937
40
0.2
0
CIRCLE
8
BLACK
10
121.2849999999999966
20
-79.375
40
0.2
0
CIRCLE
8
BLACK
10
123.1899999999999977
20
-75.5649999999999977
40
0.2
0
CIRCLE
8
BLACK
10
118.7449999999999903
20
-71.7549999999999955
40
0.2
0
CIRCLE
8
BLACK
10
123.8249999999999886
20
-79.375
40
0.2
0
CIRCLE
8
BLACK
10
121.2849999999999966
20
-71.7549999999999955
40
0.2
0
CIRCLE
8
BLACK
10
119.3799999999999955
20
-70.4849999999999994
40
0.2
0
ARC
8
BLACK
10
173.4819999999999993
20
-90.8049999999999926
40
2.4263315931669358
50
-90.00000000
51
-42.87890360
0
LINE
8
BLACK
6
CONTINUOUS
10
173.4819999999999993
20
-93.2313309999999973
11
125.4759999999999991
21
-93.2313309999999973
0
ARC
8
BLACK
10
149.478999999999985
20
-71.07427899999999
40
33.4938494939271081
50
-399.67094232
51
-140.32905768
0
ARC
8
BLACK
10
125.4759999999999991
20
-90.8049999999999926
40
2.4263309999999998
50
-137.12109640
51
-90.00000000
  0
ENDSEC
  0
EOF
